Dataset,Attack,Partition_Mode,Metric,Method_A,Method_B,N_Seeds_Paired,Mean_A,Mean_B,Mean_Difference_A_minus_B,Wilcoxon_Statistic,P_Value_Raw,Cliffs_Delta_A_vs_B,Cohen_dz_A_minus_B,Status,P_Value_Holm,Significant_Holm_0_05
NBaIoT_MixedDevice_9Sources_Balanced,Cumulative_Base,IID,F1_Mean_Over_Rounds,Adaptive_FixedCircuitBreaker,Adaptive_NoAdaptiveWeighting,10,0.997507186713071,0.9975305200326835,-2.3333319612650617e-05,17.0,0.9453125,0.06,-0.09119460915657546,ok,1.0,False
NBaIoT_MixedDevice_9Sources_Balanced,Cumulative_Base,IID,F1_Mean_Over_Rounds,Adaptive_FixedCircuitBreaker,Adaptive_NoCircuitBreaker,10,0.997507186713071,0.9974866310369732,2.05556760975667e-05,0.0,1.0,0.01,0.316227766016838,ok,1.0,False
NBaIoT_MixedDevice_9Sources_Balanced,Cumulative_Base,IID,F1_Mean_Over_Rounds,Adaptive_FixedCircuitBreaker,Adaptive_NoTemporalMemory,10,0.997507186713071,0.9975027422970909,4.444415980009442e-06,12.0,0.25,-0.05,0.13683968101112234,ok,1.0,False
NBaIoT_MixedDevice_9Sources_Balanced,Cumulative_Base,IID,F1_Mean_Over_Rounds,Adaptive_FixedCircuitBreaker,Adaptive_Ultimate,10,0.997507186713071,0.9974838532429059,2.333347016479914e-05,0.0,1.0,0.01,0.3162277660168379,ok,1.0,False
NBaIoT_MixedDevice_9Sources_Balanced,Cumulative_Base,IID,F1_Mean_Over_Rounds,Adaptive_FixedCircuitBreaker,FLAME,10,0.997507186713071,0.9970815093314448,0.0004256773816260884,7.0,0.037109375,0.26,0.5747611680597497,ok,1.0,False
NBaIoT_MixedDevice_9Sources_Balanced,Cumulative_Base,IID,F1_Mean_Over_Rounds,Adaptive_FixedCircuitBreaker,FLTrust,10,0.997507186713071,0.997509408949011,-2.222235940019246e-06,11.0,0.3828125,-0.04,-0.09986142584874243,ok,1.0,False
NBaIoT_MixedDevice_9Sources_Balanced,Cumulative_Base,IID,F1_Mean_Over_Rounds,Adaptive_FixedCircuitBreaker,FedAvg,10,0.997507186713071,0.9971667295345845,0.00034045717848634193,8.0,0.048828125,0.18,0.5025774222139839,ok,1.0,False
NBaIoT_MixedDevice_9Sources_Balanced,Cumulative_Base,IID,F1_Mean_Over_Rounds,Adaptive_FixedCircuitBreaker,Krum,10,0.997507186713071,0.9967390570507548,0.0007681296623159417,6.0,0.02734375,0.44,0.8606299404156682,ok,0.90234375,False
NBaIoT_MixedDevice_9Sources_Balanced,Cumulative_Base,IID,F1_Mean_Over_Rounds,Adaptive_NoAdaptiveWeighting,Adaptive_NoCircuitBreaker,10,0.9975305200326835,0.9974866310369732,4.388899571021732e-05,17.0,0.9453125,-0.06,0.18390869518196054,ok,1.0,False
NBaIoT_MixedDevice_9Sources_Balanced,Cumulative_Base,IID,F1_Mean_Over_Rounds,Adaptive_NoAdaptiveWeighting,Adaptive_NoTemporalMemory,10,0.9975305200326835,0.9975027422970909,2.777773559266006e-05,24.0,0.76953125,-0.08,0.11413436964023022,ok,1.0,False
NBaIoT_MixedDevice_9Sources_Balanced,Cumulative_Base,IID,F1_Mean_Over_Rounds,Adaptive_NoAdaptiveWeighting,Adaptive_Ultimate,10,0.9975305200326835,0.9974838532429059,4.6666789777449755e-05,17.0,0.9453125,-0.06,0.19641679499563075,ok,1.0,False
NBaIoT_MixedDevice_9Sources_Balanced,Cumulative_Base,IID,F1_Mean_Over_Rounds,Adaptive_NoAdaptiveWeighting,FLAME,10,0.9975305200326835,0.9970815093314448,0.00044901070123873896,8.0,0.048828125,0.22,0.5994830174993029,ok,1.0,False
NBaIoT_MixedDevice_9Sources_Balanced,Cumulative_Base,IID,F1_Mean_Over_Rounds,Adaptive_NoAdaptiveWeighting,FLTrust,10,0.9975305200326835,0.997509408949011,2.111108367263137e-05,23.0,0.6953125,-0.08,0.0860288487186262,ok,1.0,False
NBaIoT_MixedDevice_9Sources_Balanced,Cumulative_Base,IID,F1_Mean_Over_Rounds,Adaptive_NoAdaptiveWeighting,FedAvg,10,0.9975305200326835,0.9971667295345845,0.00036379049809899256,7.0,0.037109375,0.16,0.5188246827590512,ok,1.0,False
NBaIoT_MixedDevice_9Sources_Balanced,Cumulative_Base,IID,F1_Mean_Over_Rounds,Adaptive_NoAdaptiveWeighting,Krum,10,0.9975305200326835,0.9967390570507548,0.0007914629819285923,5.0,0.01953125,0.44,0.9124223445645713,ok,0.703125,False
NBaIoT_MixedDevice_9Sources_Balanced,Cumulative_Base,IID,F1_Mean_Over_Rounds,Adaptive_NoCircuitBreaker,Adaptive_NoTemporalMemory,10,0.9974866310369732,0.9975027422970909,-1.6111260117557256e-05,3.0,0.01953125,-0.07,-0.4712023055279828,ok,0.703125,False
NBaIoT_MixedDevice_9Sources_Balanced,Cumulative_Base,IID,F1_Mean_Over_Rounds,Adaptive_NoCircuitBreaker,Adaptive_Ultimate,10,0.9974866310369732,0.9974838532429059,2.777794067232442e-06,0.0,1.0,0.01,0.31622776601683794,ok,1.0,False
NBaIoT_MixedDevice_9Sources_Balanced,Cumulative_Base,IID,F1_Mean_Over_Rounds,Adaptive_NoCircuitBreaker,FLAME,10,0.9974866310369732,0.9970815093314448,0.00040512170552852166,11.0,0.10546875,0.24,0.5370035091970602,ok,1.0,False
NBaIoT_MixedDevice_9Sources_Balanced,Cumulative_Base,IID,F1_Mean_Over_Rounds,Adaptive_NoCircuitBreaker,FLTrust,10,0.9974866310369732,0.997509408949011,-2.2777912037585946e-05,3.0,0.0390625,-0.06,-0.47137193135479694,ok,1.0,False
NBaIoT_MixedDevice_9Sources_Balanced,Cumulative_Base,IID,F1_Mean_Over_Rounds,Adaptive_NoCircuitBreaker,FedAvg,10,0.9974866310369732,0.9971667295345845,0.00031990150238877526,12.0,0.130859375,0.18,0.4623750922295188,ok,1.0,False
NBaIoT_MixedDevice_9Sources_Balanced,Cumulative_Base,IID,F1_Mean_Over_Rounds,Adaptive_NoCircuitBreaker,Krum,10,0.9974866310369732,0.9967390570507548,0.000747573986218375,8.0,0.048828125,0.42,0.8116506212385476,ok,1.0,False
NBaIoT_MixedDevice_9Sources_Balanced,Cumulative_Base,IID,F1_Mean_Over_Rounds,Adaptive_NoTemporalMemory,Adaptive_Ultimate,10,0.9975027422970909,0.9974838532429059,1.88890541847897e-05,3.0,0.01953125,0.07,0.4412334090205763,ok,0.703125,False
NBaIoT_MixedDevice_9Sources_Balanced,Cumulative_Base,IID,F1_Mean_Over_Rounds,Adaptive_NoTemporalMemory,FLAME,10,0.9975027422970909,0.9970815093314448,0.00042123296564607895,7.0,0.037109375,0.24,0.5601870434782308,ok,1.0,False
NBaIoT_MixedDevice_9Sources_Balanced,Cumulative_Base,IID,F1_Mean_Over_Rounds,Adaptive_NoTemporalMemory,FLTrust,10,0.9975027422970909,0.997509408949011,-6.6666519200286874e-06,2.0,0.375,-0.02,-0.4034993993358443,ok,1.0,False
NBaIoT_MixedDevice_9Sources_Balanced,Cumulative_Base,IID,F1_Mean_Over_Rounds,Adaptive_NoTemporalMemory,FedAvg,10,0.9975027422970909,0.9971667295345845,0.0003360127625063325,8.0,0.048828125,0.18,0.4876544883208553,ok,1.0,False
NBaIoT_MixedDevice_9Sources_Balanced,Cumulative_Base,IID,F1_Mean_Over_Rounds,Adaptive_NoTemporalMemory,Krum,10,0.9975027422970909,0.9967390570507548,0.0007636852463359323,7.0,0.037109375,0.44,0.8407633606092162,ok,1.0,False
NBaIoT_MixedDevice_9Sources_Balanced,Cumulative_Base,IID,F1_Mean_Over_Rounds,Adaptive_Ultimate,FLAME,10,0.9974838532429059,0.9970815093314448,0.00040234391146128925,11.0,0.10546875,0.24,0.5317191426554277,ok,1.0,False
NBaIoT_MixedDevice_9Sources_Balanced,Cumulative_Base,IID,F1_Mean_Over_Rounds,Adaptive_Ultimate,FLTrust,10,0.9974838532429059,0.997509408949011,-2.555570610481839e-05,3.0,0.0390625,-0.06,-0.449533098348554,ok,1.0,False
NBaIoT_MixedDevice_9Sources_Balanced,Cumulative_Base,IID,F1_Mean_Over_Rounds,Adaptive_Ultimate,FedAvg,10,0.9974838532429059,0.9971667295345845,0.0003171237083215428,13.0,0.16015625,0.18,0.45677848560718376,ok,1.0,False
NBaIoT_MixedDevice_9Sources_Balanced,Cumulative_Base,IID,F1_Mean_Over_Rounds,Adaptive_Ultimate,Krum,10,0.9974838532429059,0.9967390570507548,0.0007447961921511426,8.0,0.048828125,0.42,0.8050174119497401,ok,1.0,False
NBaIoT_MixedDevice_9Sources_Balanced,Cumulative_Base,IID,F1_Mean_Over_Rounds,FLAME,FLTrust,10,0.9970815093314448,0.997509408949011,-0.0004278996175661076,6.0,0.02734375,-0.26,-0.5707862549067286,ok,0.90234375,False
NBaIoT_MixedDevice_9Sources_Balanced,Cumulative_Base,IID,F1_Mean_Over_Rounds,FLAME,FedAvg,10,0.9970815093314448,0.9971667295345845,-8.522020313974643e-05,22.0,0.625,-0.1,-0.2867129514290189,ok,1.0,False
NBaIoT_MixedDevice_9Sources_Balanced,Cumulative_Base,IID,F1_Mean_Over_Rounds,FLAME,Krum,10,0.9970815093314448,0.9967390570507548,0.00034245228068985334,15.0,0.232421875,0.22,0.5533767933295765,ok,1.0,False
NBaIoT_MixedDevice_9Sources_Balanced,Cumulative_Base,IID,F1_Mean_Over_Rounds,FLTrust,FedAvg,10,0.997509408949011,0.9971667295345845,0.0003426794144263612,8.0,0.048828125,0.18,0.49875203912947336,ok,1.0,False
NBaIoT_MixedDevice_9Sources_Balanced,Cumulative_Base,IID,F1_Mean_Over_Rounds,FLTrust,Krum,10,0.997509408949011,0.9967390570507548,0.000770351898255961,6.0,0.02734375,0.44,0.8520904211707314,ok,0.90234375,False
NBaIoT_MixedDevice_9Sources_Balanced,Cumulative_Base,IID,F1_Mean_Over_Rounds,FedAvg,Krum,10,0.9971667295345845,0.9967390570507548,0.0004276724838295998,10.0,0.083984375,0.3,0.6962874911925282,ok,1.0,False
NBaIoT_MixedDevice_9Sources_Balanced,Cumulative_Base,IID,ASR_Mean_Over_Rounds,Adaptive_FixedCircuitBreaker,Adaptive_NoAdaptiveWeighting,10,0.0016488888888888894,0.0016333333333333334,1.5555555555555602e-05,5.0,0.625,0.03,0.10578304819756375,ok,1.0,False
NBaIoT_MixedDevice_9Sources_Balanced,Cumulative_Base,IID,ASR_Mean_Over_Rounds,Adaptive_FixedCircuitBreaker,Adaptive_NoCircuitBreaker,10,0.0016488888888888894,0.0016488888888888894,0.0,0.0,1.0,0.0,0.0,identical_values,1.0,False
NBaIoT_MixedDevice_9Sources_Balanced,Cumulative_Base,IID,ASR_Mean_Over_Rounds,Adaptive_FixedCircuitBreaker,Adaptive_NoTemporalMemory,10,0.0016488888888888894,0.0016622222222222225,-1.3333333333333306e-05,4.0,0.875,0.0,-0.25740565011603006,ok,1.0,False
NBaIoT_MixedDevice_9Sources_Balanced,Cumulative_Base,IID,ASR_Mean_Over_Rounds,Adaptive_FixedCircuitBreaker,Adaptive_Ultimate,10,0.0016488888888888894,0.0016488888888888894,0.0,0.0,1.0,0.0,0.0,identical_values,1.0,False
NBaIoT_MixedDevice_9Sources_Balanced,Cumulative_Base,IID,ASR_Mean_Over_Rounds,Adaptive_FixedCircuitBreaker,FLAME,10,0.0016488888888888894,0.0022244444444444447,-0.0005755555555555555,6.0,0.0546875,-0.23,-0.43987623430168865,ok,1.0,False
NBaIoT_MixedDevice_9Sources_Balanced,Cumulative_Base,IID,ASR_Mean_Over_Rounds,Adaptive_FixedCircuitBreaker,FLTrust,10,0.0016488888888888894,0.001671111111111111,-2.2222222222222186e-05,4.0,0.875,-0.01,-0.23533936216582055,ok,1.0,False
NBaIoT_MixedDevice_9Sources_Balanced,Cumulative_Base,IID,ASR_Mean_Over_Rounds,Adaptive_FixedCircuitBreaker,FedAvg,10,0.0016488888888888894,0.00221,-0.0005611111111111111,6.0,0.02734375,-0.26,-0.4583203245732184,ok,0.95703125,False
NBaIoT_MixedDevice_9Sources_Balanced,Cumulative_Base,IID,ASR_Mean_Over_Rounds,Adaptive_FixedCircuitBreaker,Krum,10,0.0016488888888888894,0.002321111111111111,-0.000672222222222222,10.0,0.1640625,-0.46,-0.5206614569970087,ok,1.0,False
NBaIoT_MixedDevice_9Sources_Balanced,Cumulative_Base,IID,ASR_Mean_Over_Rounds,Adaptive_NoAdaptiveWeighting,Adaptive_NoCircuitBreaker,10,0.0016333333333333334,0.0016488888888888894,-1.5555555555555602e-05,5.0,0.625,-0.03,-0.10578304819756375,ok,1.0,False
NBaIoT_MixedDevice_9Sources_Balanced,Cumulative_Base,IID,ASR_Mean_Over_Rounds,Adaptive_NoAdaptiveWeighting,Adaptive_NoTemporalMemory,10,0.0016333333333333334,0.0016622222222222225,-2.888888888888891e-05,5.0,0.625,-0.05,-0.23796418759826052,ok,1.0,False
NBaIoT_MixedDevice_9Sources_Balanced,Cumulative_Base,IID,ASR_Mean_Over_Rounds,Adaptive_NoAdaptiveWeighting,Adaptive_Ultimate,10,0.0016333333333333334,0.0016488888888888894,-1.5555555555555602e-05,5.0,0.625,-0.03,-0.10578304819756375,ok,1.0,False
NBaIoT_MixedDevice_9Sources_Balanced,Cumulative_Base,IID,ASR_Mean_Over_Rounds,Adaptive_NoAdaptiveWeighting,FLAME,10,0.0016333333333333334,0.0022244444444444447,-0.0005911111111111112,8.0,0.09765625,-0.25,-0.4230288790322049,ok,1.0,False
NBaIoT_MixedDevice_9Sources_Balanced,Cumulative_Base,IID,ASR_Mean_Over_Rounds,Adaptive_NoAdaptiveWeighting,FLTrust,10,0.0016333333333333334,0.001671111111111111,-3.7777777777777785e-05,3.0,0.3125,-0.1,-0.38215382987899593,ok,1.0,False
NBaIoT_MixedDevice_9Sources_Balanced,Cumulative_Base,IID,ASR_Mean_Over_Rounds,Adaptive_NoAdaptiveWeighting,FedAvg,10,0.0016333333333333334,0.00221,-0.0005766666666666667,2.0,0.005859375,-0.32,-0.4370615208738087,ok,0.2109375,False
NBaIoT_MixedDevice_9Sources_Balanced,Cumulative_Base,IID,ASR_Mean_Over_Rounds,Adaptive_NoAdaptiveWeighting,Krum,10,0.0016333333333333334,0.002321111111111111,-0.0006877777777777776,11.0,0.203125,-0.53,-0.5195327415531098,ok,1.0,False
NBaIoT_MixedDevice_9Sources_Balanced,Cumulative_Base,IID,ASR_Mean_Over_Rounds,Adaptive_NoCircuitBreaker,Adaptive_NoTemporalMemory,10,0.0016488888888888894,0.0016622222222222225,-1.3333333333333306e-05,4.0,0.875,0.0,-0.25740565011603006,ok,1.0,False
NBaIoT_MixedDevice_9Sources_Balanced,Cumulative_Base,IID,ASR_Mean_Over_Rounds,Adaptive_NoCircuitBreaker,Adaptive_Ultimate,10,0.0016488888888888894,0.0016488888888888894,0.0,0.0,1.0,0.0,0.0,identical_values,1.0,False
NBaIoT_MixedDevice_9Sources_Balanced,Cumulative_Base,IID,ASR_Mean_Over_Rounds,Adaptive_NoCircuitBreaker,FLAME,10,0.0016488888888888894,0.0022244444444444447,-0.0005755555555555555,6.0,0.0546875,-0.23,-0.43987623430168865,ok,1.0,False
NBaIoT_MixedDevice_9Sources_Balanced,Cumulative_Base,IID,ASR_Mean_Over_Rounds,Adaptive_NoCircuitBreaker,FLTrust,10,0.0016488888888888894,0.001671111111111111,-2.2222222222222186e-05,4.0,0.875,-0.01,-0.23533936216582055,ok,1.0,False
NBaIoT_MixedDevice_9Sources_Balanced,Cumulative_Base,IID,ASR_Mean_Over_Rounds,Adaptive_NoCircuitBreaker,FedAvg,10,0.0016488888888888894,0.00221,-0.0005611111111111111,6.0,0.02734375,-0.26,-0.4583203245732184,ok,0.95703125,False
NBaIoT_MixedDevice_9Sources_Balanced,Cumulative_Base,IID,ASR_Mean_Over_Rounds,Adaptive_NoCircuitBreaker,Krum,10,0.0016488888888888894,0.002321111111111111,-0.000672222222222222,10.0,0.1640625,-0.46,-0.5206614569970087,ok,1.0,False
NBaIoT_MixedDevice_9Sources_Balanced,Cumulative_Base,IID,ASR_Mean_Over_Rounds,Adaptive_NoTemporalMemory,Adaptive_Ultimate,10,0.0016622222222222225,0.0016488888888888894,1.3333333333333306e-05,4.0,0.875,0.0,0.25740565011603006,ok,1.0,False
NBaIoT_MixedDevice_9Sources_Balanced,Cumulative_Base,IID,ASR_Mean_Over_Rounds,Adaptive_NoTemporalMemory,FLAME,10,0.0016622222222222225,0.0022244444444444447,-0.0005622222222222222,6.0,0.0546875,-0.23,-0.42774243822503843,ok,1.0,False
NBaIoT_MixedDevice_9Sources_Balanced,Cumulative_Base,IID,ASR_Mean_Over_Rounds,Adaptive_NoTemporalMemory,FLTrust,10,0.0016622222222222225,0.001671111111111111,-8.888888888888878e-06,5.0,1.0,-0.03,-0.1949223510917748,ok,1.0,False
NBaIoT_MixedDevice_9Sources_Balanced,Cumulative_Base,IID,ASR_Mean_Over_Rounds,Adaptive_NoTemporalMemory,FedAvg,10,0.0016622222222222225,0.00221,-0.0005477777777777779,6.0,0.02734375,-0.26,-0.4449451637815156,ok,0.95703125,False
NBaIoT_MixedDevice_9Sources_Balanced,Cumulative_Base,IID,ASR_Mean_Over_Rounds,Adaptive_NoTemporalMemory,Krum,10,0.0016622222222222225,0.002321111111111111,-0.0006588888888888888,9.0,0.12890625,-0.49,-0.5156411268994849,ok,1.0,False
NBaIoT_MixedDevice_9Sources_Balanced,Cumulative_Base,IID,ASR_Mean_Over_Rounds,Adaptive_Ultimate,FLAME,10,0.0016488888888888894,0.0022244444444444447,-0.0005755555555555555,6.0,0.0546875,-0.23,-0.43987623430168865,ok,1.0,False
NBaIoT_MixedDevice_9Sources_Balanced,Cumulative_Base,IID,ASR_Mean_Over_Rounds,Adaptive_Ultimate,FLTrust,10,0.0016488888888888894,0.001671111111111111,-2.2222222222222186e-05,4.0,0.875,-0.01,-0.23533936216582055,ok,1.0,False
NBaIoT_MixedDevice_9Sources_Balanced,Cumulative_Base,IID,ASR_Mean_Over_Rounds,Adaptive_Ultimate,FedAvg,10,0.0016488888888888894,0.00221,-0.0005611111111111111,6.0,0.02734375,-0.26,-0.4583203245732184,ok,0.95703125,False
NBaIoT_MixedDevice_9Sources_Balanced,Cumulative_Base,IID,ASR_Mean_Over_Rounds,Adaptive_Ultimate,Krum,10,0.0016488888888888894,0.002321111111111111,-0.000672222222222222,10.0,0.1640625,-0.46,-0.5206614569970087,ok,1.0,False
NBaIoT_MixedDevice_9Sources_Balanced,Cumulative_Base,IID,ASR_Mean_Over_Rounds,FLAME,FLTrust,10,0.0022244444444444447,0.001671111111111111,0.0005533333333333334,6.0,0.0546875,0.23,0.4186736975692757,ok,1.0,False
NBaIoT_MixedDevice_9Sources_Balanced,Cumulative_Base,IID,ASR_Mean_Over_Rounds,FLAME,FedAvg,10,0.0022244444444444447,0.00221,1.444444444444439e-05,25.0,0.845703125,-0.04,0.04595523945997292,ok,1.0,False
NBaIoT_MixedDevice_9Sources_Balanced,Cumulative_Base,IID,ASR_Mean_Over_Rounds,FLAME,Krum,10,0.0022244444444444447,0.002321111111111111,-9.666666666666649e-05,19.0,0.734375,-0.21,-0.1124998954928624,ok,1.0,False
NBaIoT_MixedDevice_9Sources_Balanced,Cumulative_Base,IID,ASR_Mean_Over_Rounds,FLTrust,FedAvg,10,0.001671111111111111,0.00221,-0.000538888888888889,7.0,0.037109375,-0.26,-0.43442223994437695,ok,1.0,False
NBaIoT_MixedDevice_9Sources_Balanced,Cumulative_Base,IID,ASR_Mean_Over_Rounds,FLTrust,Krum,10,0.001671111111111111,0.002321111111111111,-0.0006499999999999999,9.0,0.12890625,-0.49,-0.5126705012236404,ok,1.0,False
NBaIoT_MixedDevice_9Sources_Balanced,Cumulative_Base,IID,ASR_Mean_Over_Rounds,FedAvg,Krum,10,0.00221,0.002321111111111111,-0.0001111111111111109,27.0,1.0,-0.26,-0.1447873749883718,ok,1.0,False
NBaIoT_MixedDevice_9Sources_Balanced,Cumulative_Base,IID,F1_Final_Round,Adaptive_FixedCircuitBreaker,Adaptive_NoAdaptiveWeighting,10,0.9978888849451056,0.9979444413408676,-5.555639576183546e-05,3.0,0.625,0.03,-0.11420921292219734,ok,1.0,False
NBaIoT_MixedDevice_9Sources_Balanced,Cumulative_Base,IID,F1_Final_Round,Adaptive_FixedCircuitBreaker,Adaptive_NoCircuitBreaker,10,0.9978888849451056,0.9978888849451056,0.0,0.0,1.0,0.0,0.0,identical_values,1.0,False
NBaIoT_MixedDevice_9Sources_Balanced,Cumulative_Base,IID,F1_Final_Round,Adaptive_FixedCircuitBreaker,Adaptive_NoTemporalMemory,10,0.9978888849451056,0.9978888859739268,-1.0288211282905025e-09,1.0,1.0,0.0,-3.9283671296141065e-06,ok,1.0,False
NBaIoT_MixedDevice_9Sources_Balanced,Cumulative_Base,IID,F1_Final_Round,Adaptive_FixedCircuitBreaker,Adaptive_Ultimate,10,0.9978888849451056,0.9978333290637609,5.5555881344793166e-05,0.0,1.0,0.01,0.3162277660168379,ok,1.0,False
NBaIoT_MixedDevice_9Sources_Balanced,Cumulative_Base,IID,F1_Final_Round,Adaptive_FixedCircuitBreaker,FLAME,10,0.9978888849451056,0.9977222184670694,0.00016666647803632585,7.0,0.5,0.22,0.23967816221420593,ok,1.0,False
NBaIoT_MixedDevice_9Sources_Balanced,Cumulative_Base,IID,F1_Final_Round,Adaptive_FixedCircuitBreaker,FLTrust,10,0.9978888849451056,0.9979444418552716,-5.555691016592146e-05,0.0,1.0,-0.01,-0.31622776601683794,ok,1.0,False
NBaIoT_MixedDevice_9Sources_Balanced,Cumulative_Base,IID,F1_Final_Round,Adaptive_FixedCircuitBreaker,FedAvg,10,0.9978888849451056,0.9979444416838034,-5.555673869761524e-05,12.0,0.8125,0.11,-0.07772061293956228,ok,1.0,False
NBaIoT_MixedDevice_9Sources_Balanced,Cumulative_Base,IID,F1_Final_Round,Adaptive_FixedCircuitBreaker,Krum,10,0.9978888849451056,0.9969999913579766,0.0008888935871292803,1.0,0.015625,0.41,0.9717328284382419,ok,0.515625,False
NBaIoT_MixedDevice_9Sources_Balanced,Cumulative_Base,IID,F1_Final_Round,Adaptive_NoAdaptiveWeighting,Adaptive_NoCircuitBreaker,10,0.9979444413408676,0.9978888849451056,5.555639576183546e-05,3.0,0.625,-0.03,0.11420921292219734,ok,1.0,False
NBaIoT_MixedDevice_9Sources_Balanced,Cumulative_Base,IID,F1_Final_Round,Adaptive_NoAdaptiveWeighting,Adaptive_NoTemporalMemory,10,0.9979444413408676,0.9978888859739268,5.5555366940707175e-05,1.0,1.0,-0.05,0.13552557080420283,ok,1.0,False
NBaIoT_MixedDevice_9Sources_Balanced,Cumulative_Base,IID,F1_Final_Round,Adaptive_NoAdaptiveWeighting,Adaptive_Ultimate,10,0.9979444413408676,0.9978333290637609,0.00011111227710662863,1.0,0.5,-0.02,0.2535477856289757,ok,1.0,False
NBaIoT_MixedDevice_9Sources_Balanced,Cumulative_Base,IID,F1_Final_Round,Adaptive_NoAdaptiveWeighting,FLAME,10,0.9979444413408676,0.9977222184670694,0.0002222228737981613,6.0,0.40625,0.13,0.3721025694037842,ok,1.0,False
NBaIoT_MixedDevice_9Sources_Balanced,Cumulative_Base,IID,F1_Final_Round,Adaptive_NoAdaptiveWeighting,FLTrust,10,0.9979444413408676,0.9979444418552716,-5.144040859939025e-10,3.0,1.0,-0.06,-1.1340226790121813e-06,ok,1.0,False
NBaIoT_MixedDevice_9Sources_Balanced,Cumulative_Base,IID,F1_Final_Round,Adaptive_NoAdaptiveWeighting,FedAvg,10,0.9979444413408676,0.9979444416838034,-3.429357797735122e-10,7.0,1.0,0.02,-6.547273144186753e-07,ok,1.0,False
NBaIoT_MixedDevice_9Sources_Balanced,Cumulative_Base,IID,F1_Final_Round,Adaptive_NoAdaptiveWeighting,Krum,10,0.9979444413408676,0.9969999913579766,0.0009444499828911157,6.0,0.025390625,0.46,1.0848639164795704,ok,0.787109375,False
NBaIoT_MixedDevice_9Sources_Balanced,Cumulative_Base,IID,F1_Final_Round,Adaptive_NoCircuitBreaker,Adaptive_NoTemporalMemory,10,0.9978888849451056,0.9978888859739268,-1.0288211282905025e-09,1.0,1.0,0.0,-3.9283671296141065e-06,ok,1.0,False
NBaIoT_MixedDevice_9Sources_Balanced,Cumulative_Base,IID,F1_Final_Round,Adaptive_NoCircuitBreaker,Adaptive_Ultimate,10,0.9978888849451056,0.9978333290637609,5.5555881344793166e-05,0.0,1.0,0.01,0.3162277660168379,ok,1.0,False
NBaIoT_MixedDevice_9Sources_Balanced,Cumulative_Base,IID,F1_Final_Round,Adaptive_NoCircuitBreaker,FLAME,10,0.9978888849451056,0.9977222184670694,0.00016666647803632585,7.0,0.5,0.22,0.23967816221420593,ok,1.0,False
NBaIoT_MixedDevice_9Sources_Balanced,Cumulative_Base,IID,F1_Final_Round,Adaptive_NoCircuitBreaker,FLTrust,10,0.9978888849451056,0.9979444418552716,-5.555691016592146e-05,0.0,1.0,-0.01,-0.31622776601683794,ok,1.0,False
NBaIoT_MixedDevice_9Sources_Balanced,Cumulative_Base,IID,F1_Final_Round,Adaptive_NoCircuitBreaker,FedAvg,10,0.9978888849451056,0.9979444416838034,-5.555673869761524e-05,12.0,0.8125,0.11,-0.07772061293956228,ok,1.0,False
NBaIoT_MixedDevice_9Sources_Balanced,Cumulative_Base,IID,F1_Final_Round,Adaptive_NoCircuitBreaker,Krum,10,0.9978888849451056,0.9969999913579766,0.0008888935871292803,1.0,0.015625,0.41,0.9717328284382419,ok,0.515625,False
NBaIoT_MixedDevice_9Sources_Balanced,Cumulative_Base,IID,F1_Final_Round,Adaptive_NoTemporalMemory,Adaptive_Ultimate,10,0.9978888859739268,0.9978333290637609,5.555691016592146e-05,0.0,1.0,0.01,0.31622776601683794,ok,1.0,False
NBaIoT_MixedDevice_9Sources_Balanced,Cumulative_Base,IID,F1_Final_Round,Adaptive_NoTemporalMemory,FLAME,10,0.9978888859739268,0.9977222184670694,0.00016666750685745413,10.0,0.546875,0.15,0.2587317117541847,ok,1.0,False
NBaIoT_MixedDevice_9Sources_Balanced,Cumulative_Base,IID,F1_Final_Round,Adaptive_NoTemporalMemory,FLTrust,10,0.9978888859739268,0.9979444418552716,-5.5555881344793166e-05,0.0,1.0,-0.01,-0.3162277660168379,ok,1.0,False
NBaIoT_MixedDevice_9Sources_Balanced,Cumulative_Base,IID,F1_Final_Round,Adaptive_NoTemporalMemory,FedAvg,10,0.9978888859739268,0.9979444416838034,-5.5555709876486945e-05,10.0,1.0,0.1,-0.07297571027923466,ok,1.0,False
NBaIoT_MixedDevice_9Sources_Balanced,Cumulative_Base,IID,F1_Final_Round,Adaptive_NoTemporalMemory,Krum,10,0.9978888859739268,0.9969999913579766,0.0008888946159504085,5.0,0.0390625,0.41,0.9007065464623468,ok,1.0,False
NBaIoT_MixedDevice_9Sources_Balanced,Cumulative_Base,IID,F1_Final_Round,Adaptive_Ultimate,FLAME,10,0.9978333290637609,0.9977222184670694,0.00011111059669153268,12.0,0.765625,0.15,0.15190887331426176,ok,1.0,False
NBaIoT_MixedDevice_9Sources_Balanced,Cumulative_Base,IID,F1_Final_Round,Adaptive_Ultimate,FLTrust,10,0.9978333290637609,0.9979444418552716,-0.00011111279151071463,0.0,0.5,-0.02,-0.47434164899984,ok,1.0,False
NBaIoT_MixedDevice_9Sources_Balanced,Cumulative_Base,IID,F1_Final_Round,Adaptive_Ultimate,FedAvg,10,0.9978333290637609,0.9979444416838034,-0.00011111262004240841,10.0,0.5625,0.09,-0.14302092834423982,ok,1.0,False
NBaIoT_MixedDevice_9Sources_Balanced,Cumulative_Base,IID,F1_Final_Round,Adaptive_Ultimate,Krum,10,0.9978333290637609,0.9969999913579766,0.000833337705784487,4.0,0.0546875,0.36,0.8148226873443283,ok,1.0,False
NBaIoT_MixedDevice_9Sources_Balanced,Cumulative_Base,IID,F1_Final_Round,FLAME,FLTrust,10,0.9977222184670694,0.9979444418552716,-0.0002222233882022473,5.0,0.28125,-0.22,-0.3721041595798265,ok,1.0,False
NBaIoT_MixedDevice_9Sources_Balanced,Cumulative_Base,IID,F1_Final_Round,FLAME,FedAvg,10,0.9977222184670694,0.9979444416838034,-0.0002222232167339411,5.0,0.3125,-0.15,-0.37210356326470245,ok,1.0,False
NBaIoT_MixedDevice_9Sources_Balanced,Cumulative_Base,IID,F1_Final_Round,FLAME,Krum,10,0.9977222184670694,0.9969999913579766,0.0007222271090929544,2.0,0.01171875,0.35,1.1211720502791038,ok,0.3984375,False
NBaIoT_MixedDevice_9Sources_Balanced,Cumulative_Base,IID,F1_Final_Round,FLTrust,FedAvg,10,0.9979444418552716,0.9979444416838034,1.7146830622039033e-10,9.0,0.875,0.12,2.4746458982077026e-07,ok,1.0,False
NBaIoT_MixedDevice_9Sources_Balanced,Cumulative_Base,IID,F1_Final_Round,FLTrust,Krum,10,0.9979444418552716,0.9969999913579766,0.0009444504972952017,1.0,0.0078125,0.46,1.0848642497976786,ok,0.2734375,False
NBaIoT_MixedDevice_9Sources_Balanced,Cumulative_Base,IID,F1_Final_Round,FedAvg,Krum,10,0.9979444416838034,0.9969999913579766,0.0009444503258268955,0.0,0.00390625,0.5,1.4661526084009155,ok,0.140625,False
NBaIoT_MixedDevice_9Sources_Balanced,Cumulative_Base,IID,ASR_Final_Round,Adaptive_FixedCircuitBreaker,Adaptive_NoAdaptiveWeighting,10,0.0015555555555555555,0.0014444444444444444,0.00011111111111111112,0.0,1.0,0.08,0.31622776601683794,ok,1.0,False
NBaIoT_MixedDevice_9Sources_Balanced,Cumulative_Base,IID,ASR_Final_Round,Adaptive_FixedCircuitBreaker,Adaptive_NoCircuitBreaker,10,0.0015555555555555555,0.0015555555555555555,0.0,0.0,1.0,0.0,0.0,identical_values,1.0,False
NBaIoT_MixedDevice_9Sources_Balanced,Cumulative_Base,IID,ASR_Final_Round,Adaptive_FixedCircuitBreaker,Adaptive_NoTemporalMemory,10,0.0015555555555555555,0.0015555555555555555,0.0,0.0,1.0,0.0,0.0,identical_values,1.0,False
NBaIoT_MixedDevice_9Sources_Balanced,Cumulative_Base,IID,ASR_Final_Round,Adaptive_FixedCircuitBreaker,Adaptive_Ultimate,10,0.0015555555555555555,0.0015555555555555555,0.0,0.0,1.0,0.0,0.0,identical_values,1.0,False
NBaIoT_MixedDevice_9Sources_Balanced,Cumulative_Base,IID,ASR_Final_Round,Adaptive_FixedCircuitBreaker,FLAME,10,0.0015555555555555555,0.0015555555555555555,-2.168404344971009e-20,1.0,1.0,0.07,-4.13989222504511e-17,ok,1.0,False
NBaIoT_MixedDevice_9Sources_Balanced,Cumulative_Base,IID,ASR_Final_Round,Adaptive_FixedCircuitBreaker,FLTrust,10,0.0015555555555555555,0.0015555555555555555,0.0,0.0,1.0,0.0,0.0,identical_values,1.0,False
NBaIoT_MixedDevice_9Sources_Balanced,Cumulative_Base,IID,ASR_Final_Round,Adaptive_FixedCircuitBreaker,FedAvg,10,0.0015555555555555555,0.0013333333333333333,0.00022222222222222218,0.0,0.5,0.09,0.47434164902525683,ok,1.0,False
NBaIoT_MixedDevice_9Sources_Balanced,Cumulative_Base,IID,ASR_Final_Round,Adaptive_FixedCircuitBreaker,Krum,10,0.0015555555555555555,0.001888888888888889,-0.0003333333333333334,5.0,0.75,-0.18,-0.25873180855923106,ok,1.0,False
NBaIoT_MixedDevice_9Sources_Balanced,Cumulative_Base,IID,ASR_Final_Round,Adaptive_NoAdaptiveWeighting,Adaptive_NoCircuitBreaker,10,0.0014444444444444444,0.0015555555555555555,-0.00011111111111111112,0.0,1.0,-0.08,-0.31622776601683794,ok,1.0,False
NBaIoT_MixedDevice_9Sources_Balanced,Cumulative_Base,IID,ASR_Final_Round,Adaptive_NoAdaptiveWeighting,Adaptive_NoTemporalMemory,10,0.0014444444444444444,0.0015555555555555555,-0.00011111111111111112,0.0,1.0,-0.08,-0.31622776601683794,ok,1.0,False
NBaIoT_MixedDevice_9Sources_Balanced,Cumulative_Base,IID,ASR_Final_Round,Adaptive_NoAdaptiveWeighting,Adaptive_Ultimate,10,0.0014444444444444444,0.0015555555555555555,-0.00011111111111111112,0.0,1.0,-0.08,-0.31622776601683794,ok,1.0,False
NBaIoT_MixedDevice_9Sources_Balanced,Cumulative_Base,IID,ASR_Final_Round,Adaptive_NoAdaptiveWeighting,FLAME,10,0.0014444444444444444,0.0015555555555555555,-0.00011111111111111113,0.0,1.0,-0.01,-0.316227766016838,ok,1.0,False
NBaIoT_MixedDevice_9Sources_Balanced,Cumulative_Base,IID,ASR_Final_Round,Adaptive_NoAdaptiveWeighting,FLTrust,10,0.0014444444444444444,0.0015555555555555555,-0.00011111111111111112,0.0,1.0,-0.08,-0.31622776601683794,ok,1.0,False
NBaIoT_MixedDevice_9Sources_Balanced,Cumulative_Base,IID,ASR_Final_Round,Adaptive_NoAdaptiveWeighting,FedAvg,10,0.0014444444444444444,0.0013333333333333333,0.00011111111111111109,0.0,1.0,0.01,0.316227766016838,ok,1.0,False
NBaIoT_MixedDevice_9Sources_Balanced,Cumulative_Base,IID,ASR_Final_Round,Adaptive_NoAdaptiveWeighting,Krum,10,0.0014444444444444444,0.001888888888888889,-0.0004444444444444445,6.0,0.53125,-0.25,-0.34077710054823895,ok,1.0,False
NBaIoT_MixedDevice_9Sources_Balanced,Cumulative_Base,IID,ASR_Final_Round,Adaptive_NoCircuitBreaker,Adaptive_NoTemporalMemory,10,0.0015555555555555555,0.0015555555555555555,0.0,0.0,1.0,0.0,0.0,identical_values,1.0,False
NBaIoT_MixedDevice_9Sources_Balanced,Cumulative_Base,IID,ASR_Final_Round,Adaptive_NoCircuitBreaker,Adaptive_Ultimate,10,0.0015555555555555555,0.0015555555555555555,0.0,0.0,1.0,0.0,0.0,identical_values,1.0,False
NBaIoT_MixedDevice_9Sources_Balanced,Cumulative_Base,IID,ASR_Final_Round,Adaptive_NoCircuitBreaker,FLAME,10,0.0015555555555555555,0.0015555555555555555,-2.168404344971009e-20,1.0,1.0,0.07,-4.13989222504511e-17,ok,1.0,False
NBaIoT_MixedDevice_9Sources_Balanced,Cumulative_Base,IID,ASR_Final_Round,Adaptive_NoCircuitBreaker,FLTrust,10,0.0015555555555555555,0.0015555555555555555,0.0,0.0,1.0,0.0,0.0,identical_values,1.0,False
NBaIoT_MixedDevice_9Sources_Balanced,Cumulative_Base,IID,ASR_Final_Round,Adaptive_NoCircuitBreaker,FedAvg,10,0.0015555555555555555,0.0013333333333333333,0.00022222222222222218,0.0,0.5,0.09,0.47434164902525683,ok,1.0,False
NBaIoT_MixedDevice_9Sources_Balanced,Cumulative_Base,IID,ASR_Final_Round,Adaptive_NoCircuitBreaker,Krum,10,0.0015555555555555555,0.001888888888888889,-0.0003333333333333334,5.0,0.75,-0.18,-0.25873180855923106,ok,1.0,False
NBaIoT_MixedDevice_9Sources_Balanced,Cumulative_Base,IID,ASR_Final_Round,Adaptive_NoTemporalMemory,Adaptive_Ultimate,10,0.0015555555555555555,0.0015555555555555555,0.0,0.0,1.0,0.0,0.0,identical_values,1.0,False
NBaIoT_MixedDevice_9Sources_Balanced,Cumulative_Base,IID,ASR_Final_Round,Adaptive_NoTemporalMemory,FLAME,10,0.0015555555555555555,0.0015555555555555555,-2.168404344971009e-20,1.0,1.0,0.07,-4.13989222504511e-17,ok,1.0,False
NBaIoT_MixedDevice_9Sources_Balanced,Cumulative_Base,IID,ASR_Final_Round,Adaptive_NoTemporalMemory,FLTrust,10,0.0015555555555555555,0.0015555555555555555,0.0,0.0,1.0,0.0,0.0,identical_values,1.0,False
NBaIoT_MixedDevice_9Sources_Balanced,Cumulative_Base,IID,ASR_Final_Round,Adaptive_NoTemporalMemory,FedAvg,10,0.0015555555555555555,0.0013333333333333333,0.00022222222222222218,0.0,0.5,0.09,0.47434164902525683,ok,1.0,False
NBaIoT_MixedDevice_9Sources_Balanced,Cumulative_Base,IID,ASR_Final_Round,Adaptive_NoTemporalMemory,Krum,10,0.0015555555555555555,0.001888888888888889,-0.0003333333333333334,5.0,0.75,-0.18,-0.25873180855923106,ok,1.0,False
NBaIoT_MixedDevice_9Sources_Balanced,Cumulative_Base,IID,ASR_Final_Round,Adaptive_Ultimate,FLAME,10,0.0015555555555555555,0.0015555555555555555,-2.168404344971009e-20,1.0,1.0,0.07,-4.13989222504511e-17,ok,1.0,False
NBaIoT_MixedDevice_9Sources_Balanced,Cumulative_Base,IID,ASR_Final_Round,Adaptive_Ultimate,FLTrust,10,0.0015555555555555555,0.0015555555555555555,0.0,0.0,1.0,0.0,0.0,identical_values,1.0,False
NBaIoT_MixedDevice_9Sources_Balanced,Cumulative_Base,IID,ASR_Final_Round,Adaptive_Ultimate,FedAvg,10,0.0015555555555555555,0.0013333333333333333,0.00022222222222222218,0.0,0.5,0.09,0.47434164902525683,ok,1.0,False
NBaIoT_MixedDevice_9Sources_Balanced,Cumulative_Base,IID,ASR_Final_Round,Adaptive_Ultimate,Krum,10,0.0015555555555555555,0.001888888888888889,-0.0003333333333333334,5.0,0.75,-0.18,-0.25873180855923106,ok,1.0,False
NBaIoT_MixedDevice_9Sources_Balanced,Cumulative_Base,IID,ASR_Final_Round,FLAME,FLTrust,10,0.0015555555555555555,0.0015555555555555555,2.168404344971009e-20,1.0,1.0,-0.07,4.13989222504511e-17,ok,1.0,False
NBaIoT_MixedDevice_9Sources_Balanced,Cumulative_Base,IID,ASR_Final_Round,FLAME,FedAvg,10,0.0015555555555555555,0.0013333333333333333,0.00022222222222222223,0.0,1.0,0.01,0.31622776601683794,ok,1.0,False
NBaIoT_MixedDevice_9Sources_Balanced,Cumulative_Base,IID,ASR_Final_Round,FLAME,Krum,10,0.0015555555555555555,0.001888888888888889,-0.0003333333333333333,12.0,0.828125,-0.24,-0.23968063858108832,ok,1.0,False
NBaIoT_MixedDevice_9Sources_Balanced,Cumulative_Base,IID,ASR_Final_Round,FLTrust,FedAvg,10,0.0015555555555555555,0.0013333333333333333,0.00022222222222222218,0.0,0.5,0.09,0.47434164902525683,ok,1.0,False
NBaIoT_MixedDevice_9Sources_Balanced,Cumulative_Base,IID,ASR_Final_Round,FLTrust,Krum,10,0.0015555555555555555,0.001888888888888889,-0.0003333333333333334,5.0,0.75,-0.18,-0.25873180855923106,ok,1.0,False
NBaIoT_MixedDevice_9Sources_Balanced,Cumulative_Base,IID,ASR_Final_Round,FedAvg,Krum,10,0.0013333333333333333,0.001888888888888889,-0.0005555555555555556,8.0,0.375,-0.27,-0.42426406871192857,ok,1.0,False
NBaIoT_MixedDevice_9Sources_Balanced,Cumulative_Base,NonIID_Dirichlet,F1_Mean_Over_Rounds,Adaptive_FixedCircuitBreaker,Adaptive_NoAdaptiveWeighting,10,0.9958720646722806,0.9958017245011463,7.034017113420888e-05,26.0,0.921875,-0.02,0.0759177115021852,ok,1.0,False
NBaIoT_MixedDevice_9Sources_Balanced,Cumulative_Base,NonIID_Dirichlet,F1_Mean_Over_Rounds,Adaptive_FixedCircuitBreaker,Adaptive_NoCircuitBreaker,10,0.9958720646722806,0.9958726202269789,-5.555546982116688e-07,0.0,1.0,-0.01,-0.3162277660168379,identical_values,1.0,False
NBaIoT_MixedDevice_9Sources_Balanced,Cumulative_Base,NonIID_Dirichlet,F1_Mean_Over_Rounds,Adaptive_FixedCircuitBreaker,Adaptive_NoTemporalMemory,10,0.9958720646722806,0.9960019817566949,-0.00012991708441414395,0.0,0.001953125,-0.12,-0.6410319184005644,ok,0.0703125,False
NBaIoT_MixedDevice_9Sources_Balanced,Cumulative_Base,NonIID_Dirichlet,F1_Mean_Over_Rounds,Adaptive_FixedCircuitBreaker,Adaptive_Ultimate,10,0.9958720646722806,0.9958720646722806,0.0,0.0,1.0,0.0,0.0,identical_values,1.0,False
NBaIoT_MixedDevice_9Sources_Balanced,Cumulative_Base,NonIID_Dirichlet,F1_Mean_Over_Rounds,Adaptive_FixedCircuitBreaker,FLAME,10,0.9958720646722806,0.9832851544435671,0.012586910228713454,25.0,0.845703125,0.0,0.32762198221886224,ok,1.0,False
NBaIoT_MixedDevice_9Sources_Balanced,Cumulative_Base,NonIID_Dirichlet,F1_Mean_Over_Rounds,Adaptive_FixedCircuitBreaker,FLTrust,10,0.9958720646722806,0.9960275380283135,-0.00015547335603265376,0.0,0.001953125,-0.14,-0.7437492080454822,ok,0.0703125,False
NBaIoT_MixedDevice_9Sources_Balanced,Cumulative_Base,NonIID_Dirichlet,F1_Mean_Over_Rounds,Adaptive_FixedCircuitBreaker,FedAvg,10,0.9958720646722806,0.9975477616527201,-0.001675696980439434,1.0,0.00390625,-0.62,-1.3937696327279963,ok,0.0859375,False
NBaIoT_MixedDevice_9Sources_Balanced,Cumulative_Base,NonIID_Dirichlet,F1_Mean_Over_Rounds,Adaptive_FixedCircuitBreaker,Krum,10,0.9958720646722806,0.9253125685458514,0.07055949612642931,0.0,0.001953125,0.94,0.48987337812318205,ok,0.0703125,False
NBaIoT_MixedDevice_9Sources_Balanced,Cumulative_Base,NonIID_Dirichlet,F1_Mean_Over_Rounds,Adaptive_NoAdaptiveWeighting,Adaptive_NoCircuitBreaker,10,0.9958017245011463,0.9958726202269789,-7.089572583242054e-05,26.0,0.921875,0.02,-0.07638973587895757,ok,1.0,False
NBaIoT_MixedDevice_9Sources_Balanced,Cumulative_Base,NonIID_Dirichlet,F1_Mean_Over_Rounds,Adaptive_NoAdaptiveWeighting,Adaptive_NoTemporalMemory,10,0.9958017245011463,0.9960019817566949,-0.00020025725554835284,26.0,0.921875,0.02,-0.18403334278604006,ok,1.0,False
NBaIoT_MixedDevice_9Sources_Balanced,Cumulative_Base,NonIID_Dirichlet,F1_Mean_Over_Rounds,Adaptive_NoAdaptiveWeighting,Adaptive_Ultimate,10,0.9958017245011463,0.9958720646722806,-7.034017113420888e-05,26.0,0.921875,0.02,-0.0759177115021852,ok,1.0,False
NBaIoT_MixedDevice_9Sources_Balanced,Cumulative_Base,NonIID_Dirichlet,F1_Mean_Over_Rounds,Adaptive_NoAdaptiveWeighting,FLAME,10,0.9958017245011463,0.9832851544435671,0.012516570057579246,20.0,0.4921875,0.08,0.3252270071488205,ok,1.0,False
NBaIoT_MixedDevice_9Sources_Balanced,Cumulative_Base,NonIID_Dirichlet,F1_Mean_Over_Rounds,Adaptive_NoAdaptiveWeighting,FLTrust,10,0.9958017245011463,0.9960275380283135,-0.00022581352716686265,27.0,1.0,-0.02,-0.21139481569435056,ok,1.0,False
NBaIoT_MixedDevice_9Sources_Balanced,Cumulative_Base,NonIID_Dirichlet,F1_Mean_Over_Rounds,Adaptive_NoAdaptiveWeighting,FedAvg,10,0.9958017245011463,0.9975477616527201,-0.0017460371515736427,1.0,0.00390625,-0.6,-1.0618255597414623,ok,0.0859375,False
NBaIoT_MixedDevice_9Sources_Balanced,Cumulative_Base,NonIID_Dirichlet,F1_Mean_Over_Rounds,Adaptive_NoAdaptiveWeighting,Krum,10,0.9958017245011463,0.9253125685458514,0.0704891559552951,0.0,0.001953125,0.88,0.4919931892877034,ok,0.0703125,False
NBaIoT_MixedDevice_9Sources_Balanced,Cumulative_Base,NonIID_Dirichlet,F1_Mean_Over_Rounds,Adaptive_NoCircuitBreaker,Adaptive_NoTemporalMemory,10,0.9958726202269789,0.9960019817566949,-0.0001293615297159323,0.0,0.001953125,-0.12,-0.6434113716518917,ok,0.0703125,False
NBaIoT_MixedDevice_9Sources_Balanced,Cumulative_Base,NonIID_Dirichlet,F1_Mean_Over_Rounds,Adaptive_NoCircuitBreaker,Adaptive_Ultimate,10,0.9958726202269789,0.9958720646722806,5.555546982116688e-07,0.0,1.0,0.01,0.3162277660168379,identical_values,1.0,False
NBaIoT_MixedDevice_9Sources_Balanced,Cumulative_Base,NonIID_Dirichlet,F1_Mean_Over_Rounds,Adaptive_NoCircuitBreaker,FLAME,10,0.9958726202269789,0.9832851544435671,0.012587465783411666,25.0,0.845703125,0.0,0.3276384701359324,ok,1.0,False
NBaIoT_MixedDevice_9Sources_Balanced,Cumulative_Base,NonIID_Dirichlet,F1_Mean_Over_Rounds,Adaptive_NoCircuitBreaker,FLTrust,10,0.9958726202269789,0.9960275380283135,-0.0001549178013344421,0.0,0.001953125,-0.14,-0.7464024966948495,ok,0.0703125,False
NBaIoT_MixedDevice_9Sources_Balanced,Cumulative_Base,NonIID_Dirichlet,F1_Mean_Over_Rounds,Adaptive_NoCircuitBreaker,FedAvg,10,0.9958726202269789,0.9975477616527201,-0.0016751414257412222,1.0,0.00390625,-0.62,-1.394329503142254,ok,0.0859375,False
NBaIoT_MixedDevice_9Sources_Balanced,Cumulative_Base,NonIID_Dirichlet,F1_Mean_Over_Rounds,Adaptive_NoCircuitBreaker,Krum,10,0.9958726202269789,0.9253125685458514,0.07056005168112753,0.0,0.001953125,0.94,0.4898716921357902,ok,0.0703125,False
NBaIoT_MixedDevice_9Sources_Balanced,Cumulative_Base,NonIID_Dirichlet,F1_Mean_Over_Rounds,Adaptive_NoTemporalMemory,Adaptive_Ultimate,10,0.9960019817566949,0.9958720646722806,0.00012991708441414395,0.0,0.001953125,0.12,0.6410319184005644,ok,0.0703125,False
NBaIoT_MixedDevice_9Sources_Balanced,Cumulative_Base,NonIID_Dirichlet,F1_Mean_Over_Rounds,Adaptive_NoTemporalMemory,FLAME,10,0.9960019817566949,0.9832851544435671,0.012716827313127598,23.0,0.6953125,0.06,0.33132199342267193,ok,1.0,False
NBaIoT_MixedDevice_9Sources_Balanced,Cumulative_Base,NonIID_Dirichlet,F1_Mean_Over_Rounds,Adaptive_NoTemporalMemory,FLTrust,10,0.9960019817566949,0.9960275380283135,-2.555627161850982e-05,4.0,0.109375,-0.05,-0.5650761391526954,ok,1.0,False
NBaIoT_MixedDevice_9Sources_Balanced,Cumulative_Base,NonIID_Dirichlet,F1_Mean_Over_Rounds,Adaptive_NoTemporalMemory,FedAvg,10,0.9960019817566949,0.9975477616527201,-0.00154577989602529,1.0,0.00390625,-0.62,-1.4536867517069838,ok,0.0859375,False
NBaIoT_MixedDevice_9Sources_Balanced,Cumulative_Base,NonIID_Dirichlet,F1_Mean_Over_Rounds,Adaptive_NoTemporalMemory,Krum,10,0.9960019817566949,0.9253125685458514,0.07068941321084346,0.0,0.001953125,0.94,0.4901927218018437,ok,0.0703125,False
NBaIoT_MixedDevice_9Sources_Balanced,Cumulative_Base,NonIID_Dirichlet,F1_Mean_Over_Rounds,Adaptive_Ultimate,FLAME,10,0.9958720646722806,0.9832851544435671,0.012586910228713454,25.0,0.845703125,0.0,0.32762198221886224,ok,1.0,False
NBaIoT_MixedDevice_9Sources_Balanced,Cumulative_Base,NonIID_Dirichlet,F1_Mean_Over_Rounds,Adaptive_Ultimate,FLTrust,10,0.9958720646722806,0.9960275380283135,-0.00015547335603265376,0.0,0.001953125,-0.14,-0.7437492080454822,ok,0.0703125,False
NBaIoT_MixedDevice_9Sources_Balanced,Cumulative_Base,NonIID_Dirichlet,F1_Mean_Over_Rounds,Adaptive_Ultimate,FedAvg,10,0.9958720646722806,0.9975477616527201,-0.001675696980439434,1.0,0.00390625,-0.62,-1.3937696327279963,ok,0.0859375,False
NBaIoT_MixedDevice_9Sources_Balanced,Cumulative_Base,NonIID_Dirichlet,F1_Mean_Over_Rounds,Adaptive_Ultimate,Krum,10,0.9958720646722806,0.9253125685458514,0.07055949612642931,0.0,0.001953125,0.94,0.48987337812318205,ok,0.0703125,False
NBaIoT_MixedDevice_9Sources_Balanced,Cumulative_Base,NonIID_Dirichlet,F1_Mean_Over_Rounds,FLAME,FLTrust,10,0.9832851544435671,0.9960275380283135,-0.012742383584746109,21.0,0.556640625,-0.08,-0.3318773610416139,ok,1.0,False
NBaIoT_MixedDevice_9Sources_Balanced,Cumulative_Base,NonIID_Dirichlet,F1_Mean_Over_Rounds,FLAME,FedAvg,10,0.9832851544435671,0.9975477616527201,-0.01426260720915289,1.0,0.00390625,-0.58,-0.3721972900364842,ok,0.0859375,False
NBaIoT_MixedDevice_9Sources_Balanced,Cumulative_Base,NonIID_Dirichlet,F1_Mean_Over_Rounds,FLAME,Krum,10,0.9832851544435671,0.9253125685458514,0.05797258589771585,0.0,0.001953125,0.68,0.41457199626735236,ok,0.0703125,False
NBaIoT_MixedDevice_9Sources_Balanced,Cumulative_Base,NonIID_Dirichlet,F1_Mean_Over_Rounds,FLTrust,FedAvg,10,0.9960275380283135,0.9975477616527201,-0.0015202236244067802,1.0,0.00390625,-0.62,-1.470383318396021,ok,0.0859375,False
NBaIoT_MixedDevice_9Sources_Balanced,Cumulative_Base,NonIID_Dirichlet,F1_Mean_Over_Rounds,FLTrust,Krum,10,0.9960275380283135,0.9253125685458514,0.07071496948246196,0.0,0.001953125,0.94,0.4903776889031852,ok,0.0703125,False
NBaIoT_MixedDevice_9Sources_Balanced,Cumulative_Base,NonIID_Dirichlet,F1_Mean_Over_Rounds,FedAvg,Krum,10,0.9975477616527201,0.9253125685458514,0.07223519310686874,0.0,0.001953125,1.0,0.49945704586942025,ok,0.0703125,False
NBaIoT_MixedDevice_9Sources_Balanced,Cumulative_Base,NonIID_Dirichlet,ASR_Mean_Over_Rounds,Adaptive_FixedCircuitBreaker,Adaptive_NoAdaptiveWeighting,10,0.003256666666666667,0.0032199999999999998,3.6666666666666855e-05,12.0,0.4609375,0.06,0.20258577179360604,ok,1.0,False
NBaIoT_MixedDevice_9Sources_Balanced,Cumulative_Base,NonIID_Dirichlet,ASR_Mean_Over_Rounds,Adaptive_FixedCircuitBreaker,Adaptive_NoCircuitBreaker,10,0.003256666666666667,0.003255555555555556,1.1111111111111045e-06,0.0,1.0,0.01,0.31622776601683794,ok,1.0,False
NBaIoT_MixedDevice_9Sources_Balanced,Cumulative_Base,NonIID_Dirichlet,ASR_Mean_Over_Rounds,Adaptive_FixedCircuitBreaker,Adaptive_NoTemporalMemory,10,0.003256666666666667,0.003158888888888889,9.777777777777783e-05,3.0,0.0390625,0.08,0.6336932865181685,ok,1.0,False
NBaIoT_MixedDevice_9Sources_Balanced,Cumulative_Base,NonIID_Dirichlet,ASR_Mean_Over_Rounds,Adaptive_FixedCircuitBreaker,Adaptive_Ultimate,10,0.003256666666666667,0.003256666666666667,0.0,0.0,1.0,0.0,0.0,identical_values,1.0,False
NBaIoT_MixedDevice_9Sources_Balanced,Cumulative_Base,NonIID_Dirichlet,ASR_Mean_Over_Rounds,Adaptive_FixedCircuitBreaker,FLAME,10,0.003256666666666667,0.0043144444444444445,-0.001057777777777778,19.0,0.431640625,-0.15,-0.3545609218304622,ok,1.0,False
NBaIoT_MixedDevice_9Sources_Balanced,Cumulative_Base,NonIID_Dirichlet,ASR_Mean_Over_Rounds,Adaptive_FixedCircuitBreaker,FLTrust,10,0.003256666666666667,0.003163333333333333,9.333333333333342e-05,3.0,0.0390625,0.08,0.6445877181224888,ok,1.0,False
NBaIoT_MixedDevice_9Sources_Balanced,Cumulative_Base,NonIID_Dirichlet,ASR_Mean_Over_Rounds,Adaptive_FixedCircuitBreaker,FedAvg,10,0.003256666666666667,0.0017022222222222224,0.0015544444444444447,8.0,0.048828125,0.5,0.7427016978022771,ok,1.0,False
NBaIoT_MixedDevice_9Sources_Balanced,Cumulative_Base,NonIID_Dirichlet,ASR_Mean_Over_Rounds,Adaptive_FixedCircuitBreaker,Krum,10,0.003256666666666667,0.013235555555555556,-0.009978888888888888,3.0,0.009765625,-0.52,-0.6036686994580068,ok,0.3515625,False
NBaIoT_MixedDevice_9Sources_Balanced,Cumulative_Base,NonIID_Dirichlet,ASR_Mean_Over_Rounds,Adaptive_NoAdaptiveWeighting,Adaptive_NoCircuitBreaker,10,0.0032199999999999998,0.003255555555555556,-3.555555555555575e-05,12.0,0.4609375,-0.06,-0.19630301080773863,ok,1.0,False
NBaIoT_MixedDevice_9Sources_Balanced,Cumulative_Base,NonIID_Dirichlet,ASR_Mean_Over_Rounds,Adaptive_NoAdaptiveWeighting,Adaptive_NoTemporalMemory,10,0.0032199999999999998,0.003158888888888889,6.111111111111099e-05,14.0,0.640625,0.0,0.20747742329318014,ok,1.0,False
NBaIoT_MixedDevice_9Sources_Balanced,Cumulative_Base,NonIID_Dirichlet,ASR_Mean_Over_Rounds,Adaptive_NoAdaptiveWeighting,Adaptive_Ultimate,10,0.0032199999999999998,0.003256666666666667,-3.6666666666666855e-05,12.0,0.4609375,-0.06,-0.20258577179360604,ok,1.0,False
NBaIoT_MixedDevice_9Sources_Balanced,Cumulative_Base,NonIID_Dirichlet,ASR_Mean_Over_Rounds,Adaptive_NoAdaptiveWeighting,FLAME,10,0.0032199999999999998,0.0043144444444444445,-0.0010944444444444448,19.0,0.431640625,-0.17,-0.3606699820509546,ok,1.0,False
NBaIoT_MixedDevice_9Sources_Balanced,Cumulative_Base,NonIID_Dirichlet,ASR_Mean_Over_Rounds,Adaptive_NoAdaptiveWeighting,FLTrust,10,0.0032199999999999998,0.003163333333333333,5.666666666666656e-05,14.0,0.640625,0.0,0.19850219328582194,ok,1.0,False
NBaIoT_MixedDevice_9Sources_Balanced,Cumulative_Base,NonIID_Dirichlet,ASR_Mean_Over_Rounds,Adaptive_NoAdaptiveWeighting,FedAvg,10,0.0032199999999999998,0.0017022222222222224,0.0015177777777777776,7.5,0.0390625,0.48,0.7161049003653108,ok,1.0,False
NBaIoT_MixedDevice_9Sources_Balanced,Cumulative_Base,NonIID_Dirichlet,ASR_Mean_Over_Rounds,Adaptive_NoAdaptiveWeighting,Krum,10,0.0032199999999999998,0.013235555555555556,-0.010015555555555555,3.0,0.009765625,-0.52,-0.6058890924584166,ok,0.3515625,False
NBaIoT_MixedDevice_9Sources_Balanced,Cumulative_Base,NonIID_Dirichlet,ASR_Mean_Over_Rounds,Adaptive_NoCircuitBreaker,Adaptive_NoTemporalMemory,10,0.003255555555555556,0.003158888888888889,9.666666666666673e-05,3.0,0.0390625,0.08,0.6228247837354606,ok,1.0,False
NBaIoT_MixedDevice_9Sources_Balanced,Cumulative_Base,NonIID_Dirichlet,ASR_Mean_Over_Rounds,Adaptive_NoCircuitBreaker,Adaptive_Ultimate,10,0.003255555555555556,0.003256666666666667,-1.1111111111111045e-06,0.0,1.0,-0.01,-0.31622776601683794,ok,1.0,False
NBaIoT_MixedDevice_9Sources_Balanced,Cumulative_Base,NonIID_Dirichlet,ASR_Mean_Over_Rounds,Adaptive_NoCircuitBreaker,FLAME,10,0.003255555555555556,0.0043144444444444445,-0.0010588888888888892,19.0,0.431640625,-0.15,-0.35503391948843904,ok,1.0,False
NBaIoT_MixedDevice_9Sources_Balanced,Cumulative_Base,NonIID_Dirichlet,ASR_Mean_Over_Rounds,Adaptive_NoCircuitBreaker,FLTrust,10,0.003255555555555556,0.003163333333333333,9.222222222222231e-05,3.0,0.0390625,0.08,0.6328486263633109,ok,1.0,False
NBaIoT_MixedDevice_9Sources_Balanced,Cumulative_Base,NonIID_Dirichlet,ASR_Mean_Over_Rounds,Adaptive_NoCircuitBreaker,FedAvg,10,0.003255555555555556,0.0017022222222222224,0.0015533333333333334,8.0,0.048828125,0.5,0.7420909974407157,ok,1.0,False
NBaIoT_MixedDevice_9Sources_Balanced,Cumulative_Base,NonIID_Dirichlet,ASR_Mean_Over_Rounds,Adaptive_NoCircuitBreaker,Krum,10,0.003255555555555556,0.013235555555555556,-0.00998,3.0,0.009765625,-0.52,-0.6037677002977666,ok,0.3515625,False
NBaIoT_MixedDevice_9Sources_Balanced,Cumulative_Base,NonIID_Dirichlet,ASR_Mean_Over_Rounds,Adaptive_NoTemporalMemory,Adaptive_Ultimate,10,0.003158888888888889,0.003256666666666667,-9.777777777777783e-05,3.0,0.0390625,-0.08,-0.6336932865181685,ok,1.0,False
NBaIoT_MixedDevice_9Sources_Balanced,Cumulative_Base,NonIID_Dirichlet,ASR_Mean_Over_Rounds,Adaptive_NoTemporalMemory,FLAME,10,0.003158888888888889,0.0043144444444444445,-0.0011555555555555555,18.0,0.375,-0.16,-0.3952699883084658,ok,1.0,False
NBaIoT_MixedDevice_9Sources_Balanced,Cumulative_Base,NonIID_Dirichlet,ASR_Mean_Over_Rounds,Adaptive_NoTemporalMemory,FLTrust,10,0.003158888888888889,0.003163333333333333,-4.444444444444418e-06,0.0,0.5,-0.02,-0.4140393356054125,ok,1.0,False
NBaIoT_MixedDevice_9Sources_Balanced,Cumulative_Base,NonIID_Dirichlet,ASR_Mean_Over_Rounds,Adaptive_NoTemporalMemory,FedAvg,10,0.003158888888888889,0.0017022222222222224,0.0014566666666666669,9.0,0.064453125,0.46,0.7407674276019871,ok,1.0,False
NBaIoT_MixedDevice_9Sources_Balanced,Cumulative_Base,NonIID_Dirichlet,ASR_Mean_Over_Rounds,Adaptive_NoTemporalMemory,Krum,10,0.003158888888888889,0.013235555555555556,-0.010076666666666668,3.0,0.009765625,-0.54,-0.6062213795613909,ok,0.3515625,False
NBaIoT_MixedDevice_9Sources_Balanced,Cumulative_Base,NonIID_Dirichlet,ASR_Mean_Over_Rounds,Adaptive_Ultimate,FLAME,10,0.003256666666666667,0.0043144444444444445,-0.001057777777777778,19.0,0.431640625,-0.15,-0.3545609218304622,ok,1.0,False
NBaIoT_MixedDevice_9Sources_Balanced,Cumulative_Base,NonIID_Dirichlet,ASR_Mean_Over_Rounds,Adaptive_Ultimate,FLTrust,10,0.003256666666666667,0.003163333333333333,9.333333333333342e-05,3.0,0.0390625,0.08,0.6445877181224888,ok,1.0,False
NBaIoT_MixedDevice_9Sources_Balanced,Cumulative_Base,NonIID_Dirichlet,ASR_Mean_Over_Rounds,Adaptive_Ultimate,FedAvg,10,0.003256666666666667,0.0017022222222222224,0.0015544444444444447,8.0,0.048828125,0.5,0.7427016978022771,ok,1.0,False
NBaIoT_MixedDevice_9Sources_Balanced,Cumulative_Base,NonIID_Dirichlet,ASR_Mean_Over_Rounds,Adaptive_Ultimate,Krum,10,0.003256666666666667,0.013235555555555556,-0.009978888888888888,3.0,0.009765625,-0.52,-0.6036686994580068,ok,0.3515625,False
NBaIoT_MixedDevice_9Sources_Balanced,Cumulative_Base,NonIID_Dirichlet,ASR_Mean_Over_Rounds,FLAME,FLTrust,10,0.0043144444444444445,0.003163333333333333,0.001151111111111111,18.0,0.375,0.16,0.39291551856157253,ok,1.0,False
NBaIoT_MixedDevice_9Sources_Balanced,Cumulative_Base,NonIID_Dirichlet,ASR_Mean_Over_Rounds,FLAME,FedAvg,10,0.0043144444444444445,0.0017022222222222224,0.002612222222222222,7.0,0.037109375,0.64,0.8854413834639817,ok,1.0,False
NBaIoT_MixedDevice_9Sources_Balanced,Cumulative_Base,NonIID_Dirichlet,ASR_Mean_Over_Rounds,FLAME,Krum,10,0.0043144444444444445,0.013235555555555556,-0.008921111111111112,6.0,0.02734375,-0.48,-0.5443924792909844,ok,0.79296875,False
NBaIoT_MixedDevice_9Sources_Balanced,Cumulative_Base,NonIID_Dirichlet,ASR_Mean_Over_Rounds,FLTrust,FedAvg,10,0.003163333333333333,0.0017022222222222224,0.0014611111111111114,9.0,0.064453125,0.46,0.7403331872700419,ok,1.0,False
NBaIoT_MixedDevice_9Sources_Balanced,Cumulative_Base,NonIID_Dirichlet,ASR_Mean_Over_Rounds,FLTrust,Krum,10,0.003163333333333333,0.013235555555555556,-0.010072222222222222,3.0,0.009765625,-0.54,-0.6060406653403976,ok,0.3515625,False
NBaIoT_MixedDevice_9Sources_Balanced,Cumulative_Base,NonIID_Dirichlet,ASR_Mean_Over_Rounds,FedAvg,Krum,10,0.0017022222222222224,0.013235555555555556,-0.011533333333333335,3.0,0.009765625,-0.77,-0.6427178459782087,ok,0.3515625,False
NBaIoT_MixedDevice_9Sources_Balanced,Cumulative_Base,NonIID_Dirichlet,F1_Final_Round,Adaptive_FixedCircuitBreaker,Adaptive_NoAdaptiveWeighting,10,0.9968888765430772,0.9973888844135658,-0.0005000078704884947,0.0,0.03125,-0.16,-0.9050331424945262,ok,0.71875,False
NBaIoT_MixedDevice_9Sources_Balanced,Cumulative_Base,NonIID_Dirichlet,F1_Final_Round,Adaptive_FixedCircuitBreaker,Adaptive_NoCircuitBreaker,10,0.9968888765430772,0.996944432012899,-5.5555469821644275e-05,0.0,1.0,-0.03,-0.31622776601683794,ok,1.0,False
NBaIoT_MixedDevice_9Sources_Balanced,Cumulative_Base,NonIID_Dirichlet,F1_Final_Round,Adaptive_FixedCircuitBreaker,Adaptive_NoTemporalMemory,10,0.9968888765430772,0.9968333210732556,5.5555469821644275e-05,0.0,1.0,0.03,0.31622776601683794,ok,1.0,False
NBaIoT_MixedDevice_9Sources_Balanced,Cumulative_Base,NonIID_Dirichlet,F1_Final_Round,Adaptive_FixedCircuitBreaker,Adaptive_Ultimate,10,0.9968888765430772,0.9968888765430772,0.0,0.0,1.0,0.0,0.0,identical_values,1.0,False
NBaIoT_MixedDevice_9Sources_Balanced,Cumulative_Base,NonIID_Dirichlet,F1_Final_Round,Adaptive_FixedCircuitBreaker,FLAME,10,0.9968888765430772,0.9968333262516902,5.555029138728518e-05,17.0,0.9453125,0.08,0.06561553359803132,ok,1.0,False
NBaIoT_MixedDevice_9Sources_Balanced,Cumulative_Base,NonIID_Dirichlet,F1_Final_Round,Adaptive_FixedCircuitBreaker,FLTrust,10,0.9968888765430772,0.9969444361624881,-5.5559619410772146e-05,1.0,0.5,-0.01,-0.17617514032089543,ok,1.0,False
NBaIoT_MixedDevice_9Sources_Balanced,Cumulative_Base,NonIID_Dirichlet,F1_Final_Round,Adaptive_FixedCircuitBreaker,FedAvg,10,0.9968888765430772,0.9981111085733791,-0.001222232030301884,2.0,0.0234375,-0.47,-0.8851325152509503,ok,0.65625,False
NBaIoT_MixedDevice_9Sources_Balanced,Cumulative_Base,NonIID_Dirichlet,F1_Final_Round,Adaptive_FixedCircuitBreaker,Krum,10,0.9968888765430772,0.9362770540203451,0.060611822522732076,0.0,0.001953125,0.99,0.3921494021458085,ok,0.0703125,False
NBaIoT_MixedDevice_9Sources_Balanced,Cumulative_Base,NonIID_Dirichlet,F1_Final_Round,Adaptive_NoAdaptiveWeighting,Adaptive_NoCircuitBreaker,10,0.9973888844135658,0.996944432012899,0.0004444524006668504,2.0,0.046875,0.15,0.7046623508279766,ok,0.890625,False
NBaIoT_MixedDevice_9Sources_Balanced,Cumulative_Base,NonIID_Dirichlet,F1_Final_Round,Adaptive_NoAdaptiveWeighting,Adaptive_NoTemporalMemory,10,0.9973888844135658,0.9968333210732556,0.000555563340310139,0.0,0.03125,0.17,0.9486767975135965,ok,0.71875,False
NBaIoT_MixedDevice_9Sources_Balanced,Cumulative_Base,NonIID_Dirichlet,F1_Final_Round,Adaptive_NoAdaptiveWeighting,Adaptive_Ultimate,10,0.9973888844135658,0.9968888765430772,0.0005000078704884947,0.0,0.03125,0.16,0.9050331424945262,ok,0.71875,False
NBaIoT_MixedDevice_9Sources_Balanced,Cumulative_Base,NonIID_Dirichlet,F1_Final_Round,Adaptive_NoAdaptiveWeighting,FLAME,10,0.9973888844135658,0.9968333262516902,0.0005555581618757799,6.0,0.21875,0.25,0.5000002709127646,ok,1.0,False
NBaIoT_MixedDevice_9Sources_Balanced,Cumulative_Base,NonIID_Dirichlet,F1_Final_Round,Adaptive_NoAdaptiveWeighting,FLTrust,10,0.9973888844135658,0.9969444361624881,0.0004444482510777226,0.0,0.0625,0.14,0.8705710933892303,ok,1.0,False
NBaIoT_MixedDevice_9Sources_Balanced,Cumulative_Base,NonIID_Dirichlet,F1_Final_Round,Adaptive_NoAdaptiveWeighting,FedAvg,10,0.9973888844135658,0.9981111085733791,-0.0007222241598133893,4.0,0.109375,-0.27,-0.5403143458362765,ok,1.0,False
NBaIoT_MixedDevice_9Sources_Balanced,Cumulative_Base,NonIID_Dirichlet,F1_Final_Round,Adaptive_NoAdaptiveWeighting,Krum,10,0.9973888844135658,0.9362770540203451,0.061111830393220566,0.0,0.001953125,1.0,0.39581432434525793,ok,0.0703125,False
NBaIoT_MixedDevice_9Sources_Balanced,Cumulative_Base,NonIID_Dirichlet,F1_Final_Round,Adaptive_NoCircuitBreaker,Adaptive_NoTemporalMemory,10,0.996944432012899,0.9968333210732556,0.00011111093964328855,0.0,0.5,0.06,0.4743416490252569,ok,1.0,False
NBaIoT_MixedDevice_9Sources_Balanced,Cumulative_Base,NonIID_Dirichlet,F1_Final_Round,Adaptive_NoCircuitBreaker,Adaptive_Ultimate,10,0.996944432012899,0.9968888765430772,5.5555469821644275e-05,0.0,1.0,0.03,0.31622776601683794,ok,1.0,False
NBaIoT_MixedDevice_9Sources_Balanced,Cumulative_Base,NonIID_Dirichlet,F1_Final_Round,Adaptive_NoCircuitBreaker,FLAME,10,0.996944432012899,0.9968333262516902,0.00011110576120892945,12.0,0.8125,0.11,0.135519484094623,ok,1.0,False
NBaIoT_MixedDevice_9Sources_Balanced,Cumulative_Base,NonIID_Dirichlet,F1_Final_Round,Adaptive_NoCircuitBreaker,FLTrust,10,0.996944432012899,0.9969444361624881,-4.149589127866449e-09,3.0,0.625,0.02,-1.1203698725007696e-05,ok,1.0,False
NBaIoT_MixedDevice_9Sources_Balanced,Cumulative_Base,NonIID_Dirichlet,F1_Final_Round,Adaptive_NoCircuitBreaker,FedAvg,10,0.996944432012899,0.9981111085733791,-0.0011666765604802399,2.0,0.0234375,-0.45,-0.8830458893110312,ok,0.65625,False
NBaIoT_MixedDevice_9Sources_Balanced,Cumulative_Base,NonIID_Dirichlet,F1_Final_Round,Adaptive_NoCircuitBreaker,Krum,10,0.996944432012899,0.9362770540203451,0.060667377992553714,0.0,0.001953125,0.99,0.39206437049152315,ok,0.0703125,False
NBaIoT_MixedDevice_9Sources_Balanced,Cumulative_Base,NonIID_Dirichlet,F1_Final_Round,Adaptive_NoTemporalMemory,Adaptive_Ultimate,10,0.9968333210732556,0.9968888765430772,-5.5555469821644275e-05,0.0,1.0,-0.03,-0.31622776601683794,ok,1.0,False
NBaIoT_MixedDevice_9Sources_Balanced,Cumulative_Base,NonIID_Dirichlet,F1_Final_Round,Adaptive_NoTemporalMemory,FLAME,10,0.9968333210732556,0.9968333262516902,-5.178434359098816e-09,18.0,1.0,0.05,-5.9618504488844e-06,ok,1.0,False
NBaIoT_MixedDevice_9Sources_Balanced,Cumulative_Base,NonIID_Dirichlet,F1_Final_Round,Adaptive_NoTemporalMemory,FLTrust,10,0.9968333210732556,0.9969444361624881,-0.00011111508923241641,0.0,0.5,-0.04,-0.4743416489865946,ok,1.0,False
NBaIoT_MixedDevice_9Sources_Balanced,Cumulative_Base,NonIID_Dirichlet,F1_Final_Round,Adaptive_NoTemporalMemory,FedAvg,10,0.9968333210732556,0.9981111085733791,-0.0012777875001235284,2.0,0.0234375,-0.49,-0.9052381155364512,ok,0.65625,False
NBaIoT_MixedDevice_9Sources_Balanced,Cumulative_Base,NonIID_Dirichlet,F1_Final_Round,Adaptive_NoTemporalMemory,Krum,10,0.9968333210732556,0.9362770540203451,0.06055626705291043,0.0,0.001953125,0.99,0.39174129953729925,ok,0.0703125,False
NBaIoT_MixedDevice_9Sources_Balanced,Cumulative_Base,NonIID_Dirichlet,F1_Final_Round,Adaptive_Ultimate,FLAME,10,0.9968888765430772,0.9968333262516902,5.555029138728518e-05,17.0,0.9453125,0.08,0.06561553359803132,ok,1.0,False
NBaIoT_MixedDevice_9Sources_Balanced,Cumulative_Base,NonIID_Dirichlet,F1_Final_Round,Adaptive_Ultimate,FLTrust,10,0.9968888765430772,0.9969444361624881,-5.5559619410772146e-05,1.0,0.5,-0.01,-0.17617514032089543,ok,1.0,False
NBaIoT_MixedDevice_9Sources_Balanced,Cumulative_Base,NonIID_Dirichlet,F1_Final_Round,Adaptive_Ultimate,FedAvg,10,0.9968888765430772,0.9981111085733791,-0.001222232030301884,2.0,0.0234375,-0.47,-0.8851325152509503,ok,0.65625,False
NBaIoT_MixedDevice_9Sources_Balanced,Cumulative_Base,NonIID_Dirichlet,F1_Final_Round,Adaptive_Ultimate,Krum,10,0.9968888765430772,0.9362770540203451,0.060611822522732076,0.0,0.001953125,0.99,0.3921494021458085,ok,0.0703125,False
NBaIoT_MixedDevice_9Sources_Balanced,Cumulative_Base,NonIID_Dirichlet,F1_Final_Round,FLAME,FLTrust,10,0.9968333262516902,0.9969444361624881,-0.00011110991079805732,17.0,0.9453125,-0.05,-0.12350688241371396,ok,1.0,False
NBaIoT_MixedDevice_9Sources_Balanced,Cumulative_Base,NonIID_Dirichlet,F1_Final_Round,FLAME,FedAvg,10,0.9968333262516902,0.9981111085733791,-0.0012777823216891693,1.0,0.03125,-0.52,-0.8618281765284787,ok,0.71875,False
NBaIoT_MixedDevice_9Sources_Balanced,Cumulative_Base,NonIID_Dirichlet,F1_Final_Round,FLAME,Krum,10,0.9968333262516902,0.9362770540203451,0.060556272231344785,0.0,0.001953125,0.98,0.3911763335079276,ok,0.0703125,False
NBaIoT_MixedDevice_9Sources_Balanced,Cumulative_Base,NonIID_Dirichlet,F1_Final_Round,FLTrust,FedAvg,10,0.9969444361624881,0.9981111085733791,-0.001166672410891112,2.0,0.0234375,-0.49,-0.883046634920699,ok,0.65625,False
NBaIoT_MixedDevice_9Sources_Balanced,Cumulative_Base,NonIID_Dirichlet,F1_Final_Round,FLTrust,Krum,10,0.9969444361624881,0.9362770540203451,0.060667382142142845,0.0,0.001953125,1.0,0.3925237892016557,ok,0.0703125,False
NBaIoT_MixedDevice_9Sources_Balanced,Cumulative_Base,NonIID_Dirichlet,F1_Final_Round,FedAvg,Krum,10,0.9981111085733791,0.9362770540203451,0.06183405455303396,0.0,0.001953125,1.0,0.3984798435012036,ok,0.0703125,False
NBaIoT_MixedDevice_9Sources_Balanced,Cumulative_Base,NonIID_Dirichlet,ASR_Final_Round,Adaptive_FixedCircuitBreaker,Adaptive_NoAdaptiveWeighting,10,0.0021111111111111113,0.001888888888888889,0.00022222222222222226,0.0,1.0,0.11,0.316227766016838,ok,1.0,False
NBaIoT_MixedDevice_9Sources_Balanced,Cumulative_Base,NonIID_Dirichlet,ASR_Final_Round,Adaptive_FixedCircuitBreaker,Adaptive_NoCircuitBreaker,10,0.0021111111111111113,0.002,0.00011111111111111113,0.0,1.0,0.06,0.316227766016838,ok,1.0,False
NBaIoT_MixedDevice_9Sources_Balanced,Cumulative_Base,NonIID_Dirichlet,ASR_Final_Round,Adaptive_FixedCircuitBreaker,Adaptive_NoTemporalMemory,10,0.0021111111111111113,0.0021111111111111113,0.0,0.0,1.0,0.0,0.0,identical_values,1.0,False
NBaIoT_MixedDevice_9Sources_Balanced,Cumulative_Base,NonIID_Dirichlet,ASR_Final_Round,Adaptive_FixedCircuitBreaker,Adaptive_Ultimate,10,0.0021111111111111113,0.0021111111111111113,0.0,0.0,1.0,0.0,0.0,identical_values,1.0,False
NBaIoT_MixedDevice_9Sources_Balanced,Cumulative_Base,NonIID_Dirichlet,ASR_Final_Round,Adaptive_FixedCircuitBreaker,FLAME,10,0.0021111111111111113,0.0023333333333333335,-0.00022222222222222212,6.0,0.75,-0.02,-0.12350804543889268,ok,1.0,False
NBaIoT_MixedDevice_9Sources_Balanced,Cumulative_Base,NonIID_Dirichlet,ASR_Final_Round,Adaptive_FixedCircuitBreaker,FLTrust,10,0.0021111111111111113,0.0021111111111111113,0.0,0.0,1.0,0.0,0.0,identical_values,1.0,False
NBaIoT_MixedDevice_9Sources_Balanced,Cumulative_Base,NonIID_Dirichlet,ASR_Final_Round,Adaptive_FixedCircuitBreaker,FedAvg,10,0.0021111111111111113,0.0014444444444444444,0.0006666666666666668,6.0,0.4375,0.33,0.38031941462783253,ok,1.0,False
NBaIoT_MixedDevice_9Sources_Balanced,Cumulative_Base,NonIID_Dirichlet,ASR_Final_Round,Adaptive_FixedCircuitBreaker,Krum,10,0.0021111111111111113,0.009222222222222222,-0.0071111111111111115,4.5,0.125,-0.27,-0.6058259565302024,ok,1.0,False
NBaIoT_MixedDevice_9Sources_Balanced,Cumulative_Base,NonIID_Dirichlet,ASR_Final_Round,Adaptive_NoAdaptiveWeighting,Adaptive_NoCircuitBreaker,10,0.001888888888888889,0.002,-0.00011111111111111113,1.0,1.0,-0.06,-0.1355261854357877,ok,1.0,False
NBaIoT_MixedDevice_9Sources_Balanced,Cumulative_Base,NonIID_Dirichlet,ASR_Final_Round,Adaptive_NoAdaptiveWeighting,Adaptive_NoTemporalMemory,10,0.001888888888888889,0.0021111111111111113,-0.00022222222222222226,0.0,1.0,-0.11,-0.316227766016838,ok,1.0,False
NBaIoT_MixedDevice_9Sources_Balanced,Cumulative_Base,NonIID_Dirichlet,ASR_Final_Round,Adaptive_NoAdaptiveWeighting,Adaptive_Ultimate,10,0.001888888888888889,0.0021111111111111113,-0.00022222222222222226,0.0,1.0,-0.11,-0.316227766016838,ok,1.0,False
NBaIoT_MixedDevice_9Sources_Balanced,Cumulative_Base,NonIID_Dirichlet,ASR_Final_Round,Adaptive_NoAdaptiveWeighting,FLAME,10,0.001888888888888889,0.0023333333333333335,-0.00044444444444444436,3.0,0.625,-0.12,-0.27975144247209405,ok,1.0,False
NBaIoT_MixedDevice_9Sources_Balanced,Cumulative_Base,NonIID_Dirichlet,ASR_Final_Round,Adaptive_NoAdaptiveWeighting,FLTrust,10,0.001888888888888889,0.0021111111111111113,-0.00022222222222222226,0.0,1.0,-0.11,-0.316227766016838,ok,1.0,False
NBaIoT_MixedDevice_9Sources_Balanced,Cumulative_Base,NonIID_Dirichlet,ASR_Final_Round,Adaptive_NoAdaptiveWeighting,FedAvg,10,0.001888888888888889,0.0014444444444444444,0.0004444444444444445,5.0,0.5625,0.22,0.26568446566202863,ok,1.0,False
NBaIoT_MixedDevice_9Sources_Balanced,Cumulative_Base,NonIID_Dirichlet,ASR_Final_Round,Adaptive_NoAdaptiveWeighting,Krum,10,0.001888888888888889,0.009222222222222222,-0.007333333333333333,4.5,0.125,-0.34,-0.6086116686897369,ok,1.0,False
NBaIoT_MixedDevice_9Sources_Balanced,Cumulative_Base,NonIID_Dirichlet,ASR_Final_Round,Adaptive_NoCircuitBreaker,Adaptive_NoTemporalMemory,10,0.002,0.0021111111111111113,-0.00011111111111111113,0.0,1.0,-0.06,-0.316227766016838,ok,1.0,False
NBaIoT_MixedDevice_9Sources_Balanced,Cumulative_Base,NonIID_Dirichlet,ASR_Final_Round,Adaptive_NoCircuitBreaker,Adaptive_Ultimate,10,0.002,0.0021111111111111113,-0.00011111111111111113,0.0,1.0,-0.06,-0.316227766016838,ok,1.0,False
NBaIoT_MixedDevice_9Sources_Balanced,Cumulative_Base,NonIID_Dirichlet,ASR_Final_Round,Adaptive_NoCircuitBreaker,FLAME,10,0.002,0.0023333333333333335,-0.00033333333333333327,3.0,0.625,-0.06,-0.1914460334151826,ok,1.0,False
NBaIoT_MixedDevice_9Sources_Balanced,Cumulative_Base,NonIID_Dirichlet,ASR_Final_Round,Adaptive_NoCircuitBreaker,FLTrust,10,0.002,0.0021111111111111113,-0.00011111111111111113,0.0,1.0,-0.06,-0.316227766016838,ok,1.0,False
NBaIoT_MixedDevice_9Sources_Balanced,Cumulative_Base,NonIID_Dirichlet,ASR_Final_Round,Adaptive_NoCircuitBreaker,FedAvg,10,0.002,0.0014444444444444444,0.0005555555555555557,6.0,0.40625,0.3,0.33129457822453967,ok,1.0,False
NBaIoT_MixedDevice_9Sources_Balanced,Cumulative_Base,NonIID_Dirichlet,ASR_Final_Round,Adaptive_NoCircuitBreaker,Krum,10,0.002,0.009222222222222222,-0.007222222222222223,3.0,0.078125,-0.3,-0.620220725309294,ok,1.0,False
NBaIoT_MixedDevice_9Sources_Balanced,Cumulative_Base,NonIID_Dirichlet,ASR_Final_Round,Adaptive_NoTemporalMemory,Adaptive_Ultimate,10,0.0021111111111111113,0.0021111111111111113,0.0,0.0,1.0,0.0,0.0,identical_values,1.0,False
NBaIoT_MixedDevice_9Sources_Balanced,Cumulative_Base,NonIID_Dirichlet,ASR_Final_Round,Adaptive_NoTemporalMemory,FLAME,10,0.0021111111111111113,0.0023333333333333335,-0.00022222222222222212,6.0,0.75,-0.02,-0.12350804543889268,ok,1.0,False
NBaIoT_MixedDevice_9Sources_Balanced,Cumulative_Base,NonIID_Dirichlet,ASR_Final_Round,Adaptive_NoTemporalMemory,FLTrust,10,0.0021111111111111113,0.0021111111111111113,0.0,0.0,1.0,0.0,0.0,identical_values,1.0,False
NBaIoT_MixedDevice_9Sources_Balanced,Cumulative_Base,NonIID_Dirichlet,ASR_Final_Round,Adaptive_NoTemporalMemory,FedAvg,10,0.0021111111111111113,0.0014444444444444444,0.0006666666666666668,6.0,0.4375,0.33,0.38031941462783253,ok,1.0,False
NBaIoT_MixedDevice_9Sources_Balanced,Cumulative_Base,NonIID_Dirichlet,ASR_Final_Round,Adaptive_NoTemporalMemory,Krum,10,0.0021111111111111113,0.009222222222222222,-0.0071111111111111115,4.5,0.125,-0.27,-0.6058259565302024,ok,1.0,False
NBaIoT_MixedDevice_9Sources_Balanced,Cumulative_Base,NonIID_Dirichlet,ASR_Final_Round,Adaptive_Ultimate,FLAME,10,0.0021111111111111113,0.0023333333333333335,-0.00022222222222222212,6.0,0.75,-0.02,-0.12350804543889268,ok,1.0,False
NBaIoT_MixedDevice_9Sources_Balanced,Cumulative_Base,NonIID_Dirichlet,ASR_Final_Round,Adaptive_Ultimate,FLTrust,10,0.0021111111111111113,0.0021111111111111113,0.0,0.0,1.0,0.0,0.0,identical_values,1.0,False
NBaIoT_MixedDevice_9Sources_Balanced,Cumulative_Base,NonIID_Dirichlet,ASR_Final_Round,Adaptive_Ultimate,FedAvg,10,0.0021111111111111113,0.0014444444444444444,0.0006666666666666668,6.0,0.4375,0.33,0.38031941462783253,ok,1.0,False
NBaIoT_MixedDevice_9Sources_Balanced,Cumulative_Base,NonIID_Dirichlet,ASR_Final_Round,Adaptive_Ultimate,Krum,10,0.0021111111111111113,0.009222222222222222,-0.0071111111111111115,4.5,0.125,-0.27,-0.6058259565302024,ok,1.0,False
NBaIoT_MixedDevice_9Sources_Balanced,Cumulative_Base,NonIID_Dirichlet,ASR_Final_Round,FLAME,FLTrust,10,0.0023333333333333335,0.0021111111111111113,0.00022222222222222212,6.0,0.75,0.02,0.12350804543889268,ok,1.0,False
NBaIoT_MixedDevice_9Sources_Balanced,Cumulative_Base,NonIID_Dirichlet,ASR_Final_Round,FLAME,FedAvg,10,0.0023333333333333335,0.0014444444444444444,0.0008888888888888889,4.0,0.4375,0.32,0.3721042037676253,ok,1.0,False
NBaIoT_MixedDevice_9Sources_Balanced,Cumulative_Base,NonIID_Dirichlet,ASR_Final_Round,FLAME,Krum,10,0.0023333333333333335,0.009222222222222222,-0.006888888888888889,6.0,0.203125,-0.25,-0.5948840814616172,ok,1.0,False
NBaIoT_MixedDevice_9Sources_Balanced,Cumulative_Base,NonIID_Dirichlet,ASR_Final_Round,FLTrust,FedAvg,10,0.0021111111111111113,0.0014444444444444444,0.0006666666666666668,6.0,0.4375,0.33,0.38031941462783253,ok,1.0,False
NBaIoT_MixedDevice_9Sources_Balanced,Cumulative_Base,NonIID_Dirichlet,ASR_Final_Round,FLTrust,Krum,10,0.0021111111111111113,0.009222222222222222,-0.0071111111111111115,4.5,0.125,-0.27,-0.6058259565302024,ok,1.0,False
NBaIoT_MixedDevice_9Sources_Balanced,Cumulative_Base,NonIID_Dirichlet,ASR_Final_Round,FedAvg,Krum,10,0.0014444444444444444,0.009222222222222222,-0.0077777777777777776,3.0,0.078125,-0.48,-0.6468431588153822,ok,1.0,False
NBaIoT_MixedDevice_9Sources_Balanced,Cumulative_Extreme,IID,F1_Mean_Over_Rounds,Adaptive_FixedCircuitBreaker,Adaptive_NoAdaptiveWeighting,10,0.9974888529104271,0.9975260748704731,-3.722196004560807e-05,17.0,0.9453125,0.06,-0.1366978669217865,ok,1.0,False
NBaIoT_MixedDevice_9Sources_Balanced,Cumulative_Extreme,IID,F1_Mean_Over_Rounds,Adaptive_FixedCircuitBreaker,Adaptive_NoCircuitBreaker,10,0.9974888529104271,0.9974882972672516,5.556431757147706e-07,1.0,1.0,0.0,0.009026660109840224,ok,1.0,False
NBaIoT_MixedDevice_9Sources_Balanced,Cumulative_Extreme,IID,F1_Mean_Over_Rounds,Adaptive_FixedCircuitBreaker,Adaptive_NoTemporalMemory,10,0.9974888529104271,0.9974788528823068,1.0000028120560333e-05,7.0,0.5625,0.0,0.36606907264095867,ok,1.0,False
NBaIoT_MixedDevice_9Sources_Balanced,Cumulative_Extreme,IID,F1_Mean_Over_Rounds,Adaptive_FixedCircuitBreaker,Adaptive_Ultimate,10,0.9974888529104271,0.997471075028397,1.777788203034536e-05,0.0,1.0,0.01,0.316227766016838,ok,1.0,False
NBaIoT_MixedDevice_9Sources_Balanced,Cumulative_Extreme,IID,F1_Mean_Over_Rounds,Adaptive_FixedCircuitBreaker,FLAME,10,0.9974888529104271,0.9969871027931744,0.0005017501172529526,5.0,0.01953125,0.24,0.6713522560939508,ok,0.56640625,False
NBaIoT_MixedDevice_9Sources_Balanced,Cumulative_Extreme,IID,F1_Mean_Over_Rounds,Adaptive_FixedCircuitBreaker,FLTrust,10,0.9974888529104271,0.9974994084219155,-1.0555511488230529e-05,16.0,0.84375,-0.02,-0.17086171308168704,ok,1.0,False
NBaIoT_MixedDevice_9Sources_Balanced,Cumulative_Extreme,IID,F1_Mean_Over_Rounds,Adaptive_FixedCircuitBreaker,FedAvg,10,0.9974888529104271,0.9964245023887006,0.0010643505217266536,0.0,0.001953125,0.42,0.9573838513139834,ok,0.0703125,False
NBaIoT_MixedDevice_9Sources_Balanced,Cumulative_Extreme,IID,F1_Mean_Over_Rounds,Adaptive_FixedCircuitBreaker,Krum,10,0.9974888529104271,0.9966601659135597,0.0008286869968676114,6.0,0.02734375,0.42,0.8642732531333448,ok,0.7109375,False
NBaIoT_MixedDevice_9Sources_Balanced,Cumulative_Extreme,IID,F1_Mean_Over_Rounds,Adaptive_NoAdaptiveWeighting,Adaptive_NoCircuitBreaker,10,0.9975260748704731,0.9974882972672516,3.777760322132284e-05,17.0,0.9453125,-0.06,0.15366607720584868,ok,1.0,False
NBaIoT_MixedDevice_9Sources_Balanced,Cumulative_Extreme,IID,F1_Mean_Over_Rounds,Adaptive_NoAdaptiveWeighting,Adaptive_NoTemporalMemory,10,0.9975260748704731,0.9974788528823068,4.7221988166168406e-05,26.0,0.921875,-0.1,0.1781564968223102,ok,1.0,False
NBaIoT_MixedDevice_9Sources_Balanced,Cumulative_Extreme,IID,F1_Mean_Over_Rounds,Adaptive_NoAdaptiveWeighting,Adaptive_Ultimate,10,0.9975260748704731,0.997471075028397,5.4999842075953434e-05,16.0,0.84375,-0.06,0.2113611749085243,ok,1.0,False
NBaIoT_MixedDevice_9Sources_Balanced,Cumulative_Extreme,IID,F1_Mean_Over_Rounds,Adaptive_NoAdaptiveWeighting,FLAME,10,0.9975260748704731,0.9969871027931744,0.0005389720772985606,5.0,0.01953125,0.24,0.6814189686521663,ok,0.56640625,False
NBaIoT_MixedDevice_9Sources_Balanced,Cumulative_Extreme,IID,F1_Mean_Over_Rounds,Adaptive_NoAdaptiveWeighting,FLTrust,10,0.9975260748704731,0.9974994084219155,2.6666448557377543e-05,24.0,0.76953125,-0.1,0.10848822954801604,ok,1.0,False
NBaIoT_MixedDevice_9Sources_Balanced,Cumulative_Extreme,IID,F1_Mean_Over_Rounds,Adaptive_NoAdaptiveWeighting,FedAvg,10,0.9975260748704731,0.9964245023887006,0.0011015724817722617,1.0,0.00390625,0.34,0.9421429702650468,ok,0.13671875,False
NBaIoT_MixedDevice_9Sources_Balanced,Cumulative_Extreme,IID,F1_Mean_Over_Rounds,Adaptive_NoAdaptiveWeighting,Krum,10,0.9975260748704731,0.9966601659135597,0.0008659089569132194,2.0,0.005859375,0.44,0.9713216733686624,ok,0.17578125,False
NBaIoT_MixedDevice_9Sources_Balanced,Cumulative_Extreme,IID,F1_Mean_Over_Rounds,Adaptive_NoCircuitBreaker,Adaptive_NoTemporalMemory,10,0.9974882972672516,0.9974788528823068,9.444384944845563e-06,13.0,0.9375,-0.01,0.20715482775045646,ok,1.0,False
NBaIoT_MixedDevice_9Sources_Balanced,Cumulative_Extreme,IID,F1_Mean_Over_Rounds,Adaptive_NoCircuitBreaker,Adaptive_Ultimate,10,0.9974882972672516,0.997471075028397,1.722223885463059e-05,0.0,0.5,0.02,0.4172044806149838,ok,1.0,False
NBaIoT_MixedDevice_9Sources_Balanced,Cumulative_Extreme,IID,F1_Mean_Over_Rounds,Adaptive_NoCircuitBreaker,FLAME,10,0.9974882972672516,0.9969871027931744,0.0005011944740772378,6.0,0.02734375,0.24,0.6692387403837592,ok,0.7109375,False
NBaIoT_MixedDevice_9Sources_Balanced,Cumulative_Extreme,IID,F1_Mean_Over_Rounds,Adaptive_NoCircuitBreaker,FLTrust,10,0.9974882972672516,0.9974994084219155,-1.1111154663945299e-05,9.0,0.25,-0.04,-0.4685212898943816,ok,1.0,False
NBaIoT_MixedDevice_9Sources_Balanced,Cumulative_Extreme,IID,F1_Mean_Over_Rounds,Adaptive_NoCircuitBreaker,FedAvg,10,0.9974882972672516,0.9964245023887006,0.0010637948785509389,1.0,0.00390625,0.38,0.950884573888426,ok,0.13671875,False
NBaIoT_MixedDevice_9Sources_Balanced,Cumulative_Extreme,IID,F1_Mean_Over_Rounds,Adaptive_NoCircuitBreaker,Krum,10,0.9974882972672516,0.9966601659135597,0.0008281313536918966,7.0,0.037109375,0.4,0.8655566384271347,ok,0.890625,False
NBaIoT_MixedDevice_9Sources_Balanced,Cumulative_Extreme,IID,F1_Mean_Over_Rounds,Adaptive_NoTemporalMemory,Adaptive_Ultimate,10,0.9974788528823068,0.997471075028397,7.777853909785026e-06,8.0,0.6875,0.02,0.2447835905734541,ok,1.0,False
NBaIoT_MixedDevice_9Sources_Balanced,Cumulative_Extreme,IID,F1_Mean_Over_Rounds,Adaptive_NoTemporalMemory,FLAME,10,0.9974788528823068,0.9969871027931744,0.0004917500891323922,9.0,0.064453125,0.22,0.6508325882766217,ok,1.0,False
NBaIoT_MixedDevice_9Sources_Balanced,Cumulative_Extreme,IID,F1_Mean_Over_Rounds,Adaptive_NoTemporalMemory,FLTrust,10,0.9974788528823068,0.9974994084219155,-2.0555539608790863e-05,1.0,0.125,-0.03,-0.38250838449641283,ok,1.0,False
NBaIoT_MixedDevice_9Sources_Balanced,Cumulative_Extreme,IID,F1_Mean_Over_Rounds,Adaptive_NoTemporalMemory,FedAvg,10,0.9974788528823068,0.9964245023887006,0.0010543504936060932,1.0,0.00390625,0.4,0.93936352193992,ok,0.13671875,False
NBaIoT_MixedDevice_9Sources_Balanced,Cumulative_Extreme,IID,F1_Mean_Over_Rounds,Adaptive_NoTemporalMemory,Krum,10,0.9974788528823068,0.9966601659135597,0.000818686968747051,7.0,0.037109375,0.4,0.8458367611913211,ok,0.890625,False
NBaIoT_MixedDevice_9Sources_Balanced,Cumulative_Extreme,IID,F1_Mean_Over_Rounds,Adaptive_Ultimate,FLAME,10,0.997471075028397,0.9969871027931744,0.00048397223522260723,8.0,0.048828125,0.22,0.6358411421064145,ok,0.9765625,False
NBaIoT_MixedDevice_9Sources_Balanced,Cumulative_Extreme,IID,F1_Mean_Over_Rounds,Adaptive_Ultimate,FLTrust,10,0.997471075028397,0.9974994084219155,-2.8333393518575888e-05,9.0,0.25,-0.04,-0.46537072618003583,ok,1.0,False
NBaIoT_MixedDevice_9Sources_Balanced,Cumulative_Extreme,IID,F1_Mean_Over_Rounds,Adaptive_Ultimate,FedAvg,10,0.997471075028397,0.9964245023887006,0.0010465726396963082,1.0,0.00390625,0.38,0.9249504975036718,ok,0.13671875,False
NBaIoT_MixedDevice_9Sources_Balanced,Cumulative_Extreme,IID,F1_Mean_Over_Rounds,Adaptive_Ultimate,Krum,10,0.997471075028397,0.9966601659135597,0.0008109091148372661,7.0,0.037109375,0.4,0.8309299408459023,ok,0.890625,False
NBaIoT_MixedDevice_9Sources_Balanced,Cumulative_Extreme,IID,F1_Mean_Over_Rounds,FLAME,FLTrust,10,0.9969871027931744,0.9974994084219155,-0.0005123056287411831,5.0,0.01953125,-0.24,-0.6852453845365372,ok,0.56640625,False
NBaIoT_MixedDevice_9Sources_Balanced,Cumulative_Extreme,IID,F1_Mean_Over_Rounds,FLAME,FedAvg,10,0.9969871027931744,0.9964245023887006,0.000562600404473701,8.0,0.048828125,0.16,0.8059410843436416,ok,0.9765625,False
NBaIoT_MixedDevice_9Sources_Balanced,Cumulative_Extreme,IID,F1_Mean_Over_Rounds,FLAME,Krum,10,0.9969871027931744,0.9966601659135597,0.0003269368796146588,14.0,0.193359375,0.24,0.5226359746290727,ok,1.0,False
NBaIoT_MixedDevice_9Sources_Balanced,Cumulative_Extreme,IID,F1_Mean_Over_Rounds,FLTrust,FedAvg,10,0.9974994084219155,0.9964245023887006,0.001074906033214884,1.0,0.00390625,0.4,0.963806016554105,ok,0.13671875,False
NBaIoT_MixedDevice_9Sources_Balanced,Cumulative_Extreme,IID,F1_Mean_Over_Rounds,FLTrust,Krum,10,0.9974994084219155,0.9966601659135597,0.0008392425083558419,7.0,0.037109375,0.4,0.8833049853023717,ok,0.890625,False
NBaIoT_MixedDevice_9Sources_Balanced,Cumulative_Extreme,IID,F1_Mean_Over_Rounds,FedAvg,Krum,10,0.9964245023887006,0.9966601659135597,-0.00023566352485904218,17.0,0.322265625,0.04,-0.25233240618647607,ok,1.0,False
NBaIoT_MixedDevice_9Sources_Balanced,Cumulative_Extreme,IID,ASR_Mean_Over_Rounds,Adaptive_FixedCircuitBreaker,Adaptive_NoAdaptiveWeighting,10,0.0016277777777777777,0.0014655555555555557,0.00016222222222222218,1.0,0.125,0.18,0.58165740655514,ok,1.0,False
NBaIoT_MixedDevice_9Sources_Balanced,Cumulative_Extreme,IID,ASR_Mean_Over_Rounds,Adaptive_FixedCircuitBreaker,Adaptive_NoCircuitBreaker,10,0.0016277777777777777,0.0015788888888888888,4.888888888888888e-05,0.0,1.0,0.05,0.31622776601683794,ok,1.0,False
NBaIoT_MixedDevice_9Sources_Balanced,Cumulative_Extreme,IID,ASR_Mean_Over_Rounds,Adaptive_FixedCircuitBreaker,Adaptive_NoTemporalMemory,10,0.0016277777777777777,0.0016233333333333332,4.444444444444439e-06,4.0,1.0,0.0,0.2335496832484572,ok,1.0,False
NBaIoT_MixedDevice_9Sources_Balanced,Cumulative_Extreme,IID,ASR_Mean_Over_Rounds,Adaptive_FixedCircuitBreaker,Adaptive_Ultimate,10,0.0016277777777777777,0.0016111111111111111,1.6666666666666674e-05,0.0,1.0,0.03,0.31622776601683794,ok,1.0,False
NBaIoT_MixedDevice_9Sources_Balanced,Cumulative_Extreme,IID,ASR_Mean_Over_Rounds,Adaptive_FixedCircuitBreaker,FLAME,10,0.0016277777777777777,0.0020577777777777777,-0.00043,14.0,0.359375,-0.14,-0.326515305664823,ok,1.0,False
NBaIoT_MixedDevice_9Sources_Balanced,Cumulative_Extreme,IID,ASR_Mean_Over_Rounds,Adaptive_FixedCircuitBreaker,FLTrust,10,0.0016277777777777777,0.0015699999999999998,5.777777777777778e-05,4.0,0.5,0.05,0.3226558169020019,ok,1.0,False
NBaIoT_MixedDevice_9Sources_Balanced,Cumulative_Extreme,IID,ASR_Mean_Over_Rounds,Adaptive_FixedCircuitBreaker,FedAvg,10,0.0016277777777777777,0.003914444444444444,-0.002286666666666667,0.0,0.001953125,-0.82,-1.0698235824424112,ok,0.0703125,False
NBaIoT_MixedDevice_9Sources_Balanced,Cumulative_Extreme,IID,ASR_Mean_Over_Rounds,Adaptive_FixedCircuitBreaker,Krum,10,0.0016277777777777777,0.0020688888888888888,-0.0004411111111111112,22.0,0.625,-0.21,-0.3129380401424804,ok,1.0,False
NBaIoT_MixedDevice_9Sources_Balanced,Cumulative_Extreme,IID,ASR_Mean_Over_Rounds,Adaptive_NoAdaptiveWeighting,Adaptive_NoCircuitBreaker,10,0.0014655555555555557,0.0015788888888888888,-0.0001133333333333333,1.0,0.125,-0.12,-0.6681286410616334,ok,1.0,False
NBaIoT_MixedDevice_9Sources_Balanced,Cumulative_Extreme,IID,ASR_Mean_Over_Rounds,Adaptive_NoAdaptiveWeighting,Adaptive_NoTemporalMemory,10,0.0014655555555555557,0.0016233333333333332,-0.00015777777777777776,3.0,0.15625,-0.17,-0.592604785605023,ok,1.0,False
NBaIoT_MixedDevice_9Sources_Balanced,Cumulative_Extreme,IID,ASR_Mean_Over_Rounds,Adaptive_NoAdaptiveWeighting,Adaptive_Ultimate,10,0.0014655555555555557,0.0016111111111111111,-0.0001455555555555555,1.0,0.125,-0.16,-0.6167105853804669,ok,1.0,False
NBaIoT_MixedDevice_9Sources_Balanced,Cumulative_Extreme,IID,ASR_Mean_Over_Rounds,Adaptive_NoAdaptiveWeighting,FLAME,10,0.0014655555555555557,0.0020577777777777777,-0.0005922222222222222,5.0,0.0390625,-0.29,-0.42735057319278913,ok,1.0,False
NBaIoT_MixedDevice_9Sources_Balanced,Cumulative_Extreme,IID,ASR_Mean_Over_Rounds,Adaptive_NoAdaptiveWeighting,FLTrust,10,0.0014655555555555557,0.0015699999999999998,-0.00010444444444444441,3.0,0.15625,-0.1,-0.6517031078831912,ok,1.0,False
NBaIoT_MixedDevice_9Sources_Balanced,Cumulative_Extreme,IID,ASR_Mean_Over_Rounds,Adaptive_NoAdaptiveWeighting,FedAvg,10,0.0014655555555555557,0.003914444444444444,-0.002448888888888889,0.0,0.001953125,-0.82,-1.1305349282940658,ok,0.0703125,False
NBaIoT_MixedDevice_9Sources_Balanced,Cumulative_Extreme,IID,ASR_Mean_Over_Rounds,Adaptive_NoAdaptiveWeighting,Krum,10,0.0014655555555555557,0.0020688888888888888,-0.0006033333333333333,18.0,0.375,-0.31,-0.43058473698070454,ok,1.0,False
NBaIoT_MixedDevice_9Sources_Balanced,Cumulative_Extreme,IID,ASR_Mean_Over_Rounds,Adaptive_NoCircuitBreaker,Adaptive_NoTemporalMemory,10,0.0015788888888888888,0.0016233333333333332,-4.4444444444444447e-05,2.0,0.5,-0.06,-0.3249182166443293,ok,1.0,False
NBaIoT_MixedDevice_9Sources_Balanced,Cumulative_Extreme,IID,ASR_Mean_Over_Rounds,Adaptive_NoCircuitBreaker,Adaptive_Ultimate,10,0.0015788888888888888,0.0016111111111111111,-3.222222222222221e-05,0.0,1.0,-0.03,-0.31622776601683794,ok,1.0,False
NBaIoT_MixedDevice_9Sources_Balanced,Cumulative_Extreme,IID,ASR_Mean_Over_Rounds,Adaptive_NoCircuitBreaker,FLAME,10,0.0015788888888888888,0.0020577777777777777,-0.00047888888888888894,12.0,0.25,-0.19,-0.3651538684433585,ok,1.0,False
NBaIoT_MixedDevice_9Sources_Balanced,Cumulative_Extreme,IID,ASR_Mean_Over_Rounds,Adaptive_NoCircuitBreaker,FLTrust,10,0.0015788888888888888,0.0015699999999999998,8.8888888888889e-06,4.0,0.5,0.01,0.34077710054823956,ok,1.0,False
NBaIoT_MixedDevice_9Sources_Balanced,Cumulative_Extreme,IID,ASR_Mean_Over_Rounds,Adaptive_NoCircuitBreaker,FedAvg,10,0.0015788888888888888,0.003914444444444444,-0.0023355555555555556,0.0,0.001953125,-0.82,-1.1054763680445012,ok,0.0703125,False
NBaIoT_MixedDevice_9Sources_Balanced,Cumulative_Extreme,IID,ASR_Mean_Over_Rounds,Adaptive_NoCircuitBreaker,Krum,10,0.0015788888888888888,0.0020688888888888888,-0.0004900000000000001,21.0,0.556640625,-0.23,-0.35879240914493576,ok,1.0,False
NBaIoT_MixedDevice_9Sources_Balanced,Cumulative_Extreme,IID,ASR_Mean_Over_Rounds,Adaptive_NoTemporalMemory,Adaptive_Ultimate,10,0.0016233333333333332,0.0016111111111111111,1.2222222222222234e-05,2.0,0.5,0.04,0.34612422654015373,ok,1.0,False
NBaIoT_MixedDevice_9Sources_Balanced,Cumulative_Extreme,IID,ASR_Mean_Over_Rounds,Adaptive_NoTemporalMemory,FLAME,10,0.0016233333333333332,0.0020577777777777777,-0.0004344444444444445,14.0,0.359375,-0.15,-0.33001441028836065,ok,1.0,False
NBaIoT_MixedDevice_9Sources_Balanced,Cumulative_Extreme,IID,ASR_Mean_Over_Rounds,Adaptive_NoTemporalMemory,FLTrust,10,0.0016233333333333332,0.0015699999999999998,5.333333333333335e-05,0.0,0.5,0.06,0.3312665249980002,ok,1.0,False
NBaIoT_MixedDevice_9Sources_Balanced,Cumulative_Extreme,IID,ASR_Mean_Over_Rounds,Adaptive_NoTemporalMemory,FedAvg,10,0.0016233333333333332,0.003914444444444444,-0.002291111111111111,0.0,0.001953125,-0.82,-1.0733218583286839,ok,0.0703125,False
NBaIoT_MixedDevice_9Sources_Balanced,Cumulative_Extreme,IID,ASR_Mean_Over_Rounds,Adaptive_NoTemporalMemory,Krum,10,0.0016233333333333332,0.0020688888888888888,-0.00044555555555555565,22.0,0.609375,-0.22,-0.31723551783194665,ok,1.0,False
NBaIoT_MixedDevice_9Sources_Balanced,Cumulative_Extreme,IID,ASR_Mean_Over_Rounds,Adaptive_Ultimate,FLAME,10,0.0016111111111111111,0.0020577777777777777,-0.0004466666666666667,13.0,0.30078125,-0.17,-0.34017939299756955,ok,1.0,False
NBaIoT_MixedDevice_9Sources_Balanced,Cumulative_Extreme,IID,ASR_Mean_Over_Rounds,Adaptive_Ultimate,FLTrust,10,0.0016111111111111111,0.0015699999999999998,4.111111111111111e-05,4.0,0.5,0.03,0.3250536754868609,ok,1.0,False
NBaIoT_MixedDevice_9Sources_Balanced,Cumulative_Extreme,IID,ASR_Mean_Over_Rounds,Adaptive_Ultimate,FedAvg,10,0.0016111111111111111,0.003914444444444444,-0.0023033333333333334,0.0,0.001953125,-0.82,-1.0825100532425056,ok,0.0703125,False
NBaIoT_MixedDevice_9Sources_Balanced,Cumulative_Extreme,IID,ASR_Mean_Over_Rounds,Adaptive_Ultimate,Krum,10,0.0016111111111111111,0.0020688888888888888,-0.00045777777777777787,22.0,0.625,-0.23,-0.3286634312546314,ok,1.0,False
NBaIoT_MixedDevice_9Sources_Balanced,Cumulative_Extreme,IID,ASR_Mean_Over_Rounds,FLAME,FLTrust,10,0.0020577777777777777,0.0015699999999999998,0.0004877777777777778,12.0,0.25,0.19,0.3694530909219036,ok,1.0,False
NBaIoT_MixedDevice_9Sources_Balanced,Cumulative_Extreme,IID,ASR_Mean_Over_Rounds,FLAME,FedAvg,10,0.0020577777777777777,0.003914444444444444,-0.0018566666666666668,0.0,0.001953125,-0.66,-1.2215175547634511,ok,0.0703125,False
NBaIoT_MixedDevice_9Sources_Balanced,Cumulative_Extreme,IID,ASR_Mean_Over_Rounds,FLAME,Krum,10,0.0020577777777777777,0.0020688888888888888,-1.1111111111111088e-05,22.0,1.0,-0.05,-0.019149109544556158,ok,1.0,False
NBaIoT_MixedDevice_9Sources_Balanced,Cumulative_Extreme,IID,ASR_Mean_Over_Rounds,FLTrust,FedAvg,10,0.0015699999999999998,0.003914444444444444,-0.0023444444444444446,0.0,0.001953125,-0.82,-1.1082704551842582,ok,0.0703125,False
NBaIoT_MixedDevice_9Sources_Balanced,Cumulative_Extreme,IID,ASR_Mean_Over_Rounds,FLTrust,Krum,10,0.0015699999999999998,0.0020688888888888888,-0.000498888888888889,20.0,0.474609375,-0.26,-0.36482917342259097,ok,1.0,False
NBaIoT_MixedDevice_9Sources_Balanced,Cumulative_Extreme,IID,ASR_Mean_Over_Rounds,FedAvg,Krum,10,0.003914444444444444,0.0020688888888888888,0.0018455555555555551,0.0,0.001953125,0.62,1.2864639931273507,ok,0.0703125,False
NBaIoT_MixedDevice_9Sources_Balanced,Cumulative_Extreme,IID,F1_Final_Round,Adaptive_FixedCircuitBreaker,Adaptive_NoAdaptiveWeighting,10,0.9978333307784588,0.9979444405521136,-0.0001111097736547606,5.0,1.0,0.06,-0.12909749686592237,ok,1.0,False
NBaIoT_MixedDevice_9Sources_Balanced,Cumulative_Extreme,IID,F1_Final_Round,Adaptive_FixedCircuitBreaker,Adaptive_NoCircuitBreaker,10,0.9978333307784588,0.9978888865226292,-5.55557441704102e-05,1.0,1.0,-0.02,-0.3162268984542379,ok,1.0,False
NBaIoT_MixedDevice_9Sources_Balanced,Cumulative_Extreme,IID,F1_Final_Round,Adaptive_FixedCircuitBreaker,Adaptive_NoTemporalMemory,10,0.9978333307784588,0.9978888866598036,-5.5555881344793166e-05,0.0,1.0,-0.03,-0.3162277660168379,ok,1.0,False
NBaIoT_MixedDevice_9Sources_Balanced,Cumulative_Extreme,IID,F1_Final_Round,Adaptive_FixedCircuitBreaker,Adaptive_Ultimate,10,0.9978333307784588,0.9978888866598036,-5.5555881344793166e-05,0.0,1.0,-0.03,-0.3162277660168379,ok,1.0,False
NBaIoT_MixedDevice_9Sources_Balanced,Cumulative_Extreme,IID,F1_Final_Round,Adaptive_FixedCircuitBreaker,FLAME,10,0.9978333307784588,0.997666661008202,0.0001666697702566333,6.0,0.40625,0.22,0.17616855739995627,ok,1.0,False
NBaIoT_MixedDevice_9Sources_Balanced,Cumulative_Extreme,IID,F1_Final_Round,Adaptive_FixedCircuitBreaker,FLTrust,10,0.9978333307784588,0.9978888865226292,-5.55557441704102e-05,1.0,1.0,-0.02,-0.3162268984542379,ok,1.0,False
NBaIoT_MixedDevice_9Sources_Balanced,Cumulative_Extreme,IID,F1_Final_Round,Adaptive_FixedCircuitBreaker,FedAvg,10,0.9978333307784588,0.9955555070626307,0.002277823715827909,0.0,0.00390625,0.72,1.1575604099272332,ok,0.125,False
NBaIoT_MixedDevice_9Sources_Balanced,Cumulative_Extreme,IID,F1_Final_Round,Adaptive_FixedCircuitBreaker,Krum,10,0.9978333307784588,0.9971110981137628,0.000722232664695932,12.0,0.126953125,0.47,0.5872867897148836,ok,1.0,False
NBaIoT_MixedDevice_9Sources_Balanced,Cumulative_Extreme,IID,F1_Final_Round,Adaptive_NoAdaptiveWeighting,Adaptive_NoCircuitBreaker,10,0.9979444405521136,0.9978888865226292,5.5554029484350397e-05,6.0,0.8125,-0.1,0.06268883723422285,ok,1.0,False
NBaIoT_MixedDevice_9Sources_Balanced,Cumulative_Extreme,IID,F1_Final_Round,Adaptive_NoAdaptiveWeighting,Adaptive_NoTemporalMemory,10,0.9979444405521136,0.9978888866598036,5.555389230996743e-05,6.0,0.8125,-0.1,0.06268868852584722,ok,1.0,False
NBaIoT_MixedDevice_9Sources_Balanced,Cumulative_Extreme,IID,F1_Final_Round,Adaptive_NoAdaptiveWeighting,Adaptive_Ultimate,10,0.9979444405521136,0.9978888866598036,5.555389230996743e-05,6.0,0.8125,-0.1,0.06268868852584722,ok,1.0,False
NBaIoT_MixedDevice_9Sources_Balanced,Cumulative_Extreme,IID,F1_Final_Round,Adaptive_NoAdaptiveWeighting,FLAME,10,0.9979444405521136,0.997666661008202,0.0002777795439113939,4.0,0.1875,0.15,0.5883479137228328,ok,1.0,False
NBaIoT_MixedDevice_9Sources_Balanced,Cumulative_Extreme,IID,F1_Final_Round,Adaptive_NoAdaptiveWeighting,FLTrust,10,0.9979444405521136,0.9978888865226292,5.5554029484350397e-05,6.0,0.8125,-0.1,0.06268883723422285,ok,1.0,False
NBaIoT_MixedDevice_9Sources_Balanced,Cumulative_Extreme,IID,F1_Final_Round,Adaptive_NoAdaptiveWeighting,FedAvg,10,0.9979444405521136,0.9955555070626307,0.00238893348948267,0.0,0.00390625,0.63,1.1971750974682265,ok,0.125,False
NBaIoT_MixedDevice_9Sources_Balanced,Cumulative_Extreme,IID,F1_Final_Round,Adaptive_NoAdaptiveWeighting,Krum,10,0.9979444405521136,0.9971110981137628,0.0008333424383506927,4.0,0.02734375,0.46,0.8741607743452762,ok,0.765625,False
NBaIoT_MixedDevice_9Sources_Balanced,Cumulative_Extreme,IID,F1_Final_Round,Adaptive_NoCircuitBreaker,Adaptive_NoTemporalMemory,10,0.9978888865226292,0.9978888866598036,-1.3717438296367845e-10,0.0,1.0,-0.01,-0.31622776601683794,identical_values,1.0,False
NBaIoT_MixedDevice_9Sources_Balanced,Cumulative_Extreme,IID,F1_Final_Round,Adaptive_NoCircuitBreaker,Adaptive_Ultimate,10,0.9978888865226292,0.9978888866598036,-1.3717438296367845e-10,0.0,1.0,-0.01,-0.31622776601683794,identical_values,1.0,False
NBaIoT_MixedDevice_9Sources_Balanced,Cumulative_Extreme,IID,F1_Final_Round,Adaptive_NoCircuitBreaker,FLAME,10,0.9978888865226292,0.997666661008202,0.00022222551442704352,9.0,0.234375,0.24,0.2335521187916197,ok,1.0,False
NBaIoT_MixedDevice_9Sources_Balanced,Cumulative_Extreme,IID,F1_Final_Round,Adaptive_NoCircuitBreaker,FLTrust,10,0.9978888865226292,0.9978888865226292,0.0,0.0,1.0,0.0,0.0,identical_values,1.0,False
NBaIoT_MixedDevice_9Sources_Balanced,Cumulative_Extreme,IID,F1_Final_Round,Adaptive_NoCircuitBreaker,FedAvg,10,0.9978888865226292,0.9955555070626307,0.0023333794599983194,0.0,0.001953125,0.82,1.2260910887511736,ok,0.0703125,False
NBaIoT_MixedDevice_9Sources_Balanced,Cumulative_Extreme,IID,F1_Final_Round,Adaptive_NoCircuitBreaker,Krum,10,0.9978888865226292,0.9971110981137628,0.0007777884088663422,7.0,0.07421875,0.52,0.6607898288426362,ok,1.0,False
NBaIoT_MixedDevice_9Sources_Balanced,Cumulative_Extreme,IID,F1_Final_Round,Adaptive_NoTemporalMemory,Adaptive_Ultimate,10,0.9978888866598036,0.9978888866598036,0.0,0.0,1.0,0.0,0.0,identical_values,1.0,False
NBaIoT_MixedDevice_9Sources_Balanced,Cumulative_Extreme,IID,F1_Final_Round,Adaptive_NoTemporalMemory,FLAME,10,0.9978888866598036,0.997666661008202,0.00022222565160142648,7.0,0.265625,0.26,0.23355227169519122,ok,1.0,False
NBaIoT_MixedDevice_9Sources_Balanced,Cumulative_Extreme,IID,F1_Final_Round,Adaptive_NoTemporalMemory,FLTrust,10,0.9978888866598036,0.9978888865226292,1.3717438296367845e-10,0.0,1.0,0.01,0.31622776601683794,identical_values,1.0,False
NBaIoT_MixedDevice_9Sources_Balanced,Cumulative_Extreme,IID,F1_Final_Round,Adaptive_NoTemporalMemory,FedAvg,10,0.9978888866598036,0.9955555070626307,0.0023333795971727024,0.0,0.001953125,0.82,1.2260911952307472,ok,0.0703125,False
NBaIoT_MixedDevice_9Sources_Balanced,Cumulative_Extreme,IID,F1_Final_Round,Adaptive_NoTemporalMemory,Krum,10,0.9978888866598036,0.9971110981137628,0.0007777885460407252,7.0,0.07421875,0.52,0.6607900423085811,ok,1.0,False
NBaIoT_MixedDevice_9Sources_Balanced,Cumulative_Extreme,IID,F1_Final_Round,Adaptive_Ultimate,FLAME,10,0.9978888866598036,0.997666661008202,0.00022222565160142648,7.0,0.265625,0.26,0.23355227169519122,ok,1.0,False
NBaIoT_MixedDevice_9Sources_Balanced,Cumulative_Extreme,IID,F1_Final_Round,Adaptive_Ultimate,FLTrust,10,0.9978888866598036,0.9978888865226292,1.3717438296367845e-10,0.0,1.0,0.01,0.31622776601683794,identical_values,1.0,False
NBaIoT_MixedDevice_9Sources_Balanced,Cumulative_Extreme,IID,F1_Final_Round,Adaptive_Ultimate,FedAvg,10,0.9978888866598036,0.9955555070626307,0.0023333795971727024,0.0,0.001953125,0.82,1.2260911952307472,ok,0.0703125,False
NBaIoT_MixedDevice_9Sources_Balanced,Cumulative_Extreme,IID,F1_Final_Round,Adaptive_Ultimate,Krum,10,0.9978888866598036,0.9971110981137628,0.0007777885460407252,7.0,0.07421875,0.52,0.6607900423085811,ok,1.0,False
NBaIoT_MixedDevice_9Sources_Balanced,Cumulative_Extreme,IID,F1_Final_Round,FLAME,FLTrust,10,0.997666661008202,0.9978888865226292,-0.00022222551442704352,9.0,0.234375,-0.24,-0.2335521187916197,ok,1.0,False
NBaIoT_MixedDevice_9Sources_Balanced,Cumulative_Extreme,IID,F1_Final_Round,FLAME,FedAvg,10,0.997666661008202,0.9955555070626307,0.002111153945571276,1.0,0.0078125,0.61,1.1093193250967235,ok,0.234375,False
NBaIoT_MixedDevice_9Sources_Balanced,Cumulative_Extreme,IID,F1_Final_Round,FLAME,Krum,10,0.997666661008202,0.9971110981137628,0.0005555628944392988,13.0,0.154296875,0.34,0.5303327948113011,ok,1.0,False
NBaIoT_MixedDevice_9Sources_Balanced,Cumulative_Extreme,IID,F1_Final_Round,FLTrust,FedAvg,10,0.9978888865226292,0.9955555070626307,0.0023333794599983194,0.0,0.001953125,0.82,1.2260910887511736,ok,0.0703125,False
NBaIoT_MixedDevice_9Sources_Balanced,Cumulative_Extreme,IID,F1_Final_Round,FLTrust,Krum,10,0.9978888865226292,0.9971110981137628,0.0007777884088663422,7.0,0.07421875,0.52,0.6607898288426362,ok,1.0,False
NBaIoT_MixedDevice_9Sources_Balanced,Cumulative_Extreme,IID,F1_Final_Round,FedAvg,Krum,10,0.9955555070626307,0.9971110981137628,-0.001555591051131977,5.0,0.017578125,-0.37,-0.9298644757536197,ok,0.509765625,False
NBaIoT_MixedDevice_9Sources_Balanced,Cumulative_Extreme,IID,ASR_Final_Round,Adaptive_FixedCircuitBreaker,Adaptive_NoAdaptiveWeighting,10,0.0014444444444444444,0.0012222222222222222,0.00022222222222222223,1.5,0.75,0.02,0.253546276418555,ok,1.0,False
NBaIoT_MixedDevice_9Sources_Balanced,Cumulative_Extreme,IID,ASR_Final_Round,Adaptive_FixedCircuitBreaker,Adaptive_NoCircuitBreaker,10,0.0014444444444444444,0.0013333333333333333,0.00011111111111111112,0.0,1.0,0.08,0.31622776601683794,ok,1.0,False
NBaIoT_MixedDevice_9Sources_Balanced,Cumulative_Extreme,IID,ASR_Final_Round,Adaptive_FixedCircuitBreaker,Adaptive_NoTemporalMemory,10,0.0014444444444444444,0.0013333333333333333,0.00011111111111111112,0.0,1.0,0.08,0.31622776601683794,ok,1.0,False
NBaIoT_MixedDevice_9Sources_Balanced,Cumulative_Extreme,IID,ASR_Final_Round,Adaptive_FixedCircuitBreaker,Adaptive_Ultimate,10,0.0014444444444444444,0.0013333333333333333,0.00011111111111111112,0.0,1.0,0.08,0.31622776601683794,ok,1.0,False
NBaIoT_MixedDevice_9Sources_Balanced,Cumulative_Extreme,IID,ASR_Final_Round,Adaptive_FixedCircuitBreaker,FLAME,10,0.0014444444444444444,0.0012222222222222222,0.00022222222222222223,0.0,1.0,0.02,0.31622776601683794,ok,1.0,False
NBaIoT_MixedDevice_9Sources_Balanced,Cumulative_Extreme,IID,ASR_Final_Round,Adaptive_FixedCircuitBreaker,FLTrust,10,0.0014444444444444444,0.0013333333333333333,0.00011111111111111112,0.0,1.0,0.08,0.31622776601683794,ok,1.0,False
NBaIoT_MixedDevice_9Sources_Balanced,Cumulative_Extreme,IID,ASR_Final_Round,Adaptive_FixedCircuitBreaker,FedAvg,10,0.0014444444444444444,0.007666666666666666,-0.006222222222222223,0.0,0.001953125,-0.94,-1.2049281521534188,ok,0.0703125,False
NBaIoT_MixedDevice_9Sources_Balanced,Cumulative_Extreme,IID,ASR_Final_Round,Adaptive_FixedCircuitBreaker,Krum,10,0.0014444444444444444,0.0011111111111111111,0.0003333333333333333,12.0,0.5625,0.1,0.28319254898739865,ok,1.0,False
NBaIoT_MixedDevice_9Sources_Balanced,Cumulative_Extreme,IID,ASR_Final_Round,Adaptive_NoAdaptiveWeighting,Adaptive_NoCircuitBreaker,10,0.0012222222222222222,0.0013333333333333333,-0.00011111111111111112,1.0,1.0,0.05,-0.1355261854357877,ok,1.0,False
NBaIoT_MixedDevice_9Sources_Balanced,Cumulative_Extreme,IID,ASR_Final_Round,Adaptive_NoAdaptiveWeighting,Adaptive_NoTemporalMemory,10,0.0012222222222222222,0.0013333333333333333,-0.00011111111111111112,1.0,1.0,0.05,-0.1355261854357877,ok,1.0,False
NBaIoT_MixedDevice_9Sources_Balanced,Cumulative_Extreme,IID,ASR_Final_Round,Adaptive_NoAdaptiveWeighting,Adaptive_Ultimate,10,0.0012222222222222222,0.0013333333333333333,-0.00011111111111111112,1.0,1.0,0.05,-0.1355261854357877,ok,1.0,False
NBaIoT_MixedDevice_9Sources_Balanced,Cumulative_Extreme,IID,ASR_Final_Round,Adaptive_NoAdaptiveWeighting,FLAME,10,0.0012222222222222222,0.0012222222222222222,0.0,1.5,1.0,0.01,0.0,ok,1.0,False
NBaIoT_MixedDevice_9Sources_Balanced,Cumulative_Extreme,IID,ASR_Final_Round,Adaptive_NoAdaptiveWeighting,FLTrust,10,0.0012222222222222222,0.0013333333333333333,-0.00011111111111111112,1.0,1.0,0.05,-0.1355261854357877,ok,1.0,False
NBaIoT_MixedDevice_9Sources_Balanced,Cumulative_Extreme,IID,ASR_Final_Round,Adaptive_NoAdaptiveWeighting,FedAvg,10,0.0012222222222222222,0.007666666666666666,-0.0064444444444444445,0.0,0.001953125,-1.0,-1.2134941670173836,ok,0.0703125,False
NBaIoT_MixedDevice_9Sources_Balanced,Cumulative_Extreme,IID,ASR_Final_Round,Adaptive_NoAdaptiveWeighting,Krum,10,0.0012222222222222222,0.0011111111111111111,0.00011111111111111112,6.0,1.0,0.06,0.1355261854357877,ok,1.0,False
NBaIoT_MixedDevice_9Sources_Balanced,Cumulative_Extreme,IID,ASR_Final_Round,Adaptive_NoCircuitBreaker,Adaptive_NoTemporalMemory,10,0.0013333333333333333,0.0013333333333333333,0.0,0.0,1.0,0.0,0.0,identical_values,1.0,False
NBaIoT_MixedDevice_9Sources_Balanced,Cumulative_Extreme,IID,ASR_Final_Round,Adaptive_NoCircuitBreaker,Adaptive_Ultimate,10,0.0013333333333333333,0.0013333333333333333,0.0,0.0,1.0,0.0,0.0,identical_values,1.0,False
NBaIoT_MixedDevice_9Sources_Balanced,Cumulative_Extreme,IID,ASR_Final_Round,Adaptive_NoCircuitBreaker,FLAME,10,0.0013333333333333333,0.0012222222222222222,0.00011111111111111112,1.0,1.0,-0.06,0.1355261854357877,ok,1.0,False
NBaIoT_MixedDevice_9Sources_Balanced,Cumulative_Extreme,IID,ASR_Final_Round,Adaptive_NoCircuitBreaker,FLTrust,10,0.0013333333333333333,0.0013333333333333333,0.0,0.0,1.0,0.0,0.0,identical_values,1.0,False
NBaIoT_MixedDevice_9Sources_Balanced,Cumulative_Extreme,IID,ASR_Final_Round,Adaptive_NoCircuitBreaker,FedAvg,10,0.0013333333333333333,0.007666666666666666,-0.006333333333333334,0.0,0.001953125,-0.94,-1.2211171016870725,ok,0.0703125,False
NBaIoT_MixedDevice_9Sources_Balanced,Cumulative_Extreme,IID,ASR_Final_Round,Adaptive_NoCircuitBreaker,Krum,10,0.0013333333333333333,0.0011111111111111111,0.00022222222222222223,10.5,0.765625,0.04,0.19364916731037088,ok,1.0,False
NBaIoT_MixedDevice_9Sources_Balanced,Cumulative_Extreme,IID,ASR_Final_Round,Adaptive_NoTemporalMemory,Adaptive_Ultimate,10,0.0013333333333333333,0.0013333333333333333,0.0,0.0,1.0,0.0,0.0,identical_values,1.0,False
NBaIoT_MixedDevice_9Sources_Balanced,Cumulative_Extreme,IID,ASR_Final_Round,Adaptive_NoTemporalMemory,FLAME,10,0.0013333333333333333,0.0012222222222222222,0.00011111111111111112,1.0,1.0,-0.06,0.1355261854357877,ok,1.0,False
NBaIoT_MixedDevice_9Sources_Balanced,Cumulative_Extreme,IID,ASR_Final_Round,Adaptive_NoTemporalMemory,FLTrust,10,0.0013333333333333333,0.0013333333333333333,0.0,0.0,1.0,0.0,0.0,identical_values,1.0,False
NBaIoT_MixedDevice_9Sources_Balanced,Cumulative_Extreme,IID,ASR_Final_Round,Adaptive_NoTemporalMemory,FedAvg,10,0.0013333333333333333,0.007666666666666666,-0.006333333333333334,0.0,0.001953125,-0.94,-1.2211171016870725,ok,0.0703125,False
NBaIoT_MixedDevice_9Sources_Balanced,Cumulative_Extreme,IID,ASR_Final_Round,Adaptive_NoTemporalMemory,Krum,10,0.0013333333333333333,0.0011111111111111111,0.00022222222222222223,10.5,0.765625,0.04,0.19364916731037088,ok,1.0,False
NBaIoT_MixedDevice_9Sources_Balanced,Cumulative_Extreme,IID,ASR_Final_Round,Adaptive_Ultimate,FLAME,10,0.0013333333333333333,0.0012222222222222222,0.00011111111111111112,1.0,1.0,-0.06,0.1355261854357877,ok,1.0,False
NBaIoT_MixedDevice_9Sources_Balanced,Cumulative_Extreme,IID,ASR_Final_Round,Adaptive_Ultimate,FLTrust,10,0.0013333333333333333,0.0013333333333333333,0.0,0.0,1.0,0.0,0.0,identical_values,1.0,False
NBaIoT_MixedDevice_9Sources_Balanced,Cumulative_Extreme,IID,ASR_Final_Round,Adaptive_Ultimate,FedAvg,10,0.0013333333333333333,0.007666666666666666,-0.006333333333333334,0.0,0.001953125,-0.94,-1.2211171016870725,ok,0.0703125,False
NBaIoT_MixedDevice_9Sources_Balanced,Cumulative_Extreme,IID,ASR_Final_Round,Adaptive_Ultimate,Krum,10,0.0013333333333333333,0.0011111111111111111,0.00022222222222222223,10.5,0.765625,0.04,0.19364916731037088,ok,1.0,False
NBaIoT_MixedDevice_9Sources_Balanced,Cumulative_Extreme,IID,ASR_Final_Round,FLAME,FLTrust,10,0.0012222222222222222,0.0013333333333333333,-0.00011111111111111112,1.0,1.0,0.06,-0.1355261854357877,ok,1.0,False
NBaIoT_MixedDevice_9Sources_Balanced,Cumulative_Extreme,IID,ASR_Final_Round,FLAME,FedAvg,10,0.0012222222222222222,0.007666666666666666,-0.0064444444444444445,0.0,0.001953125,-1.0,-1.2441273088941485,ok,0.0703125,False
NBaIoT_MixedDevice_9Sources_Balanced,Cumulative_Extreme,IID,ASR_Final_Round,FLAME,Krum,10,0.0012222222222222222,0.0011111111111111111,0.00011111111111111112,12.0,1.0,0.06,0.11420804814403215,ok,1.0,False
NBaIoT_MixedDevice_9Sources_Balanced,Cumulative_Extreme,IID,ASR_Final_Round,FLTrust,FedAvg,10,0.0013333333333333333,0.007666666666666666,-0.006333333333333334,0.0,0.001953125,-0.94,-1.2211171016870725,ok,0.0703125,False
NBaIoT_MixedDevice_9Sources_Balanced,Cumulative_Extreme,IID,ASR_Final_Round,FLTrust,Krum,10,0.0013333333333333333,0.0011111111111111111,0.00022222222222222223,10.5,0.765625,0.04,0.19364916731037088,ok,1.0,False
NBaIoT_MixedDevice_9Sources_Balanced,Cumulative_Extreme,IID,ASR_Final_Round,FedAvg,Krum,10,0.007666666666666666,0.0011111111111111111,0.006555555555555555,0.0,0.001953125,1.0,1.3383766824337355,ok,0.0703125,False
NBaIoT_MixedDevice_9Sources_Balanced,Cumulative_Extreme,NonIID_Dirichlet,F1_Mean_Over_Rounds,Adaptive_FixedCircuitBreaker,Adaptive_NoAdaptiveWeighting,10,0.9959131754891516,0.9958033899426632,0.00010978554648833904,26.0,0.921875,0.02,0.1064531937353226,ok,1.0,False
NBaIoT_MixedDevice_9Sources_Balanced,Cumulative_Extreme,NonIID_Dirichlet,F1_Mean_Over_Rounds,Adaptive_FixedCircuitBreaker,Adaptive_NoCircuitBreaker,10,0.9959131754891516,0.9958398416427837,7.333384636782902e-05,1.0,0.5,0.03,0.4192501238924154,ok,1.0,False
NBaIoT_MixedDevice_9Sources_Balanced,Cumulative_Extreme,NonIID_Dirichlet,F1_Mean_Over_Rounds,Adaptive_FixedCircuitBreaker,Adaptive_NoTemporalMemory,10,0.9959131754891516,0.9959486482426316,-3.5472753479881544e-05,13.0,0.16015625,-0.02,-0.27389253506080274,ok,1.0,False
NBaIoT_MixedDevice_9Sources_Balanced,Cumulative_Extreme,NonIID_Dirichlet,F1_Mean_Over_Rounds,Adaptive_FixedCircuitBreaker,Adaptive_Ultimate,10,0.9959131754891516,0.9958503979310247,6.277755812701402e-05,1.0,0.5,0.03,0.4394037430640082,ok,1.0,False
NBaIoT_MixedDevice_9Sources_Balanced,Cumulative_Extreme,NonIID_Dirichlet,F1_Mean_Over_Rounds,Adaptive_FixedCircuitBreaker,FLAME,10,0.9959131754891516,0.9906240597141709,0.005289115774980646,20.0,0.4921875,0.04,0.36149809180077536,ok,1.0,False
NBaIoT_MixedDevice_9Sources_Balanced,Cumulative_Extreme,NonIID_Dirichlet,F1_Mean_Over_Rounds,Adaptive_FixedCircuitBreaker,FLTrust,10,0.9959131754891516,0.9959808701922279,-6.769470307622649e-05,9.0,0.064453125,-0.06,-0.4225590254582165,ok,1.0,False
NBaIoT_MixedDevice_9Sources_Balanced,Cumulative_Extreme,NonIID_Dirichlet,F1_Mean_Over_Rounds,Adaptive_FixedCircuitBreaker,FedAvg,10,0.9959131754891516,0.9945677111278364,0.0013454643613151408,27.0,1.0,-0.18,0.22916719076688166,ok,1.0,False
NBaIoT_MixedDevice_9Sources_Balanced,Cumulative_Extreme,NonIID_Dirichlet,F1_Mean_Over_Rounds,Adaptive_FixedCircuitBreaker,Krum,10,0.9959131754891516,0.9326264020477364,0.06328677344141538,0.0,0.001953125,0.9,0.45316416387047076,ok,0.0703125,False
NBaIoT_MixedDevice_9Sources_Balanced,Cumulative_Extreme,NonIID_Dirichlet,F1_Mean_Over_Rounds,Adaptive_NoAdaptiveWeighting,Adaptive_NoCircuitBreaker,10,0.9958033899426632,0.9958398416427837,-3.645170012051002e-05,26.0,0.921875,0.02,-0.03685789637960428,ok,1.0,False
NBaIoT_MixedDevice_9Sources_Balanced,Cumulative_Extreme,NonIID_Dirichlet,F1_Mean_Over_Rounds,Adaptive_NoAdaptiveWeighting,Adaptive_NoTemporalMemory,10,0.9958033899426632,0.9959486482426316,-0.0001452582999682206,27.0,1.0,-0.02,-0.1421064658106252,ok,1.0,False
NBaIoT_MixedDevice_9Sources_Balanced,Cumulative_Extreme,NonIID_Dirichlet,F1_Mean_Over_Rounds,Adaptive_NoAdaptiveWeighting,Adaptive_Ultimate,10,0.9958033899426632,0.9958503979310247,-4.7007988361325026e-05,26.0,0.921875,0.0,-0.050126741926895986,ok,1.0,False
NBaIoT_MixedDevice_9Sources_Balanced,Cumulative_Extreme,NonIID_Dirichlet,F1_Mean_Over_Rounds,Adaptive_NoAdaptiveWeighting,FLAME,10,0.9958033899426632,0.9906240597141709,0.005179330228492307,14.0,0.193359375,0.1,0.35224232260407634,ok,1.0,False
NBaIoT_MixedDevice_9Sources_Balanced,Cumulative_Extreme,NonIID_Dirichlet,F1_Mean_Over_Rounds,Adaptive_NoAdaptiveWeighting,FLTrust,10,0.9958033899426632,0.9959808701922279,-0.00017748024956456553,27.0,1.0,0.0,-0.16966988555759954,ok,1.0,False
NBaIoT_MixedDevice_9Sources_Balanced,Cumulative_Extreme,NonIID_Dirichlet,F1_Mean_Over_Rounds,Adaptive_NoAdaptiveWeighting,FedAvg,10,0.9958033899426632,0.9945677111278364,0.0012356788148268016,26.0,0.921875,-0.12,0.2029009869362091,ok,1.0,False
NBaIoT_MixedDevice_9Sources_Balanced,Cumulative_Extreme,NonIID_Dirichlet,F1_Mean_Over_Rounds,Adaptive_NoAdaptiveWeighting,Krum,10,0.9958033899426632,0.9326264020477364,0.06317698789492704,0.0,0.001953125,0.9,0.4554022794198047,ok,0.0703125,False
NBaIoT_MixedDevice_9Sources_Balanced,Cumulative_Extreme,NonIID_Dirichlet,F1_Mean_Over_Rounds,Adaptive_NoCircuitBreaker,Adaptive_NoTemporalMemory,10,0.9958398416427837,0.9959486482426316,-0.00010880659984771057,1.0,0.00390625,-0.08,-1.0092669923871977,ok,0.109375,False
NBaIoT_MixedDevice_9Sources_Balanced,Cumulative_Extreme,NonIID_Dirichlet,F1_Mean_Over_Rounds,Adaptive_NoCircuitBreaker,Adaptive_Ultimate,10,0.9958398416427837,0.9958503979310247,-1.0556288240815004e-05,3.0,1.0,0.01,-0.12331123236424699,ok,1.0,False
NBaIoT_MixedDevice_9Sources_Balanced,Cumulative_Extreme,NonIID_Dirichlet,F1_Mean_Over_Rounds,Adaptive_NoCircuitBreaker,FLAME,10,0.9958398416427837,0.9906240597141709,0.005215781928612817,20.0,0.4921875,0.02,0.3556481683228916,ok,1.0,False
NBaIoT_MixedDevice_9Sources_Balanced,Cumulative_Extreme,NonIID_Dirichlet,F1_Mean_Over_Rounds,Adaptive_NoCircuitBreaker,FLTrust,10,0.9958398416427837,0.9959808701922279,-0.0001410285494440555,0.0,0.001953125,-0.1,-0.9997766539970349,ok,0.0703125,False
NBaIoT_MixedDevice_9Sources_Balanced,Cumulative_Extreme,NonIID_Dirichlet,F1_Mean_Over_Rounds,Adaptive_NoCircuitBreaker,FedAvg,10,0.9958398416427837,0.9945677111278364,0.0012721305149473116,27.0,1.0,-0.18,0.21519924025750498,ok,1.0,False
NBaIoT_MixedDevice_9Sources_Balanced,Cumulative_Extreme,NonIID_Dirichlet,F1_Mean_Over_Rounds,Adaptive_NoCircuitBreaker,Krum,10,0.9958398416427837,0.9326264020477364,0.06321343959504755,0.0,0.001953125,0.9,0.4528467958253348,ok,0.0703125,False
NBaIoT_MixedDevice_9Sources_Balanced,Cumulative_Extreme,NonIID_Dirichlet,F1_Mean_Over_Rounds,Adaptive_NoTemporalMemory,Adaptive_Ultimate,10,0.9959486482426316,0.9958503979310247,9.825031160689556e-05,1.0,0.00390625,0.08,0.7741079110880658,ok,0.109375,False
NBaIoT_MixedDevice_9Sources_Balanced,Cumulative_Extreme,NonIID_Dirichlet,F1_Mean_Over_Rounds,Adaptive_NoTemporalMemory,FLAME,10,0.9959486482426316,0.9906240597141709,0.005324588528460528,20.0,0.4921875,0.06,0.36375926109135853,ok,1.0,False
NBaIoT_MixedDevice_9Sources_Balanced,Cumulative_Extreme,NonIID_Dirichlet,F1_Mean_Over_Rounds,Adaptive_NoTemporalMemory,FLTrust,10,0.9959486482426316,0.9959808701922279,-3.2221949596344945e-05,7.0,0.1484375,-0.04,-0.5934507035726544,ok,1.0,False
NBaIoT_MixedDevice_9Sources_Balanced,Cumulative_Extreme,NonIID_Dirichlet,F1_Mean_Over_Rounds,Adaptive_NoTemporalMemory,FedAvg,10,0.9959486482426316,0.9945677111278364,0.0013809371147950223,27.0,1.0,-0.18,0.2350022516790391,ok,1.0,False
NBaIoT_MixedDevice_9Sources_Balanced,Cumulative_Extreme,NonIID_Dirichlet,F1_Mean_Over_Rounds,Adaptive_NoTemporalMemory,Krum,10,0.9959486482426316,0.9326264020477364,0.06332224619489527,0.0,0.001953125,0.92,0.45344544897335304,ok,0.0703125,False
NBaIoT_MixedDevice_9Sources_Balanced,Cumulative_Extreme,NonIID_Dirichlet,F1_Mean_Over_Rounds,Adaptive_Ultimate,FLAME,10,0.9958503979310247,0.9906240597141709,0.005226338216853632,20.0,0.4921875,0.02,0.3564638523097301,ok,1.0,False
NBaIoT_MixedDevice_9Sources_Balanced,Cumulative_Extreme,NonIID_Dirichlet,F1_Mean_Over_Rounds,Adaptive_Ultimate,FLTrust,10,0.9958503979310247,0.9959808701922279,-0.0001304722612032405,3.0,0.009765625,-0.08,-0.7517795718806564,ok,0.244140625,False
NBaIoT_MixedDevice_9Sources_Balanced,Cumulative_Extreme,NonIID_Dirichlet,F1_Mean_Over_Rounds,Adaptive_Ultimate,FedAvg,10,0.9958503979310247,0.9945677111278364,0.0012826868031881266,27.0,1.0,-0.18,0.21701342066806725,ok,1.0,False
NBaIoT_MixedDevice_9Sources_Balanced,Cumulative_Extreme,NonIID_Dirichlet,F1_Mean_Over_Rounds,Adaptive_Ultimate,Krum,10,0.9958503979310247,0.9326264020477364,0.06322399588328836,0.0,0.001953125,0.9,0.45306742696310953,ok,0.0703125,False
NBaIoT_MixedDevice_9Sources_Balanced,Cumulative_Extreme,NonIID_Dirichlet,F1_Mean_Over_Rounds,FLAME,FLTrust,10,0.9906240597141709,0.9959808701922279,-0.005356810478056873,20.0,0.4921875,-0.06,-0.3660513999684857,ok,1.0,False
NBaIoT_MixedDevice_9Sources_Balanced,Cumulative_Extreme,NonIID_Dirichlet,F1_Mean_Over_Rounds,FLAME,FedAvg,10,0.9906240597141709,0.9945677111278364,-0.003943651413665506,20.0,0.4921875,-0.2,-0.24756527546923418,ok,1.0,False
NBaIoT_MixedDevice_9Sources_Balanced,Cumulative_Extreme,NonIID_Dirichlet,F1_Mean_Over_Rounds,FLAME,Krum,10,0.9906240597141709,0.9326264020477364,0.057997657666434735,0.0,0.001953125,0.66,0.41517167327877286,ok,0.0703125,False
NBaIoT_MixedDevice_9Sources_Balanced,Cumulative_Extreme,NonIID_Dirichlet,F1_Mean_Over_Rounds,FLTrust,FedAvg,10,0.9959808701922279,0.9945677111278364,0.0014131590643913672,27.0,1.0,-0.18,0.240732529094319,ok,1.0,False
NBaIoT_MixedDevice_9Sources_Balanced,Cumulative_Extreme,NonIID_Dirichlet,F1_Mean_Over_Rounds,FLTrust,Krum,10,0.9959808701922279,0.9326264020477364,0.06335446814449161,0.0,0.001953125,0.94,0.4535582103438627,ok,0.0703125,False
NBaIoT_MixedDevice_9Sources_Balanced,Cumulative_Extreme,NonIID_Dirichlet,F1_Mean_Over_Rounds,FedAvg,Krum,10,0.9945677111278364,0.9326264020477364,0.06194130908010024,2.0,0.005859375,0.72,0.4384908289437771,ok,0.15234375,False
NBaIoT_MixedDevice_9Sources_Balanced,Cumulative_Extreme,NonIID_Dirichlet,ASR_Mean_Over_Rounds,Adaptive_FixedCircuitBreaker,Adaptive_NoAdaptiveWeighting,10,0.0031788888888888886,0.003211111111111111,-3.2222222222222134e-05,13.0,0.9375,0.03,-0.11371917506844045,ok,1.0,False
NBaIoT_MixedDevice_9Sources_Balanced,Cumulative_Extreme,NonIID_Dirichlet,ASR_Mean_Over_Rounds,Adaptive_FixedCircuitBreaker,Adaptive_NoCircuitBreaker,10,0.0031788888888888886,0.0032033333333333336,-2.444444444444447e-05,1.0,1.0,-0.02,-0.18655683204314735,ok,1.0,False
NBaIoT_MixedDevice_9Sources_Balanced,Cumulative_Extreme,NonIID_Dirichlet,ASR_Mean_Over_Rounds,Adaptive_FixedCircuitBreaker,Adaptive_NoTemporalMemory,10,0.0031788888888888886,0.0032144444444444447,-3.555555555555556e-05,17.0,0.5703125,0.01,-0.09815560967138198,ok,1.0,False
NBaIoT_MixedDevice_9Sources_Balanced,Cumulative_Extreme,NonIID_Dirichlet,ASR_Mean_Over_Rounds,Adaptive_FixedCircuitBreaker,Adaptive_Ultimate,10,0.0031788888888888886,0.003267777777777778,-8.888888888888896e-05,0.0,0.5,-0.04,-0.3735436838188142,ok,1.0,False
NBaIoT_MixedDevice_9Sources_Balanced,Cumulative_Extreme,NonIID_Dirichlet,ASR_Mean_Over_Rounds,Adaptive_FixedCircuitBreaker,FLAME,10,0.0031788888888888886,0.004738888888888889,-0.0015600000000000002,14.0,0.193359375,-0.22,-0.46009343740746866,ok,1.0,False
NBaIoT_MixedDevice_9Sources_Balanced,Cumulative_Extreme,NonIID_Dirichlet,ASR_Mean_Over_Rounds,Adaptive_FixedCircuitBreaker,FLTrust,10,0.0031788888888888886,0.0031233333333333334,5.5555555555555565e-05,13.0,0.30078125,0.07,0.29440075199207233,ok,1.0,False
NBaIoT_MixedDevice_9Sources_Balanced,Cumulative_Extreme,NonIID_Dirichlet,ASR_Mean_Over_Rounds,Adaptive_FixedCircuitBreaker,FedAvg,10,0.0031788888888888886,0.06368555555555556,-0.06050666666666667,20.0,0.8203125,-0.03,-0.47834712682712044,ok,1.0,False
NBaIoT_MixedDevice_9Sources_Balanced,Cumulative_Extreme,NonIID_Dirichlet,ASR_Mean_Over_Rounds,Adaptive_FixedCircuitBreaker,Krum,10,0.0031788888888888886,0.014341111111111114,-0.011162222222222221,3.0,0.009765625,-0.54,-0.6668729285844249,ok,0.3515625,False
NBaIoT_MixedDevice_9Sources_Balanced,Cumulative_Extreme,NonIID_Dirichlet,ASR_Mean_Over_Rounds,Adaptive_NoAdaptiveWeighting,Adaptive_NoCircuitBreaker,10,0.003211111111111111,0.0032033333333333336,7.777777777777666e-06,13.0,0.9375,-0.05,0.02276150299796278,ok,1.0,False
NBaIoT_MixedDevice_9Sources_Balanced,Cumulative_Extreme,NonIID_Dirichlet,ASR_Mean_Over_Rounds,Adaptive_NoAdaptiveWeighting,Adaptive_NoTemporalMemory,10,0.003211111111111111,0.0032144444444444447,-3.3333333333334214e-06,16.0,0.84375,-0.04,-0.007461727258327345,ok,1.0,False
NBaIoT_MixedDevice_9Sources_Balanced,Cumulative_Extreme,NonIID_Dirichlet,ASR_Mean_Over_Rounds,Adaptive_NoAdaptiveWeighting,Adaptive_Ultimate,10,0.003211111111111111,0.003267777777777778,-5.666666666666682e-05,10.0,0.578125,-0.05,-0.1531463246434469,ok,1.0,False
NBaIoT_MixedDevice_9Sources_Balanced,Cumulative_Extreme,NonIID_Dirichlet,ASR_Mean_Over_Rounds,Adaptive_NoAdaptiveWeighting,FLAME,10,0.003211111111111111,0.004738888888888889,-0.0015277777777777779,16.0,0.275390625,-0.2,-0.43556384186877006,ok,1.0,False
NBaIoT_MixedDevice_9Sources_Balanced,Cumulative_Extreme,NonIID_Dirichlet,ASR_Mean_Over_Rounds,Adaptive_NoAdaptiveWeighting,FLTrust,10,0.003211111111111111,0.0031233333333333334,8.77777777777777e-05,14.0,0.640625,0.0,0.24027936541037578,ok,1.0,False
NBaIoT_MixedDevice_9Sources_Balanced,Cumulative_Extreme,NonIID_Dirichlet,ASR_Mean_Over_Rounds,Adaptive_NoAdaptiveWeighting,FedAvg,10,0.003211111111111111,0.06368555555555556,-0.06047444444444443,20.0,0.8203125,-0.01,-0.47798167488574295,ok,1.0,False
NBaIoT_MixedDevice_9Sources_Balanced,Cumulative_Extreme,NonIID_Dirichlet,ASR_Mean_Over_Rounds,Adaptive_NoAdaptiveWeighting,Krum,10,0.003211111111111111,0.014341111111111114,-0.01113,3.0,0.009765625,-0.52,-0.6630785952874875,ok,0.3515625,False
NBaIoT_MixedDevice_9Sources_Balanced,Cumulative_Extreme,NonIID_Dirichlet,ASR_Mean_Over_Rounds,Adaptive_NoCircuitBreaker,Adaptive_NoTemporalMemory,10,0.0032033333333333336,0.0032144444444444447,-1.1111111111111088e-05,15.0,0.42578125,0.04,-0.033646329245522584,ok,1.0,False
NBaIoT_MixedDevice_9Sources_Balanced,Cumulative_Extreme,NonIID_Dirichlet,ASR_Mean_Over_Rounds,Adaptive_NoCircuitBreaker,Adaptive_Ultimate,10,0.0032033333333333336,0.003267777777777778,-6.444444444444449e-05,0.0,0.5,-0.02,-0.4657670565731565,ok,1.0,False
NBaIoT_MixedDevice_9Sources_Balanced,Cumulative_Extreme,NonIID_Dirichlet,ASR_Mean_Over_Rounds,Adaptive_NoCircuitBreaker,FLAME,10,0.0032033333333333336,0.004738888888888889,-0.0015355555555555556,15.0,0.232421875,-0.22,-0.45073536313965107,ok,1.0,False
NBaIoT_MixedDevice_9Sources_Balanced,Cumulative_Extreme,NonIID_Dirichlet,ASR_Mean_Over_Rounds,Adaptive_NoCircuitBreaker,FLTrust,10,0.0032033333333333336,0.0031233333333333334,8.000000000000003e-05,7.0,0.07421875,0.11,0.40085320219417786,ok,1.0,False
NBaIoT_MixedDevice_9Sources_Balanced,Cumulative_Extreme,NonIID_Dirichlet,ASR_Mean_Over_Rounds,Adaptive_NoCircuitBreaker,FedAvg,10,0.0032033333333333336,0.06368555555555556,-0.060482222222222215,21.0,0.91015625,-0.01,-0.478104786861759,ok,1.0,False
NBaIoT_MixedDevice_9Sources_Balanced,Cumulative_Extreme,NonIID_Dirichlet,ASR_Mean_Over_Rounds,Adaptive_NoCircuitBreaker,Krum,10,0.0032033333333333336,0.014341111111111114,-0.011137777777777778,3.0,0.009765625,-0.54,-0.6646803326143131,ok,0.3515625,False
NBaIoT_MixedDevice_9Sources_Balanced,Cumulative_Extreme,NonIID_Dirichlet,ASR_Mean_Over_Rounds,Adaptive_NoTemporalMemory,Adaptive_Ultimate,10,0.0032144444444444447,0.003267777777777778,-5.33333333333334e-05,9.0,0.12890625,-0.07,-0.2233269527911633,ok,1.0,False
NBaIoT_MixedDevice_9Sources_Balanced,Cumulative_Extreme,NonIID_Dirichlet,ASR_Mean_Over_Rounds,Adaptive_NoTemporalMemory,FLAME,10,0.0032144444444444447,0.004738888888888889,-0.0015244444444444446,17.0,0.322265625,-0.14,-0.4418813613966292,ok,1.0,False
NBaIoT_MixedDevice_9Sources_Balanced,Cumulative_Extreme,NonIID_Dirichlet,ASR_Mean_Over_Rounds,Adaptive_NoTemporalMemory,FLTrust,10,0.0032144444444444447,0.0031233333333333334,9.111111111111112e-05,3.0,0.625,0.06,0.4502143112396763,ok,1.0,False
NBaIoT_MixedDevice_9Sources_Balanced,Cumulative_Extreme,NonIID_Dirichlet,ASR_Mean_Over_Rounds,Adaptive_NoTemporalMemory,FedAvg,10,0.0032144444444444447,0.06368555555555556,-0.06047111111111109,27.0,1.0,0.02,-0.47767975979122806,ok,1.0,False
NBaIoT_MixedDevice_9Sources_Balanced,Cumulative_Extreme,NonIID_Dirichlet,ASR_Mean_Over_Rounds,Adaptive_NoTemporalMemory,Krum,10,0.0032144444444444447,0.014341111111111114,-0.011126666666666667,3.0,0.009765625,-0.54,-0.6573369086612892,ok,0.3515625,False
NBaIoT_MixedDevice_9Sources_Balanced,Cumulative_Extreme,NonIID_Dirichlet,ASR_Mean_Over_Rounds,Adaptive_Ultimate,FLAME,10,0.003267777777777778,0.004738888888888889,-0.0014711111111111112,17.0,0.322265625,-0.16,-0.42674305315538597,ok,1.0,False
NBaIoT_MixedDevice_9Sources_Balanced,Cumulative_Extreme,NonIID_Dirichlet,ASR_Mean_Over_Rounds,Adaptive_Ultimate,FLTrust,10,0.003267777777777778,0.0031233333333333334,0.00014444444444444452,4.0,0.02734375,0.11,0.6915937295786111,ok,0.8203125,False
NBaIoT_MixedDevice_9Sources_Balanced,Cumulative_Extreme,NonIID_Dirichlet,ASR_Mean_Over_Rounds,Adaptive_Ultimate,FedAvg,10,0.003267777777777778,0.06368555555555556,-0.06041777777777777,21.0,0.91015625,0.01,-0.47746544320109685,ok,1.0,False
NBaIoT_MixedDevice_9Sources_Balanced,Cumulative_Extreme,NonIID_Dirichlet,ASR_Mean_Over_Rounds,Adaptive_Ultimate,Krum,10,0.003267777777777778,0.014341111111111114,-0.011073333333333333,3.0,0.009765625,-0.52,-0.6588426920875661,ok,0.3515625,False
NBaIoT_MixedDevice_9Sources_Balanced,Cumulative_Extreme,NonIID_Dirichlet,ASR_Mean_Over_Rounds,FLAME,FLTrust,10,0.004738888888888889,0.0031233333333333334,0.0016155555555555558,15.0,0.232421875,0.18,0.4768382536343945,ok,1.0,False
NBaIoT_MixedDevice_9Sources_Balanced,Cumulative_Extreme,NonIID_Dirichlet,ASR_Mean_Over_Rounds,FLAME,FedAvg,10,0.004738888888888889,0.06368555555555556,-0.05894666666666667,24.0,0.76953125,0.12,-0.4705011879324329,ok,1.0,False
NBaIoT_MixedDevice_9Sources_Balanced,Cumulative_Extreme,NonIID_Dirichlet,ASR_Mean_Over_Rounds,FLAME,Krum,10,0.004738888888888889,0.014341111111111114,-0.00960222222222222,8.0,0.048828125,-0.42,-0.6126102871284029,ok,1.0,False
NBaIoT_MixedDevice_9Sources_Balanced,Cumulative_Extreme,NonIID_Dirichlet,ASR_Mean_Over_Rounds,FLTrust,FedAvg,10,0.0031233333333333334,0.06368555555555556,-0.060562222222222205,26.0,0.921875,0.0,-0.47859360070669615,ok,1.0,False
NBaIoT_MixedDevice_9Sources_Balanced,Cumulative_Extreme,NonIID_Dirichlet,ASR_Mean_Over_Rounds,FLTrust,Krum,10,0.0031233333333333334,0.014341111111111114,-0.011217777777777776,3.0,0.009765625,-0.54,-0.6657603729961353,ok,0.3515625,False
NBaIoT_MixedDevice_9Sources_Balanced,Cumulative_Extreme,NonIID_Dirichlet,ASR_Mean_Over_Rounds,FedAvg,Krum,10,0.06368555555555556,0.014341111111111114,0.049344444444444434,22.0,0.625,-0.3,0.41393578578118884,ok,1.0,False
NBaIoT_MixedDevice_9Sources_Balanced,Cumulative_Extreme,NonIID_Dirichlet,F1_Final_Round,Adaptive_FixedCircuitBreaker,Adaptive_NoAdaptiveWeighting,10,0.9969999882371813,0.9973333242454631,-0.00033333600828183707,5.5,0.171875,-0.09,-0.5581448430008586,ok,1.0,False
NBaIoT_MixedDevice_9Sources_Balanced,Cumulative_Extreme,NonIID_Dirichlet,F1_Final_Round,Adaptive_FixedCircuitBreaker,Adaptive_NoCircuitBreaker,10,0.9969999882371813,0.9968888750684464,0.00011111316873493315,0.0,0.5,0.03,0.3162286335691386,ok,1.0,False
NBaIoT_MixedDevice_9Sources_Balanced,Cumulative_Extreme,NonIID_Dirichlet,F1_Final_Round,Adaptive_FixedCircuitBreaker,Adaptive_NoTemporalMemory,10,0.9969999882371813,0.9968333213476062,0.00016666688957507337,0.0,0.25,0.15,0.6210590034058275,ok,1.0,False
NBaIoT_MixedDevice_9Sources_Balanced,Cumulative_Extreme,NonIID_Dirichlet,F1_Final_Round,Adaptive_FixedCircuitBreaker,Adaptive_Ultimate,10,0.9969999882371813,0.996888877331832,0.00011111090534934309,0.0,0.5,0.07,0.4743416490218397,ok,1.0,False
NBaIoT_MixedDevice_9Sources_Balanced,Cumulative_Extreme,NonIID_Dirichlet,F1_Final_Round,Adaptive_FixedCircuitBreaker,FLAME,10,0.9969999882371813,0.996666663511651,0.0003333247255302818,11.0,0.6875,0.09,0.25354376720671257,ok,1.0,False
NBaIoT_MixedDevice_9Sources_Balanced,Cumulative_Extreme,NonIID_Dirichlet,F1_Final_Round,Adaptive_FixedCircuitBreaker,FLTrust,10,0.9969999882371813,0.9967777659464186,0.00022222229076259702,4.0,0.4375,0.18,0.47433236157968744,ok,1.0,False
NBaIoT_MixedDevice_9Sources_Balanced,Cumulative_Extreme,NonIID_Dirichlet,F1_Final_Round,Adaptive_FixedCircuitBreaker,FedAvg,10,0.9969999882371813,0.9792838687309562,0.01771611950622508,15.0,0.7421875,-0.14,0.46667257444709737,ok,1.0,False
NBaIoT_MixedDevice_9Sources_Balanced,Cumulative_Extreme,NonIID_Dirichlet,F1_Final_Round,Adaptive_FixedCircuitBreaker,Krum,10,0.9969999882371813,0.9408975267277006,0.05610246150948065,0.0,0.001953125,0.96,0.3591670365184755,ok,0.0703125,False
NBaIoT_MixedDevice_9Sources_Balanced,Cumulative_Extreme,NonIID_Dirichlet,F1_Final_Round,Adaptive_NoAdaptiveWeighting,Adaptive_NoCircuitBreaker,10,0.9973333242454631,0.9968888750684464,0.00044444917701677025,3.5,0.09375,0.14,0.6076360342250338,ok,1.0,False
NBaIoT_MixedDevice_9Sources_Balanced,Cumulative_Extreme,NonIID_Dirichlet,F1_Final_Round,Adaptive_NoAdaptiveWeighting,Adaptive_NoTemporalMemory,10,0.9973333242454631,0.9968333213476062,0.0005000028978569104,1.0,0.0625,0.26,0.8177901579061733,ok,1.0,False
NBaIoT_MixedDevice_9Sources_Balanced,Cumulative_Extreme,NonIID_Dirichlet,F1_Final_Round,Adaptive_NoAdaptiveWeighting,Adaptive_Ultimate,10,0.9973333242454631,0.996888877331832,0.0004444469136311802,1.0,0.0625,0.19,0.7745780414392016,ok,1.0,False
NBaIoT_MixedDevice_9Sources_Balanced,Cumulative_Extreme,NonIID_Dirichlet,F1_Final_Round,Adaptive_NoAdaptiveWeighting,FLAME,10,0.9973333242454631,0.996666663511651,0.0006666607338121188,5.0,0.3125,0.23,0.3803161725620821,ok,1.0,False
NBaIoT_MixedDevice_9Sources_Balanced,Cumulative_Extreme,NonIID_Dirichlet,F1_Final_Round,Adaptive_NoAdaptiveWeighting,FLTrust,10,0.9973333242454631,0.9967777659464186,0.0005555582990444341,2.0,0.046875,0.31,0.8660163601886574,ok,1.0,False
NBaIoT_MixedDevice_9Sources_Balanced,Cumulative_Extreme,NonIID_Dirichlet,F1_Final_Round,Adaptive_NoAdaptiveWeighting,FedAvg,10,0.9973333242454631,0.9792838687309562,0.01804945551450692,19.0,0.70703125,-0.1,0.47355880610597856,ok,1.0,False
NBaIoT_MixedDevice_9Sources_Balanced,Cumulative_Extreme,NonIID_Dirichlet,F1_Final_Round,Adaptive_NoAdaptiveWeighting,Krum,10,0.9973333242454631,0.9408975267277006,0.05643579751776249,0.0,0.001953125,0.98,0.36199853996754383,ok,0.0703125,False
NBaIoT_MixedDevice_9Sources_Balanced,Cumulative_Extreme,NonIID_Dirichlet,F1_Final_Round,Adaptive_NoCircuitBreaker,Adaptive_NoTemporalMemory,10,0.9968888750684464,0.9968333213476062,5.555372084014021e-05,4.0,0.875,0.12,0.11420317454842925,ok,1.0,False
NBaIoT_MixedDevice_9Sources_Balanced,Cumulative_Extreme,NonIID_Dirichlet,F1_Final_Round,Adaptive_NoCircuitBreaker,Adaptive_Ultimate,10,0.9968888750684464,0.996888877331832,-2.263385590062228e-09,1.0,1.0,0.04,-8.642311907371479e-06,ok,1.0,False
NBaIoT_MixedDevice_9Sources_Balanced,Cumulative_Extreme,NonIID_Dirichlet,F1_Final_Round,Adaptive_NoCircuitBreaker,FLAME,10,0.9968888750684464,0.996666663511651,0.00022221155679534864,16.5,0.8671875,0.06,0.1597815755589293,ok,1.0,False
NBaIoT_MixedDevice_9Sources_Balanced,Cumulative_Extreme,NonIID_Dirichlet,F1_Final_Round,Adaptive_NoCircuitBreaker,FLTrust,10,0.9968888750684464,0.9967777659464186,0.00011110912202766388,4.0,0.875,0.15,0.3162163248781579,ok,1.0,False
NBaIoT_MixedDevice_9Sources_Balanced,Cumulative_Extreme,NonIID_Dirichlet,F1_Final_Round,Adaptive_NoCircuitBreaker,FedAvg,10,0.9968888750684464,0.9792838687309562,0.017605006337490146,15.0,0.7421875,-0.18,0.4629797459059836,ok,1.0,False
NBaIoT_MixedDevice_9Sources_Balanced,Cumulative_Extreme,NonIID_Dirichlet,F1_Final_Round,Adaptive_NoCircuitBreaker,Krum,10,0.9968888750684464,0.9408975267277006,0.05599134834074572,0.0,0.001953125,0.96,0.35836717099463244,ok,0.0703125,False
NBaIoT_MixedDevice_9Sources_Balanced,Cumulative_Extreme,NonIID_Dirichlet,F1_Final_Round,Adaptive_NoTemporalMemory,Adaptive_Ultimate,10,0.9968333213476062,0.996888877331832,-5.555598422573027e-05,1.0,0.5,-0.07,-0.17616764077809488,ok,1.0,False
NBaIoT_MixedDevice_9Sources_Balanced,Cumulative_Extreme,NonIID_Dirichlet,F1_Final_Round,Adaptive_NoTemporalMemory,FLAME,10,0.9968333213476062,0.996666663511651,0.00016665783595520844,9.0,0.84375,-0.05,0.12015578425645257,ok,1.0,False
NBaIoT_MixedDevice_9Sources_Balanced,Cumulative_Extreme,NonIID_Dirichlet,F1_Final_Round,Adaptive_NoTemporalMemory,FLTrust,10,0.9968333213476062,0.9967777659464186,5.5555401187523665e-05,2.0,0.75,0.03,0.13552271950863137,ok,1.0,False
NBaIoT_MixedDevice_9Sources_Balanced,Cumulative_Extreme,NonIID_Dirichlet,F1_Final_Round,Adaptive_NoTemporalMemory,FedAvg,10,0.9968333213476062,0.9792838687309562,0.01754945261665001,21.0,0.91015625,-0.28,0.46145166557735096,ok,1.0,False
NBaIoT_MixedDevice_9Sources_Balanced,Cumulative_Extreme,NonIID_Dirichlet,F1_Final_Round,Adaptive_NoTemporalMemory,Krum,10,0.9968333213476062,0.9408975267277006,0.055935794619905575,0.0,0.001953125,0.96,0.35841646040800923,ok,0.0703125,False
NBaIoT_MixedDevice_9Sources_Balanced,Cumulative_Extreme,NonIID_Dirichlet,F1_Final_Round,Adaptive_Ultimate,FLAME,10,0.996888877331832,0.996666663511651,0.0002222138201809387,13.0,0.9375,0.0,0.165770085096123,ok,1.0,False
NBaIoT_MixedDevice_9Sources_Balanced,Cumulative_Extreme,NonIID_Dirichlet,F1_Final_Round,Adaptive_Ultimate,FLTrust,10,0.996888877331832,0.9967777659464186,0.00011111138541325394,5.0,0.625,0.12,0.3162209879861611,ok,1.0,False
NBaIoT_MixedDevice_9Sources_Balanced,Cumulative_Extreme,NonIID_Dirichlet,F1_Final_Round,Adaptive_Ultimate,FedAvg,10,0.996888877331832,0.9792838687309562,0.017605008600875736,15.0,0.7421875,-0.2,0.46297982136765614,ok,1.0,False
NBaIoT_MixedDevice_9Sources_Balanced,Cumulative_Extreme,NonIID_Dirichlet,F1_Final_Round,Adaptive_Ultimate,Krum,10,0.996888877331832,0.9408975267277006,0.05599135060413131,0.0,0.001953125,0.96,0.3588150023526281,ok,0.0703125,False
NBaIoT_MixedDevice_9Sources_Balanced,Cumulative_Extreme,NonIID_Dirichlet,F1_Final_Round,FLAME,FLTrust,10,0.996666663511651,0.9967777659464186,-0.00011110243476768478,12.0,0.4609375,0.07,-0.0690016831606643,ok,1.0,False
NBaIoT_MixedDevice_9Sources_Balanced,Cumulative_Extreme,NonIID_Dirichlet,F1_Final_Round,FLAME,FedAvg,10,0.996666663511651,0.9792838687309562,0.0173827947806948,20.0,0.8203125,-0.24,0.4664102605764487,ok,1.0,False
NBaIoT_MixedDevice_9Sources_Balanced,Cumulative_Extreme,NonIID_Dirichlet,F1_Final_Round,FLAME,Krum,10,0.996666663511651,0.9408975267277006,0.05576913678395037,0.0,0.001953125,0.9,0.3572630348291949,ok,0.0703125,False
NBaIoT_MixedDevice_9Sources_Balanced,Cumulative_Extreme,NonIID_Dirichlet,F1_Final_Round,FLTrust,FedAvg,10,0.9967777659464186,0.9792838687309562,0.017493897215462482,21.0,0.91015625,-0.28,0.45837903546134356,ok,1.0,False
NBaIoT_MixedDevice_9Sources_Balanced,Cumulative_Extreme,NonIID_Dirichlet,F1_Final_Round,FLTrust,Krum,10,0.9967777659464186,0.9408975267277006,0.055880239218718056,0.0,0.001953125,0.98,0.3580090066774276,ok,0.0703125,False
NBaIoT_MixedDevice_9Sources_Balanced,Cumulative_Extreme,NonIID_Dirichlet,F1_Final_Round,FedAvg,Krum,10,0.9792838687309562,0.9408975267277006,0.038386342003255566,17.0,0.322265625,0.5,0.230107665157735,ok,1.0,False
NBaIoT_MixedDevice_9Sources_Balanced,Cumulative_Extreme,NonIID_Dirichlet,ASR_Final_Round,Adaptive_FixedCircuitBreaker,Adaptive_NoAdaptiveWeighting,10,0.002,0.0017777777777777779,0.00022222222222222226,1.5,0.75,0.12,0.253546276418555,ok,1.0,False
NBaIoT_MixedDevice_9Sources_Balanced,Cumulative_Extreme,NonIID_Dirichlet,ASR_Final_Round,Adaptive_FixedCircuitBreaker,Adaptive_NoCircuitBreaker,10,0.002,0.001888888888888889,0.00011111111111111112,0.0,1.0,0.06,0.31622776601683794,ok,1.0,False
NBaIoT_MixedDevice_9Sources_Balanced,Cumulative_Extreme,NonIID_Dirichlet,ASR_Final_Round,Adaptive_FixedCircuitBreaker,Adaptive_NoTemporalMemory,10,0.002,0.002,0.0,0.0,1.0,0.0,0.0,identical_values,1.0,False
NBaIoT_MixedDevice_9Sources_Balanced,Cumulative_Extreme,NonIID_Dirichlet,ASR_Final_Round,Adaptive_FixedCircuitBreaker,Adaptive_Ultimate,10,0.002,0.0021111111111111113,-0.00011111111111111113,0.0,1.0,-0.06,-0.316227766016838,ok,1.0,False
NBaIoT_MixedDevice_9Sources_Balanced,Cumulative_Extreme,NonIID_Dirichlet,ASR_Final_Round,Adaptive_FixedCircuitBreaker,FLAME,10,0.002,0.0026666666666666666,-0.0006666666666666666,2.0,0.75,-0.06,-0.253546276418555,ok,1.0,False
NBaIoT_MixedDevice_9Sources_Balanced,Cumulative_Extreme,NonIID_Dirichlet,ASR_Final_Round,Adaptive_FixedCircuitBreaker,FLTrust,10,0.002,0.001888888888888889,0.00011111111111111112,0.0,1.0,0.06,0.31622776601683794,ok,1.0,False
NBaIoT_MixedDevice_9Sources_Balanced,Cumulative_Extreme,NonIID_Dirichlet,ASR_Final_Round,Adaptive_FixedCircuitBreaker,FedAvg,10,0.002,0.20811111111111114,-0.20611111111111113,8.5,0.40625,-0.19,-0.49266957571806264,ok,1.0,False
NBaIoT_MixedDevice_9Sources_Balanced,Cumulative_Extreme,NonIID_Dirichlet,ASR_Final_Round,Adaptive_FixedCircuitBreaker,Krum,10,0.002,0.008888888888888889,-0.006888888888888889,1.0,0.03125,-0.51,-0.6661576644185067,ok,1.0,False
NBaIoT_MixedDevice_9Sources_Balanced,Cumulative_Extreme,NonIID_Dirichlet,ASR_Final_Round,Adaptive_NoAdaptiveWeighting,Adaptive_NoCircuitBreaker,10,0.0017777777777777779,0.001888888888888889,-0.00011111111111111113,2.5,1.0,-0.05,-0.10056022847309865,ok,1.0,False
NBaIoT_MixedDevice_9Sources_Balanced,Cumulative_Extreme,NonIID_Dirichlet,ASR_Final_Round,Adaptive_NoAdaptiveWeighting,Adaptive_NoTemporalMemory,10,0.0017777777777777779,0.002,-0.00022222222222222226,1.5,0.75,-0.12,-0.253546276418555,ok,1.0,False
NBaIoT_MixedDevice_9Sources_Balanced,Cumulative_Extreme,NonIID_Dirichlet,ASR_Final_Round,Adaptive_NoAdaptiveWeighting,Adaptive_Ultimate,10,0.0017777777777777779,0.0021111111111111113,-0.0003333333333333334,2.0,0.5,-0.17,-0.36439934858051215,ok,1.0,False
NBaIoT_MixedDevice_9Sources_Balanced,Cumulative_Extreme,NonIID_Dirichlet,ASR_Final_Round,Adaptive_NoAdaptiveWeighting,FLAME,10,0.0017777777777777779,0.0026666666666666666,-0.0008888888888888889,1.0,0.5,-0.16,-0.34786262139146906,ok,1.0,False
NBaIoT_MixedDevice_9Sources_Balanced,Cumulative_Extreme,NonIID_Dirichlet,ASR_Final_Round,Adaptive_NoAdaptiveWeighting,FLTrust,10,0.0017777777777777779,0.001888888888888889,-0.00011111111111111113,2.5,1.0,-0.05,-0.10056022847309865,ok,1.0,False
NBaIoT_MixedDevice_9Sources_Balanced,Cumulative_Extreme,NonIID_Dirichlet,ASR_Final_Round,Adaptive_NoAdaptiveWeighting,FedAvg,10,0.0017777777777777779,0.20811111111111114,-0.20633333333333334,8.5,0.40625,-0.3,-0.49329711216774325,ok,1.0,False
NBaIoT_MixedDevice_9Sources_Balanced,Cumulative_Extreme,NonIID_Dirichlet,ASR_Final_Round,Adaptive_NoAdaptiveWeighting,Krum,10,0.0017777777777777779,0.008888888888888889,-0.00711111111111111,3.5,0.046875,-0.56,-0.6599535986438356,ok,1.0,False
NBaIoT_MixedDevice_9Sources_Balanced,Cumulative_Extreme,NonIID_Dirichlet,ASR_Final_Round,Adaptive_NoCircuitBreaker,Adaptive_NoTemporalMemory,10,0.001888888888888889,0.002,-0.00011111111111111112,0.0,1.0,-0.06,-0.31622776601683794,ok,1.0,False
NBaIoT_MixedDevice_9Sources_Balanced,Cumulative_Extreme,NonIID_Dirichlet,ASR_Final_Round,Adaptive_NoCircuitBreaker,Adaptive_Ultimate,10,0.001888888888888889,0.0021111111111111113,-0.00022222222222222226,0.0,0.5,-0.11,-0.47434164902525694,ok,1.0,False
NBaIoT_MixedDevice_9Sources_Balanced,Cumulative_Extreme,NonIID_Dirichlet,ASR_Final_Round,Adaptive_NoCircuitBreaker,FLAME,10,0.001888888888888889,0.0026666666666666666,-0.0007777777777777776,3.0,0.625,-0.12,-0.2966883079863585,ok,1.0,False
NBaIoT_MixedDevice_9Sources_Balanced,Cumulative_Extreme,NonIID_Dirichlet,ASR_Final_Round,Adaptive_NoCircuitBreaker,FLTrust,10,0.001888888888888889,0.001888888888888889,0.0,0.0,1.0,0.0,0.0,identical_values,1.0,False
NBaIoT_MixedDevice_9Sources_Balanced,Cumulative_Extreme,NonIID_Dirichlet,ASR_Final_Round,Adaptive_NoCircuitBreaker,FedAvg,10,0.001888888888888889,0.20811111111111114,-0.20622222222222222,5.0,0.28125,-0.26,-0.4930070602797012,ok,1.0,False
NBaIoT_MixedDevice_9Sources_Balanced,Cumulative_Extreme,NonIID_Dirichlet,ASR_Final_Round,Adaptive_NoCircuitBreaker,Krum,10,0.001888888888888889,0.008888888888888889,-0.006999999999999999,0.0,0.03125,-0.53,-0.6828401876265632,ok,1.0,False
NBaIoT_MixedDevice_9Sources_Balanced,Cumulative_Extreme,NonIID_Dirichlet,ASR_Final_Round,Adaptive_NoTemporalMemory,Adaptive_Ultimate,10,0.002,0.0021111111111111113,-0.00011111111111111113,0.0,1.0,-0.06,-0.316227766016838,ok,1.0,False
NBaIoT_MixedDevice_9Sources_Balanced,Cumulative_Extreme,NonIID_Dirichlet,ASR_Final_Round,Adaptive_NoTemporalMemory,FLAME,10,0.002,0.0026666666666666666,-0.0006666666666666666,2.0,0.75,-0.06,-0.253546276418555,ok,1.0,False
NBaIoT_MixedDevice_9Sources_Balanced,Cumulative_Extreme,NonIID_Dirichlet,ASR_Final_Round,Adaptive_NoTemporalMemory,FLTrust,10,0.002,0.001888888888888889,0.00011111111111111112,0.0,1.0,0.06,0.31622776601683794,ok,1.0,False
NBaIoT_MixedDevice_9Sources_Balanced,Cumulative_Extreme,NonIID_Dirichlet,ASR_Final_Round,Adaptive_NoTemporalMemory,FedAvg,10,0.002,0.20811111111111114,-0.20611111111111113,8.5,0.40625,-0.19,-0.49266957571806264,ok,1.0,False
NBaIoT_MixedDevice_9Sources_Balanced,Cumulative_Extreme,NonIID_Dirichlet,ASR_Final_Round,Adaptive_NoTemporalMemory,Krum,10,0.002,0.008888888888888889,-0.006888888888888889,1.0,0.03125,-0.51,-0.6661576644185067,ok,1.0,False
NBaIoT_MixedDevice_9Sources_Balanced,Cumulative_Extreme,NonIID_Dirichlet,ASR_Final_Round,Adaptive_Ultimate,FLAME,10,0.0021111111111111113,0.0026666666666666666,-0.0005555555555555554,5.0,1.0,-0.02,-0.20701966780270623,ok,1.0,False
NBaIoT_MixedDevice_9Sources_Balanced,Cumulative_Extreme,NonIID_Dirichlet,ASR_Final_Round,Adaptive_Ultimate,FLTrust,10,0.0021111111111111113,0.001888888888888889,0.00022222222222222226,0.0,0.5,0.11,0.47434164902525694,ok,1.0,False
NBaIoT_MixedDevice_9Sources_Balanced,Cumulative_Extreme,NonIID_Dirichlet,ASR_Final_Round,Adaptive_Ultimate,FedAvg,10,0.0021111111111111113,0.20811111111111114,-0.20600000000000002,13.5,0.5546875,-0.15,-0.4923322386142998,ok,1.0,False
NBaIoT_MixedDevice_9Sources_Balanced,Cumulative_Extreme,NonIID_Dirichlet,ASR_Final_Round,Adaptive_Ultimate,Krum,10,0.0021111111111111113,0.008888888888888889,-0.006777777777777777,3.0,0.0390625,-0.48,-0.6498930323229931,ok,1.0,False
NBaIoT_MixedDevice_9Sources_Balanced,Cumulative_Extreme,NonIID_Dirichlet,ASR_Final_Round,FLAME,FLTrust,10,0.0026666666666666666,0.001888888888888889,0.0007777777777777776,3.0,0.625,0.12,0.2966883079863585,ok,1.0,False
NBaIoT_MixedDevice_9Sources_Balanced,Cumulative_Extreme,NonIID_Dirichlet,ASR_Final_Round,FLAME,FedAvg,10,0.0026666666666666666,0.20811111111111114,-0.20544444444444446,8.5,0.40625,-0.19,-0.4930246165034739,ok,1.0,False
NBaIoT_MixedDevice_9Sources_Balanced,Cumulative_Extreme,NonIID_Dirichlet,ASR_Final_Round,FLAME,Krum,10,0.0026666666666666666,0.008888888888888889,-0.006222222222222223,3.0,0.0390625,-0.42,-0.6649099662043688,ok,1.0,False
NBaIoT_MixedDevice_9Sources_Balanced,Cumulative_Extreme,NonIID_Dirichlet,ASR_Final_Round,FLTrust,FedAvg,10,0.001888888888888889,0.20811111111111114,-0.20622222222222222,5.0,0.28125,-0.26,-0.4930070602797012,ok,1.0,False
NBaIoT_MixedDevice_9Sources_Balanced,Cumulative_Extreme,NonIID_Dirichlet,ASR_Final_Round,FLTrust,Krum,10,0.001888888888888889,0.008888888888888889,-0.006999999999999999,0.0,0.03125,-0.53,-0.6828401876265632,ok,1.0,False
NBaIoT_MixedDevice_9Sources_Balanced,Cumulative_Extreme,NonIID_Dirichlet,ASR_Final_Round,FedAvg,Krum,10,0.20811111111111114,0.008888888888888889,0.19922222222222224,15.0,0.7421875,-0.11,0.48068417181343304,ok,1.0,False
