Dataset,Attack,Partition_Mode,Seed,Strategy,F1_Mean_Over_Rounds,ASR_Mean_Over_Rounds,Time_Mean_Over_Rounds,Circuit_Breaker_Rate,F1_Final_Round,ASR_Final_Round,Time_Final_Round
NBaIoT_MixedDevice_9Sources_Balanced,Cumulative,IID,43,Adaptive_FixedCircuitBreaker,0.9946333172598055,0.004200000000000001,0.44709714768000025,0.0,0.9949999984567897,0.0044444444444444444,0.30228156700002273
NBaIoT_MixedDevice_9Sources_Balanced,Cumulative,IID,43,Adaptive_NoAdaptiveWeighting,0.9952499895180541,0.004122222222222222,0.4451003046700032,0.0,0.9961111099108364,0.0044444444444444444,0.30065496400004577
NBaIoT_MixedDevice_9Sources_Balanced,Cumulative,IID,43,Adaptive_NoCircuitBreaker,0.9946333172598055,0.004200000000000001,0.44977859804999865,0.0,0.9949999984567897,0.0044444444444444444,0.34461095000006026
NBaIoT_MixedDevice_9Sources_Balanced,Cumulative,IID,43,Adaptive_NoTemporalMemory,0.9946388728685162,0.004200000000000001,0.4037690781000083,0.0,0.9949999984567897,0.0044444444444444444,0.5131443230000059
NBaIoT_MixedDevice_9Sources_Balanced,Cumulative,IID,43,Adaptive_Ultimate,0.9946333172598055,0.004200000000000001,0.41202029588999833,0.0,0.9949999984567897,0.0044444444444444444,0.3268996199999492
NBaIoT_MixedDevice_9Sources_Balanced,Cumulative,IID,43,FLAME,0.9950554958321729,0.004811111111111111,0.44659125870000194,0.0,0.9955555500685803,0.005555555555555556,0.3160489699999971
NBaIoT_MixedDevice_9Sources_Balanced,Cumulative,IID,43,FLTrust,0.9946388728685162,0.004200000000000001,0.43470977924000065,0.0,0.9949999984567897,0.0044444444444444444,0.8579676949999566
NBaIoT_MixedDevice_9Sources_Balanced,Cumulative,IID,43,FedAvg,0.994938816752683,0.004566666666666667,0.4670592900299988,0.0,0.9966666666666667,0.0033333333333333335,0.7742491809999592
NBaIoT_MixedDevice_9Sources_Balanced,Cumulative,IID,43,Krum,0.9952387841764273,0.003588888888888889,0.40975216999999875,0.0,0.9949999984567897,0.0044444444444444444,0.29801726199997347
NBaIoT_MixedDevice_9Sources_Balanced,Cumulative,IID,44,Adaptive_FixedCircuitBreaker,0.9972277759173462,0.002255555555555556,0.44962599160998706,0.75,0.9972222213648831,0.0022222222222222222,0.30478551300006984
NBaIoT_MixedDevice_9Sources_Balanced,Cumulative,IID,44,Adaptive_NoAdaptiveWeighting,0.9969722194084286,0.0023333333333333335,0.4031893437800022,0.0,0.9966666625514352,0.0022222222222222222,0.30380060900006356
NBaIoT_MixedDevice_9Sources_Balanced,Cumulative,IID,44,Adaptive_NoCircuitBreaker,0.9970222191563706,0.002255555555555556,0.4450703515999953,0.0,0.9972222213648831,0.0022222222222222222,0.30260249699995256
NBaIoT_MixedDevice_9Sources_Balanced,Cumulative,IID,44,Adaptive_NoTemporalMemory,0.9971333308779079,0.0022222222222222222,0.4471049813099944,0.0,0.9966666625514352,0.0022222222222222222,0.2971281730001465
NBaIoT_MixedDevice_9Sources_Balanced,Cumulative,IID,44,Adaptive_Ultimate,0.9969944412156982,0.002255555555555556,0.4049746484200057,0.0,0.9966666625514352,0.0022222222222222222,0.30183189800004584
NBaIoT_MixedDevice_9Sources_Balanced,Cumulative,IID,44,FLAME,0.9971666649828489,0.0022666666666666664,0.449488527190008,0.0,0.9972222213648831,0.0022222222222222222,0.32495488600000044
NBaIoT_MixedDevice_9Sources_Balanced,Cumulative,IID,44,FLTrust,0.9971777755624075,0.0022333333333333333,0.447213894519997,0.0,0.9972222213648831,0.0022222222222222222,0.2972012419999146
NBaIoT_MixedDevice_9Sources_Balanced,Cumulative,IID,44,FedAvg,0.9972277762602825,0.0023666666666666667,0.44651999744000137,0.0,0.9977777777777778,0.0022222222222222222,0.3306329110000661
NBaIoT_MixedDevice_9Sources_Balanced,Cumulative,IID,44,Krum,0.9974999985047955,0.0022444444444444443,0.40430083110999815,0.0,0.9977777750342902,0.0011111111111111111,0.3046365229999992
NBaIoT_MixedDevice_9Sources_Balanced,Cumulative,IID,45,Adaptive_FixedCircuitBreaker,0.9979388806905041,0.0018555555555555556,0.4350215696499981,0.0,0.9983333328189299,0.0022222222222222222,0.30210059499995623
NBaIoT_MixedDevice_9Sources_Balanced,Cumulative,IID,45,Adaptive_NoAdaptiveWeighting,0.9976166576006539,0.0017222222222222222,0.43661887550999834,0.0,0.9977777750342902,0.0011111111111111111,1.5968010440001308
NBaIoT_MixedDevice_9Sources_Balanced,Cumulative,IID,45,Adaptive_NoCircuitBreaker,0.9979388806905041,0.0018555555555555556,0.41286675260999117,0.0,0.9983333328189299,0.0022222222222222222,0.31626913799982503
NBaIoT_MixedDevice_9Sources_Balanced,Cumulative,IID,45,Adaptive_NoTemporalMemory,0.9979333251400925,0.0018777777777777777,0.44547927438999524,0.0,0.9983333328189299,0.0022222222222222222,0.31313996600010796
NBaIoT_MixedDevice_9Sources_Balanced,Cumulative,IID,45,Adaptive_Ultimate,0.9979388806905041,0.0018555555555555556,0.4163601598300079,0.0,0.9983333328189299,0.0022222222222222222,1.4277185270000246
NBaIoT_MixedDevice_9Sources_Balanced,Cumulative,IID,45,FLAME,0.9978611005531449,0.0013777777777777777,0.413452006779994,0.0,0.9977777750342902,0.0011111111111111111,0.3013146289999895
NBaIoT_MixedDevice_9Sources_Balanced,Cumulative,IID,45,FLTrust,0.9979333251400925,0.0018444444444444443,0.4479126989699989,0.0,0.9983333328189299,0.0022222222222222222,0.3422856889999366
NBaIoT_MixedDevice_9Sources_Balanced,Cumulative,IID,45,FedAvg,0.9977333227839403,0.0016555555555555557,0.44767656464000766,0.0,0.9977777750342902,0.0011111111111111111,0.31052764800006116
NBaIoT_MixedDevice_9Sources_Balanced,Cumulative,IID,45,Krum,0.9969499853684645,0.001322222222222222,0.4328850875300009,0.0,0.996111100308612,0.0022222222222222222,1.7374858159998894
NBaIoT_MixedDevice_9Sources_Balanced,Cumulative,IID,46,Adaptive_FixedCircuitBreaker,0.9980554821693004,0.0011111111111111111,0.4439585031600245,0.0,0.9983333328189299,0.0011111111111111111,0.9112880459999815
NBaIoT_MixedDevice_9Sources_Balanced,Cumulative,IID,46,Adaptive_NoAdaptiveWeighting,0.9980554821693004,0.0011111111111111111,0.44779546226999173,0.0,0.9983333328189299,0.0011111111111111111,0.30404123299990715
NBaIoT_MixedDevice_9Sources_Balanced,Cumulative,IID,46,Adaptive_NoCircuitBreaker,0.9980554821693004,0.0011111111111111111,0.446500623310028,0.0,0.9983333328189299,0.0011111111111111111,0.2993637900003705
NBaIoT_MixedDevice_9Sources_Balanced,Cumulative,IID,46,Adaptive_NoTemporalMemory,0.9980610376614115,0.0011111111111111111,0.4056613007999954,0.0,0.9983333328189299,0.0011111111111111111,0.32037143499997
NBaIoT_MixedDevice_9Sources_Balanced,Cumulative,IID,46,Adaptive_Ultimate,0.9980554821693004,0.0011111111111111111,0.44384912379000296,0.0,0.9983333328189299,0.0011111111111111111,0.30487965599991185
NBaIoT_MixedDevice_9Sources_Balanced,Cumulative,IID,46,FLAME,0.9976276286033042,0.0011111111111111111,0.446741787300009,0.0,0.9972222145061513,0.0011111111111111111,0.8241732670001056
NBaIoT_MixedDevice_9Sources_Balanced,Cumulative,IID,46,FLTrust,0.9980610376614115,0.0011111111111111111,0.40489620285999306,0.0,0.9983333328189299,0.0011111111111111111,0.36460414199996194
NBaIoT_MixedDevice_9Sources_Balanced,Cumulative,IID,46,FedAvg,0.997655428845103,0.0015888888888888888,0.438239177720011,0.0,0.9977777750342902,0.0011111111111111111,0.34014436799998293
NBaIoT_MixedDevice_9Sources_Balanced,Cumulative,IID,46,Krum,0.9961610711939285,0.0018,0.4481195624699922,0.0,0.996111100308612,0.0022222222222222222,0.302838348999785
NBaIoT_MixedDevice_9Sources_Balanced,Cumulative,IID,47,Adaptive_FixedCircuitBreaker,0.9991277728754158,0.0011555555555555555,0.4447563108700024,0.0,0.9994444442729766,0.0011111111111111111,0.3410975570000119
NBaIoT_MixedDevice_9Sources_Balanced,Cumulative,IID,47,Adaptive_NoAdaptiveWeighting,0.9991166617745927,0.0011555555555555555,0.4421753487499973,0.0,0.9994444442729766,0.0011111111111111111,0.298471015999894
NBaIoT_MixedDevice_9Sources_Balanced,Cumulative,IID,47,Adaptive_NoCircuitBreaker,0.9991277728754158,0.0011555555555555555,0.4431583011199973,0.0,0.9994444442729766,0.0011111111111111111,0.30173803599973326
NBaIoT_MixedDevice_9Sources_Balanced,Cumulative,IID,47,Adaptive_NoTemporalMemory,0.9991277728754158,0.0011555555555555555,0.4002289495999958,0.0,0.9994444442729766,0.0011111111111111111,0.31277600300018094
NBaIoT_MixedDevice_9Sources_Balanced,Cumulative,IID,47,Adaptive_Ultimate,0.9991277728754158,0.0011555555555555555,0.4437684603900243,0.0,0.9994444442729766,0.0011111111111111111,0.3040556209998613
NBaIoT_MixedDevice_9Sources_Balanced,Cumulative,IID,47,FLAME,0.9990444384772481,0.0011777777777777778,0.4470062186799851,0.0,0.9994444442729766,0.0011111111111111111,0.30649021299996093
NBaIoT_MixedDevice_9Sources_Balanced,Cumulative,IID,47,FLTrust,0.9991277728754158,0.0011555555555555555,0.4004573206800069,0.0,0.9994444442729766,0.0011111111111111111,0.5175202830000671
NBaIoT_MixedDevice_9Sources_Balanced,Cumulative,IID,47,FedAvg,0.9987777743723655,0.0012444444444444445,0.4248633230400037,0.0,0.9988888888888889,0.0011111111111111111,1.8859823319999123
NBaIoT_MixedDevice_9Sources_Balanced,Cumulative,IID,47,Krum,0.9987888843586274,0.0011777777777777778,0.419647805160007,0.0,0.9988888888888889,0.0011111111111111111,0.31125964800003203
NBaIoT_MixedDevice_9Sources_Balanced,Cumulative,IID,48,Adaptive_FixedCircuitBreaker,0.997583329007159,0.0016666666666666666,0.44660857956997463,0.0,0.9983333328189299,0.0011111111111111111,0.3399087220000183
NBaIoT_MixedDevice_9Sources_Balanced,Cumulative,IID,48,Adaptive_NoAdaptiveWeighting,0.997538884384388,0.0016666666666666666,0.41326237396002397,0.0,0.9983333328189299,0.0011111111111111111,0.30826371200009817
NBaIoT_MixedDevice_9Sources_Balanced,Cumulative,IID,48,Adaptive_NoCircuitBreaker,0.997583329007159,0.0016666666666666666,0.4457070068300027,0.0,0.9983333328189299,0.0011111111111111111,0.3374150979998376
NBaIoT_MixedDevice_9Sources_Balanced,Cumulative,IID,48,Adaptive_NoTemporalMemory,0.9975888845850055,0.0016666666666666666,0.43232012296999073,0.0,0.9983333328189299,0.0011111111111111111,1.5087734470002943
NBaIoT_MixedDevice_9Sources_Balanced,Cumulative,IID,48,Adaptive_Ultimate,0.997583329007159,0.0016666666666666666,0.44305969504000586,0.0,0.9983333328189299,0.0011111111111111111,0.307767555999817
NBaIoT_MixedDevice_9Sources_Balanced,Cumulative,IID,48,FLAME,0.9966222141974402,0.0028111111111111114,0.447025056180014,0.0,0.9983333328189299,0.0011111111111111111,0.3025101069997618
NBaIoT_MixedDevice_9Sources_Balanced,Cumulative,IID,48,FLTrust,0.9975888845850055,0.0016666666666666666,0.40216332703002533,0.0,0.9983333328189299,0.0011111111111111111,0.48694435600009456
NBaIoT_MixedDevice_9Sources_Balanced,Cumulative,IID,48,FedAvg,0.9974166610853278,0.0017777777777777779,0.42493170325000845,0.0,0.9983333328189299,0.0011111111111111111,1.2069372849996398
NBaIoT_MixedDevice_9Sources_Balanced,Cumulative,IID,48,Krum,0.9970611021072713,0.0016666666666666666,0.41880206546999943,0.0,0.9972222007885864,0.0,0.3504562690000057
NBaIoT_MixedDevice_9Sources_Balanced,Cumulative,IID,49,Adaptive_FixedCircuitBreaker,0.9977055200923732,0.0004888888888888889,0.44457454662000145,0.0,0.9983333287036908,0.0,0.3004100230000404
NBaIoT_MixedDevice_9Sources_Balanced,Cumulative,IID,49,Adaptive_NoAdaptiveWeighting,0.9976832978632949,0.0004888888888888889,0.3992254790800143,0.0,0.9983333287036908,0.0,0.31804482600000483
NBaIoT_MixedDevice_9Sources_Balanced,Cumulative,IID,49,Adaptive_NoCircuitBreaker,0.9977055200923732,0.0004888888888888889,0.44708996993997974,0.0,0.9983333287036908,0.0,0.3053459450002265
NBaIoT_MixedDevice_9Sources_Balanced,Cumulative,IID,49,Adaptive_NoTemporalMemory,0.9977166313715243,0.0004888888888888889,0.44439348012999746,0.0,0.9983333287036908,0.0,0.2954657860000225
NBaIoT_MixedDevice_9Sources_Balanced,Cumulative,IID,49,Adaptive_Ultimate,0.9977055200923732,0.0004888888888888889,0.40260989214999426,0.0,0.9983333287036908,0.0,0.3281440739997379
NBaIoT_MixedDevice_9Sources_Balanced,Cumulative,IID,49,FLAME,0.9974331690934072,0.0006333333333333334,0.4488950871600082,0.0,0.9983333287036908,0.0,0.34142167700019854
NBaIoT_MixedDevice_9Sources_Balanced,Cumulative,IID,49,FLTrust,0.9977055200923732,0.0004888888888888889,0.4443082788300353,0.0,0.9983333287036908,0.0,0.29983020800000304
NBaIoT_MixedDevice_9Sources_Balanced,Cumulative,IID,49,FedAvg,0.9975221368838197,0.0006555555555555556,0.4437305185600326,0.0,0.9983333287036908,0.0,0.3074633490000451
NBaIoT_MixedDevice_9Sources_Balanced,Cumulative,IID,49,Krum,0.9973053705321996,0.0019222222222222223,0.4005167213099912,0.0,0.9972222213648831,0.0033333333333333335,0.3144200379997528
NBaIoT_MixedDevice_9Sources_Balanced,Cumulative,IID,50,Adaptive_FixedCircuitBreaker,0.9962109088617658,0.001322222222222222,0.44054921688000376,0.0,0.9961110811040208,0.0011111111111111111,0.33903608399987206
NBaIoT_MixedDevice_9Sources_Balanced,Cumulative,IID,50,Adaptive_NoAdaptiveWeighting,0.9962942384244721,0.0010222222222222221,0.39736352707998324,0.0,0.99666665020568,0.0011111111111111111,0.2989865659997122
NBaIoT_MixedDevice_9Sources_Balanced,Cumulative,IID,50,Adaptive_NoCircuitBreaker,0.9962109088617658,0.001322222222222222,0.4423465966300182,0.0,0.9961110811040208,0.0011111111111111111,0.2982248550001714
NBaIoT_MixedDevice_9Sources_Balanced,Cumulative,IID,50,Adaptive_NoTemporalMemory,0.9962331315949676,0.001311111111111111,0.44547460270000555,0.0,0.99666665020568,0.0011111111111111111,0.29461055199999464
NBaIoT_MixedDevice_9Sources_Balanced,Cumulative,IID,50,Adaptive_Ultimate,0.9962109088617658,0.001322222222222222,0.4039490148699633,0.0,0.9961110811040208,0.0011111111111111111,0.7417546050000965
NBaIoT_MixedDevice_9Sources_Balanced,Cumulative,IID,50,FLAME,0.993917561928629,0.005388888888888888,0.4312027243899911,0.0,0.9961110811040208,0.0011111111111111111,0.3036552319999828
NBaIoT_MixedDevice_9Sources_Balanced,Cumulative,IID,50,FLTrust,0.9962386869464737,0.001288888888888889,0.44760255968998536,0.0,0.99666665020568,0.0011111111111111111,0.34883747399999265
NBaIoT_MixedDevice_9Sources_Balanced,Cumulative,IID,50,FedAvg,0.9940231707414204,0.005322222222222223,0.44445403580999937,0.0,0.99666665020568,0.0011111111111111111,0.326898175000224
NBaIoT_MixedDevice_9Sources_Balanced,Cumulative,IID,50,Krum,0.9939687268157855,0.004844444444444444,0.4183540254500258,0.0,0.9961110811040208,0.0011111111111111111,1.7168721860002734
NBaIoT_MixedDevice_9Sources_Balanced,Cumulative,IID,51,Adaptive_FixedCircuitBreaker,0.9978999922906491,0.0015666666666666667,0.43287107348000065,0.0,0.9983333328189299,0.0011111111111111111,0.3012742609998895
NBaIoT_MixedDevice_9Sources_Balanced,Cumulative,IID,51,Adaptive_NoAdaptiveWeighting,0.9978999922906491,0.0015666666666666667,0.4020520585900431,0.0,0.9983333328189299,0.0011111111111111111,0.9590614830003688
NBaIoT_MixedDevice_9Sources_Balanced,Cumulative,IID,51,Adaptive_NoCircuitBreaker,0.9978999922906491,0.0015666666666666667,0.4268346007300079,0.0,0.9983333328189299,0.0011111111111111111,0.309284571999342
NBaIoT_MixedDevice_9Sources_Balanced,Cumulative,IID,51,Adaptive_NoTemporalMemory,0.997899992448402,0.0015666666666666667,0.4376648869600012,0.0,0.9983333328189299,0.0011111111111111111,0.31441458299923397
NBaIoT_MixedDevice_9Sources_Balanced,Cumulative,IID,51,Adaptive_Ultimate,0.9978999922906491,0.0015666666666666667,0.39553481638998617,0.0,0.9983333328189299,0.0011111111111111111,0.4523307559998102
NBaIoT_MixedDevice_9Sources_Balanced,Cumulative,IID,51,FLAME,0.9973777628970203,0.0016444444444444445,0.44462654046000355,0.0,0.9972222145061513,0.0011111111111111111,0.33759709399964777
NBaIoT_MixedDevice_9Sources_Balanced,Cumulative,IID,51,FLTrust,0.997899992448402,0.0015666666666666667,0.44425910252998163,0.0,0.9983333328189299,0.0011111111111111111,0.31060203900005945
NBaIoT_MixedDevice_9Sources_Balanced,Cumulative,IID,51,FedAvg,0.997788875280373,0.0016444444444444445,0.4444044846900306,0.0,0.9983333328189299,0.0011111111111111111,0.2987555230001817
NBaIoT_MixedDevice_9Sources_Balanced,Cumulative,IID,51,Krum,0.9965610940447033,0.0018111111111111112,0.40041933882003833,0.0,0.9972222145061513,0.0011111111111111111,0.29594515600001614
NBaIoT_MixedDevice_9Sources_Balanced,Cumulative,IID,52,Adaptive_FixedCircuitBreaker,0.9986888879663895,0.0008666666666666667,0.39284645941001145,0.0,0.9994444442729766,0.0011111111111111111,0.344375712999863
NBaIoT_MixedDevice_9Sources_Balanced,Cumulative,IID,52,Adaptive_NoAdaptiveWeighting,0.9988777768930014,0.0011444444444444445,0.43774252282004456,0.0,0.9994444442729766,0.0011111111111111111,0.2991091849999066
NBaIoT_MixedDevice_9Sources_Balanced,Cumulative,IID,52,Adaptive_NoCircuitBreaker,0.9986888879663895,0.0008666666666666667,0.4304669510200074,0.0,0.9994444442729766,0.0011111111111111111,0.541856720999931
NBaIoT_MixedDevice_9Sources_Balanced,Cumulative,IID,52,Adaptive_NoTemporalMemory,0.9986944435476652,0.0010222222222222223,0.4373153926699524,0.0,0.9994444442729766,0.0011111111111111111,0.3306199100006779
NBaIoT_MixedDevice_9Sources_Balanced,Cumulative,IID,52,Adaptive_Ultimate,0.9986888879663895,0.0008666666666666667,0.43457062649004913,0.0,0.9994444442729766,0.0011111111111111111,0.29260153400082345
NBaIoT_MixedDevice_9Sources_Balanced,Cumulative,IID,52,FLAME,0.998594443808297,0.0013444444444444445,0.39584013806996154,0.0,0.9988888888888889,0.0011111111111111111,0.29609736600014
NBaIoT_MixedDevice_9Sources_Balanced,Cumulative,IID,52,FLTrust,0.998722221310011,0.0011555555555555555,0.4336685302400474,0.0,0.9994444442729766,0.0011111111111111111,0.33142734700049914
NBaIoT_MixedDevice_9Sources_Balanced,Cumulative,IID,52,FedAvg,0.9985833323405299,0.0012777777777777776,0.43197808962000633,0.0,0.9988888888888889,0.0011111111111111111,0.3295334989998082
NBaIoT_MixedDevice_9Sources_Balanced,Cumulative,IID,52,Krum,0.9978555534053463,0.002833333333333333,0.43476895089990647,0.0,0.9983333328189299,0.0022222222222222222,0.2999566650005363
NBaIoT_MixedDevice_9Sources_Balanced,Cumulative,NonIID_Dirichlet,43,Adaptive_FixedCircuitBreaker,0.9942718672135471,0.004511111111111112,0.4049063342399859,0.0,0.9944444170094667,0.0033333333333333335,0.2971436909992917
NBaIoT_MixedDevice_9Sources_Balanced,Cumulative,NonIID_Dirichlet,43,Adaptive_NoAdaptiveWeighting,0.9943162770450096,0.004577777777777778,0.38254468945001463,0.0,0.9949999861110725,0.0033333333333333335,0.2853188159997444
NBaIoT_MixedDevice_9Sources_Balanced,Cumulative,NonIID_Dirichlet,43,Adaptive_NoCircuitBreaker,0.9942718672135471,0.004511111111111112,0.42112824085998907,0.0,0.9944444170094667,0.0033333333333333335,0.29658969000047364
NBaIoT_MixedDevice_9Sources_Balanced,Cumulative,NonIID_Dirichlet,43,Adaptive_NoTemporalMemory,0.994310877269895,0.004433333333333333,0.4238031817500723,0.0,0.9944444170094667,0.0033333333333333335,0.28407154500018805
NBaIoT_MixedDevice_9Sources_Balanced,Cumulative,NonIID_Dirichlet,43,Adaptive_Ultimate,0.9942718672135471,0.004511111111111112,0.4023343146899333,0.0,0.9944444170094667,0.0033333333333333335,0.7448333559996172
NBaIoT_MixedDevice_9Sources_Balanced,Cumulative,NonIID_Dirichlet,43,FLAME,0.8580035909221131,0.010255555555555556,0.3857497821099878,0.0,0.9955555500685803,0.0033333333333333335,0.29132481800024834
NBaIoT_MixedDevice_9Sources_Balanced,Cumulative,NonIID_Dirichlet,43,FLTrust,0.9943719898710717,0.004433333333333333,0.4254264496200085,0.0,0.9949999861110725,0.0033333333333333335,0.28778362100001686
NBaIoT_MixedDevice_9Sources_Balanced,Cumulative,NonIID_Dirichlet,43,FedAvg,0.995688806553469,0.0031444444444444445,0.42330395678001875,0.0,0.9977777750342902,0.0011111111111111111,0.2844245830001455
NBaIoT_MixedDevice_9Sources_Balanced,Cumulative,NonIID_Dirichlet,43,Krum,0.815429307780475,0.01118888888888889,0.4472754599799737,0.0,0.9532409698169223,0.0022222222222222222,0.29341698000007455
NBaIoT_MixedDevice_9Sources_Balanced,Cumulative,NonIID_Dirichlet,44,Adaptive_FixedCircuitBreaker,0.9963388803994975,0.0022444444444444443,0.4342853754600219,0.0,0.996111100308612,0.0022222222222222222,0.34532284299984894
NBaIoT_MixedDevice_9Sources_Balanced,Cumulative,NonIID_Dirichlet,44,Adaptive_NoAdaptiveWeighting,0.9966611059413479,0.0021888888888888887,0.3977747752599862,0.0,0.9966666625514352,0.0022222222222222222,0.6998615669999708
NBaIoT_MixedDevice_9Sources_Balanced,Cumulative,NonIID_Dirichlet,44,Adaptive_NoCircuitBreaker,0.9963388803994975,0.0022444444444444443,0.4295006440800353,0.0,0.996111100308612,0.0022222222222222222,0.3014285220006059
NBaIoT_MixedDevice_9Sources_Balanced,Cumulative,NonIID_Dirichlet,44,Adaptive_NoTemporalMemory,0.9963611028549166,0.0022444444444444443,0.43289558928995575,0.0,0.996111100308612,0.0022222222222222222,0.2951965829997789
NBaIoT_MixedDevice_9Sources_Balanced,Cumulative,NonIID_Dirichlet,44,Adaptive_Ultimate,0.9963388803994975,0.0022444444444444443,0.39175474169004704,0.0,0.996111100308612,0.0022222222222222222,0.3056133609998142
NBaIoT_MixedDevice_9Sources_Balanced,Cumulative,NonIID_Dirichlet,44,FLAME,0.9967722168741245,0.0021444444444444445,0.42884042875005435,0.0,0.9966666625514352,0.0022222222222222222,0.3384132290002526
NBaIoT_MixedDevice_9Sources_Balanced,Cumulative,NonIID_Dirichlet,44,FLTrust,0.9963666585116386,0.0022444444444444443,0.4339023098299458,0.0,0.996111100308612,0.0022222222222222222,0.3041405189997022
NBaIoT_MixedDevice_9Sources_Balanced,Cumulative,NonIID_Dirichlet,44,FedAvg,0.997222220517827,0.0023555555555555556,0.4325313854900105,0.0,0.9972222213648831,0.0022222222222222222,0.3818416049998632
NBaIoT_MixedDevice_9Sources_Balanced,Cumulative,NonIID_Dirichlet,44,Krum,0.9923773330729629,0.001988888888888889,0.39662301109005055,0.0,0.9888877776666556,0.0022222222222222222,0.5919443700004194
NBaIoT_MixedDevice_9Sources_Balanced,Cumulative,NonIID_Dirichlet,45,Adaptive_FixedCircuitBreaker,0.9957028201280884,0.006500000000000001,0.4239682038699721,0.0,0.9977777777777778,0.0033333333333333335,0.3288190769999346
NBaIoT_MixedDevice_9Sources_Balanced,Cumulative,NonIID_Dirichlet,45,Adaptive_NoAdaptiveWeighting,0.9953707422778745,0.006788888888888889,0.3862001032299395,0.0,0.9977777777777778,0.0033333333333333335,0.28634221900028933
NBaIoT_MixedDevice_9Sources_Balanced,Cumulative,NonIID_Dirichlet,45,Adaptive_NoCircuitBreaker,0.9957028201280884,0.006500000000000001,0.42538194644000216,0.0,0.9977777777777778,0.0033333333333333335,0.29779205700015154
NBaIoT_MixedDevice_9Sources_Balanced,Cumulative,NonIID_Dirichlet,45,Adaptive_NoTemporalMemory,0.9958882007052314,0.006088888888888889,0.4246531868600414,0.0,0.9977777777777778,0.0033333333333333335,1.8062396289997196
NBaIoT_MixedDevice_9Sources_Balanced,Cumulative,NonIID_Dirichlet,45,Adaptive_Ultimate,0.9957028201280884,0.006500000000000001,0.3853758235099758,0.0,0.9977777777777778,0.0033333333333333335,0.3301655730001585
NBaIoT_MixedDevice_9Sources_Balanced,Cumulative,NonIID_Dirichlet,45,FLAME,0.9977444407441151,0.0017555555555555556,0.3877012667399777,0.0,0.9977777777777778,0.0022222222222222222,0.29606421000062255
NBaIoT_MixedDevice_9Sources_Balanced,Cumulative,NonIID_Dirichlet,45,FLTrust,0.9958882007052314,0.0061222222222222225,0.430573386799997,0.0,0.9977777777777778,0.0033333333333333335,0.29209681899919815
NBaIoT_MixedDevice_9Sources_Balanced,Cumulative,NonIID_Dirichlet,45,FedAvg,0.9978388874468281,0.001988888888888889,0.4291236031000153,0.0,0.9977777777777778,0.0022222222222222222,0.2922972810001738
NBaIoT_MixedDevice_9Sources_Balanced,Cumulative,NonIID_Dirichlet,45,Krum,0.9922596986414921,0.011899999999999999,0.42869666968003,0.0,0.9872219027697915,0.021111111111111112,0.29211717399994086
NBaIoT_MixedDevice_9Sources_Balanced,Cumulative,NonIID_Dirichlet,46,Adaptive_FixedCircuitBreaker,0.9943561378849495,0.0029000000000000002,0.42957742106002117,0.3,0.9966666666666667,0.0033333333333333335,0.2860483820004447
NBaIoT_MixedDevice_9Sources_Balanced,Cumulative,NonIID_Dirichlet,46,Adaptive_NoAdaptiveWeighting,0.9919636642209936,0.002877777777777778,0.4254563758599761,0.0,0.9966666666666667,0.0033333333333333335,0.32887535999998363
NBaIoT_MixedDevice_9Sources_Balanced,Cumulative,NonIID_Dirichlet,46,Adaptive_NoCircuitBreaker,0.9943616934319316,0.002888888888888889,0.38758944147994046,0.0,0.9972222213648831,0.0022222222222222222,0.2849446820000594
NBaIoT_MixedDevice_9Sources_Balanced,Cumulative,NonIID_Dirichlet,46,Adaptive_NoTemporalMemory,0.9950160199513816,0.0029111111111111117,0.38556547360000876,0.0,0.9966666666666667,0.0033333333333333335,0.2848326740004268
NBaIoT_MixedDevice_9Sources_Balanced,Cumulative,NonIID_Dirichlet,46,Adaptive_Ultimate,0.9943561378849495,0.0029000000000000002,0.42264255307005444,0.0,0.9966666666666667,0.0033333333333333335,0.29292282900041755
NBaIoT_MixedDevice_9Sources_Balanced,Cumulative,NonIID_Dirichlet,46,FLAME,0.9965451687862683,0.0018888888888888887,0.43368315800998064,0.0,0.9972222213648831,0.0022222222222222222,0.2930209099995409
NBaIoT_MixedDevice_9Sources_Balanced,Cumulative,NonIID_Dirichlet,46,FLTrust,0.9950160199685284,0.0029111111111111117,0.3871316607800054,0.0,0.9966666666666667,0.0033333333333333335,0.6157524800000829
NBaIoT_MixedDevice_9Sources_Balanced,Cumulative,NonIID_Dirichlet,46,FedAvg,0.9977499987911465,0.0017222222222222222,0.4252786806100357,0.0,0.9994444442729766,0.0011111111111111111,0.3984726099997715
NBaIoT_MixedDevice_9Sources_Balanced,Cumulative,NonIID_Dirichlet,46,Krum,0.5434987109145853,0.0012222222222222222,0.38462141385001813,0.0,0.49731374937499784,0.0011111111111111111,0.28744217199982813
NBaIoT_MixedDevice_9Sources_Balanced,Cumulative,NonIID_Dirichlet,47,Adaptive_FixedCircuitBreaker,0.999038887683461,0.0012666666666666668,0.43681980174002094,0.0,0.9983333328189299,0.0011111111111111111,0.3313380079998751
NBaIoT_MixedDevice_9Sources_Balanced,Cumulative,NonIID_Dirichlet,47,Adaptive_NoAdaptiveWeighting,0.9991388879269492,0.0012666666666666668,0.4371629024300273,0.0,0.9994444442729766,0.0011111111111111111,0.3421223520008425
NBaIoT_MixedDevice_9Sources_Balanced,Cumulative,NonIID_Dirichlet,47,Adaptive_NoCircuitBreaker,0.999038887683461,0.0012666666666666668,0.4348954071699609,0.0,0.9983333328189299,0.0011111111111111111,0.29862092299936194
NBaIoT_MixedDevice_9Sources_Balanced,Cumulative,NonIID_Dirichlet,47,Adaptive_NoTemporalMemory,0.9990722198233651,0.0011888888888888889,0.3916660231199603,0.0,0.9983333328189299,0.0011111111111111111,0.2985361789997114
NBaIoT_MixedDevice_9Sources_Balanced,Cumulative,NonIID_Dirichlet,47,Adaptive_Ultimate,0.999038887683461,0.0012666666666666668,0.43769572344993324,0.0,0.9983333328189299,0.0011111111111111111,0.3066270760000407
NBaIoT_MixedDevice_9Sources_Balanced,Cumulative,NonIID_Dirichlet,47,FLAME,0.9990611064282379,0.0011666666666666668,0.4388051181299397,0.0,0.9988888888888889,0.0011111111111111111,0.33554853899931913
NBaIoT_MixedDevice_9Sources_Balanced,Cumulative,NonIID_Dirichlet,47,FLTrust,0.9990722198233651,0.0011888888888888889,0.3929184256499957,0.0,0.9983333328189299,0.0011111111111111111,0.3007218450002256
NBaIoT_MixedDevice_9Sources_Balanced,Cumulative,NonIID_Dirichlet,47,FedAvg,0.9990388876423083,0.0012444444444444445,0.39417386206999255,0.0,0.9988888888888889,0.0011111111111111111,0.30485872700046457
NBaIoT_MixedDevice_9Sources_Balanced,Cumulative,NonIID_Dirichlet,47,Krum,0.9954833143328191,0.005,0.4384580770499906,0.0,0.9944444170094667,0.0033333333333333335,0.3311792570002581
NBaIoT_MixedDevice_9Sources_Balanced,Cumulative,NonIID_Dirichlet,48,Adaptive_FixedCircuitBreaker,0.9958777707406385,0.003811111111111111,0.401475654169999,0.0,0.9972222213648831,0.0033333333333333335,0.3502278899995872
NBaIoT_MixedDevice_9Sources_Balanced,Cumulative,NonIID_Dirichlet,48,Adaptive_NoAdaptiveWeighting,0.9959722141442684,0.0036444444444444445,0.4435799390399825,0.0,0.9977777750342902,0.0011111111111111111,0.3037847600007808
NBaIoT_MixedDevice_9Sources_Balanced,Cumulative,NonIID_Dirichlet,48,Adaptive_NoCircuitBreaker,0.9958777707406385,0.003811111111111111,0.4429666196999915,0.0,0.9972222213648831,0.0033333333333333335,0.4801567949998571
NBaIoT_MixedDevice_9Sources_Balanced,Cumulative,NonIID_Dirichlet,48,Adaptive_NoTemporalMemory,0.9958833277211129,0.003766666666666667,0.4460873354499927,0.0,0.9966666666666667,0.0033333333333333335,0.31025559499994415
NBaIoT_MixedDevice_9Sources_Balanced,Cumulative,NonIID_Dirichlet,48,Adaptive_Ultimate,0.9958777707406385,0.003811111111111111,0.4428372606900302,0.0,0.9972222213648831,0.0033333333333333335,0.30831309299992427
NBaIoT_MixedDevice_9Sources_Balanced,Cumulative,NonIID_Dirichlet,48,FLAME,0.9962499831804321,0.0031222222222222224,0.4486263799000244,0.0,0.9972222145061513,0.0011111111111111111,0.3582132969995655
NBaIoT_MixedDevice_9Sources_Balanced,Cumulative,NonIID_Dirichlet,48,FLTrust,0.9958833277211129,0.003766666666666667,0.44510757972003373,0.0,0.9966666666666667,0.0033333333333333335,0.3087975890002781
NBaIoT_MixedDevice_9Sources_Balanced,Cumulative,NonIID_Dirichlet,48,FedAvg,0.9970388814145561,0.0017888888888888891,0.44419825305000815,0.0,0.9988888875171451,0.0011111111111111111,0.3070238579994111
NBaIoT_MixedDevice_9Sources_Balanced,Cumulative,NonIID_Dirichlet,48,Krum,0.9868936488467341,0.020855555555555558,0.40312026008996327,0.0,0.9844432152663913,0.024444444444444446,0.3066347659996609
NBaIoT_MixedDevice_9Sources_Balanced,Cumulative,NonIID_Dirichlet,49,Adaptive_FixedCircuitBreaker,0.9971331796343186,0.0004666666666666666,0.4562430530100028,0.0,0.9983333287036908,0.0,0.32133091000014247
NBaIoT_MixedDevice_9Sources_Balanced,Cumulative,NonIID_Dirichlet,49,Adaptive_NoAdaptiveWeighting,0.9968886188600181,0.0004666666666666666,0.46016994188002175,0.0,0.9983333287036908,0.0,0.3334504900003594
NBaIoT_MixedDevice_9Sources_Balanced,Cumulative,NonIID_Dirichlet,49,Adaptive_NoCircuitBreaker,0.9971331796343186,0.0004666666666666666,0.45909774377001666,0.0,0.9983333287036908,0.0,0.3647422420008297
NBaIoT_MixedDevice_9Sources_Balanced,Cumulative,NonIID_Dirichlet,49,Adaptive_NoTemporalMemory,0.9971559154460965,0.0004666666666666666,0.461215394940009,0.0,0.9983333287036908,0.0,0.3198854789998222
NBaIoT_MixedDevice_9Sources_Balanced,Cumulative,NonIID_Dirichlet,49,Adaptive_Ultimate,0.9971331796343186,0.0004666666666666666,0.45861363525998966,0.0,0.9983333287036908,0.0,0.32702313199933997
NBaIoT_MixedDevice_9Sources_Balanced,Cumulative,NonIID_Dirichlet,49,FLAME,0.9906028520548082,0.003811111111111111,0.42827756417000273,0.0,0.9977777668037867,0.0,0.5578475259999323
NBaIoT_MixedDevice_9Sources_Balanced,Cumulative,NonIID_Dirichlet,49,FLTrust,0.9971670266840945,0.0004666666666666666,0.4566618980500061,0.0,0.9983333287036908,0.0,0.3302067189997615
NBaIoT_MixedDevice_9Sources_Balanced,Cumulative,NonIID_Dirichlet,49,FedAvg,0.9978888823695319,0.0019,0.462371061520098,0.0,0.9972222213648831,0.0033333333333333335,0.33151077599995915
NBaIoT_MixedDevice_9Sources_Balanced,Cumulative,NonIID_Dirichlet,49,Krum,0.9842382174022873,0.003911111111111112,0.4574660809199304,0.0,0.9916660879227724,0.0,2.3004655129998355
NBaIoT_MixedDevice_9Sources_Balanced,Cumulative,NonIID_Dirichlet,50,Adaptive_FixedCircuitBreaker,0.9927178139545323,0.006511111111111112,0.45566534009995846,0.0,0.9949999243815725,0.0011111111111111111,0.3214071120000881
NBaIoT_MixedDevice_9Sources_Balanced,Cumulative,NonIID_Dirichlet,50,Adaptive_NoAdaptiveWeighting,0.9936835576045904,0.006477777777777778,0.4558630339800402,0.0,0.99666665020568,0.0011111111111111111,0.707867250000163
NBaIoT_MixedDevice_9Sources_Balanced,Cumulative,NonIID_Dirichlet,50,Adaptive_NoCircuitBreaker,0.9927178139545323,0.006511111111111112,0.4143712806000167,0.0,0.9949999243815725,0.0011111111111111111,0.43262563000007503
NBaIoT_MixedDevice_9Sources_Balanced,Cumulative,NonIID_Dirichlet,50,Adaptive_NoTemporalMemory,0.9929655212660475,0.006155555555555556,0.4552281714700075,0.0,0.9949999243815725,0.0011111111111111111,0.32177395100006834
NBaIoT_MixedDevice_9Sources_Balanced,Cumulative,NonIID_Dirichlet,50,Adaptive_Ultimate,0.9927178139545323,0.006511111111111112,0.45571785335997445,0.0,0.9949999243815725,0.0011111111111111111,0.36057301399978314
NBaIoT_MixedDevice_9Sources_Balanced,Cumulative,NonIID_Dirichlet,50,FLAME,0.9917035636046133,0.008733333333333333,0.43759054182001816,0.0,0.9944444375857254,0.0044444444444444444,0.3196348550000039
NBaIoT_MixedDevice_9Sources_Balanced,Cumulative,NonIID_Dirichlet,50,FLTrust,0.9930933049681624,0.006166666666666667,0.45659904720003397,0.0,0.9955555061722908,0.0011111111111111111,0.32824448900009884
NBaIoT_MixedDevice_9Sources_Balanced,Cumulative,NonIID_Dirichlet,50,FedAvg,0.9964277358370964,0.0012555555555555555,0.45537631816003343,0.0,0.99666665020568,0.0011111111111111111,0.3118930910004565
NBaIoT_MixedDevice_9Sources_Balanced,Cumulative,NonIID_Dirichlet,50,Krum,0.9633646351337427,0.06107777777777778,0.43364506138997966,0.0,0.9783303838578029,0.03222222222222222,0.8017082540000047
NBaIoT_MixedDevice_9Sources_Balanced,Cumulative,NonIID_Dirichlet,51,Adaptive_FixedCircuitBreaker,0.9965221798365202,0.0017777777777777779,0.3856398792499749,0.0,0.9977777750342902,0.0011111111111111111,0.29009630699874833
NBaIoT_MixedDevice_9Sources_Balanced,Cumulative,NonIID_Dirichlet,51,Adaptive_NoAdaptiveWeighting,0.9963666228991951,0.0017666666666666666,0.3867348110900275,0.0,0.9977777750342902,0.0011111111111111111,0.38289190500108816
NBaIoT_MixedDevice_9Sources_Balanced,Cumulative,NonIID_Dirichlet,51,Adaptive_NoCircuitBreaker,0.9965221798365202,0.0017777777777777779,0.4246871643599661,0.0,0.9977777750342902,0.0011111111111111111,0.29279753399896435
NBaIoT_MixedDevice_9Sources_Balanced,Cumulative,NonIID_Dirichlet,51,Adaptive_NoTemporalMemory,0.9965721899551733,0.0017666666666666666,0.42641181981003684,0.0,0.9977777750342902,0.0011111111111111111,0.3195493229995918
NBaIoT_MixedDevice_9Sources_Balanced,Cumulative,NonIID_Dirichlet,51,Adaptive_Ultimate,0.9965221798365202,0.0017777777777777779,0.42277875105995916,0.0,0.9977777750342902,0.0011111111111111111,0.28603049800040026
NBaIoT_MixedDevice_9Sources_Balanced,Cumulative,NonIID_Dirichlet,51,FLAME,0.9947965965994736,0.006,0.426053990230057,0.0,0.9977777750342902,0.0011111111111111111,1.3627828110002156
NBaIoT_MixedDevice_9Sources_Balanced,Cumulative,NonIID_Dirichlet,51,FLTrust,0.9965555230261591,0.0017666666666666666,0.3864728217100219,0.0,0.9977777750342902,0.0011111111111111111,0.3315982530002657
NBaIoT_MixedDevice_9Sources_Balanced,Cumulative,NonIID_Dirichlet,51,FedAvg,0.9974333175679572,0.0015222222222222223,0.3860426725400521,0.0,0.9977777750342902,0.0011111111111111111,0.29549431200030085
NBaIoT_MixedDevice_9Sources_Balanced,Cumulative,NonIID_Dirichlet,51,Krum,0.9881720566922406,0.01078888888888889,0.4288469264200467,0.0,0.9938887361072916,0.0011111111111111111,0.3004076659999555
NBaIoT_MixedDevice_9Sources_Balanced,Cumulative,NonIID_Dirichlet,52,Adaptive_FixedCircuitBreaker,0.9967611092472535,0.002577777777777778,0.43459830745990985,0.0,0.9972222213648831,0.0022222222222222222,2.0128374169999006
NBaIoT_MixedDevice_9Sources_Balanced,Cumulative,NonIID_Dirichlet,52,Adaptive_NoAdaptiveWeighting,0.9976555540912179,0.0021444444444444445,0.4367103789200519,0.0,0.9977777777777778,0.0022222222222222222,0.3349543080003059
NBaIoT_MixedDevice_9Sources_Balanced,Cumulative,NonIID_Dirichlet,52,Adaptive_NoCircuitBreaker,0.9967611092472535,0.002577777777777778,0.43678115487997277,0.0,0.9972222213648831,0.0022222222222222222,0.30555502800052636
NBaIoT_MixedDevice_9Sources_Balanced,Cumulative,NonIID_Dirichlet,52,Adaptive_NoTemporalMemory,0.9967944425737282,0.0025666666666666667,0.39816446669998184,0.0,0.9972222213648831,0.0022222222222222222,0.3072950950008817
NBaIoT_MixedDevice_9Sources_Balanced,Cumulative,NonIID_Dirichlet,52,Adaptive_Ultimate,0.9967611092472535,0.002577777777777778,0.436399569459918,0.0,0.9972222213648831,0.0022222222222222222,0.3007609180003783
NBaIoT_MixedDevice_9Sources_Balanced,Cumulative,NonIID_Dirichlet,52,FLAME,0.996866657640539,0.0042,0.39793122641987794,0.0,0.996111100308612,0.005555555555555556,0.30882390800070425
NBaIoT_MixedDevice_9Sources_Balanced,Cumulative,NonIID_Dirichlet,52,FLTrust,0.996861109003769,0.0025666666666666667,0.43827036548009346,0.0,0.9972222213648831,0.0022222222222222222,0.29703104899999744
NBaIoT_MixedDevice_9Sources_Balanced,Cumulative,NonIID_Dirichlet,52,FedAvg,0.9991499983864804,0.0001,0.4367671327800781,0.0,0.9994444442729766,0.0,0.30642483700103185
NBaIoT_MixedDevice_9Sources_Balanced,Cumulative,NonIID_Dirichlet,52,Krum,0.9914087626411743,0.004422222222222222,0.4381277997300094,0.0,0.99333330041136,0.0044444444444444444,0.30515981699863914
NBaIoT_MixedDevice_9Sources_Balanced,OnOff,IID,43,Adaptive_FixedCircuitBreaker,0.9949055531567148,0.004522222222222223,0.6535637170598784,0.51,0.9949999984567897,0.0044444444444444444,0.510316641004465
NBaIoT_MixedDevice_9Sources_Balanced,OnOff,IID,43,Adaptive_NoAdaptiveWeighting,0.9949055531567148,0.004522222222222223,0.6526801389596949,0.19,0.9949999984567897,0.0044444444444444444,0.46874502900027437
NBaIoT_MixedDevice_9Sources_Balanced,OnOff,IID,43,Adaptive_NoCircuitBreaker,0.9954333314437521,0.004288888888888889,0.6532085423997341,0.0,0.9972222213648831,0.0033333333333333335,0.5074766660036403
NBaIoT_MixedDevice_9Sources_Balanced,OnOff,IID,43,Adaptive_NoTemporalMemory,0.9949722200085668,0.004522222222222223,0.6577959540796292,0.18,0.9955555555555555,0.0044444444444444444,0.4715651840015198
NBaIoT_MixedDevice_9Sources_Balanced,OnOff,IID,43,Adaptive_Ultimate,0.9949055531567148,0.004522222222222223,0.6913311422100378,0.19,0.9949999984567897,0.0044444444444444444,0.4902928619994782
NBaIoT_MixedDevice_9Sources_Balanced,OnOff,IID,43,FLAME,0.9002358230306565,0.1778,0.6520144842100853,0.0,0.5104915027910863,0.8155555555555556,0.47425720100000035
NBaIoT_MixedDevice_9Sources_Balanced,OnOff,IID,43,FLTrust,0.9954611088494445,0.0044,0.6569625873701443,0.0,0.9972222213648831,0.0033333333333333335,0.7570365159990615
NBaIoT_MixedDevice_9Sources_Balanced,OnOff,IID,43,FedAvg,0.9946666436828323,0.006233333333333333,0.654571694829574,0.0,0.9949999614194553,0.0077777777777777776,0.5109956890009926
NBaIoT_MixedDevice_9Sources_Balanced,OnOff,IID,43,Krum,0.9150285887566253,0.15207777777777778,0.6526080895603081,0.0,0.7026978419066578,0.5488888888888889,0.49991524299548473
NBaIoT_MixedDevice_9Sources_Balanced,OnOff,IID,44,Adaptive_FixedCircuitBreaker,0.9981277772067897,0.0022444444444444443,0.6476470514900575,0.62,0.9983333328189299,0.0022222222222222222,0.46078680400387384
NBaIoT_MixedDevice_9Sources_Balanced,OnOff,IID,44,Adaptive_NoAdaptiveWeighting,0.9980555548868308,0.0022444444444444443,0.6427978800001438,0.18,0.9983333328189299,0.0022222222222222222,0.48801907199958805
NBaIoT_MixedDevice_9Sources_Balanced,OnOff,IID,44,Adaptive_NoCircuitBreaker,0.997977777263374,0.002022222222222222,0.6793602394003392,0.0,0.9966666625514352,0.0022222222222222222,1.6709518019997631
NBaIoT_MixedDevice_9Sources_Balanced,OnOff,IID,44,Adaptive_NoTemporalMemory,0.9980999994855962,0.0018666666666666666,0.6443449590196542,0.18,0.9977777777777778,0.0022222222222222222,0.4642445850040531
NBaIoT_MixedDevice_9Sources_Balanced,OnOff,IID,44,Adaptive_Ultimate,0.9981333327674892,0.0017555555555555556,0.6454048689096816,0.19,0.9983333328189299,0.0011111111111111111,0.503646037002909
NBaIoT_MixedDevice_9Sources_Balanced,OnOff,IID,44,FLAME,0.9595412797679355,0.20595555555555556,0.6924087719903036,0.0,0.9955555061722908,0.5444444444444444,0.7121556069978396
NBaIoT_MixedDevice_9Sources_Balanced,OnOff,IID,44,FLTrust,0.9979444440432094,0.0021222222222222224,0.648922181389571,0.0,0.9977777777777778,0.0022222222222222222,0.5055510759993922
NBaIoT_MixedDevice_9Sources_Balanced,OnOff,IID,44,FedAvg,0.9971110857298418,0.012466666666666666,0.648558358219816,0.0,0.99666665020568,0.017777777777777778,0.49823609399754787
NBaIoT_MixedDevice_9Sources_Balanced,OnOff,IID,44,Krum,0.9719532888155038,0.14274444444444445,0.6526642390205961,0.0,0.9744291650813572,0.9455555555555556,0.5122058689958067
NBaIoT_MixedDevice_9Sources_Balanced,OnOff,IID,45,Adaptive_FixedCircuitBreaker,0.9979943468265984,0.002211111111111111,0.647643594549736,0.1,0.9983333328189299,0.0022222222222222222,0.4626298200018937
NBaIoT_MixedDevice_9Sources_Balanced,OnOff,IID,45,Adaptive_NoAdaptiveWeighting,0.9978221247638417,0.0018444444444444443,0.6446600049798143,0.0,0.9983333328189299,0.0011111111111111111,0.4982721850028611
NBaIoT_MixedDevice_9Sources_Balanced,OnOff,IID,45,Adaptive_NoCircuitBreaker,0.9979943468265984,0.002211111111111111,0.6467704333800793,0.0,0.9983333328189299,0.0022222222222222222,0.4668390279985033
NBaIoT_MixedDevice_9Sources_Balanced,OnOff,IID,45,Adaptive_NoTemporalMemory,0.9981832363979304,0.002211111111111111,0.6497298651601159,0.0,0.9983333328189299,0.0022222222222222222,0.49683767799433554
NBaIoT_MixedDevice_9Sources_Balanced,OnOff,IID,45,Adaptive_Ultimate,0.9979943468265984,0.002211111111111111,0.6476675966002222,0.0,0.9983333328189299,0.0022222222222222222,0.49693556699639885
NBaIoT_MixedDevice_9Sources_Balanced,OnOff,IID,45,FLAME,0.9652560173942791,0.2298,0.6845578970300267,0.0,0.9955555500685803,0.7277777777777777,2.13489036700048
NBaIoT_MixedDevice_9Sources_Balanced,OnOff,IID,45,FLTrust,0.998161014155132,0.0022444444444444443,0.6576781738604041,0.0,0.9983333328189299,0.0022222222222222222,0.49415927800146164
NBaIoT_MixedDevice_9Sources_Balanced,OnOff,IID,45,FedAvg,0.9972832207953772,0.0045000000000000005,0.6473499865194754,0.0,0.9961111099108364,0.0077777777777777776,0.4473212389930268
NBaIoT_MixedDevice_9Sources_Balanced,OnOff,IID,45,Krum,0.974862789865685,0.13715555555555556,0.6495300435696845,0.0,0.9783277079019586,0.93,0.5171611830010079
NBaIoT_MixedDevice_9Sources_Balanced,OnOff,IID,46,Adaptive_FixedCircuitBreaker,0.9970555507887393,0.0019,0.6506327786197653,0.36,0.9972222213648831,0.0022222222222222222,0.4826747270053602
NBaIoT_MixedDevice_9Sources_Balanced,OnOff,IID,46,Adaptive_NoAdaptiveWeighting,0.9968499961128165,0.0023333333333333335,0.6431897931996354,0.0,0.9972222213648831,0.0022222222222222222,0.4565475109993713
NBaIoT_MixedDevice_9Sources_Balanced,OnOff,IID,46,Adaptive_NoCircuitBreaker,0.9972222194718728,0.0021555555555555555,0.6428275246801058,0.0,0.9977777777777778,0.0022222222222222222,0.4600931929962826
NBaIoT_MixedDevice_9Sources_Balanced,OnOff,IID,46,Adaptive_NoTemporalMemory,0.9970444416186498,0.0021888888888888887,0.651993515050126,0.0,0.9972222213648831,0.0022222222222222222,0.4596320089985966
NBaIoT_MixedDevice_9Sources_Balanced,OnOff,IID,46,Adaptive_Ultimate,0.9970777742386745,0.0020555555555555553,0.6811729233002553,0.0,0.9972222213648831,0.0022222222222222222,2.3515157579968218
NBaIoT_MixedDevice_9Sources_Balanced,OnOff,IID,46,FLAME,0.9598516236711586,0.2137,0.6486913570899924,0.0,0.9927775972177082,0.6188888888888889,0.48120462099905126
NBaIoT_MixedDevice_9Sources_Balanced,OnOff,IID,46,FLTrust,0.9972333306995829,0.002311111111111111,0.6478454839094048,0.0,0.9977777750342902,0.0033333333333333335,0.5442508589985664
NBaIoT_MixedDevice_9Sources_Balanced,OnOff,IID,46,FedAvg,0.9940330133216011,0.01898888888888889,0.6437728034496104,0.0,0.9938887964663663,0.023333333333333334,0.5016659839966451
NBaIoT_MixedDevice_9Sources_Balanced,OnOff,IID,46,Krum,0.9646352613592789,0.21921111111111113,0.6434554381000634,0.0,0.9805497865261887,0.9911111111111112,0.49840659099572804
NBaIoT_MixedDevice_9Sources_Balanced,OnOff,IID,47,Adaptive_FixedCircuitBreaker,0.9988666660871001,0.0011111111111111111,0.6880994816196471,0.46,0.9988888888888889,0.0011111111111111111,2.210502401998383
NBaIoT_MixedDevice_9Sources_Balanced,OnOff,IID,47,Adaptive_NoAdaptiveWeighting,0.9988722216409408,0.0011111111111111111,0.644522433619859,0.19,0.9988888888888889,0.0011111111111111111,0.5023339800027316
NBaIoT_MixedDevice_9Sources_Balanced,OnOff,IID,47,Adaptive_NoCircuitBreaker,0.9990055549331218,0.0011111111111111111,0.648260778819822,0.0,0.9988888888888889,0.0011111111111111111,0.469658261994482
NBaIoT_MixedDevice_9Sources_Balanced,OnOff,IID,47,Adaptive_NoTemporalMemory,0.9988666660871001,0.0011111111111111111,0.6478899644905323,0.13,0.9988888888888889,0.0011111111111111111,0.4916171260047122
NBaIoT_MixedDevice_9Sources_Balanced,OnOff,IID,47,Adaptive_Ultimate,0.9988666660871001,0.0011111111111111111,0.6457763592396805,0.19,0.9988888888888889,0.0011111111111111111,0.47547980699891923
NBaIoT_MixedDevice_9Sources_Balanced,OnOff,IID,47,FLAME,0.9034777853750342,0.17206666666666667,0.6504843266799435,0.0,0.6312210680192253,0.6577777777777778,0.552016347006429
NBaIoT_MixedDevice_9Sources_Balanced,OnOff,IID,47,FLTrust,0.9990055549331218,0.0011111111111111111,0.6490300186500099,0.0,0.9994444442729766,0.0011111111111111111,0.46568931399815483
NBaIoT_MixedDevice_9Sources_Balanced,OnOff,IID,47,FedAvg,0.9972888005239714,0.004633333333333333,0.6464496864401008,0.0,0.9949998749968749,0.01,0.504304633999709
NBaIoT_MixedDevice_9Sources_Balanced,OnOff,IID,47,Krum,0.9186355714820981,0.14496666666666666,0.6468167717996403,0.0,0.615747726577031,0.6777777777777778,0.47590161900006933
NBaIoT_MixedDevice_9Sources_Balanced,OnOff,IID,48,Adaptive_FixedCircuitBreaker,0.9983888842763641,0.0003111111111111111,0.65297107755061,0.34,0.9988888875171451,0.0,0.4674199820001377
NBaIoT_MixedDevice_9Sources_Balanced,OnOff,IID,48,Adaptive_NoAdaptiveWeighting,0.9984722173679268,0.00014444444444444444,0.6503855656497035,0.0,0.9988888875171451,0.0,0.4711823609977728
NBaIoT_MixedDevice_9Sources_Balanced,OnOff,IID,48,Adaptive_NoCircuitBreaker,0.9982833281018079,0.0003111111111111111,0.6488631568497658,0.0,0.9983333287036908,0.0,0.49890418999711983
NBaIoT_MixedDevice_9Sources_Balanced,OnOff,IID,48,Adaptive_NoTemporalMemory,0.9983999954011926,0.0003,0.6490693254598591,0.0,0.9988888875171451,0.0,0.500221889000386
NBaIoT_MixedDevice_9Sources_Balanced,OnOff,IID,48,Adaptive_Ultimate,0.9983888842763641,0.0003111111111111111,0.6884183213797224,0.0,0.9988888875171451,0.0,2.4510824079989106
NBaIoT_MixedDevice_9Sources_Balanced,OnOff,IID,48,FLAME,0.9638982674887728,0.2668333333333333,0.6543633215501905,0.0,0.9883325230918814,0.9955555555555555,0.5090404590009712
NBaIoT_MixedDevice_9Sources_Balanced,OnOff,IID,48,FLTrust,0.9983555506961163,0.0003,0.6507342299698212,0.0,0.9983333287036908,0.0,0.461457147001056
NBaIoT_MixedDevice_9Sources_Balanced,OnOff,IID,48,FedAvg,0.9961055159912836,0.017955555555555554,0.6483274480602995,0.0,0.993888871913533,0.03888888888888889,0.502726298997004
NBaIoT_MixedDevice_9Sources_Balanced,OnOff,IID,48,Krum,0.9635917890231299,0.20838888888888887,0.6464081276106299,0.0,0.9716504881952694,0.8555555555555555,0.5005770650022896
NBaIoT_MixedDevice_9Sources_Balanced,OnOff,IID,49,Adaptive_FixedCircuitBreaker,0.9977388823336157,0.0008444444444444444,0.65259521200991,0.61,0.9977777750342902,0.0011111111111111111,0.4921740600038902
NBaIoT_MixedDevice_9Sources_Balanced,OnOff,IID,49,Adaptive_NoAdaptiveWeighting,0.9979333261179033,0.0005333333333333333,0.6726226470495021,0.11,0.9983333328189299,0.0011111111111111111,0.48812989700672915
NBaIoT_MixedDevice_9Sources_Balanced,OnOff,IID,49,Adaptive_NoCircuitBreaker,0.9980444391151676,0.0008444444444444444,0.6489711544796591,0.0,0.9983333328189299,0.0011111111111111111,0.48381630800577113
NBaIoT_MixedDevice_9Sources_Balanced,OnOff,IID,49,Adaptive_NoTemporalMemory,0.9979888834498736,0.0008444444444444444,0.6766428144704696,0.0,0.9983333328189299,0.0011111111111111111,1.9637312429986196
NBaIoT_MixedDevice_9Sources_Balanced,OnOff,IID,49,Adaptive_Ultimate,0.9979499942917789,0.0008444444444444444,0.6482630569898175,0.0,0.9983333328189299,0.0011111111111111111,0.48868133000360103
NBaIoT_MixedDevice_9Sources_Balanced,OnOff,IID,49,FLAME,0.9569717235548965,0.18386666666666668,0.6959987827000441,0.0,0.9794375331708713,0.9944444444444445,0.47267117100273026
NBaIoT_MixedDevice_9Sources_Balanced,OnOff,IID,49,FLTrust,0.9980333278668817,0.0008222222222222222,0.6489819256500777,0.0,0.9983333328189299,0.0011111111111111111,0.4660018979993765
NBaIoT_MixedDevice_9Sources_Balanced,OnOff,IID,49,FedAvg,0.9964666061084906,0.006577777777777778,0.6482640879794053,0.0,0.9955555336075734,0.016666666666666666,0.46956214000238106
NBaIoT_MixedDevice_9Sources_Balanced,OnOff,IID,49,Krum,0.9587418668703133,0.18093333333333333,0.6543164348602295,0.0,0.9872215556922568,0.8755555555555555,0.47128887900180416
NBaIoT_MixedDevice_9Sources_Balanced,OnOff,IID,50,Adaptive_FixedCircuitBreaker,0.9972388748504808,0.0009222222222222222,0.6978071560301032,0.5,0.9972222145061513,0.0011111111111111111,1.3442181649952545
NBaIoT_MixedDevice_9Sources_Balanced,OnOff,IID,50,Adaptive_NoAdaptiveWeighting,0.9972666524653626,0.0008666666666666667,0.6537133581197122,0.0,0.9972222145061513,0.0011111111111111111,0.5068244180001784
NBaIoT_MixedDevice_9Sources_Balanced,OnOff,IID,50,Adaptive_NoCircuitBreaker,0.9971499844492355,0.0009222222222222222,0.6554627961201913,0.0,0.99666665020568,0.0011111111111111111,0.5052288570004748
NBaIoT_MixedDevice_9Sources_Balanced,OnOff,IID,50,Adaptive_NoTemporalMemory,0.9972444303734572,0.0009,0.6551572602202214,0.0,0.9972222145061513,0.0011111111111111111,0.5088364349940093
NBaIoT_MixedDevice_9Sources_Balanced,OnOff,IID,50,Adaptive_Ultimate,0.9972388748504808,0.0009222222222222222,0.6564799374504946,0.0,0.9972222145061513,0.0011111111111111111,0.47101625600043917
NBaIoT_MixedDevice_9Sources_Balanced,OnOff,IID,50,FLAME,0.9640107438039087,0.26985555555555557,0.6492219087797275,0.0,0.996111100308612,0.9988888888888889,0.517658021999523
NBaIoT_MixedDevice_9Sources_Balanced,OnOff,IID,50,FLTrust,0.9972777638851172,0.0009,0.6494939610802976,0.0,0.9972222145061513,0.0011111111111111111,0.4707299809961114
NBaIoT_MixedDevice_9Sources_Balanced,OnOff,IID,50,FedAvg,0.9972277595724985,0.013444444444444443,0.668232470260191,0.0,0.9977777777777778,0.02666666666666667,0.46775024099770235
NBaIoT_MixedDevice_9Sources_Balanced,OnOff,IID,50,Krum,0.9673279580981274,0.20788888888888887,0.6513087909103342,0.0,0.9894440502253325,0.9455555555555556,0.4721068569997442
NBaIoT_MixedDevice_9Sources_Balanced,OnOff,IID,51,Adaptive_FixedCircuitBreaker,0.9981888840156654,0.0011111111111111111,0.6542856116001349,0.68,0.9983333328189299,0.0011111111111111111,0.5063218439972843
NBaIoT_MixedDevice_9Sources_Balanced,OnOff,IID,51,Adaptive_NoAdaptiveWeighting,0.998194439706682,0.0011111111111111111,0.6714475028596644,0.19,0.9983333328189299,0.0011111111111111111,1.9261948349958402
NBaIoT_MixedDevice_9Sources_Balanced,OnOff,IID,51,Adaptive_NoCircuitBreaker,0.9980944392197115,0.0011777777777777778,0.6829689209999924,0.0,0.9977777777777778,0.0022222222222222222,0.4971072449989151
NBaIoT_MixedDevice_9Sources_Balanced,OnOff,IID,51,Adaptive_NoTemporalMemory,0.9981944397649827,0.0011111111111111111,0.655062958870185,0.18,0.9983333328189299,0.0011111111111111111,0.5080101959974854
NBaIoT_MixedDevice_9Sources_Balanced,OnOff,IID,51,Adaptive_Ultimate,0.9981888840156654,0.0011111111111111111,0.6520385306901153,0.2,0.9983333328189299,0.0011111111111111111,0.5302111429991783
NBaIoT_MixedDevice_9Sources_Balanced,OnOff,IID,51,FLAME,0.9685683986468492,0.2624666666666667,0.6971440334695217,0.0,0.9977777777777778,0.7766666666666666,2.0304954940002062
NBaIoT_MixedDevice_9Sources_Balanced,OnOff,IID,51,FLTrust,0.9981888841871362,0.0011111111111111111,0.6523219707997486,0.0,0.9983333328189299,0.0011111111111111111,0.4696628360034083
NBaIoT_MixedDevice_9Sources_Balanced,OnOff,IID,51,FedAvg,0.997949981399954,0.012366666666666666,0.6567035831198155,0.0,0.9983333328189299,0.034444444444444444,0.4754324009991251
NBaIoT_MixedDevice_9Sources_Balanced,OnOff,IID,51,Krum,0.9548303982414772,0.20686666666666667,0.6540406315797737,0.0,0.9905550629029725,0.9711111111111111,0.46498404500016477
NBaIoT_MixedDevice_9Sources_Balanced,OnOff,IID,52,Adaptive_FixedCircuitBreaker,0.9987333329663912,0.0011333333333333332,0.6965880321800069,0.45,0.9983333328189299,0.0011111111111111111,0.5024972620012704
NBaIoT_MixedDevice_9Sources_Balanced,OnOff,IID,52,Adaptive_NoAdaptiveWeighting,0.9988444441392308,0.0010888888888888888,0.6579090626601101,0.32,0.9988888888888889,0.0011111111111111111,0.5047523859975627
NBaIoT_MixedDevice_9Sources_Balanced,OnOff,IID,52,Adaptive_NoCircuitBreaker,0.9987499995456092,0.0012333333333333335,0.6514720205897901,0.0,0.9983333328189299,0.0011111111111111111,0.46761218499887036
NBaIoT_MixedDevice_9Sources_Balanced,OnOff,IID,52,Adaptive_NoTemporalMemory,0.9984111101783246,0.0011333333333333332,0.6522635265396821,0.24,0.9977777750342902,0.0011111111111111111,0.4738853070011828
NBaIoT_MixedDevice_9Sources_Balanced,OnOff,IID,52,Adaptive_Ultimate,0.9985666660596695,0.0011333333333333332,0.6538617050198081,0.16,0.9983333328189299,0.0011111111111111111,0.46539869800471934
NBaIoT_MixedDevice_9Sources_Balanced,OnOff,IID,52,FLAME,0.9648578971751042,0.2573111111111111,0.6649694821899175,0.0,0.9933332592584362,0.9966666666666667,0.4787858479976421
NBaIoT_MixedDevice_9Sources_Balanced,OnOff,IID,52,FLTrust,0.9984666660253759,0.0013666666666666666,0.6568678883500252,0.0,0.9983333328189299,0.0022222222222222222,0.4797986129997298
NBaIoT_MixedDevice_9Sources_Balanced,OnOff,IID,52,FedAvg,0.9978722197136223,0.011255555555555557,0.6920129679700767,0.0,0.9961111099108364,0.012222222222222223,2.5145502509985818
NBaIoT_MixedDevice_9Sources_Balanced,OnOff,IID,52,Krum,0.9627635374140282,0.18126666666666666,0.660016590189698,0.0,0.9755496391719478,0.9655555555555555,0.48595708700304385
NBaIoT_MixedDevice_9Sources_Balanced,OnOff,NonIID_Dirichlet,43,Adaptive_FixedCircuitBreaker,0.994894302939989,0.0032333333333333337,0.656814191089652,0.49,0.9949999861110725,0.0033333333333333335,0.5210321400008979
NBaIoT_MixedDevice_9Sources_Balanced,OnOff,NonIID_Dirichlet,43,Adaptive_NoAdaptiveWeighting,0.9945830345836044,0.0035555555555555557,0.6928977844595647,0.0,0.9949999861110725,0.0033333333333333335,1.8767536219966132
NBaIoT_MixedDevice_9Sources_Balanced,OnOff,NonIID_Dirichlet,43,Adaptive_NoCircuitBreaker,0.9947276386910389,0.0035666666666666668,0.6569673391299875,0.0,0.9949999861110725,0.0033333333333333335,0.47442212799796835
NBaIoT_MixedDevice_9Sources_Balanced,OnOff,NonIID_Dirichlet,43,Adaptive_NoTemporalMemory,0.9948722068740128,0.0036000000000000003,0.6588023386896384,0.0,0.9949999861110725,0.0033333333333333335,0.4994875529955607
NBaIoT_MixedDevice_9Sources_Balanced,OnOff,NonIID_Dirichlet,43,Adaptive_Ultimate,0.9947276386910389,0.0035666666666666668,0.6582557818703207,0.0,0.9949999861110725,0.0033333333333333335,0.4697765300006722
NBaIoT_MixedDevice_9Sources_Balanced,OnOff,NonIID_Dirichlet,43,FLAME,0.9198168794461593,0.08461111111111111,0.6598971923397039,0.0,0.6898043590650594,0.57,0.5157610599999316
NBaIoT_MixedDevice_9Sources_Balanced,OnOff,NonIID_Dirichlet,43,FLTrust,0.9948610959240827,0.0036222222222222224,0.7042228583105316,0.0,0.9949999861110725,0.0033333333333333335,0.4813357180028106
NBaIoT_MixedDevice_9Sources_Balanced,OnOff,NonIID_Dirichlet,43,FedAvg,0.994655491386178,0.006277777777777778,0.6581038364695269,0.0,0.9955555336075734,0.006666666666666667,0.5093996779978625
NBaIoT_MixedDevice_9Sources_Balanced,OnOff,NonIID_Dirichlet,43,Krum,0.9529993614264721,0.018855555555555556,0.6600362980701174,0.0,0.8057729241582217,0.37,0.4722678500038455
NBaIoT_MixedDevice_9Sources_Balanced,OnOff,NonIID_Dirichlet,44,Adaptive_FixedCircuitBreaker,0.997155550473149,0.0022333333333333333,0.6504773349102471,0.64,0.9972222213648831,0.0022222222222222222,0.5013422110059764
NBaIoT_MixedDevice_9Sources_Balanced,OnOff,NonIID_Dirichlet,44,Adaptive_NoAdaptiveWeighting,0.9971333277845302,0.0022333333333333333,0.6508190667698364,0.06,0.9972222213648831,0.0022222222222222222,0.4725463220020174
NBaIoT_MixedDevice_9Sources_Balanced,OnOff,NonIID_Dirichlet,44,Adaptive_NoCircuitBreaker,0.9971277725324765,0.0022333333333333333,0.648900453510214,0.0,0.9972222213648831,0.0022222222222222222,0.5022177709979587
NBaIoT_MixedDevice_9Sources_Balanced,OnOff,NonIID_Dirichlet,44,Adaptive_NoTemporalMemory,0.997194443057268,0.0022333333333333333,0.6532919152492105,0.0,0.9972222213648831,0.0022222222222222222,0.5017213719984284
NBaIoT_MixedDevice_9Sources_Balanced,OnOff,NonIID_Dirichlet,44,Adaptive_Ultimate,0.997155550473149,0.0022333333333333333,0.6608760487403197,0.0,0.9972222213648831,0.0022222222222222222,0.47317132700118236
NBaIoT_MixedDevice_9Sources_Balanced,OnOff,NonIID_Dirichlet,44,FLAME,0.967073815419852,0.11853333333333334,0.6645639508301247,0.0,0.9894435028309624,0.42444444444444446,0.5203227050005808
NBaIoT_MixedDevice_9Sources_Balanced,OnOff,NonIID_Dirichlet,44,FLTrust,0.9971499982904635,0.0022333333333333333,0.7020464231096412,0.0,0.9966666625514352,0.0022222222222222222,2.3845770330008236
NBaIoT_MixedDevice_9Sources_Balanced,OnOff,NonIID_Dirichlet,44,FedAvg,0.9980499994050063,0.0023444444444444446,0.68832700018982,0.0,0.9983333328189299,0.0022222222222222222,0.4659621720056748
NBaIoT_MixedDevice_9Sources_Balanced,OnOff,NonIID_Dirichlet,44,Krum,0.9667697835908329,0.08918888888888889,0.6633087085497391,0.0,0.9471042680050421,0.5788888888888889,0.5142295999976341
NBaIoT_MixedDevice_9Sources_Balanced,OnOff,NonIID_Dirichlet,45,Adaptive_FixedCircuitBreaker,0.9971887745803499,0.003677777777777778,0.6527715119096683,0.2,0.9972222213648831,0.0033333333333333335,0.7524052290027612
NBaIoT_MixedDevice_9Sources_Balanced,OnOff,NonIID_Dirichlet,45,Adaptive_NoAdaptiveWeighting,0.9974498723408708,0.003533333333333333,0.6500665872498211,0.0,0.9983333328189299,0.0033333333333333335,0.5021047050031484
NBaIoT_MixedDevice_9Sources_Balanced,OnOff,NonIID_Dirichlet,45,Adaptive_NoCircuitBreaker,0.997110996562517,0.0037333333333333333,0.6522709477703029,0.0,0.9966666625514352,0.0044444444444444444,0.5230511800036766
NBaIoT_MixedDevice_9Sources_Balanced,OnOff,NonIID_Dirichlet,45,Adaptive_NoTemporalMemory,0.9972387784888013,0.003611111111111111,0.68862452663976,0.0,0.9977777750342902,0.0033333333333333335,0.4630610199965304
NBaIoT_MixedDevice_9Sources_Balanced,OnOff,NonIID_Dirichlet,45,Adaptive_Ultimate,0.9971165522466737,0.003677777777777778,0.6493620045902935,0.0,0.9972222213648831,0.0033333333333333335,0.4739117909994093
NBaIoT_MixedDevice_9Sources_Balanced,OnOff,NonIID_Dirichlet,45,FLAME,0.9819342030671012,0.1003888888888889,0.6547820774396678,0.0,0.9911105733556721,0.058888888888888886,0.47357454799930565
NBaIoT_MixedDevice_9Sources_Balanced,OnOff,NonIID_Dirichlet,45,FLTrust,0.99717766745828,0.003655555555555556,0.6499585574997764,0.0,0.9966666625514352,0.0044444444444444444,0.5033252739958698
NBaIoT_MixedDevice_9Sources_Balanced,OnOff,NonIID_Dirichlet,45,FedAvg,0.998011077627741,0.0031666666666666666,0.6688268916101515,0.0,0.9972222145061513,0.0077777777777777776,1.0808882190031
NBaIoT_MixedDevice_9Sources_Balanced,OnOff,NonIID_Dirichlet,45,Krum,0.9510419883832484,0.11397777777777778,0.6945020632196974,0.0,0.693353579687827,0.6822222222222222,0.470153244001267
NBaIoT_MixedDevice_9Sources_Balanced,OnOff,NonIID_Dirichlet,46,Adaptive_FixedCircuitBreaker,0.9972111023107605,0.0031222222222222224,0.6530795743503404,0.71,0.9972222213648831,0.0033333333333333335,0.4640507299991441
NBaIoT_MixedDevice_9Sources_Balanced,OnOff,NonIID_Dirichlet,46,Adaptive_NoAdaptiveWeighting,0.9973333186747985,0.002766666666666667,0.655474470359768,0.36,0.9972222213648831,0.0033333333333333335,0.47049904400046216
NBaIoT_MixedDevice_9Sources_Balanced,OnOff,NonIID_Dirichlet,46,Adaptive_NoCircuitBreaker,0.9971999912202253,0.0027333333333333333,0.6700495703108754,0.0,0.9972222213648831,0.0022222222222222222,1.5710511910001514
NBaIoT_MixedDevice_9Sources_Balanced,OnOff,NonIID_Dirichlet,46,Adaptive_NoTemporalMemory,0.9970888861624876,0.002777777777777778,0.6539570286001254,0.22,0.9972222213648831,0.0022222222222222222,0.5219610819985974
NBaIoT_MixedDevice_9Sources_Balanced,OnOff,NonIID_Dirichlet,46,Adaptive_Ultimate,0.9971666579349032,0.0031222222222222224,0.6544242731199483,0.39,0.9966666666666667,0.0033333333333333335,0.46494572200026596
NBaIoT_MixedDevice_9Sources_Balanced,OnOff,NonIID_Dirichlet,46,FLAME,0.9736290025242995,0.15887777777777778,0.6572714343400002,0.0,0.9660817047866499,0.9788888888888889,0.47011790899705375
NBaIoT_MixedDevice_9Sources_Balanced,OnOff,NonIID_Dirichlet,46,FLTrust,0.9968444412242143,0.003066666666666667,0.6924040236901056,0.0,0.9972222213648831,0.0033333333333333335,1.242804009001702
NBaIoT_MixedDevice_9Sources_Balanced,OnOff,NonIID_Dirichlet,46,FedAvg,0.994657332168553,0.25303333333333333,0.6569341961901956,0.0,0.9955555061722908,1.0,0.5060733610007446
NBaIoT_MixedDevice_9Sources_Balanced,OnOff,NonIID_Dirichlet,46,Krum,0.4752274764695009,0.0005333333333333333,0.6631644183202298,0.0,0.48100840336134454,0.013333333333333334,0.481659163000586
NBaIoT_MixedDevice_9Sources_Balanced,OnOff,NonIID_Dirichlet,47,Adaptive_FixedCircuitBreaker,0.9989333327331904,0.0011111111111111111,0.6535893882400705,0.35,0.9988888888888889,0.0011111111111111111,0.49551231499935966
NBaIoT_MixedDevice_9Sources_Balanced,OnOff,NonIID_Dirichlet,47,Adaptive_NoAdaptiveWeighting,0.999088888240735,0.0011111111111111111,0.6937117445593322,0.17,0.9988888888888889,0.0011111111111111111,0.516705695001292
NBaIoT_MixedDevice_9Sources_Balanced,OnOff,NonIID_Dirichlet,47,Adaptive_NoCircuitBreaker,0.9984666643929908,0.0018222222222222223,0.6591139942905283,0.0,0.996111100308612,0.005555555555555556,0.46657202200003667
NBaIoT_MixedDevice_9Sources_Balanced,OnOff,NonIID_Dirichlet,47,Adaptive_NoTemporalMemory,0.9989444440877893,0.0011111111111111111,0.660386099100142,0.12,0.9988888888888889,0.0011111111111111111,1.469213137999759
NBaIoT_MixedDevice_9Sources_Balanced,OnOff,NonIID_Dirichlet,47,Adaptive_Ultimate,0.9989333327331904,0.0011111111111111111,0.6504240001699508,0.13,0.9988888888888889,0.0011111111111111111,0.5113815180011443
NBaIoT_MixedDevice_9Sources_Balanced,OnOff,NonIID_Dirichlet,47,FLAME,0.9528199461722747,0.08794444444444444,0.6612785009300569,0.0,0.9872201356332562,0.025555555555555557,0.502164174002246
NBaIoT_MixedDevice_9Sources_Balanced,OnOff,NonIID_Dirichlet,47,FLTrust,0.998699999135799,0.0014444444444444446,0.6507797344493156,0.0,0.9972222213648831,0.0033333333333333335,0.4669755489958334
NBaIoT_MixedDevice_9Sources_Balanced,OnOff,NonIID_Dirichlet,47,FedAvg,0.9921499040437998,0.015433333333333334,0.6520886939000775,0.0,0.979435755416409,0.04111111111111111,0.5041107419965556
NBaIoT_MixedDevice_9Sources_Balanced,OnOff,NonIID_Dirichlet,47,Krum,0.9387738244860987,0.11105555555555556,0.6916801334106276,0.0,0.5700253607796186,0.7411111111111112,2.3541541660015355
NBaIoT_MixedDevice_9Sources_Balanced,OnOff,NonIID_Dirichlet,48,Adaptive_FixedCircuitBreaker,0.9977277746107548,0.001388888888888889,0.6516674586101726,0.33,0.9983333328189299,0.0011111111111111111,0.4942099660038366
NBaIoT_MixedDevice_9Sources_Balanced,OnOff,NonIID_Dirichlet,48,Adaptive_NoAdaptiveWeighting,0.9979777739951804,0.0011555555555555555,0.6560955035602092,0.0,0.9983333328189299,0.0011111111111111111,0.5065258610047749
NBaIoT_MixedDevice_9Sources_Balanced,OnOff,NonIID_Dirichlet,48,Adaptive_NoCircuitBreaker,0.9975611076457338,0.0015,0.6966777842100419,0.0,0.9966666666666667,0.0033333333333333335,1.1909309619950363
NBaIoT_MixedDevice_9Sources_Balanced,OnOff,NonIID_Dirichlet,48,Adaptive_NoTemporalMemory,0.9976666635630894,0.0014666666666666667,0.6541206120693823,0.0,0.9983333328189299,0.0011111111111111111,0.5141676679995726
NBaIoT_MixedDevice_9Sources_Balanced,OnOff,NonIID_Dirichlet,48,Adaptive_Ultimate,0.9977222190329084,0.001388888888888889,0.6513708712900552,0.0,0.9983333328189299,0.0011111111111111111,0.5030078620038694
NBaIoT_MixedDevice_9Sources_Balanced,OnOff,NonIID_Dirichlet,48,FLAME,0.9786437727064271,0.15965555555555555,0.655265875469704,0.0,0.96440489432703,0.9833333333333333,0.509000060003018
NBaIoT_MixedDevice_9Sources_Balanced,OnOff,NonIID_Dirichlet,48,FLTrust,0.9975111080624037,0.0016333333333333332,0.6927598502600449,0.0,0.9966666666666667,0.0033333333333333335,0.5150755619979464
NBaIoT_MixedDevice_9Sources_Balanced,OnOff,NonIID_Dirichlet,48,FedAvg,0.9953663535973049,0.06943333333333333,0.6596489104700595,0.0,0.9927775080489117,0.4533333333333333,0.47031528200022876
NBaIoT_MixedDevice_9Sources_Balanced,OnOff,NonIID_Dirichlet,48,Krum,0.9709342885399672,0.05447777777777778,0.6603374379601883,0.0,0.7980953015815226,0.38666666666666666,0.50476843600336
NBaIoT_MixedDevice_9Sources_Balanced,OnOff,NonIID_Dirichlet,49,Adaptive_FixedCircuitBreaker,0.9976444305486002,2.2222222222222223e-05,0.6621783547702944,0.69,0.9977777668037867,0.0,0.4683373970037792
NBaIoT_MixedDevice_9Sources_Balanced,OnOff,NonIID_Dirichlet,49,Adaptive_NoAdaptiveWeighting,0.9973610918533952,0.0001,0.6567720032097714,0.0,0.9983333287036908,0.0,0.4725087170008919
NBaIoT_MixedDevice_9Sources_Balanced,OnOff,NonIID_Dirichlet,49,Adaptive_NoCircuitBreaker,0.9980499908006828,0.0003333333333333333,0.6915148786904319,0.0,0.9983333328189299,0.0011111111111111111,2.316739033005433
NBaIoT_MixedDevice_9Sources_Balanced,OnOff,NonIID_Dirichlet,49,Adaptive_NoTemporalMemory,0.9977333206103401,2.2222222222222223e-05,0.6554605820394499,0.0,0.9983333287036908,0.0,0.4777106190013001
NBaIoT_MixedDevice_9Sources_Balanced,OnOff,NonIID_Dirichlet,49,Adaptive_Ultimate,0.9978499884515648,2.2222222222222223e-05,0.6966901097501977,0.0,0.9983333287036908,0.0,2.3602265280060237
NBaIoT_MixedDevice_9Sources_Balanced,OnOff,NonIID_Dirichlet,49,FLAME,0.9510077817022866,0.10912222222222223,0.661289451189441,0.0,0.7600127993173698,0.5588888888888889,0.4758605889946921
NBaIoT_MixedDevice_9Sources_Balanced,OnOff,NonIID_Dirichlet,49,FLTrust,0.9979555455554844,0.0002777777777777778,0.6632044015498104,0.0,0.9983333328189299,0.0022222222222222222,0.4990929480045452
NBaIoT_MixedDevice_9Sources_Balanced,OnOff,NonIID_Dirichlet,49,FedAvg,0.9967777591253549,0.005600000000000001,0.6952427610404266,0.0,0.9961110811040208,0.013333333333333334,1.9169698050027364
NBaIoT_MixedDevice_9Sources_Balanced,OnOff,NonIID_Dirichlet,49,Krum,0.9489533791084868,0.09447777777777779,0.6591482890299085,0.0,0.8779222021259538,0.5733333333333334,0.46582745799969416
NBaIoT_MixedDevice_9Sources_Balanced,OnOff,NonIID_Dirichlet,50,Adaptive_FixedCircuitBreaker,0.9966221995126245,0.0010333333333333334,0.6621274522299792,0.57,0.99666665020568,0.0011111111111111111,1.3333001470018644
NBaIoT_MixedDevice_9Sources_Balanced,OnOff,NonIID_Dirichlet,50,Adaptive_NoAdaptiveWeighting,0.9966610891954191,0.0010333333333333334,0.6607165119801357,0.28,0.99666665020568,0.0011111111111111111,0.5137395029960317
NBaIoT_MixedDevice_9Sources_Balanced,OnOff,NonIID_Dirichlet,50,Adaptive_NoCircuitBreaker,0.9964277490547154,0.0010555555555555555,0.6529204992700397,0.0,0.9972222145061513,0.0011111111111111111,0.5049966509977821
NBaIoT_MixedDevice_9Sources_Balanced,OnOff,NonIID_Dirichlet,50,Adaptive_NoTemporalMemory,0.9966221995126245,0.0010333333333333334,0.6928494132099149,0.24,0.99666665020568,0.0011111111111111111,0.4715638999987277
NBaIoT_MixedDevice_9Sources_Balanced,OnOff,NonIID_Dirichlet,50,Adaptive_Ultimate,0.9965999767485582,0.0010333333333333334,0.6526056980098656,0.28,0.99666665020568,0.0011111111111111111,0.47171981299470644
NBaIoT_MixedDevice_9Sources_Balanced,OnOff,NonIID_Dirichlet,50,FLAME,0.9793371321757275,0.18702222222222223,0.6594496523500857,0.0,0.9905550629029725,0.8133333333333334,0.4714629899972351
NBaIoT_MixedDevice_9Sources_Balanced,OnOff,NonIID_Dirichlet,50,FLTrust,0.9967166446617993,0.0010333333333333334,0.6551709934094834,0.0,0.9977777750342902,0.0011111111111111111,0.5004834889987251
NBaIoT_MixedDevice_9Sources_Balanced,OnOff,NonIID_Dirichlet,50,FedAvg,0.9961110534679798,0.12115555555555556,0.6763106173702544,0.0,0.9966666625514352,0.7744444444444445,1.8448206200046116
NBaIoT_MixedDevice_9Sources_Balanced,OnOff,NonIID_Dirichlet,50,Krum,0.9651574204190706,0.08426666666666666,0.6816523589302961,0.0,0.8696296296296296,0.7355555555555555,0.47321423399989726
NBaIoT_MixedDevice_9Sources_Balanced,OnOff,NonIID_Dirichlet,51,Adaptive_FixedCircuitBreaker,0.9975814668540444,0.0011111111111111111,0.6599564426998404,0.86,0.9983333328189299,0.0011111111111111111,0.5275027910029166
NBaIoT_MixedDevice_9Sources_Balanced,OnOff,NonIID_Dirichlet,51,Adaptive_NoAdaptiveWeighting,0.9956792352768409,0.0011,0.668906149210452,0.2,0.9983333328189299,0.0011111111111111111,0.47486272700189147
NBaIoT_MixedDevice_9Sources_Balanced,OnOff,NonIID_Dirichlet,51,Adaptive_NoCircuitBreaker,0.9975814668540444,0.0011111111111111111,0.6572841206797603,0.0,0.9983333328189299,0.0011111111111111111,0.4769211659950088
NBaIoT_MixedDevice_9Sources_Balanced,OnOff,NonIID_Dirichlet,51,Adaptive_NoTemporalMemory,0.9979999504409808,0.0011111111111111111,0.6924747664797906,0.18,0.9983333328189299,0.0011111111111111111,2.055040741004632
NBaIoT_MixedDevice_9Sources_Balanced,OnOff,NonIID_Dirichlet,51,Adaptive_Ultimate,0.9975814668540444,0.0011111111111111111,0.6592163150807028,0.2,0.9983333328189299,0.0011111111111111111,0.4680017630016664
NBaIoT_MixedDevice_9Sources_Balanced,OnOff,NonIID_Dirichlet,51,FLAME,0.9813403849299734,0.16649999999999998,0.6691662073299085,0.0,0.9532409698169223,0.98,1.372782238999207
NBaIoT_MixedDevice_9Sources_Balanced,OnOff,NonIID_Dirichlet,51,FLTrust,0.9979999504409808,0.0011111111111111111,0.6902284449203581,0.0,0.9983333328189299,0.0011111111111111111,0.5100291030030348
NBaIoT_MixedDevice_9Sources_Balanced,OnOff,NonIID_Dirichlet,51,FedAvg,0.9963052101009285,0.008411111111111112,0.6556617007999739,0.0,0.9972222213648831,0.017777777777777778,0.46269495799788274
NBaIoT_MixedDevice_9Sources_Balanced,OnOff,NonIID_Dirichlet,51,Krum,0.9613770883324669,0.056288888888888895,0.658452296789983,0.0,0.7128080461413795,0.5411111111111111,0.4763539060004405
NBaIoT_MixedDevice_9Sources_Balanced,OnOff,NonIID_Dirichlet,52,Adaptive_FixedCircuitBreaker,0.9975111097770869,0.002644444444444444,0.687856267969837,0.38,0.9977777777777778,0.0022222222222222222,1.8754804540003533
NBaIoT_MixedDevice_9Sources_Balanced,OnOff,NonIID_Dirichlet,52,Adaptive_NoAdaptiveWeighting,0.9974888877606266,0.002311111111111111,0.6450357920900569,0.2,0.9972222213648831,0.0022222222222222222,0.461779106000904
NBaIoT_MixedDevice_9Sources_Balanced,OnOff,NonIID_Dirichlet,52,Adaptive_NoCircuitBreaker,0.9977055538940277,0.0020444444444444447,0.6452572264002083,0.0,0.9983333328189299,0.0011111111111111111,0.459190107001632
NBaIoT_MixedDevice_9Sources_Balanced,OnOff,NonIID_Dirichlet,52,Adaptive_NoTemporalMemory,0.997833332403977,0.002011111111111111,0.6452266534499358,0.0,0.9983333328189299,0.0011111111111111111,0.4615800679966924
NBaIoT_MixedDevice_9Sources_Balanced,OnOff,NonIID_Dirichlet,52,Adaptive_Ultimate,0.9976444429526699,0.0021888888888888887,0.6504330711296643,0.06,0.9983333328189299,0.0011111111111111111,0.5858867150018341
NBaIoT_MixedDevice_9Sources_Balanced,OnOff,NonIID_Dirichlet,52,FLAME,0.9898625224405962,0.10779999999999999,0.6524927875298454,0.0,0.991666231973211,0.40555555555555556,0.4633903529975214
NBaIoT_MixedDevice_9Sources_Balanced,OnOff,NonIID_Dirichlet,52,FLTrust,0.9979666658744847,0.0018111111111111112,0.6511126146101014,0.0,0.9983333328189299,0.0011111111111111111,0.5419024149960023
NBaIoT_MixedDevice_9Sources_Balanced,OnOff,NonIID_Dirichlet,52,FedAvg,0.9975387691891181,0.23850000000000002,0.652736632289816,0.0,0.9972222145061513,0.9944444444444445,0.46213967200310435
NBaIoT_MixedDevice_9Sources_Balanced,OnOff,NonIID_Dirichlet,52,Krum,0.9627905862799918,0.06842222222222222,0.6453771105998749,0.0,0.7417940011318619,0.4866666666666667,0.465452203003224
NBaIoT_MixedDevice_9Sources_Balanced,Scaling,IID,43,Adaptive_FixedCircuitBreaker,0.9949055531567148,0.004522222222222223,0.6654215928599843,0.69,0.9949999984567897,0.0044444444444444444,0.4740037309984473
NBaIoT_MixedDevice_9Sources_Balanced,Scaling,IID,43,Adaptive_NoAdaptiveWeighting,0.9949055531567148,0.004522222222222223,0.6627236621299016,0.24,0.9949999984567897,0.0044444444444444444,0.46639666899864096
NBaIoT_MixedDevice_9Sources_Balanced,Scaling,IID,43,Adaptive_NoCircuitBreaker,0.9954277759344928,0.004277777777777778,0.7009805643200707,0.0,0.9972222213648831,0.0033333333333333335,1.201848462000271
NBaIoT_MixedDevice_9Sources_Balanced,Scaling,IID,43,Adaptive_NoTemporalMemory,0.9949055531567148,0.004522222222222223,0.6619428355998752,0.24,0.9949999984567897,0.0044444444444444444,0.5135411819992441
NBaIoT_MixedDevice_9Sources_Balanced,Scaling,IID,43,Adaptive_Ultimate,0.9949055531567148,0.004522222222222223,0.6967909950399189,0.24,0.9949999984567897,0.0044444444444444444,1.6480313789998036
NBaIoT_MixedDevice_9Sources_Balanced,Scaling,IID,43,FLAME,0.8425621949115749,0.24275555555555556,0.6618354276698665,0.0,0.7158751531729426,0.5244444444444445,0.5057893459998013
NBaIoT_MixedDevice_9Sources_Balanced,Scaling,IID,43,FLTrust,0.9954444425034228,0.004311111111111111,0.6576352444299846,0.0,0.9972222213648831,0.0033333333333333335,0.47019288199953735
NBaIoT_MixedDevice_9Sources_Balanced,Scaling,IID,43,FedAvg,0.660114794267945,0.5043111111111112,0.6933577746199989,0.0,0.37050247521066754,0.9655555555555555,0.45944662600049924
NBaIoT_MixedDevice_9Sources_Balanced,Scaling,IID,43,Krum,0.8900178210421381,0.1548,0.6590293718900648,0.0,0.3333333333333333,1.0,0.48094809599933797
NBaIoT_MixedDevice_9Sources_Balanced,Scaling,IID,44,Adaptive_FixedCircuitBreaker,0.9981277772067897,0.0022444444444444443,0.6938771245099451,0.62,0.9983333328189299,0.0022222222222222222,2.4227569939994282
NBaIoT_MixedDevice_9Sources_Balanced,Scaling,IID,44,Adaptive_NoAdaptiveWeighting,0.9980555549005483,0.0022444444444444443,0.6565469906400359,0.24,0.9983333328189299,0.0022222222222222222,0.4661406250015716
NBaIoT_MixedDevice_9Sources_Balanced,Scaling,IID,44,Adaptive_NoCircuitBreaker,0.9979555549108359,0.002011111111111111,0.6544614222998826,0.0,0.9966666625514352,0.0022222222222222222,0.4717708330008463
NBaIoT_MixedDevice_9Sources_Balanced,Scaling,IID,44,Adaptive_NoTemporalMemory,0.9981333327674892,0.0017666666666666666,0.6563477576498917,0.24,0.9983333328189299,0.0011111111111111111,0.4692973080000229
NBaIoT_MixedDevice_9Sources_Balanced,Scaling,IID,44,Adaptive_Ultimate,0.9981333327674892,0.0017555555555555556,0.6564373770399834,0.24,0.9983333328189299,0.0011111111111111111,0.4677367129988852
NBaIoT_MixedDevice_9Sources_Balanced,Scaling,IID,44,FLAME,0.7278121050162091,0.4278111111111111,0.6656724078999287,0.0,0.39785627332020307,0.99,0.5253376639993803
NBaIoT_MixedDevice_9Sources_Balanced,Scaling,IID,44,FLTrust,0.9978999992798346,0.002033333333333333,0.659329785630016,0.0,0.996111100308612,0.0022222222222222222,0.4670221619999211
NBaIoT_MixedDevice_9Sources_Balanced,Scaling,IID,44,FedAvg,0.6951405082310608,0.4935888888888889,0.6842898155200237,0.0,0.7248886630955671,0.52,1.8343481140000222
NBaIoT_MixedDevice_9Sources_Balanced,Scaling,IID,44,Krum,0.8918229544745746,0.1471111111111111,0.6800089976499657,0.0,0.3333333333333333,1.0,0.5118630420001864
NBaIoT_MixedDevice_9Sources_Balanced,Scaling,IID,45,Adaptive_FixedCircuitBreaker,0.9977721241517,0.002322222222222222,0.650840732760098,0.19,0.9983333328189299,0.0022222222222222222,0.4817294150016096
NBaIoT_MixedDevice_9Sources_Balanced,Scaling,IID,45,Adaptive_NoAdaptiveWeighting,0.9978165689253641,0.001955555555555556,0.6550728628698743,0.0,0.9983333328189299,0.0022222222222222222,0.4769787589993939
NBaIoT_MixedDevice_9Sources_Balanced,Scaling,IID,45,Adaptive_NoCircuitBreaker,0.9978276797586959,0.002322222222222222,0.697074478179984,0.0,0.9988888888888889,0.0022222222222222222,1.9710688060004031
NBaIoT_MixedDevice_9Sources_Balanced,Scaling,IID,45,Adaptive_NoTemporalMemory,0.9978165687744714,0.0023,0.6535368394701436,0.0,0.9983333328189299,0.0022222222222222222,0.5108486560002348
NBaIoT_MixedDevice_9Sources_Balanced,Scaling,IID,45,Adaptive_Ultimate,0.9978332353193956,0.002322222222222222,0.6549480627901539,0.0,0.9983333328189299,0.0022222222222222222,0.4798741260001407
NBaIoT_MixedDevice_9Sources_Balanced,Scaling,IID,45,FLAME,0.7177110483458737,0.43946666666666667,0.656524085220044,0.0,0.7108468356286985,0.6022222222222222,0.497225275999881
NBaIoT_MixedDevice_9Sources_Balanced,Scaling,IID,45,FLTrust,0.9978165689939504,0.0023333333333333335,0.6925052961800611,0.0,0.9983333328189299,0.0022222222222222222,1.1943832249999105
NBaIoT_MixedDevice_9Sources_Balanced,Scaling,IID,45,FedAvg,0.6742280199905855,0.5144444444444445,0.653599387039867,0.0,0.3333333333333333,1.0,0.5101170500001899
NBaIoT_MixedDevice_9Sources_Balanced,Scaling,IID,45,Krum,0.9050629543012021,0.14098888888888889,0.6530922306600041,0.0,0.7912651713957684,0.41,0.5067524329988373
NBaIoT_MixedDevice_9Sources_Balanced,Scaling,IID,46,Adaptive_FixedCircuitBreaker,0.9964999926611594,0.0018111111111111112,0.6560094830000708,0.44,0.996111100308612,0.0011111111111111111,0.8627624549990287
NBaIoT_MixedDevice_9Sources_Balanced,Scaling,IID,46,Adaptive_NoAdaptiveWeighting,0.99659999396089,0.0023333333333333335,0.6545489704899592,0.0,0.9966666625514352,0.0022222222222222222,0.5092165129990462
NBaIoT_MixedDevice_9Sources_Balanced,Scaling,IID,46,Adaptive_NoCircuitBreaker,0.9970555525274273,0.0022444444444444443,0.6560038327900111,0.0,0.9977777777777778,0.0033333333333333335,0.4946615910012042
NBaIoT_MixedDevice_9Sources_Balanced,Scaling,IID,46,Adaptive_NoTemporalMemory,0.9969999959910731,0.0020777777777777778,0.6926297421399977,0.0,0.9972222213648831,0.0022222222222222222,0.4664403520000633
NBaIoT_MixedDevice_9Sources_Balanced,Scaling,IID,46,Adaptive_Ultimate,0.9968944409276326,0.0021666666666666666,0.6549126540299404,0.0,0.9972222213648831,0.0022222222222222222,0.5176534729998821
NBaIoT_MixedDevice_9Sources_Balanced,Scaling,IID,46,FLAME,0.8536622334004323,0.24306666666666665,0.6618108020801264,0.0,0.7236877473897254,0.5155555555555555,0.5123157760008326
NBaIoT_MixedDevice_9Sources_Balanced,Scaling,IID,46,FLTrust,0.9971055520284549,0.0023333333333333335,0.652721640360105,0.0,0.9966666625514352,0.0044444444444444444,0.4961760599999252
NBaIoT_MixedDevice_9Sources_Balanced,Scaling,IID,46,FedAvg,0.6841780259434879,0.5120111111111111,0.6668284307700196,0.0,0.7392880689883878,0.48777777777777775,1.8226087069997448
NBaIoT_MixedDevice_9Sources_Balanced,Scaling,IID,46,Krum,0.8905909590337192,0.1333,0.675511954659978,0.0,0.990555412720748,0.017777777777777778,0.4722030809989519
NBaIoT_MixedDevice_9Sources_Balanced,Scaling,IID,47,Adaptive_FixedCircuitBreaker,0.9988666660871001,0.0011111111111111111,0.657714105579962,0.64,0.9988888888888889,0.0011111111111111111,0.4675217520016304
NBaIoT_MixedDevice_9Sources_Balanced,Scaling,IID,47,Adaptive_NoAdaptiveWeighting,0.9988722216409408,0.0011111111111111111,0.6932653583499632,0.24,0.9988888888888889,0.0011111111111111111,2.319538833000479
NBaIoT_MixedDevice_9Sources_Balanced,Scaling,IID,47,Adaptive_NoCircuitBreaker,0.9990055549331218,0.0011111111111111111,0.6643709101399691,0.0,0.9988888888888889,0.0011111111111111111,0.4734399930002837
NBaIoT_MixedDevice_9Sources_Balanced,Scaling,IID,47,Adaptive_NoTemporalMemory,0.9988666660871001,0.0011111111111111111,0.6606613252099305,0.24,0.9988888888888889,0.0011111111111111111,0.5030705839999428
NBaIoT_MixedDevice_9Sources_Balanced,Scaling,IID,47,Adaptive_Ultimate,0.9988666660871001,0.0011111111111111111,0.6569723552199502,0.24,0.9988888888888889,0.0011111111111111111,0.4692777100008243
NBaIoT_MixedDevice_9Sources_Balanced,Scaling,IID,47,FLAME,0.821615985637502,0.2818111111111111,0.659016174770004,0.0,0.7380206199521577,0.4922222222222222,0.5106944850012951
NBaIoT_MixedDevice_9Sources_Balanced,Scaling,IID,47,FLTrust,0.9990999993484168,0.0011111111111111111,0.7048054620698531,0.0,0.9988888888888889,0.0011111111111111111,0.49805027300135407
NBaIoT_MixedDevice_9Sources_Balanced,Scaling,IID,47,FedAvg,0.674156337584963,0.4878888888888889,0.6517112680499849,0.0,0.7400210084033614,0.4888888888888889,0.463512501999503
NBaIoT_MixedDevice_9Sources_Balanced,Scaling,IID,47,Krum,0.8822976389870876,0.14052222222222222,0.6541991320500893,0.0,0.35398411013892145,0.9811111111111112,0.4670818539998436
NBaIoT_MixedDevice_9Sources_Balanced,Scaling,IID,48,Adaptive_FixedCircuitBreaker,0.9983833286882295,0.0003222222222222222,0.6650725057000454,0.44,0.9988888875171451,0.0,0.5148855299994466
NBaIoT_MixedDevice_9Sources_Balanced,Scaling,IID,48,Adaptive_NoAdaptiveWeighting,0.9984722173679268,0.00014444444444444444,0.6587093569600619,0.0,0.9988888875171451,0.0,0.5041753529985726
NBaIoT_MixedDevice_9Sources_Balanced,Scaling,IID,48,Adaptive_NoCircuitBreaker,0.9982777725136732,0.0003222222222222222,0.6546252364700558,0.0,0.9983333287036908,0.0,0.4997036160002608
NBaIoT_MixedDevice_9Sources_Balanced,Scaling,IID,48,Adaptive_NoTemporalMemory,0.998366661923826,0.0003222222222222222,0.6575088362699898,0.0,0.9983333287036908,0.0,0.47483054300028016
NBaIoT_MixedDevice_9Sources_Balanced,Scaling,IID,48,Adaptive_Ultimate,0.998377773100095,0.0003222222222222222,0.6913127383201754,0.0,0.9983333287036908,0.0,2.1436953829997947
NBaIoT_MixedDevice_9Sources_Balanced,Scaling,IID,48,FLAME,0.8209172187314642,0.27467777777777774,0.6593887079500927,0.0,0.7299374592010781,0.5077777777777778,0.4627285269998538
NBaIoT_MixedDevice_9Sources_Balanced,Scaling,IID,48,FLTrust,0.9982833281018079,0.0003222222222222222,0.6584209242501674,0.0,0.9983333287036908,0.0,0.5116986050015839
NBaIoT_MixedDevice_9Sources_Balanced,Scaling,IID,48,FedAvg,0.6615909352564745,0.5528444444444445,0.674658597879843,0.0,0.6343101646848102,0.6822222222222222,0.5113945499997499
NBaIoT_MixedDevice_9Sources_Balanced,Scaling,IID,48,Krum,0.8947041115059241,0.1492888888888889,0.6627036846800365,0.0,0.7312356367762847,0.5011111111111111,0.45534158400005253
NBaIoT_MixedDevice_9Sources_Balanced,Scaling,IID,49,Adaptive_FixedCircuitBreaker,0.9977388823336157,0.0008444444444444444,0.6558577333000721,0.68,0.9977777750342902,0.0011111111111111111,0.48012451700014935
NBaIoT_MixedDevice_9Sources_Balanced,Scaling,IID,49,Adaptive_NoAdaptiveWeighting,0.9978833258349808,0.00046666666666666666,0.6784473286099455,0.17,0.9977777750342902,0.0011111111111111111,0.4631372059993737
NBaIoT_MixedDevice_9Sources_Balanced,Scaling,IID,49,Adaptive_NoCircuitBreaker,0.9980555502708605,0.0008444444444444444,0.6541048769700865,0.0,0.9983333328189299,0.0011111111111111111,0.4681905720008217
NBaIoT_MixedDevice_9Sources_Balanced,Scaling,IID,49,Adaptive_NoTemporalMemory,0.9980111057201065,0.0008444444444444444,0.6769549675400595,0.0,0.9983333328189299,0.0011111111111111111,1.8079725530005817
NBaIoT_MixedDevice_9Sources_Balanced,Scaling,IID,49,Adaptive_Ultimate,0.9977944381120797,0.0008444444444444444,0.6503184637899904,0.0,0.9983333328189299,0.0011111111111111111,0.47086620699883497
NBaIoT_MixedDevice_9Sources_Balanced,Scaling,IID,49,FLAME,0.7667380951614231,0.33144444444444443,0.6941493798899319,0.0,0.6025318083852292,0.55,0.46958559800077637
NBaIoT_MixedDevice_9Sources_Balanced,Scaling,IID,49,FLTrust,0.9980277723301877,0.0008444444444444444,0.6505524343199796,0.0,0.9983333328189299,0.0011111111111111111,0.5109391960013454
NBaIoT_MixedDevice_9Sources_Balanced,Scaling,IID,49,FedAvg,0.6963142141554749,0.4710444444444445,0.6501020485600384,0.0,0.7400210084033614,0.5022222222222222,0.4722027790012362
NBaIoT_MixedDevice_9Sources_Balanced,Scaling,IID,49,Krum,0.8873714553205788,0.14507777777777778,0.6528872192199197,0.0,0.3345667137785648,0.9988888888888889,0.47313669200048025
NBaIoT_MixedDevice_9Sources_Balanced,Scaling,IID,50,Adaptive_FixedCircuitBreaker,0.9972388748504808,0.0009222222222222222,0.6520257574000061,0.68,0.9972222145061513,0.0011111111111111111,0.5095737049996387
NBaIoT_MixedDevice_9Sources_Balanced,Scaling,IID,50,Adaptive_NoAdaptiveWeighting,0.9972499858964337,0.0008888888888888889,0.6488057933600067,0.0,0.9972222145061513,0.0011111111111111111,0.4945029919999797
NBaIoT_MixedDevice_9Sources_Balanced,Scaling,IID,50,Adaptive_NoCircuitBreaker,0.9969499803751198,0.0009222222222222222,0.656374968789969,0.0,0.9955555061722908,0.0011111111111111111,0.94750034199933
NBaIoT_MixedDevice_9Sources_Balanced,Scaling,IID,50,Adaptive_NoTemporalMemory,0.9972333193275046,0.0009333333333333333,0.6522339161000309,0.0,0.9972222145061513,0.0011111111111111111,0.4728991379997751
NBaIoT_MixedDevice_9Sources_Balanced,Scaling,IID,50,Adaptive_Ultimate,0.9972388748504808,0.0009222222222222222,0.6760843717400167,0.0,0.9972222145061513,0.0011111111111111111,0.5016787559998193
NBaIoT_MixedDevice_9Sources_Balanced,Scaling,IID,50,FLAME,0.8055837962044238,0.3106222222222222,0.6547476258900314,0.0,0.718434999155305,0.5233333333333333,0.5101209149997885
NBaIoT_MixedDevice_9Sources_Balanced,Scaling,IID,50,FLTrust,0.9969888702911143,0.0009111111111111111,0.6672070294499463,0.0,0.9961110811040208,0.0011111111111111111,1.9478365649993066
NBaIoT_MixedDevice_9Sources_Balanced,Scaling,IID,50,FedAvg,0.6625167279066355,0.5301,0.6491804549600784,0.0,0.8533950738606435,0.36444444444444446,0.4549928819997149
NBaIoT_MixedDevice_9Sources_Balanced,Scaling,IID,50,Krum,0.9045781778368364,0.14363333333333334,0.6505362780299584,0.0,0.704670066810327,0.54,0.49185265300002357
NBaIoT_MixedDevice_9Sources_Balanced,Scaling,IID,51,Adaptive_FixedCircuitBreaker,0.9981888840156654,0.0011111111111111111,0.6532986070599872,0.79,0.9983333328189299,0.0011111111111111111,0.5061614100013685
NBaIoT_MixedDevice_9Sources_Balanced,Scaling,IID,51,Adaptive_NoAdaptiveWeighting,0.998194439706682,0.0011111111111111111,0.6533527628399497,0.24,0.9983333328189299,0.0011111111111111111,0.500536211000508
NBaIoT_MixedDevice_9Sources_Balanced,Scaling,IID,51,Adaptive_NoCircuitBreaker,0.9978111050650452,0.0015222222222222223,0.6489879404500425,0.0,0.9972222213648831,0.0044444444444444444,0.4674460940004792
NBaIoT_MixedDevice_9Sources_Balanced,Scaling,IID,51,Adaptive_NoTemporalMemory,0.9981944397649827,0.0011111111111111111,0.6925450673000705,0.24,0.9983333328189299,0.0011111111111111111,1.2964213189989096
NBaIoT_MixedDevice_9Sources_Balanced,Scaling,IID,51,Adaptive_Ultimate,0.9981888840156654,0.0011111111111111111,0.6523588871000721,0.24,0.9983333328189299,0.0011111111111111111,0.4987626759993873
NBaIoT_MixedDevice_9Sources_Balanced,Scaling,IID,51,FLAME,0.680664577524397,0.49767777777777783,0.6574174709100226,0.0,0.717907505866987,0.5477777777777778,0.4771825419993547
NBaIoT_MixedDevice_9Sources_Balanced,Scaling,IID,51,FLTrust,0.99788332752904,0.0014444444444444446,0.6549448167099945,0.0,0.9972222213648831,0.0033333333333333335,0.45626648800134717
NBaIoT_MixedDevice_9Sources_Balanced,Scaling,IID,51,FedAvg,0.6425549409715113,0.5485333333333333,0.6523625494200496,0.0,0.7242108043851538,0.49444444444444446,0.4695519519991649
NBaIoT_MixedDevice_9Sources_Balanced,Scaling,IID,51,Krum,0.8904860063855721,0.13735555555555556,0.6964807908399416,0.0,0.7292933130699089,0.5144444444444445,1.3368691510004282
NBaIoT_MixedDevice_9Sources_Balanced,Scaling,IID,52,Adaptive_FixedCircuitBreaker,0.9987944441340866,0.0011333333333333332,0.6756572629800758,0.68,0.9988888888888889,0.0011111111111111111,0.462241074999838
NBaIoT_MixedDevice_9Sources_Balanced,Scaling,IID,52,Adaptive_NoAdaptiveWeighting,0.9989888885390935,0.0010888888888888888,0.6460662494700046,0.24,0.9994444442729766,0.0011111111111111111,0.46072990900029254
NBaIoT_MixedDevice_9Sources_Balanced,Scaling,IID,52,Adaptive_NoCircuitBreaker,0.9987999996021937,0.0012222222222222222,0.6475844250500813,0.0,0.9977777777777778,0.0022222222222222222,0.49863507200097956
NBaIoT_MixedDevice_9Sources_Balanced,Scaling,IID,52,Adaptive_NoTemporalMemory,0.9989222218587094,0.0011333333333333332,0.6468018442500761,0.24,0.9994444442729766,0.0011111111111111111,0.46184175400048844
NBaIoT_MixedDevice_9Sources_Balanced,Scaling,IID,52,Adaptive_Ultimate,0.9989333329801086,0.0011333333333333332,0.6658160409399898,0.24,0.9994444442729766,0.0011111111111111111,1.9323716850012715
NBaIoT_MixedDevice_9Sources_Balanced,Scaling,IID,52,FLAME,0.8080432979018707,0.2976111111111111,0.6520800839900767,0.0,0.7257313829787234,0.5177777777777778,0.4680942729992239
NBaIoT_MixedDevice_9Sources_Balanced,Scaling,IID,52,FLTrust,0.9987499996039084,0.001288888888888889,0.647538040230138,0.0,0.9983333328189299,0.0022222222222222222,0.46157873700030905
NBaIoT_MixedDevice_9Sources_Balanced,Scaling,IID,52,FedAvg,0.7059016717302048,0.48906666666666665,0.6487578679000399,0.0,0.3345667137785648,1.0,0.49601791500026593
NBaIoT_MixedDevice_9Sources_Balanced,Scaling,IID,52,Krum,0.894890493545629,0.13777777777777778,0.6489457564199984,0.0,0.3328391401037806,1.0,0.47009827500005485
NBaIoT_MixedDevice_9Sources_Balanced,Scaling,NonIID_Dirichlet,43,Adaptive_FixedCircuitBreaker,0.9951109664636245,0.0028000000000000004,0.6657783956299136,0.69,0.9955555336075734,0.0022222222222222222,1.9966187990012259
NBaIoT_MixedDevice_9Sources_Balanced,Scaling,NonIID_Dirichlet,43,Adaptive_NoAdaptiveWeighting,0.9945830359930828,0.0036222222222222224,0.6492558159099644,0.0,0.9949999861110725,0.0033333333333333335,0.4544319020005787
NBaIoT_MixedDevice_9Sources_Balanced,Scaling,NonIID_Dirichlet,43,Adaptive_NoCircuitBreaker,0.9947331941660039,0.0035555555555555557,0.6461850258099731,0.0,0.9949999861110725,0.0033333333333333335,0.4630807769990497
NBaIoT_MixedDevice_9Sources_Balanced,Scaling,NonIID_Dirichlet,43,Adaptive_NoTemporalMemory,0.9948833178239427,0.0035777777777777782,0.6694533940600559,0.0,0.9949999861110725,0.0033333333333333335,0.7584586339999078
NBaIoT_MixedDevice_9Sources_Balanced,Scaling,NonIID_Dirichlet,43,Adaptive_Ultimate,0.994738749640969,0.0035444444444444447,0.6503710981801487,0.0,0.9949999861110725,0.0033333333333333335,0.4897146220009745
NBaIoT_MixedDevice_9Sources_Balanced,Scaling,NonIID_Dirichlet,43,FLAME,0.7864397098788066,0.18822222222222224,0.6517189380400487,0.0,0.5615886727503003,0.028888888888888888,0.44954028199936147
NBaIoT_MixedDevice_9Sources_Balanced,Scaling,NonIID_Dirichlet,43,FLTrust,0.9948722068740128,0.0036000000000000003,0.6539036860400848,0.0,0.9949999861110725,0.0033333333333333335,0.45834892799939553
NBaIoT_MixedDevice_9Sources_Balanced,Scaling,NonIID_Dirichlet,43,FedAvg,0.7216825158269845,0.3708222222222222,0.6428705959300715,0.0,0.6585613876043412,0.6155555555555555,0.4460897280005156
NBaIoT_MixedDevice_9Sources_Balanced,Scaling,NonIID_Dirichlet,43,Krum,0.8848850081740929,0.11645555555555555,0.6483123340399106,0.0,0.7386879745230629,0.4911111111111111,0.45191312299903075
NBaIoT_MixedDevice_9Sources_Balanced,Scaling,NonIID_Dirichlet,44,Adaptive_FixedCircuitBreaker,0.997155550473149,0.0022333333333333333,0.645506599750006,0.85,0.9972222213648831,0.0022222222222222222,0.45655352500034496
NBaIoT_MixedDevice_9Sources_Balanced,Scaling,NonIID_Dirichlet,44,Adaptive_NoAdaptiveWeighting,0.9971333277845302,0.0022333333333333333,0.64182363221993,0.19,0.9972222213648831,0.0022222222222222222,0.4490502760017989
NBaIoT_MixedDevice_9Sources_Balanced,Scaling,NonIID_Dirichlet,44,Adaptive_NoCircuitBreaker,0.9971111057680732,0.0022333333333333333,0.6901711534102287,0.0,0.9972222213648831,0.0022222222222222222,0.5737021610002557
NBaIoT_MixedDevice_9Sources_Balanced,Scaling,NonIID_Dirichlet,44,Adaptive_NoTemporalMemory,0.997194443057268,0.0022333333333333333,0.6460575904396318,0.0,0.9972222213648831,0.0022222222222222222,0.4531140940016485
NBaIoT_MixedDevice_9Sources_Balanced,Scaling,NonIID_Dirichlet,44,Adaptive_Ultimate,0.997155550473149,0.0022333333333333333,0.6443241143198247,0.0,0.9972222213648831,0.0022222222222222222,0.49584373900142964
NBaIoT_MixedDevice_9Sources_Balanced,Scaling,NonIID_Dirichlet,44,FLAME,0.7856852511096944,0.32001111111111114,0.6520196355499683,0.0,0.6245224803932863,0.6877777777777778,0.5064972290001606
NBaIoT_MixedDevice_9Sources_Balanced,Scaling,NonIID_Dirichlet,44,FLTrust,0.9970888868930008,0.0022333333333333333,0.6457905505798408,0.0,0.9966666625514352,0.0022222222222222222,0.4919872789978399
NBaIoT_MixedDevice_9Sources_Balanced,Scaling,NonIID_Dirichlet,44,FedAvg,0.680647783223436,0.5489111111111111,0.6520424792200538,0.0,0.679279079844121,0.9866666666666667,0.4976067760017031
NBaIoT_MixedDevice_9Sources_Balanced,Scaling,NonIID_Dirichlet,44,Krum,0.898581700547111,0.1285888888888889,0.6479989958000624,0.0,0.4817396925065793,0.3055555555555556,0.45468957999946724
NBaIoT_MixedDevice_9Sources_Balanced,Scaling,NonIID_Dirichlet,45,Adaptive_FixedCircuitBreaker,0.9972665524781553,0.003688888888888889,0.6472176743999808,0.25,0.9977777777777778,0.0033333333333333335,0.46157789299832075
NBaIoT_MixedDevice_9Sources_Balanced,Scaling,NonIID_Dirichlet,45,Adaptive_NoAdaptiveWeighting,0.9973832056124757,0.0035111111111111116,0.6451135772999259,0.0,0.9983333328189299,0.0033333333333333335,0.47772936999899684
NBaIoT_MixedDevice_9Sources_Balanced,Scaling,NonIID_Dirichlet,45,Adaptive_NoCircuitBreaker,0.9972332190110771,0.003711111111111111,0.6544301263299712,0.0,0.9977777777777778,0.0044444444444444444,1.4425950980003108
NBaIoT_MixedDevice_9Sources_Balanced,Scaling,NonIID_Dirichlet,45,Adaptive_NoTemporalMemory,0.9971443344747415,0.0036222222222222224,0.6436882319597862,0.0,0.9972222213648831,0.0033333333333333335,0.45758372099953704
NBaIoT_MixedDevice_9Sources_Balanced,Scaling,NonIID_Dirichlet,45,Adaptive_Ultimate,0.9971276633749316,0.003688888888888889,0.6453728941301597,0.0,0.9972222213648831,0.0033333333333333335,0.4604730599967297
NBaIoT_MixedDevice_9Sources_Balanced,Scaling,NonIID_Dirichlet,45,FLAME,0.7184833338093024,0.048611111111111105,0.6511447244102238,0.0,0.8584746903084997,0.22444444444444445,0.5067205119994469
NBaIoT_MixedDevice_9Sources_Balanced,Scaling,NonIID_Dirichlet,45,FLTrust,0.9972443345467581,0.0036333333333333335,0.646966425860046,0.0,0.9977777777777778,0.0044444444444444444,0.5072528310010966
NBaIoT_MixedDevice_9Sources_Balanced,Scaling,NonIID_Dirichlet,45,FedAvg,0.7543377646239978,0.35950000000000004,0.6501496470700294,0.0,0.7406866913072285,0.5088888888888888,0.5271361519990023
NBaIoT_MixedDevice_9Sources_Balanced,Scaling,NonIID_Dirichlet,45,Krum,0.9872315078545398,0.02471111111111111,0.6869209053600571,0.0,0.9777678693837624,0.044444444444444446,0.4640135090012336
NBaIoT_MixedDevice_9Sources_Balanced,Scaling,NonIID_Dirichlet,46,Adaptive_FixedCircuitBreaker,0.9972666579383326,0.003022222222222222,0.6452456809499563,0.76,0.9972222213648831,0.0033333333333333335,0.4881773980014259
NBaIoT_MixedDevice_9Sources_Balanced,Scaling,NonIID_Dirichlet,46,Adaptive_NoAdaptiveWeighting,0.9976666524265133,0.0021222222222222224,0.6526996807498654,0.54,0.9977777777777778,0.0022222222222222222,0.5085962020020816
NBaIoT_MixedDevice_9Sources_Balanced,Scaling,NonIID_Dirichlet,46,Adaptive_NoCircuitBreaker,0.9968833250731063,0.003088888888888889,0.6499074888000177,0.0,0.9966666666666667,0.0033333333333333335,0.4483571800010395
NBaIoT_MixedDevice_9Sources_Balanced,Scaling,NonIID_Dirichlet,46,Adaptive_NoTemporalMemory,0.9969555530932148,0.0031333333333333335,0.6478818079500342,0.42,0.9966666666666667,0.0033333333333333335,0.47579189099997166
NBaIoT_MixedDevice_9Sources_Balanced,Scaling,NonIID_Dirichlet,46,Adaptive_Ultimate,0.9972333245535588,0.003088888888888889,0.6480667041998095,0.52,0.9972222213648831,0.0033333333333333335,0.4552825099999609
NBaIoT_MixedDevice_9Sources_Balanced,Scaling,NonIID_Dirichlet,46,FLAME,0.8637921441605156,0.16413333333333335,0.6445851332201346,0.0,0.7393547700736722,0.4911111111111111,0.49207682899941574
NBaIoT_MixedDevice_9Sources_Balanced,Scaling,NonIID_Dirichlet,46,FLTrust,0.9967222187825125,0.0031333333333333335,0.6829566051803704,0.0,0.9966666666666667,0.0044444444444444444,2.3960524260000966
NBaIoT_MixedDevice_9Sources_Balanced,Scaling,NonIID_Dirichlet,46,FedAvg,0.7460672781134252,0.38235555555555556,0.6368465392998042,0.0,0.36699876109849267,0.9688888888888889,0.4574858239975583
NBaIoT_MixedDevice_9Sources_Balanced,Scaling,NonIID_Dirichlet,46,Krum,0.4987843147193864,0.11644444444444443,0.6467963594200046,0.0,0.5086257188099008,0.0011111111111111111,0.4781836440015468
NBaIoT_MixedDevice_9Sources_Balanced,Scaling,NonIID_Dirichlet,47,Adaptive_FixedCircuitBreaker,0.9989222216255088,0.0011111111111111111,0.6737914540698694,0.44,0.9988888888888889,0.0011111111111111111,1.8137383959983708
NBaIoT_MixedDevice_9Sources_Balanced,Scaling,NonIID_Dirichlet,47,Adaptive_NoAdaptiveWeighting,0.9993388881635745,0.0011111111111111111,0.6459984110099686,0.22,0.9994444442729766,0.0011111111111111111,0.46406891199876554
NBaIoT_MixedDevice_9Sources_Balanced,Scaling,NonIID_Dirichlet,47,Adaptive_NoCircuitBreaker,0.9980444359532891,0.002633333333333333,0.6524715708400618,0.0,0.9944443827153635,0.008888888888888889,0.46269449300234555
NBaIoT_MixedDevice_9Sources_Balanced,Scaling,NonIID_Dirichlet,47,Adaptive_NoTemporalMemory,0.9989333329801074,0.0011111111111111111,0.6466931677999673,0.21,0.9988888888888889,0.0011111111111111111,0.4612330429990834
NBaIoT_MixedDevice_9Sources_Balanced,Scaling,NonIID_Dirichlet,47,Adaptive_Ultimate,0.9988722215792124,0.0012111111111111112,0.6606251569400047,0.2,0.9983333328189299,0.0022222222222222222,1.3654196390016295
NBaIoT_MixedDevice_9Sources_Balanced,Scaling,NonIID_Dirichlet,47,FLAME,0.7085896370991476,0.36939999999999995,0.6500264789000357,0.0,0.6410180233709646,0.6422222222222222,0.4576665620006679
NBaIoT_MixedDevice_9Sources_Balanced,Scaling,NonIID_Dirichlet,47,FLTrust,0.9981833273576382,0.0023666666666666667,0.6447512167598688,0.0,0.9944443827153635,0.008888888888888889,0.4539871970009699
NBaIoT_MixedDevice_9Sources_Balanced,Scaling,NonIID_Dirichlet,47,FedAvg,0.6787278031162693,0.499,0.6444672805498339,0.0,0.7406866913072285,0.48777777777777775,0.47256006300085573
NBaIoT_MixedDevice_9Sources_Balanced,Scaling,NonIID_Dirichlet,47,Krum,0.8987157233425946,0.1292111111111111,0.6481149925399222,0.0,0.6031071680867828,0.6966666666666667,0.4990880389996164
NBaIoT_MixedDevice_9Sources_Balanced,Scaling,NonIID_Dirichlet,48,Adaptive_FixedCircuitBreaker,0.9977111081172709,0.0014666666666666667,0.6524684584302304,0.43,0.9983333328189299,0.0011111111111111111,0.5229538720013807
NBaIoT_MixedDevice_9Sources_Balanced,Scaling,NonIID_Dirichlet,48,Adaptive_NoAdaptiveWeighting,0.9980555520918897,0.0012333333333333335,0.6492288850700425,0.0,0.9988888875171451,0.0011111111111111111,0.5144829109995044
NBaIoT_MixedDevice_9Sources_Balanced,Scaling,NonIID_Dirichlet,48,Adaptive_NoCircuitBreaker,0.997516663263018,0.001577777777777778,0.6497343868300596,0.0,0.9966666666666667,0.0033333333333333335,0.46441481600049883
NBaIoT_MixedDevice_9Sources_Balanced,Scaling,NonIID_Dirichlet,48,Adaptive_NoTemporalMemory,0.9975999970610324,0.0015333333333333336,0.648761592209994,0.0,0.9977777750342902,0.0011111111111111111,0.46195581199935987
NBaIoT_MixedDevice_9Sources_Balanced,Scaling,NonIID_Dirichlet,48,Adaptive_Ultimate,0.9977111081172709,0.0014666666666666667,0.6864446230198519,0.0,0.9983333328189299,0.0011111111111111111,1.737978609999118
NBaIoT_MixedDevice_9Sources_Balanced,Scaling,NonIID_Dirichlet,48,FLAME,0.7199074440681664,0.2960333333333333,0.6542122604900215,0.0,0.423004029144614,0.0,0.49824394100141944
NBaIoT_MixedDevice_9Sources_Balanced,Scaling,NonIID_Dirichlet,48,FLTrust,0.9974222193106894,0.0017555555555555556,0.6508171954097998,0.0,0.9966666666666667,0.0033333333333333335,0.47723248500187765
NBaIoT_MixedDevice_9Sources_Balanced,Scaling,NonIID_Dirichlet,48,FedAvg,0.6211130751953823,0.5179888888888889,0.6442550974501137,0.0,0.6226521359578723,0.6622222222222223,0.45474878199820523
NBaIoT_MixedDevice_9Sources_Balanced,Scaling,NonIID_Dirichlet,48,Krum,0.9544338754551218,0.08903333333333333,0.647458827960072,0.0,0.9899998024652339,0.015555555555555555,0.5026512840013311
NBaIoT_MixedDevice_9Sources_Balanced,Scaling,NonIID_Dirichlet,49,Adaptive_FixedCircuitBreaker,0.9976444305486002,2.2222222222222223e-05,0.646389300299743,0.69,0.9977777668037867,0.0,0.4850195779981732
NBaIoT_MixedDevice_9Sources_Balanced,Scaling,NonIID_Dirichlet,49,Adaptive_NoAdaptiveWeighting,0.997366647637006,0.0001,0.6592943907099107,0.0,0.9983333287036908,0.0,0.5138275370009069
NBaIoT_MixedDevice_9Sources_Balanced,Scaling,NonIID_Dirichlet,49,Adaptive_NoCircuitBreaker,0.9979888802537046,0.000488888888888889,0.696014868920065,0.0,0.9983333328189299,0.0022222222222222222,1.0166072680003708
NBaIoT_MixedDevice_9Sources_Balanced,Scaling,NonIID_Dirichlet,49,Adaptive_NoTemporalMemory,0.9978722110853162,2.2222222222222223e-05,0.6497615136599415,0.0,0.9983333287036908,0.0,0.47204784600035055
NBaIoT_MixedDevice_9Sources_Balanced,Scaling,NonIID_Dirichlet,49,Adaptive_Ultimate,0.99787776654656,2.2222222222222223e-05,0.6524858243902054,0.0,0.9983333287036908,0.0,0.5003094579988101
NBaIoT_MixedDevice_9Sources_Balanced,Scaling,NonIID_Dirichlet,49,FLAME,0.7858638271447598,0.31066666666666665,0.6557809279199864,0.0,0.9121596146212901,0.23333333333333334,0.47892499400040833
NBaIoT_MixedDevice_9Sources_Balanced,Scaling,NonIID_Dirichlet,49,FLTrust,0.997966656916939,0.0004777777777777778,0.6966428506999728,0.0,0.9983333328189299,0.0022222222222222222,1.2850009809990297
NBaIoT_MixedDevice_9Sources_Balanced,Scaling,NonIID_Dirichlet,49,FedAvg,0.6493951009228255,0.4714888888888889,0.6479202388301565,0.0,0.3333333333333333,1.0,0.48908255099740927
NBaIoT_MixedDevice_9Sources_Balanced,Scaling,NonIID_Dirichlet,49,Krum,0.9263637673265803,0.09102222222222223,0.6481606217497756,0.0,0.8324862514641942,0.27666666666666667,0.4593950569978915
NBaIoT_MixedDevice_9Sources_Balanced,Scaling,NonIID_Dirichlet,50,Adaptive_FixedCircuitBreaker,0.9966221995126245,0.0010333333333333334,0.6512164548200599,0.69,0.99666665020568,0.0011111111111111111,0.46242020400313777
NBaIoT_MixedDevice_9Sources_Balanced,Scaling,NonIID_Dirichlet,50,Adaptive_NoAdaptiveWeighting,0.9966610891954191,0.0010333333333333334,0.6502660943599039,0.24,0.99666665020568,0.0011111111111111111,0.4660316320005222
NBaIoT_MixedDevice_9Sources_Balanced,Scaling,NonIID_Dirichlet,50,Adaptive_NoCircuitBreaker,0.9965944205294108,0.0010333333333333334,0.6523768310401283,0.0,0.9972222145061513,0.0011111111111111111,0.45657937099895207
NBaIoT_MixedDevice_9Sources_Balanced,Scaling,NonIID_Dirichlet,50,Adaptive_NoTemporalMemory,0.9966221995126245,0.0010333333333333334,0.6940087265701004,0.24,0.99666665020568,0.0011111111111111111,0.5021303909998096
NBaIoT_MixedDevice_9Sources_Balanced,Scaling,NonIID_Dirichlet,50,Adaptive_Ultimate,0.9966221995126245,0.0010333333333333334,0.6550808996200794,0.24,0.99666665020568,0.0011111111111111111,0.4593144719983684
NBaIoT_MixedDevice_9Sources_Balanced,Scaling,NonIID_Dirichlet,50,FLAME,0.6648193179746373,0.17406666666666668,0.6585325535901211,0.0,0.3333333333333333,1.0,0.4586531430031755
NBaIoT_MixedDevice_9Sources_Balanced,Scaling,NonIID_Dirichlet,50,FLTrust,0.9968499797852681,0.0010333333333333334,0.6552022726897849,0.0,0.9972222145061513,0.0011111111111111111,0.47114819299895316
NBaIoT_MixedDevice_9Sources_Balanced,Scaling,NonIID_Dirichlet,50,FedAvg,0.6745055805378973,0.5123222222222222,0.6498643236601856,0.0,0.9359401067850568,0.2722222222222222,0.9317809799977113
NBaIoT_MixedDevice_9Sources_Balanced,Scaling,NonIID_Dirichlet,50,Krum,0.8841955748773809,0.14983333333333335,0.6940972775800401,0.0,0.7170810115095241,0.5222222222222223,0.5115251250026631
NBaIoT_MixedDevice_9Sources_Balanced,Scaling,NonIID_Dirichlet,51,Adaptive_FixedCircuitBreaker,0.9975814668540444,0.0011111111111111111,0.656042063130044,0.86,0.9983333328189299,0.0011111111111111111,0.5125159580020409
NBaIoT_MixedDevice_9Sources_Balanced,Scaling,NonIID_Dirichlet,51,Adaptive_NoAdaptiveWeighting,0.9956959020103799,0.0011,0.65087400383989,0.24,0.9983333328189299,0.0011111111111111111,0.4920120290007617
NBaIoT_MixedDevice_9Sources_Balanced,Scaling,NonIID_Dirichlet,51,Adaptive_NoCircuitBreaker,0.9975814668540444,0.0011111111111111111,0.6602819547798936,0.0,0.9983333328189299,0.0011111111111111111,1.8798353769998357
NBaIoT_MixedDevice_9Sources_Balanced,Scaling,NonIID_Dirichlet,51,Adaptive_NoTemporalMemory,0.9979999504409808,0.0011111111111111111,0.6558177239598808,0.24,0.9983333328189299,0.0011111111111111111,0.4659246200026246
NBaIoT_MixedDevice_9Sources_Balanced,Scaling,NonIID_Dirichlet,51,Adaptive_Ultimate,0.9975814668540444,0.0011111111111111111,0.6544154705600158,0.24,0.9983333328189299,0.0011111111111111111,0.5011017860015272
NBaIoT_MixedDevice_9Sources_Balanced,Scaling,NonIID_Dirichlet,51,FLAME,0.7490227532866917,0.3433,0.6583047109399195,0.0,0.9015012355874046,0.18555555555555556,0.4829297639989818
NBaIoT_MixedDevice_9Sources_Balanced,Scaling,NonIID_Dirichlet,51,FLTrust,0.9979999504409808,0.0011111111111111111,0.6969590843400875,0.0,0.9983333328189299,0.0011111111111111111,1.173355476999859
NBaIoT_MixedDevice_9Sources_Balanced,Scaling,NonIID_Dirichlet,51,FedAvg,0.7794759172431671,0.35423333333333334,0.6514305575698746,0.0,0.7429730239577439,0.4922222222222222,0.5027903699992748
NBaIoT_MixedDevice_9Sources_Balanced,Scaling,NonIID_Dirichlet,51,Krum,0.9545980280708403,0.07088888888888889,0.6557119059198522,0.0,0.9083020218285919,0.17444444444444446,0.5135693850024836
NBaIoT_MixedDevice_9Sources_Balanced,Scaling,NonIID_Dirichlet,52,Adaptive_FixedCircuitBreaker,0.9973611095113118,0.0024,0.6438780077098272,0.45,0.9972222213648831,0.0022222222222222222,0.4593266890005907
NBaIoT_MixedDevice_9Sources_Balanced,Scaling,NonIID_Dirichlet,52,Adaptive_NoAdaptiveWeighting,0.9974666655555511,0.002255555555555556,0.6443007753599158,0.24,0.9972222213648831,0.0022222222222222222,0.4616750850000244
NBaIoT_MixedDevice_9Sources_Balanced,Scaling,NonIID_Dirichlet,52,Adaptive_NoCircuitBreaker,0.9976277758693359,0.001988888888888889,0.6456798386599257,0.0,0.9983333328189299,0.0011111111111111111,0.46955973299918696
NBaIoT_MixedDevice_9Sources_Balanced,Scaling,NonIID_Dirichlet,52,Adaptive_NoTemporalMemory,0.9975833318261299,0.002011111111111111,0.6460998942800507,0.04,0.9977777750342902,0.0011111111111111111,0.4582919150016096
NBaIoT_MixedDevice_9Sources_Balanced,Scaling,NonIID_Dirichlet,52,Adaptive_Ultimate,0.9974722203240686,0.0021666666666666666,0.6443978933397738,0.0,0.9977777750342902,0.0011111111111111111,0.46036644999912824
NBaIoT_MixedDevice_9Sources_Balanced,Scaling,NonIID_Dirichlet,52,FLAME,0.6250142655851654,0.5622888888888888,0.676216633629847,0.0,0.3739869656921725,0.9666666666666667,0.4639408600014576
NBaIoT_MixedDevice_9Sources_Balanced,Scaling,NonIID_Dirichlet,52,FLTrust,0.9978111100240042,0.0018444444444444443,0.6467329503898509,0.0,0.9983333328189299,0.0011111111111111111,0.45813045500108274
NBaIoT_MixedDevice_9Sources_Balanced,Scaling,NonIID_Dirichlet,52,FedAvg,0.7256951648576478,0.4873444444444444,0.6545380422301605,0.0,0.5913482960115084,0.7788888888888889,0.4763422639989585
NBaIoT_MixedDevice_9Sources_Balanced,Scaling,NonIID_Dirichlet,52,Krum,0.9921716890936993,0.0029444444444444444,0.6781769761998657,0.0,0.9922219821599432,0.0022222222222222222,1.8096078900016437
NBaIoT_MixedDevice_9Sources_Balanced,Sybil,IID,43,Adaptive_FixedCircuitBreaker,0.9951555538511596,0.004522222222222223,0.6540563478300828,0.44,0.9955555555555555,0.0044444444444444444,0.500236091997067
NBaIoT_MixedDevice_9Sources_Balanced,Sybil,IID,43,Adaptive_NoAdaptiveWeighting,0.9949055531567148,0.004522222222222223,0.6600460151201696,0.14,0.9949999984567897,0.0044444444444444444,0.5027462819998618
NBaIoT_MixedDevice_9Sources_Balanced,Sybil,IID,43,Adaptive_NoCircuitBreaker,0.9952833303686467,0.004611111111111111,0.6553265780599759,0.0,0.996111100308612,0.005555555555555556,0.4956131529979757
NBaIoT_MixedDevice_9Sources_Balanced,Sybil,IID,43,Adaptive_NoTemporalMemory,0.9950833314283201,0.004522222222222223,0.6981173394899451,0.0,0.9955555555555555,0.0044444444444444444,1.9207562400006282
NBaIoT_MixedDevice_9Sources_Balanced,Sybil,IID,43,Adaptive_Ultimate,0.9950833314283201,0.004522222222222223,0.6569326069398085,0.0,0.9955555555555555,0.0044444444444444444,0.5130759629973909
NBaIoT_MixedDevice_9Sources_Balanced,Sybil,IID,43,FLAME,0.9186345139900187,0.14501111111111112,0.701201387030087,0.0,0.5897020597013235,0.7155555555555555,0.5093117270007497
NBaIoT_MixedDevice_9Sources_Balanced,Sybil,IID,43,FLTrust,0.9952888858161772,0.004622222222222222,0.6577890277600454,0.0,0.996111100308612,0.005555555555555556,0.5031749769987073
NBaIoT_MixedDevice_9Sources_Balanced,Sybil,IID,43,FedAvg,0.994472203883587,0.006788888888888889,0.6629085482500886,0.0,0.9944443827153635,0.008888888888888889,0.5060361569994711
NBaIoT_MixedDevice_9Sources_Balanced,Sybil,IID,43,Krum,0.9031797481761675,0.1744888888888889,0.6591999610899802,0.0,0.6637173020204525,0.61,0.47268858600000385
NBaIoT_MixedDevice_9Sources_Balanced,Sybil,IID,44,Adaptive_FixedCircuitBreaker,0.9973055547856647,0.002255555555555556,0.682998056750257,0.75,0.9972222213648831,0.0022222222222222222,0.45978480899793794
NBaIoT_MixedDevice_9Sources_Balanced,Sybil,IID,44,Adaptive_NoAdaptiveWeighting,0.9974666661591216,0.0022444444444444443,0.6523492294800599,0.64,0.9977777777777778,0.0022222222222222222,0.5072959880017152
NBaIoT_MixedDevice_9Sources_Balanced,Sybil,IID,44,Adaptive_NoCircuitBreaker,0.997688888710562,0.002255555555555556,0.6460206409399689,0.0,0.9977777777777778,0.0022222222222222222,0.4592374189996917
NBaIoT_MixedDevice_9Sources_Balanced,Sybil,IID,44,Adaptive_NoTemporalMemory,0.9976722220181752,0.002255555555555556,0.6481711567700404,0.57,0.9977777777777778,0.0022222222222222222,0.4645728350005811
NBaIoT_MixedDevice_9Sources_Balanced,Sybil,IID,44,Adaptive_Ultimate,0.997688888710562,0.002255555555555556,0.6713745526201091,0.5,0.9977777777777778,0.0022222222222222222,1.8728256670001429
NBaIoT_MixedDevice_9Sources_Balanced,Sybil,IID,44,FLAME,0.9694349412385829,0.19815555555555556,0.6578092896203088,0.0,0.9766592898496315,0.9811111111111112,0.46784504799870774
NBaIoT_MixedDevice_9Sources_Balanced,Sybil,IID,44,FLTrust,0.9974166658007532,0.002777777777777778,0.652048913489998,0.0,0.9977777777777778,0.0033333333333333335,0.5013049389999651
NBaIoT_MixedDevice_9Sources_Balanced,Sybil,IID,44,FedAvg,0.9961721802100378,0.03461111111111111,0.6533169072098463,0.0,0.9916665406359542,0.4,0.49386349899941706
NBaIoT_MixedDevice_9Sources_Balanced,Sybil,IID,44,Krum,0.9603967279696387,0.2882222222222222,0.6557300647297961,0.0,0.980552908590336,0.9944444444444445,0.4674412390013458
NBaIoT_MixedDevice_9Sources_Balanced,Sybil,IID,45,Adaptive_FixedCircuitBreaker,0.9983165698924436,0.0021666666666666666,0.664319257279858,0.43,0.9988888888888889,0.0022222222222222222,0.4693725249999261
NBaIoT_MixedDevice_9Sources_Balanced,Sybil,IID,45,Adaptive_NoAdaptiveWeighting,0.9980721252628136,0.002277777777777778,0.6566318060498816,0.0,0.9983333328189299,0.0022222222222222222,0.46138664500176674
NBaIoT_MixedDevice_9Sources_Balanced,Sybil,IID,45,Adaptive_NoCircuitBreaker,0.9980554584195351,0.0022222222222222222,0.653718915229947,0.0,0.9977777750342902,0.0033333333333333335,0.5022470109979622
NBaIoT_MixedDevice_9Sources_Balanced,Sybil,IID,45,Adaptive_NoTemporalMemory,0.9982332364819497,0.0021555555555555555,0.6537458776895437,0.0,0.9988888888888889,0.0022222222222222222,0.4914003589983622
NBaIoT_MixedDevice_9Sources_Balanced,Sybil,IID,45,Adaptive_Ultimate,0.9981943475570525,0.0021666666666666666,0.6821915072501361,0.0,0.9988888888888889,0.0022222222222222222,2.0215751559990167
NBaIoT_MixedDevice_9Sources_Balanced,Sybil,IID,45,FLAME,0.9773305144085414,0.14655555555555555,0.650916188049996,0.0,0.9949999614194553,0.47444444444444445,0.4685575240000617
NBaIoT_MixedDevice_9Sources_Balanced,Sybil,IID,45,FLTrust,0.9981387917785886,0.0022444444444444443,0.6543437794598139,0.0,0.9977777750342902,0.0033333333333333335,0.5416289999993751
NBaIoT_MixedDevice_9Sources_Balanced,Sybil,IID,45,FedAvg,0.9967721046225475,0.02916666666666667,0.6476000112202018,0.0,0.993888871913533,0.44,0.46762294699874474
NBaIoT_MixedDevice_9Sources_Balanced,Sybil,IID,45,Krum,0.9712422738092152,0.35840000000000005,0.6539460179900197,0.0,0.9888886694058154,0.9988888888888889,0.47049360500022885
NBaIoT_MixedDevice_9Sources_Balanced,Sybil,IID,46,Adaptive_FixedCircuitBreaker,0.9971055535819575,0.002322222222222222,0.6510068526299801,0.44,0.9972222213648831,0.0022222222222222222,0.5122437150021142
NBaIoT_MixedDevice_9Sources_Balanced,Sybil,IID,46,Adaptive_NoAdaptiveWeighting,0.9971722202349065,0.0023333333333333335,0.6493942058596803,0.0,0.9972222213648831,0.0022222222222222222,0.49379702900114353
NBaIoT_MixedDevice_9Sources_Balanced,Sybil,IID,46,Adaptive_NoCircuitBreaker,0.9973333315603525,0.002322222222222222,0.6863415070699921,0.0,0.9983333328189299,0.0022222222222222222,2.4100160189991584
NBaIoT_MixedDevice_9Sources_Balanced,Sybil,IID,46,Adaptive_NoTemporalMemory,0.9973166650222868,0.002322222222222222,0.6484230324499731,0.0,0.9972222213648831,0.0022222222222222222,0.4614366390014766
NBaIoT_MixedDevice_9Sources_Balanced,Sybil,IID,46,Adaptive_Ultimate,0.9973166650188574,0.002322222222222222,0.6521478082397516,0.0,0.9977777777777778,0.0022222222222222222,0.5073843489990395
NBaIoT_MixedDevice_9Sources_Balanced,Sybil,IID,46,FLAME,0.9713858983512492,0.17815555555555554,0.6604969510499723,0.0,0.979436669728524,0.9644444444444444,1.3566045020015736
NBaIoT_MixedDevice_9Sources_Balanced,Sybil,IID,46,FLTrust,0.9973555537688573,0.002322222222222222,0.6766292230802355,0.0,0.9983333328189299,0.0022222222222222222,0.8163740580021113
NBaIoT_MixedDevice_9Sources_Balanced,Sybil,IID,46,FedAvg,0.9941555373935921,0.01801111111111111,0.6503344508699229,0.0,0.9927777577159936,0.06777777777777778,0.4730135229983716
NBaIoT_MixedDevice_9Sources_Balanced,Sybil,IID,46,Krum,0.9592163290953706,0.2000111111111111,0.6486294970500239,0.0,0.977769846278487,0.8977777777777778,0.5001285360012844
NBaIoT_MixedDevice_9Sources_Balanced,Sybil,IID,47,Adaptive_FixedCircuitBreaker,0.9988722216409408,0.0011111111111111111,0.6527129615599552,0.44,0.9988888888888889,0.0011111111111111111,0.5130168639989279
NBaIoT_MixedDevice_9Sources_Balanced,Sybil,IID,47,Adaptive_NoAdaptiveWeighting,0.9988666660733826,0.0011111111111111111,0.6818444812900998,0.0,0.9983333328189299,0.0011111111111111111,0.4959768209992035
NBaIoT_MixedDevice_9Sources_Balanced,Sybil,IID,47,Adaptive_NoCircuitBreaker,0.9984111094170026,0.0011111111111111111,0.6476478206597676,0.0,0.9977777750342902,0.0011111111111111111,0.4608542329988268
NBaIoT_MixedDevice_9Sources_Balanced,Sybil,IID,47,Adaptive_NoTemporalMemory,0.9984611095661797,0.0011111111111111111,0.6626397510200696,0.0,0.9977777750342902,0.0011111111111111111,1.542223478001688
NBaIoT_MixedDevice_9Sources_Balanced,Sybil,IID,47,Adaptive_Ultimate,0.9984555539883334,0.0011111111111111111,0.6548519902098997,0.0,0.9977777750342902,0.0011111111111111111,0.5058763790002558
NBaIoT_MixedDevice_9Sources_Balanced,Sybil,IID,47,FLAME,0.9169424257201345,0.15001111111111112,0.6796672371002205,0.0,0.6900176207224261,0.5688888888888889,0.4996601200000441
NBaIoT_MixedDevice_9Sources_Balanced,Sybil,IID,47,FLTrust,0.9984111094170026,0.0011111111111111111,0.6518359933299507,0.0,0.9977777750342902,0.0011111111111111111,0.5108481730021595
NBaIoT_MixedDevice_9Sources_Balanced,Sybil,IID,47,FedAvg,0.9975277378195238,0.004111111111111111,0.6488665738200871,0.0,0.9949998749968749,0.01,0.4894524859992089
NBaIoT_MixedDevice_9Sources_Balanced,Sybil,IID,47,Krum,0.8970766017627321,0.18437777777777778,0.6680599854396132,0.0,0.5584646464646464,0.7544444444444445,1.9158103320005466
NBaIoT_MixedDevice_9Sources_Balanced,Sybil,IID,48,Adaptive_FixedCircuitBreaker,0.9984444398147726,0.00022222222222222223,0.6774315496799681,0.43,0.9988888875171451,0.0,1.1111415970008238
NBaIoT_MixedDevice_9Sources_Balanced,Sybil,IID,48,Adaptive_NoAdaptiveWeighting,0.9984666616151822,8.888888888888889e-05,0.6474562579100529,0.0,0.9988888875171451,0.0,0.507440614997904
NBaIoT_MixedDevice_9Sources_Balanced,Sybil,IID,48,Adaptive_NoCircuitBreaker,0.99823332746566,0.00022222222222222223,0.650322717980307,0.0,0.9983333287036908,0.0,0.47398220100149047
NBaIoT_MixedDevice_9Sources_Balanced,Sybil,IID,48,Adaptive_NoTemporalMemory,0.9982722165311613,0.00022222222222222223,0.6457326676400044,0.0,0.9983333287036908,0.0,0.5060136769970995
NBaIoT_MixedDevice_9Sources_Balanced,Sybil,IID,48,Adaptive_Ultimate,0.9982722165826017,0.00022222222222222223,0.6584191989401734,0.0,0.9983333287036908,0.0,1.4662301349999325
NBaIoT_MixedDevice_9Sources_Balanced,Sybil,IID,48,FLAME,0.9669828153115554,0.23600000000000002,0.6534247063199655,0.0,0.988888765430727,0.7288888888888889,0.5101152479983284
NBaIoT_MixedDevice_9Sources_Balanced,Sybil,IID,48,FLTrust,0.9982444385904885,0.00022222222222222223,0.6475011708801321,0.0,0.9983333287036908,0.0,0.46244023400140577
NBaIoT_MixedDevice_9Sources_Balanced,Sybil,IID,48,FedAvg,0.995805533773763,0.031033333333333336,0.6672269308601971,0.0,0.9922222126200155,0.4088888888888889,0.506820812002843
NBaIoT_MixedDevice_9Sources_Balanced,Sybil,IID,48,Krum,0.9553914957714895,0.30193333333333333,0.6492575784299697,0.0,0.9788851351351351,0.9511111111111111,0.46267570900090504
NBaIoT_MixedDevice_9Sources_Balanced,Sybil,IID,49,Adaptive_FixedCircuitBreaker,0.9981499919255142,2.2222222222222223e-05,0.6585422112699598,0.8,0.9983333287036908,0.0,0.47543045800193795
NBaIoT_MixedDevice_9Sources_Balanced,Sybil,IID,49,Adaptive_NoAdaptiveWeighting,0.9977999878874216,2.2222222222222223e-05,0.6487959461000355,0.24,0.9977777668037867,0.0,0.4799910639994778
NBaIoT_MixedDevice_9Sources_Balanced,Sybil,IID,49,Adaptive_NoCircuitBreaker,0.9977166568157623,0.0005333333333333333,0.6515725480001129,0.0,0.9983333328189299,0.0011111111111111111,0.49489642399930744
NBaIoT_MixedDevice_9Sources_Balanced,Sybil,IID,49,Adaptive_NoTemporalMemory,0.9977055425187609,2.2222222222222223e-05,0.6495950545201049,0.24,0.9977777668037867,0.0,0.4856995469999674
NBaIoT_MixedDevice_9Sources_Balanced,Sybil,IID,49,Adaptive_Ultimate,0.9977166536435891,2.2222222222222223e-05,0.6867308449401389,0.24,0.9977777668037867,0.0,2.282937995998509
NBaIoT_MixedDevice_9Sources_Balanced,Sybil,IID,49,FLAME,0.9615053499211093,0.21346666666666667,0.6519192750098955,0.0,0.9872215556922568,0.9855555555555555,0.46111585199832916
NBaIoT_MixedDevice_9Sources_Balanced,Sybil,IID,49,FLTrust,0.997711100836679,0.00046666666666666666,0.6489684357499936,0.0,0.9983333328189299,0.0011111111111111111,0.508652776999952
NBaIoT_MixedDevice_9Sources_Balanced,Sybil,IID,49,FedAvg,0.9969388803823008,0.007188888888888889,0.6520915705297738,0.0,0.9955555555555555,0.028888888888888888,0.4663642359992082
NBaIoT_MixedDevice_9Sources_Balanced,Sybil,IID,49,Krum,0.9566633973092743,0.27093333333333336,0.6486428917601734,0.0,0.9916665406359542,0.9966666666666667,0.5146054659999209
NBaIoT_MixedDevice_9Sources_Balanced,Sybil,IID,50,Adaptive_FixedCircuitBreaker,0.9972388748504808,0.0009111111111111111,0.6486083719800808,0.42,0.9972222145061513,0.0011111111111111111,0.46412410300035845
NBaIoT_MixedDevice_9Sources_Balanced,Sybil,IID,50,Adaptive_NoAdaptiveWeighting,0.9972833190342917,0.0008666666666666667,0.6479114175899667,0.0,0.9972222145061513,0.0011111111111111111,0.4936983389998204
NBaIoT_MixedDevice_9Sources_Balanced,Sybil,IID,50,Adaptive_NoCircuitBreaker,0.9974444319989773,0.0009111111111111111,0.674571174549892,0.0,0.9977777750342902,0.0011111111111111111,2.02579899400007
NBaIoT_MixedDevice_9Sources_Balanced,Sybil,IID,50,Adaptive_NoTemporalMemory,0.9973055420864224,0.0009111111111111111,0.649494275710058,0.0,0.9977777750342902,0.0011111111111111111,0.4594856459989387
NBaIoT_MixedDevice_9Sources_Balanced,Sybil,IID,50,Adaptive_Ultimate,0.9972388748504808,0.0009111111111111111,0.6512038891698466,0.0,0.9972222145061513,0.0011111111111111111,0.5041160789987771
NBaIoT_MixedDevice_9Sources_Balanced,Sybil,IID,50,FLAME,0.9747522123767883,0.20802222222222222,0.6602145575399845,0.0,0.9933332016434893,0.9933333333333333,1.4361973199993372
NBaIoT_MixedDevice_9Sources_Balanced,Sybil,IID,50,FLTrust,0.9973999871978785,0.001011111111111111,0.6803867244799767,0.0,0.9983333287036908,0.0011111111111111111,0.4631251610007894
NBaIoT_MixedDevice_9Sources_Balanced,Sybil,IID,50,FedAvg,0.9971888760695706,0.009866666666666668,0.6507569655201223,0.0,0.9977777777777778,0.05,0.5145546139974613
NBaIoT_MixedDevice_9Sources_Balanced,Sybil,IID,50,Krum,0.960252494873341,0.2904777777777778,0.6499155461800546,0.0,0.9877770383640492,0.9933333333333333,0.4612879019987304
NBaIoT_MixedDevice_9Sources_Balanced,Sybil,IID,51,Adaptive_FixedCircuitBreaker,0.9981888840156654,0.0011111111111111111,0.6572204162097841,0.8,0.9983333328189299,0.0011111111111111111,0.9951100910002424
NBaIoT_MixedDevice_9Sources_Balanced,Sybil,IID,51,Adaptive_NoAdaptiveWeighting,0.998194439706682,0.0011111111111111111,0.6503984203900472,0.24,0.9983333328189299,0.0011111111111111111,0.49324404499930097
NBaIoT_MixedDevice_9Sources_Balanced,Sybil,IID,51,Adaptive_NoCircuitBreaker,0.9981555505485871,0.0011111111111111111,0.6485768875900976,0.0,0.9983333328189299,0.0011111111111111111,0.5018272640008945
NBaIoT_MixedDevice_9Sources_Balanced,Sybil,IID,51,Adaptive_NoTemporalMemory,0.9981944397649827,0.0011111111111111111,0.6872503477098144,0.0,0.9983333328189299,0.0011111111111111111,0.4728256890011835
NBaIoT_MixedDevice_9Sources_Balanced,Sybil,IID,51,Adaptive_Ultimate,0.9981888840156654,0.0011111111111111111,0.6511258062599155,0.2,0.9983333328189299,0.0011111111111111111,0.4966953149996698
NBaIoT_MixedDevice_9Sources_Balanced,Sybil,IID,51,FLAME,0.9698932122378393,0.22635555555555556,0.6568656960396766,0.0,0.9905552028331922,0.9955555555555555,0.46405734599829884
NBaIoT_MixedDevice_9Sources_Balanced,Sybil,IID,51,FLTrust,0.998144439564365,0.0011111111111111111,0.6525050901002032,0.0,0.9983333328189299,0.0011111111111111111,0.4742751269986911
NBaIoT_MixedDevice_9Sources_Balanced,Sybil,IID,51,FedAvg,0.9981611045591221,0.02858888888888889,0.653773652650052,0.0,0.9983333328189299,0.4588888888888889,0.4711443570013216
NBaIoT_MixedDevice_9Sources_Balanced,Sybil,IID,51,Krum,0.9549366398959909,0.28817777777777775,0.6978814893597155,0.0,0.9838870935928354,0.9988888888888889,0.4722940039973764
NBaIoT_MixedDevice_9Sources_Balanced,Sybil,IID,52,Adaptive_FixedCircuitBreaker,0.9983833326423169,0.0011666666666666668,0.6612195979196985,0.44,0.9983333328189299,0.0011111111111111111,1.722467299998243
NBaIoT_MixedDevice_9Sources_Balanced,Sybil,IID,52,Adaptive_NoAdaptiveWeighting,0.9984166656738664,0.0011,0.6470703754799252,0.0,0.9983333287036908,0.0011111111111111111,0.48403766000046744
NBaIoT_MixedDevice_9Sources_Balanced,Sybil,IID,52,Adaptive_NoCircuitBreaker,0.9977166574982178,0.0010666666666666667,0.6442036499198366,0.0,0.9966666296292181,0.0,0.462410046999139
NBaIoT_MixedDevice_9Sources_Balanced,Sybil,IID,52,Adaptive_NoTemporalMemory,0.997749993444757,0.0011777777777777778,0.6718839965601,0.0,0.99666665020568,0.0011111111111111111,0.6860303620014747
NBaIoT_MixedDevice_9Sources_Balanced,Sybil,IID,52,Adaptive_Ultimate,0.9977499935099153,0.0011666666666666668,0.6471624518197495,0.0,0.99666665020568,0.0011111111111111111,0.459176894997654
NBaIoT_MixedDevice_9Sources_Balanced,Sybil,IID,52,FLAME,0.9755711472258457,0.2192,0.6471251808497618,0.0,0.9855546817029672,0.9944444444444445,0.49151285200059647
NBaIoT_MixedDevice_9Sources_Balanced,Sybil,IID,52,FLTrust,0.9977277688219519,0.0010888888888888888,0.6453793607999251,0.0,0.9966666296292181,0.0,0.5090539230004651
NBaIoT_MixedDevice_9Sources_Balanced,Sybil,IID,52,FedAvg,0.9975444430418355,0.007622222222222222,0.6478609405301177,0.0,0.9955555500685803,0.04888888888888889,0.46279426599721774
NBaIoT_MixedDevice_9Sources_Balanced,Sybil,IID,52,Krum,0.9728573849004084,0.24301111111111112,0.6458799022502353,0.0,0.986110763880208,0.9811111111111112,0.45710686700113
NBaIoT_MixedDevice_9Sources_Balanced,Sybil,NonIID_Dirichlet,43,Adaptive_FixedCircuitBreaker,0.9950665223964131,0.0028666666666666667,0.6460840341901712,0.68,0.9955555336075734,0.0022222222222222222,0.46221299299941165
NBaIoT_MixedDevice_9Sources_Balanced,Sybil,NonIID_Dirichlet,43,Adaptive_NoAdaptiveWeighting,0.9945052427659015,0.003,0.6651346561902028,0.24,0.9949999614194553,0.0022222222222222222,2.029649513999175
NBaIoT_MixedDevice_9Sources_Balanced,Sybil,NonIID_Dirichlet,43,Adaptive_NoCircuitBreaker,0.9949442965150271,0.0028666666666666667,0.6680813063302048,0.0,0.9949999614194553,0.0022222222222222222,0.7781200049976178
NBaIoT_MixedDevice_9Sources_Balanced,Sybil,NonIID_Dirichlet,43,Adaptive_NoTemporalMemory,0.9950777532370924,0.002888888888888889,0.646282327040135,0.23,0.9955555336075734,0.0022222222222222222,0.48558275799950934
NBaIoT_MixedDevice_9Sources_Balanced,Sybil,NonIID_Dirichlet,43,Adaptive_Ultimate,0.9949331850712647,0.0028666666666666667,0.6492112282301241,0.24,0.9955555336075734,0.0022222222222222222,0.4633076819991402
NBaIoT_MixedDevice_9Sources_Balanced,Sybil,NonIID_Dirichlet,43,FLAME,0.8782890260429945,0.1196888888888889,0.6510136843099826,0.0,0.5847382431233363,0.7222222222222222,0.47563610799988965
NBaIoT_MixedDevice_9Sources_Balanced,Sybil,NonIID_Dirichlet,43,FLTrust,0.9950888636417448,0.0028444444444444446,0.6450628621802025,0.0,0.9949999614194553,0.0022222222222222222,0.49363770200216095
NBaIoT_MixedDevice_9Sources_Balanced,Sybil,NonIID_Dirichlet,43,FedAvg,0.9955721900311967,0.004244444444444445,0.6816687144300886,0.0,0.9955555500685803,0.005555555555555556,1.6188421209990338
NBaIoT_MixedDevice_9Sources_Balanced,Sybil,NonIID_Dirichlet,43,Krum,0.8652246340132741,0.15366666666666667,0.6452238294198105,0.0,0.5720164609053497,0.7255555555555555,0.4926049690002401
NBaIoT_MixedDevice_9Sources_Balanced,Sybil,NonIID_Dirichlet,44,Adaptive_FixedCircuitBreaker,0.9976388845660847,0.0022444444444444443,0.6448918828100432,0.87,0.9977777777777778,0.0022222222222222222,0.44895772300151293
NBaIoT_MixedDevice_9Sources_Balanced,Sybil,NonIID_Dirichlet,44,Adaptive_NoAdaptiveWeighting,0.9969666600821967,0.0022444444444444443,0.6406083917299839,0.23,0.9966666625514352,0.0022222222222222222,0.46312338699863176
NBaIoT_MixedDevice_9Sources_Balanced,Sybil,NonIID_Dirichlet,44,Adaptive_NoCircuitBreaker,0.9970333275650546,0.0022666666666666664,0.6422545228499439,0.0,0.9966666666666667,0.0033333333333333335,0.49134727099954034
NBaIoT_MixedDevice_9Sources_Balanced,Sybil,NonIID_Dirichlet,44,Adaptive_NoTemporalMemory,0.9969777751097351,0.0022333333333333333,0.6437876447698727,0.22,0.9966666625514352,0.0022222222222222222,0.4706602890000795
NBaIoT_MixedDevice_9Sources_Balanced,Sybil,NonIID_Dirichlet,44,Adaptive_Ultimate,0.9969722160544231,0.0022444444444444443,0.6433175514599497,0.23,0.9966666625514352,0.0022222222222222222,0.45982807199834497
NBaIoT_MixedDevice_9Sources_Balanced,Sybil,NonIID_Dirichlet,44,FLAME,0.9909543475924113,0.16165555555555555,0.6817193126397251,0.0,0.991666231973211,0.5877777777777777,2.3763734819985984
NBaIoT_MixedDevice_9Sources_Balanced,Sybil,NonIID_Dirichlet,44,FLTrust,0.9971944424708471,0.0022444444444444443,0.6478663247100485,0.0,0.9977777777777778,0.0022222222222222222,0.46553848999974434
NBaIoT_MixedDevice_9Sources_Balanced,Sybil,NonIID_Dirichlet,44,FedAvg,0.9955381820909842,0.10034444444444444,0.6409387652397345,0.0,0.9905553194385415,0.5,0.46448670699828654
NBaIoT_MixedDevice_9Sources_Balanced,Sybil,NonIID_Dirichlet,44,Krum,0.9341246671233041,0.2279111111111111,0.6481531913702565,0.0,0.9610760795827356,0.65,0.4619494239996129
NBaIoT_MixedDevice_9Sources_Balanced,Sybil,NonIID_Dirichlet,45,Adaptive_FixedCircuitBreaker,0.9973498845957804,0.0037222222222222223,0.644778470059864,0.44,0.9977777750342902,0.0033333333333333335,0.5036835729988525
NBaIoT_MixedDevice_9Sources_Balanced,Sybil,NonIID_Dirichlet,45,Adaptive_NoAdaptiveWeighting,0.9973109835394305,0.003666666666666667,0.6452301852598248,0.02,0.9977777777777778,0.0033333333333333335,0.5015097920004337
NBaIoT_MixedDevice_9Sources_Balanced,Sybil,NonIID_Dirichlet,45,Adaptive_NoCircuitBreaker,0.9971943300038751,0.0037222222222222223,0.6434285858001022,0.0,0.9972222213648831,0.0033333333333333335,0.4983591439995507
NBaIoT_MixedDevice_9Sources_Balanced,Sybil,NonIID_Dirichlet,45,Adaptive_NoTemporalMemory,0.9971776676983352,0.003655555555555556,0.6456722287897719,0.0,0.9966666666666667,0.0033333333333333335,0.5246523339992564
NBaIoT_MixedDevice_9Sources_Balanced,Sybil,NonIID_Dirichlet,45,Adaptive_Ultimate,0.9972165521300752,0.0037222222222222223,0.6762778216097649,0.0,0.9966666666666667,0.0033333333333333335,0.4969041170006676
NBaIoT_MixedDevice_9Sources_Balanced,Sybil,NonIID_Dirichlet,45,FLAME,0.9771015123501938,0.2601111111111111,0.6488111140498586,0.0,0.9638445985220785,0.9422222222222222,0.4744524570014619
NBaIoT_MixedDevice_9Sources_Balanced,Sybil,NonIID_Dirichlet,45,FLTrust,0.9972443340152067,0.0037333333333333333,0.6584373619602775,0.0,0.9972222145061513,0.0044444444444444444,1.744244962999801
NBaIoT_MixedDevice_9Sources_Balanced,Sybil,NonIID_Dirichlet,45,FedAvg,0.9957832826087629,0.2668333333333333,0.646476450840164,0.0,0.9955555336075734,0.9988888888888889,0.4933745920025103
NBaIoT_MixedDevice_9Sources_Balanced,Sybil,NonIID_Dirichlet,45,Krum,0.9224854848874712,0.2596333333333333,0.6469236645999262,0.0,0.8066770573486373,0.8533333333333334,0.49453593699945486
NBaIoT_MixedDevice_9Sources_Balanced,Sybil,NonIID_Dirichlet,46,Adaptive_FixedCircuitBreaker,0.9971777689671392,0.0032,0.6443657079102922,0.8,0.9972222213648831,0.0033333333333333335,0.5032816500024637
NBaIoT_MixedDevice_9Sources_Balanced,Sybil,NonIID_Dirichlet,46,Adaptive_NoAdaptiveWeighting,0.9973388743075146,0.002822222222222222,0.647735171499844,0.25,0.9972222213648831,0.0033333333333333335,0.4626436250000552
NBaIoT_MixedDevice_9Sources_Balanced,Sybil,NonIID_Dirichlet,46,Adaptive_NoCircuitBreaker,0.9968333224959396,0.003711111111111111,0.6461317285499172,0.0,0.9972222145061513,0.005555555555555556,0.4664738130013575
NBaIoT_MixedDevice_9Sources_Balanced,Sybil,NonIID_Dirichlet,46,Adaptive_NoTemporalMemory,0.9965888858778509,0.003388888888888889,0.6468111229598799,0.0,0.9966666666666667,0.0033333333333333335,0.4591573880024953
NBaIoT_MixedDevice_9Sources_Balanced,Sybil,NonIID_Dirichlet,46,Adaptive_Ultimate,0.9965388799119264,0.003611111111111111,0.6882272573200316,0.0,0.9966666666666667,0.0033333333333333335,0.5472755560003861
NBaIoT_MixedDevice_9Sources_Balanced,Sybil,NonIID_Dirichlet,46,FLAME,0.9833435861194328,0.24195555555555553,0.6564623277301144,0.0,0.9805523803114768,0.9977777777777778,0.47976583800118533
NBaIoT_MixedDevice_9Sources_Balanced,Sybil,NonIID_Dirichlet,46,FLTrust,0.996849995841839,0.0034000000000000002,0.6562937990901991,0.0,0.9972222145061513,0.0044444444444444444,0.7985729669999273
NBaIoT_MixedDevice_9Sources_Balanced,Sybil,NonIID_Dirichlet,46,FedAvg,0.9956221847901577,0.5562777777777778,0.6472673445401234,0.0,0.9977777668037867,1.0,0.47028091700121877
NBaIoT_MixedDevice_9Sources_Balanced,Sybil,NonIID_Dirichlet,46,Krum,0.7164011823512177,0.13441111111111112,0.6450244796400147,0.0,0.7354650983603314,0.6955555555555556,0.4592117200008943
NBaIoT_MixedDevice_9Sources_Balanced,Sybil,NonIID_Dirichlet,47,Adaptive_FixedCircuitBreaker,0.9986111102400491,0.001711111111111111,0.670949004910035,0.44,0.9983333328189299,0.0022222222222222222,0.4980499539997254
NBaIoT_MixedDevice_9Sources_Balanced,Sybil,NonIID_Dirichlet,47,Adaptive_NoAdaptiveWeighting,0.9989666660562357,0.0011111111111111111,0.6456863395501569,0.0,0.9988888888888889,0.0011111111111111111,0.46229260000109207
NBaIoT_MixedDevice_9Sources_Balanced,Sybil,NonIID_Dirichlet,47,Adaptive_NoCircuitBreaker,0.9986388880435471,0.0016555555555555557,0.6449656592101383,0.0,0.9983333328189299,0.0022222222222222222,0.4597333540004911
NBaIoT_MixedDevice_9Sources_Balanced,Sybil,NonIID_Dirichlet,47,Adaptive_NoTemporalMemory,0.9987611106121375,0.0014333333333333333,0.6485861099300019,0.0,0.9988888888888889,0.0011111111111111111,0.4829042780002055
NBaIoT_MixedDevice_9Sources_Balanced,Sybil,NonIID_Dirichlet,47,Adaptive_Ultimate,0.9987444436968392,0.0014444444444444444,0.663042421069913,0.0,0.9988888888888889,0.0011111111111111111,1.8501778979989467
NBaIoT_MixedDevice_9Sources_Balanced,Sybil,NonIID_Dirichlet,47,FLAME,0.9416471678530688,0.10665555555555555,0.6539064924499689,0.0,0.6600165559527105,0.6155555555555555,0.4617177450018062
NBaIoT_MixedDevice_9Sources_Balanced,Sybil,NonIID_Dirichlet,47,FLTrust,0.9986555549588454,0.0016444444444444445,0.646547214230086,0.0,0.9983333328189299,0.0022222222222222222,0.47751837199757574
NBaIoT_MixedDevice_9Sources_Balanced,Sybil,NonIID_Dirichlet,47,FedAvg,0.9951886481650349,0.009188888888888889,0.6464667024301525,0.0,0.9922218765278457,0.014444444444444444,0.4863529030008067
NBaIoT_MixedDevice_9Sources_Balanced,Sybil,NonIID_Dirichlet,47,Krum,0.9285747288319766,0.1288111111111111,0.6518257054199785,0.0,0.6019489804205447,0.6988888888888889,0.4856029699985811
NBaIoT_MixedDevice_9Sources_Balanced,Sybil,NonIID_Dirichlet,48,Adaptive_FixedCircuitBreaker,0.9973833292095187,0.001477777777777778,0.6525890698598595,0.43,0.9977777750342902,0.0011111111111111111,0.4585996259993408
NBaIoT_MixedDevice_9Sources_Balanced,Sybil,NonIID_Dirichlet,48,Adaptive_NoAdaptiveWeighting,0.99764444010629,0.0012333333333333335,0.6697217983800147,0.0,0.9972222213648831,0.0022222222222222222,0.5040646669986018
NBaIoT_MixedDevice_9Sources_Balanced,Sybil,NonIID_Dirichlet,48,Adaptive_NoCircuitBreaker,0.9969722191443622,0.0024333333333333334,0.6461548027800018,0.0,0.9966666666666667,0.005555555555555556,0.5002817459971993
NBaIoT_MixedDevice_9Sources_Balanced,Sybil,NonIID_Dirichlet,48,Adaptive_NoTemporalMemory,0.9971111078909357,0.0020666666666666667,0.6688447049298702,0.0,0.9966666666666667,0.0033333333333333335,1.8482531440022285
NBaIoT_MixedDevice_9Sources_Balanced,Sybil,NonIID_Dirichlet,48,Adaptive_Ultimate,0.9971555521227569,0.001977777777777778,0.6485354469699086,0.0,0.9966666666666667,0.0033333333333333335,0.46655010800168384
NBaIoT_MixedDevice_9Sources_Balanced,Sybil,NonIID_Dirichlet,48,FLAME,0.9907622532568884,0.1489,0.6531358494899905,0.0,0.985553772070626,0.5955555555555555,0.5047889449997456
NBaIoT_MixedDevice_9Sources_Balanced,Sybil,NonIID_Dirichlet,48,FLTrust,0.9970555525685769,0.0023777777777777777,0.6483493780599019,0.0,0.9966666666666667,0.0044444444444444444,0.46168414799831226
NBaIoT_MixedDevice_9Sources_Balanced,Sybil,NonIID_Dirichlet,48,FedAvg,0.9942887731895642,0.11787777777777779,0.6484198995401311,0.0,0.98999995061704,0.53,1.5112767210011953
NBaIoT_MixedDevice_9Sources_Balanced,Sybil,NonIID_Dirichlet,48,Krum,0.8904486740672535,0.20794444444444443,0.6501932746901002,0.0,0.7804186632518175,0.4388888888888889,0.49871229700147524
NBaIoT_MixedDevice_9Sources_Balanced,Sybil,NonIID_Dirichlet,49,Adaptive_FixedCircuitBreaker,0.9976888758298164,2.2222222222222223e-05,0.6581377943499683,0.91,0.9977777668037867,0.0,1.2884502609958872
NBaIoT_MixedDevice_9Sources_Balanced,Sybil,NonIID_Dirichlet,49,Adaptive_NoAdaptiveWeighting,0.997588873576698,2.2222222222222223e-05,0.6468862123393774,0.24,0.9977777668037867,0.0,0.5114242889976595
NBaIoT_MixedDevice_9Sources_Balanced,Sybil,NonIID_Dirichlet,49,Adaptive_NoCircuitBreaker,0.9968332957159344,0.0006111111111111111,0.6446124489593058,0.0,0.9933332016434893,0.0022222222222222222,0.48961279499781085
NBaIoT_MixedDevice_9Sources_Balanced,Sybil,NonIID_Dirichlet,49,Adaptive_NoTemporalMemory,0.9976499863665075,2.2222222222222223e-05,0.6792197810400102,0.24,0.9977777668037867,0.0,0.454957194000599
NBaIoT_MixedDevice_9Sources_Balanced,Sybil,NonIID_Dirichlet,49,Adaptive_Ultimate,0.9976333192282963,2.2222222222222223e-05,0.6448680275999868,0.24,0.9977777668037867,0.0,0.5066233670004294
NBaIoT_MixedDevice_9Sources_Balanced,Sybil,NonIID_Dirichlet,49,FLAME,0.9635222654720965,0.12175555555555555,0.6493151421599396,0.0,0.9722040690772122,0.48777777777777775,0.5075403909977467
NBaIoT_MixedDevice_9Sources_Balanced,Sybil,NonIID_Dirichlet,49,FLTrust,0.9971388685200533,0.0004,0.6472746736799673,0.0,0.9949999243815725,0.0011111111111111111,0.504826252003113
NBaIoT_MixedDevice_9Sources_Balanced,Sybil,NonIID_Dirichlet,49,FedAvg,0.9961775677036515,0.009488888888888889,0.6932203173898961,0.0,0.9944444170094667,0.03777777777777778,0.4744722900031775
NBaIoT_MixedDevice_9Sources_Balanced,Sybil,NonIID_Dirichlet,49,Krum,0.9308144480821412,0.19345555555555558,0.6539451155200732,0.0,0.9649696295337532,0.5155555555555555,0.45810627700120676
NBaIoT_MixedDevice_9Sources_Balanced,Sybil,NonIID_Dirichlet,50,Adaptive_FixedCircuitBreaker,0.9966277550184536,0.0010333333333333334,0.6421379319404514,0.68,0.99666665020568,0.0011111111111111111,0.48672050499590114
NBaIoT_MixedDevice_9Sources_Balanced,Sybil,NonIID_Dirichlet,50,Adaptive_NoAdaptiveWeighting,0.996661088938215,0.001011111111111111,0.6416041309399588,0.2,0.99666665020568,0.0011111111111111111,0.4547014370036777
NBaIoT_MixedDevice_9Sources_Balanced,Sybil,NonIID_Dirichlet,50,Adaptive_NoCircuitBreaker,0.996444416844531,0.0010333333333333334,0.6375894860199333,0.0,0.99666665020568,0.0011111111111111111,0.4592821339974762
NBaIoT_MixedDevice_9Sources_Balanced,Sybil,NonIID_Dirichlet,50,Adaptive_NoTemporalMemory,0.9966277550184536,0.0010333333333333334,0.6435146126193285,0.0,0.99666665020568,0.0011111111111111111,0.46196797199809225
NBaIoT_MixedDevice_9Sources_Balanced,Sybil,NonIID_Dirichlet,50,Adaptive_Ultimate,0.9966277550184536,0.0010333333333333334,0.6425271562597481,0.0,0.99666665020568,0.0011111111111111111,0.49457878000248456
NBaIoT_MixedDevice_9Sources_Balanced,Sybil,NonIID_Dirichlet,50,FLAME,0.9870298225871653,0.15342222222222224,0.6454954033897229,0.0,0.9532409698169223,0.8844444444444445,0.4637839060014812
NBaIoT_MixedDevice_9Sources_Balanced,Sybil,NonIID_Dirichlet,50,FLTrust,0.9968166435060846,0.0010333333333333334,0.6439556952396379,0.0,0.9983333328189299,0.0011111111111111111,0.5094726359966444
NBaIoT_MixedDevice_9Sources_Balanced,Sybil,NonIID_Dirichlet,50,FedAvg,0.9967333207199067,0.004566666666666667,0.6795177574298578,0.0,0.9977777750342902,0.006666666666666667,0.897090708000178
NBaIoT_MixedDevice_9Sources_Balanced,Sybil,NonIID_Dirichlet,50,Krum,0.9398146154840019,0.13886666666666667,0.6434924641800172,0.0,0.631994669838196,0.7522222222222222,0.46664699599932646
NBaIoT_MixedDevice_9Sources_Balanced,Sybil,NonIID_Dirichlet,51,Adaptive_FixedCircuitBreaker,0.9975814668540444,0.0011111111111111111,0.6428165978997277,0.85,0.9983333328189299,0.0011111111111111111,0.46424680599739077
NBaIoT_MixedDevice_9Sources_Balanced,Sybil,NonIID_Dirichlet,51,Adaptive_NoAdaptiveWeighting,0.9958236800642178,0.0011,0.64192099005013,0.43,0.9983333328189299,0.0011111111111111111,0.4563335970015032
NBaIoT_MixedDevice_9Sources_Balanced,Sybil,NonIID_Dirichlet,51,Adaptive_NoCircuitBreaker,0.9975814668540444,0.0011111111111111111,0.6392895740105451,0.0,0.9983333328189299,0.0011111111111111111,0.4974095009965822
NBaIoT_MixedDevice_9Sources_Balanced,Sybil,NonIID_Dirichlet,51,Adaptive_NoTemporalMemory,0.9979999504409808,0.0011111111111111111,0.6412539658497554,0.43,0.9983333328189299,0.0011111111111111111,0.4873424410034204
NBaIoT_MixedDevice_9Sources_Balanced,Sybil,NonIID_Dirichlet,51,Adaptive_Ultimate,0.9975814668540444,0.0011111111111111111,0.6684474777602736,0.43,0.9983333328189299,0.0011111111111111111,0.4624615690045175
NBaIoT_MixedDevice_9Sources_Balanced,Sybil,NonIID_Dirichlet,51,FLAME,0.9930954535530531,0.1254111111111111,0.6459882069798186,0.0,0.9955555336075734,0.6322222222222222,0.49675699699582765
NBaIoT_MixedDevice_9Sources_Balanced,Sybil,NonIID_Dirichlet,51,FLTrust,0.9978777273682752,0.0011111111111111111,0.6573307256700355,0.0,0.9977777750342902,0.0011111111111111111,1.8797224149966496
NBaIoT_MixedDevice_9Sources_Balanced,Sybil,NonIID_Dirichlet,51,FedAvg,0.9971498984691733,0.21374444444444446,0.6461759124694799,0.0,0.9972222213648831,0.9355555555555556,0.49620713599870214
NBaIoT_MixedDevice_9Sources_Balanced,Sybil,NonIID_Dirichlet,51,Krum,0.942909536940389,0.0764,0.6416325416197651,0.0,0.7319935995419481,0.44666666666666666,0.5016504160012119
NBaIoT_MixedDevice_9Sources_Balanced,Sybil,NonIID_Dirichlet,52,Adaptive_FixedCircuitBreaker,0.9980222208710514,0.0017888888888888891,0.6339648812702217,0.44,0.9983333328189299,0.0011111111111111111,0.4559302760026185
NBaIoT_MixedDevice_9Sources_Balanced,Sybil,NonIID_Dirichlet,52,Adaptive_NoAdaptiveWeighting,0.997438886277428,0.0017555555555555556,0.6375244179798756,0.24,0.9977777750342902,0.0011111111111111111,0.4827676650020294
NBaIoT_MixedDevice_9Sources_Balanced,Sybil,NonIID_Dirichlet,52,Adaptive_NoCircuitBreaker,0.998116664963986,0.0015444444444444444,0.6349427612795989,0.0,0.9983333287036908,0.0,0.47819867400539806
NBaIoT_MixedDevice_9Sources_Balanced,Sybil,NonIID_Dirichlet,52,Adaptive_NoTemporalMemory,0.9983333326097384,0.0015888888888888888,0.635342662130206,0.24,0.9983333328189299,0.0011111111111111111,0.46234170400566654
NBaIoT_MixedDevice_9Sources_Balanced,Sybil,NonIID_Dirichlet,52,Adaptive_Ultimate,0.9980222208710514,0.0017888888888888891,0.6336432996602526,0.24,0.9983333328189299,0.0011111111111111111,0.4520132170000579
NBaIoT_MixedDevice_9Sources_Balanced,Sybil,NonIID_Dirichlet,52,FLAME,0.9939937606421931,0.07807777777777777,0.6390263452599174,0.0,0.9894435028309624,0.37,0.458351870001934
NBaIoT_MixedDevice_9Sources_Balanced,Sybil,NonIID_Dirichlet,52,FLTrust,0.998527776994169,0.0012555555555555555,0.6352588249500696,0.0,0.9988888875171451,0.0,0.44916574400122045
NBaIoT_MixedDevice_9Sources_Balanced,Sybil,NonIID_Dirichlet,52,FedAvg,0.9989777774554182,0.0017444444444444445,0.6580969385502976,0.0,0.9988888888888889,0.0022222222222222222,0.819019581998873
NBaIoT_MixedDevice_9Sources_Balanced,Sybil,NonIID_Dirichlet,52,Krum,0.942225975310152,0.12404444444444444,0.6381841295999038,0.0,0.9172773568500807,0.5822222222222222,0.4985106509993784
