Dataset,Attack,Partition_Mode,Metric,Method_A,Method_B,N_Seeds_Paired,Mean_A,Mean_B,Mean_Difference_A_minus_B,Wilcoxon_Statistic,P_Value_Raw,Cliffs_Delta_A_vs_B,Cohen_dz_A_minus_B,Status,P_Value_Holm,Significant_Holm_0_05
NBaIoT_MixedDevice_9Sources_Balanced,Cumulative,IID,F1_Mean_Over_Rounds,Adaptive_FixedCircuitBreaker,Adaptive_NoAdaptiveWeighting,10,0.997507186713071,0.9975305200326835,-2.3333319612650617e-05,17.0,0.9453125,0.06,-0.09119460915657546,ok,1.0,False
NBaIoT_MixedDevice_9Sources_Balanced,Cumulative,IID,F1_Mean_Over_Rounds,Adaptive_FixedCircuitBreaker,Adaptive_NoCircuitBreaker,10,0.997507186713071,0.9974866310369732,2.05556760975667e-05,0.0,1.0,0.01,0.316227766016838,ok,1.0,False
NBaIoT_MixedDevice_9Sources_Balanced,Cumulative,IID,F1_Mean_Over_Rounds,Adaptive_FixedCircuitBreaker,Adaptive_NoTemporalMemory,10,0.997507186713071,0.9975027422970909,4.444415980009442e-06,12.0,0.25,-0.05,0.13683968101112234,ok,1.0,False
NBaIoT_MixedDevice_9Sources_Balanced,Cumulative,IID,F1_Mean_Over_Rounds,Adaptive_FixedCircuitBreaker,Adaptive_Ultimate,10,0.997507186713071,0.9974838532429059,2.333347016479914e-05,0.0,1.0,0.01,0.3162277660168379,ok,1.0,False
NBaIoT_MixedDevice_9Sources_Balanced,Cumulative,IID,F1_Mean_Over_Rounds,Adaptive_FixedCircuitBreaker,FLAME,10,0.997507186713071,0.9970700480373512,0.00043713867571958386,6.0,0.02734375,0.26,0.5861244630452029,ok,0.90234375,False
NBaIoT_MixedDevice_9Sources_Balanced,Cumulative,IID,F1_Mean_Over_Rounds,Adaptive_FixedCircuitBreaker,FLTrust,10,0.997507186713071,0.997509408949011,-2.222235940019246e-06,11.0,0.3828125,-0.04,-0.09986142584874243,ok,1.0,False
NBaIoT_MixedDevice_9Sources_Balanced,Cumulative,IID,F1_Mean_Over_Rounds,Adaptive_FixedCircuitBreaker,FedAvg,10,0.997507186713071,0.9971667295345845,0.00034045717848634193,8.0,0.048828125,0.18,0.5025774222139839,ok,1.0,False
NBaIoT_MixedDevice_9Sources_Balanced,Cumulative,IID,F1_Mean_Over_Rounds,Adaptive_FixedCircuitBreaker,Krum,10,0.997507186713071,0.9967390570507548,0.0007681296623159417,6.0,0.02734375,0.44,0.8606299404156682,ok,0.90234375,False
NBaIoT_MixedDevice_9Sources_Balanced,Cumulative,IID,F1_Mean_Over_Rounds,Adaptive_NoAdaptiveWeighting,Adaptive_NoCircuitBreaker,10,0.9975305200326835,0.9974866310369732,4.388899571021732e-05,17.0,0.9453125,-0.06,0.18390869518196054,ok,1.0,False
NBaIoT_MixedDevice_9Sources_Balanced,Cumulative,IID,F1_Mean_Over_Rounds,Adaptive_NoAdaptiveWeighting,Adaptive_NoTemporalMemory,10,0.9975305200326835,0.9975027422970909,2.777773559266006e-05,24.0,0.76953125,-0.08,0.11413436964023022,ok,1.0,False
NBaIoT_MixedDevice_9Sources_Balanced,Cumulative,IID,F1_Mean_Over_Rounds,Adaptive_NoAdaptiveWeighting,Adaptive_Ultimate,10,0.9975305200326835,0.9974838532429059,4.6666789777449755e-05,17.0,0.9453125,-0.06,0.19641679499563075,ok,1.0,False
NBaIoT_MixedDevice_9Sources_Balanced,Cumulative,IID,F1_Mean_Over_Rounds,Adaptive_NoAdaptiveWeighting,FLAME,10,0.9975305200326835,0.9970700480373512,0.0004604719953322345,6.0,0.02734375,0.22,0.6112364078118034,ok,0.90234375,False
NBaIoT_MixedDevice_9Sources_Balanced,Cumulative,IID,F1_Mean_Over_Rounds,Adaptive_NoAdaptiveWeighting,FLTrust,10,0.9975305200326835,0.997509408949011,2.111108367263137e-05,23.0,0.6953125,-0.08,0.0860288487186262,ok,1.0,False
NBaIoT_MixedDevice_9Sources_Balanced,Cumulative,IID,F1_Mean_Over_Rounds,Adaptive_NoAdaptiveWeighting,FedAvg,10,0.9975305200326835,0.9971667295345845,0.00036379049809899256,7.0,0.037109375,0.16,0.5188246827590512,ok,1.0,False
NBaIoT_MixedDevice_9Sources_Balanced,Cumulative,IID,F1_Mean_Over_Rounds,Adaptive_NoAdaptiveWeighting,Krum,10,0.9975305200326835,0.9967390570507548,0.0007914629819285923,5.0,0.01953125,0.44,0.9124223445645713,ok,0.703125,False
NBaIoT_MixedDevice_9Sources_Balanced,Cumulative,IID,F1_Mean_Over_Rounds,Adaptive_NoCircuitBreaker,Adaptive_NoTemporalMemory,10,0.9974866310369732,0.9975027422970909,-1.6111260117557256e-05,3.0,0.01953125,-0.07,-0.4712023055279828,ok,0.703125,False
NBaIoT_MixedDevice_9Sources_Balanced,Cumulative,IID,F1_Mean_Over_Rounds,Adaptive_NoCircuitBreaker,Adaptive_Ultimate,10,0.9974866310369732,0.9974838532429059,2.777794067232442e-06,0.0,1.0,0.01,0.31622776601683794,ok,1.0,False
NBaIoT_MixedDevice_9Sources_Balanced,Cumulative,IID,F1_Mean_Over_Rounds,Adaptive_NoCircuitBreaker,FLAME,10,0.9974866310369732,0.9970700480373512,0.0004165829996220172,10.0,0.083984375,0.24,0.5481176766445097,ok,1.0,False
NBaIoT_MixedDevice_9Sources_Balanced,Cumulative,IID,F1_Mean_Over_Rounds,Adaptive_NoCircuitBreaker,FLTrust,10,0.9974866310369732,0.997509408949011,-2.2777912037585946e-05,3.0,0.0390625,-0.06,-0.47137193135479694,ok,1.0,False
NBaIoT_MixedDevice_9Sources_Balanced,Cumulative,IID,F1_Mean_Over_Rounds,Adaptive_NoCircuitBreaker,FedAvg,10,0.9974866310369732,0.9971667295345845,0.00031990150238877526,12.0,0.130859375,0.18,0.4623750922295188,ok,1.0,False
NBaIoT_MixedDevice_9Sources_Balanced,Cumulative,IID,F1_Mean_Over_Rounds,Adaptive_NoCircuitBreaker,Krum,10,0.9974866310369732,0.9967390570507548,0.000747573986218375,8.0,0.048828125,0.42,0.8116506212385476,ok,1.0,False
NBaIoT_MixedDevice_9Sources_Balanced,Cumulative,IID,F1_Mean_Over_Rounds,Adaptive_NoTemporalMemory,Adaptive_Ultimate,10,0.9975027422970909,0.9974838532429059,1.88890541847897e-05,3.0,0.01953125,0.07,0.4412334090205763,ok,0.703125,False
NBaIoT_MixedDevice_9Sources_Balanced,Cumulative,IID,F1_Mean_Over_Rounds,Adaptive_NoTemporalMemory,FLAME,10,0.9975027422970909,0.9970700480373512,0.00043269425973957443,7.0,0.037109375,0.24,0.5713474370877251,ok,1.0,False
NBaIoT_MixedDevice_9Sources_Balanced,Cumulative,IID,F1_Mean_Over_Rounds,Adaptive_NoTemporalMemory,FLTrust,10,0.9975027422970909,0.997509408949011,-6.6666519200286874e-06,2.0,0.375,-0.02,-0.4034993993358443,ok,1.0,False
NBaIoT_MixedDevice_9Sources_Balanced,Cumulative,IID,F1_Mean_Over_Rounds,Adaptive_NoTemporalMemory,FedAvg,10,0.9975027422970909,0.9971667295345845,0.0003360127625063325,8.0,0.048828125,0.18,0.4876544883208553,ok,1.0,False
NBaIoT_MixedDevice_9Sources_Balanced,Cumulative,IID,F1_Mean_Over_Rounds,Adaptive_NoTemporalMemory,Krum,10,0.9975027422970909,0.9967390570507548,0.0007636852463359323,7.0,0.037109375,0.44,0.8407633606092162,ok,1.0,False
NBaIoT_MixedDevice_9Sources_Balanced,Cumulative,IID,F1_Mean_Over_Rounds,Adaptive_Ultimate,FLAME,10,0.9974838532429059,0.9970700480373512,0.00041380520555478473,10.0,0.083984375,0.24,0.5428019365237523,ok,1.0,False
NBaIoT_MixedDevice_9Sources_Balanced,Cumulative,IID,F1_Mean_Over_Rounds,Adaptive_Ultimate,FLTrust,10,0.9974838532429059,0.997509408949011,-2.555570610481839e-05,3.0,0.0390625,-0.06,-0.449533098348554,ok,1.0,False
NBaIoT_MixedDevice_9Sources_Balanced,Cumulative,IID,F1_Mean_Over_Rounds,Adaptive_Ultimate,FedAvg,10,0.9974838532429059,0.9971667295345845,0.0003171237083215428,13.0,0.16015625,0.18,0.45677848560718376,ok,1.0,False
NBaIoT_MixedDevice_9Sources_Balanced,Cumulative,IID,F1_Mean_Over_Rounds,Adaptive_Ultimate,Krum,10,0.9974838532429059,0.9967390570507548,0.0007447961921511426,8.0,0.048828125,0.42,0.8050174119497401,ok,1.0,False
NBaIoT_MixedDevice_9Sources_Balanced,Cumulative,IID,F1_Mean_Over_Rounds,FLAME,FLTrust,10,0.9970700480373512,0.997509408949011,-0.00043936091165960314,6.0,0.02734375,-0.26,-0.5820259593994938,ok,0.90234375,False
NBaIoT_MixedDevice_9Sources_Balanced,Cumulative,IID,F1_Mean_Over_Rounds,FLAME,FedAvg,10,0.9970700480373512,0.9971667295345845,-9.668149723324193e-05,22.0,0.625,-0.1,-0.31809005823133096,ok,1.0,False
NBaIoT_MixedDevice_9Sources_Balanced,Cumulative,IID,F1_Mean_Over_Rounds,FLAME,Krum,10,0.9970700480373512,0.9967390570507548,0.00033099098659635786,15.0,0.232421875,0.22,0.5292665226658119,ok,1.0,False
NBaIoT_MixedDevice_9Sources_Balanced,Cumulative,IID,F1_Mean_Over_Rounds,FLTrust,FedAvg,10,0.997509408949011,0.9971667295345845,0.0003426794144263612,8.0,0.048828125,0.18,0.49875203912947336,ok,1.0,False
NBaIoT_MixedDevice_9Sources_Balanced,Cumulative,IID,F1_Mean_Over_Rounds,FLTrust,Krum,10,0.997509408949011,0.9967390570507548,0.000770351898255961,6.0,0.02734375,0.44,0.8520904211707314,ok,0.90234375,False
NBaIoT_MixedDevice_9Sources_Balanced,Cumulative,IID,F1_Mean_Over_Rounds,FedAvg,Krum,10,0.9971667295345845,0.9967390570507548,0.0004276724838295998,10.0,0.083984375,0.3,0.6962874911925282,ok,1.0,False
NBaIoT_MixedDevice_9Sources_Balanced,Cumulative,IID,ASR_Mean_Over_Rounds,Adaptive_FixedCircuitBreaker,Adaptive_NoAdaptiveWeighting,10,0.0016488888888888894,0.0016333333333333334,1.5555555555555602e-05,5.0,0.625,0.03,0.10578304819756375,ok,1.0,False
NBaIoT_MixedDevice_9Sources_Balanced,Cumulative,IID,ASR_Mean_Over_Rounds,Adaptive_FixedCircuitBreaker,Adaptive_NoCircuitBreaker,10,0.0016488888888888894,0.0016488888888888894,0.0,0.0,1.0,0.0,0.0,identical_values,1.0,False
NBaIoT_MixedDevice_9Sources_Balanced,Cumulative,IID,ASR_Mean_Over_Rounds,Adaptive_FixedCircuitBreaker,Adaptive_NoTemporalMemory,10,0.0016488888888888894,0.0016622222222222225,-1.3333333333333306e-05,4.0,0.875,0.0,-0.25740565011603006,ok,1.0,False
NBaIoT_MixedDevice_9Sources_Balanced,Cumulative,IID,ASR_Mean_Over_Rounds,Adaptive_FixedCircuitBreaker,Adaptive_Ultimate,10,0.0016488888888888894,0.0016488888888888894,0.0,0.0,1.0,0.0,0.0,identical_values,1.0,False
NBaIoT_MixedDevice_9Sources_Balanced,Cumulative,IID,ASR_Mean_Over_Rounds,Adaptive_FixedCircuitBreaker,FLAME,10,0.0016488888888888894,0.0022566666666666664,-0.0006077777777777776,6.0,0.0546875,-0.23,-0.47060818165063334,ok,1.0,False
NBaIoT_MixedDevice_9Sources_Balanced,Cumulative,IID,ASR_Mean_Over_Rounds,Adaptive_FixedCircuitBreaker,FLTrust,10,0.0016488888888888894,0.001671111111111111,-2.2222222222222186e-05,4.0,0.875,-0.01,-0.23533936216582055,ok,1.0,False
NBaIoT_MixedDevice_9Sources_Balanced,Cumulative,IID,ASR_Mean_Over_Rounds,Adaptive_FixedCircuitBreaker,FedAvg,10,0.0016488888888888894,0.00221,-0.0005611111111111111,6.0,0.02734375,-0.26,-0.4583203245732184,ok,0.95703125,False
NBaIoT_MixedDevice_9Sources_Balanced,Cumulative,IID,ASR_Mean_Over_Rounds,Adaptive_FixedCircuitBreaker,Krum,10,0.0016488888888888894,0.002321111111111111,-0.000672222222222222,10.0,0.1640625,-0.46,-0.5206614569970087,ok,1.0,False
NBaIoT_MixedDevice_9Sources_Balanced,Cumulative,IID,ASR_Mean_Over_Rounds,Adaptive_NoAdaptiveWeighting,Adaptive_NoCircuitBreaker,10,0.0016333333333333334,0.0016488888888888894,-1.5555555555555602e-05,5.0,0.625,-0.03,-0.10578304819756375,ok,1.0,False
NBaIoT_MixedDevice_9Sources_Balanced,Cumulative,IID,ASR_Mean_Over_Rounds,Adaptive_NoAdaptiveWeighting,Adaptive_NoTemporalMemory,10,0.0016333333333333334,0.0016622222222222225,-2.888888888888891e-05,5.0,0.625,-0.05,-0.23796418759826052,ok,1.0,False
NBaIoT_MixedDevice_9Sources_Balanced,Cumulative,IID,ASR_Mean_Over_Rounds,Adaptive_NoAdaptiveWeighting,Adaptive_Ultimate,10,0.0016333333333333334,0.0016488888888888894,-1.5555555555555602e-05,5.0,0.625,-0.03,-0.10578304819756375,ok,1.0,False
NBaIoT_MixedDevice_9Sources_Balanced,Cumulative,IID,ASR_Mean_Over_Rounds,Adaptive_NoAdaptiveWeighting,FLAME,10,0.0016333333333333334,0.0022566666666666664,-0.0006233333333333332,8.0,0.09765625,-0.23,-0.45145976988431347,ok,1.0,False
NBaIoT_MixedDevice_9Sources_Balanced,Cumulative,IID,ASR_Mean_Over_Rounds,Adaptive_NoAdaptiveWeighting,FLTrust,10,0.0016333333333333334,0.001671111111111111,-3.7777777777777785e-05,3.0,0.3125,-0.1,-0.38215382987899593,ok,1.0,False
NBaIoT_MixedDevice_9Sources_Balanced,Cumulative,IID,ASR_Mean_Over_Rounds,Adaptive_NoAdaptiveWeighting,FedAvg,10,0.0016333333333333334,0.00221,-0.0005766666666666667,2.0,0.005859375,-0.32,-0.4370615208738087,ok,0.2109375,False
NBaIoT_MixedDevice_9Sources_Balanced,Cumulative,IID,ASR_Mean_Over_Rounds,Adaptive_NoAdaptiveWeighting,Krum,10,0.0016333333333333334,0.002321111111111111,-0.0006877777777777776,11.0,0.203125,-0.53,-0.5195327415531098,ok,1.0,False
NBaIoT_MixedDevice_9Sources_Balanced,Cumulative,IID,ASR_Mean_Over_Rounds,Adaptive_NoCircuitBreaker,Adaptive_NoTemporalMemory,10,0.0016488888888888894,0.0016622222222222225,-1.3333333333333306e-05,4.0,0.875,0.0,-0.25740565011603006,ok,1.0,False
NBaIoT_MixedDevice_9Sources_Balanced,Cumulative,IID,ASR_Mean_Over_Rounds,Adaptive_NoCircuitBreaker,Adaptive_Ultimate,10,0.0016488888888888894,0.0016488888888888894,0.0,0.0,1.0,0.0,0.0,identical_values,1.0,False
NBaIoT_MixedDevice_9Sources_Balanced,Cumulative,IID,ASR_Mean_Over_Rounds,Adaptive_NoCircuitBreaker,FLAME,10,0.0016488888888888894,0.0022566666666666664,-0.0006077777777777776,6.0,0.0546875,-0.23,-0.47060818165063334,ok,1.0,False
NBaIoT_MixedDevice_9Sources_Balanced,Cumulative,IID,ASR_Mean_Over_Rounds,Adaptive_NoCircuitBreaker,FLTrust,10,0.0016488888888888894,0.001671111111111111,-2.2222222222222186e-05,4.0,0.875,-0.01,-0.23533936216582055,ok,1.0,False
NBaIoT_MixedDevice_9Sources_Balanced,Cumulative,IID,ASR_Mean_Over_Rounds,Adaptive_NoCircuitBreaker,FedAvg,10,0.0016488888888888894,0.00221,-0.0005611111111111111,6.0,0.02734375,-0.26,-0.4583203245732184,ok,0.95703125,False
NBaIoT_MixedDevice_9Sources_Balanced,Cumulative,IID,ASR_Mean_Over_Rounds,Adaptive_NoCircuitBreaker,Krum,10,0.0016488888888888894,0.002321111111111111,-0.000672222222222222,10.0,0.1640625,-0.46,-0.5206614569970087,ok,1.0,False
NBaIoT_MixedDevice_9Sources_Balanced,Cumulative,IID,ASR_Mean_Over_Rounds,Adaptive_NoTemporalMemory,Adaptive_Ultimate,10,0.0016622222222222225,0.0016488888888888894,1.3333333333333306e-05,4.0,0.875,0.0,0.25740565011603006,ok,1.0,False
NBaIoT_MixedDevice_9Sources_Balanced,Cumulative,IID,ASR_Mean_Over_Rounds,Adaptive_NoTemporalMemory,FLAME,10,0.0016622222222222225,0.0022566666666666664,-0.0005944444444444443,6.0,0.0546875,-0.23,-0.45800255012845953,ok,1.0,False
NBaIoT_MixedDevice_9Sources_Balanced,Cumulative,IID,ASR_Mean_Over_Rounds,Adaptive_NoTemporalMemory,FLTrust,10,0.0016622222222222225,0.001671111111111111,-8.888888888888878e-06,5.0,1.0,-0.03,-0.1949223510917748,ok,1.0,False
NBaIoT_MixedDevice_9Sources_Balanced,Cumulative,IID,ASR_Mean_Over_Rounds,Adaptive_NoTemporalMemory,FedAvg,10,0.0016622222222222225,0.00221,-0.0005477777777777779,6.0,0.02734375,-0.26,-0.4449451637815156,ok,0.95703125,False
NBaIoT_MixedDevice_9Sources_Balanced,Cumulative,IID,ASR_Mean_Over_Rounds,Adaptive_NoTemporalMemory,Krum,10,0.0016622222222222225,0.002321111111111111,-0.0006588888888888888,9.0,0.12890625,-0.49,-0.5156411268994849,ok,1.0,False
NBaIoT_MixedDevice_9Sources_Balanced,Cumulative,IID,ASR_Mean_Over_Rounds,Adaptive_Ultimate,FLAME,10,0.0016488888888888894,0.0022566666666666664,-0.0006077777777777776,6.0,0.0546875,-0.23,-0.47060818165063334,ok,1.0,False
NBaIoT_MixedDevice_9Sources_Balanced,Cumulative,IID,ASR_Mean_Over_Rounds,Adaptive_Ultimate,FLTrust,10,0.0016488888888888894,0.001671111111111111,-2.2222222222222186e-05,4.0,0.875,-0.01,-0.23533936216582055,ok,1.0,False
NBaIoT_MixedDevice_9Sources_Balanced,Cumulative,IID,ASR_Mean_Over_Rounds,Adaptive_Ultimate,FedAvg,10,0.0016488888888888894,0.00221,-0.0005611111111111111,6.0,0.02734375,-0.26,-0.4583203245732184,ok,0.95703125,False
NBaIoT_MixedDevice_9Sources_Balanced,Cumulative,IID,ASR_Mean_Over_Rounds,Adaptive_Ultimate,Krum,10,0.0016488888888888894,0.002321111111111111,-0.000672222222222222,10.0,0.1640625,-0.46,-0.5206614569970087,ok,1.0,False
NBaIoT_MixedDevice_9Sources_Balanced,Cumulative,IID,ASR_Mean_Over_Rounds,FLAME,FLTrust,10,0.0022566666666666664,0.001671111111111111,0.0005855555555555555,6.0,0.0546875,0.21,0.4484206970265665,ok,1.0,False
NBaIoT_MixedDevice_9Sources_Balanced,Cumulative,IID,ASR_Mean_Over_Rounds,FLAME,FedAvg,10,0.0022566666666666664,0.00221,4.6666666666666495e-05,21.0,0.91015625,-0.07,0.11686923923097361,ok,1.0,False
NBaIoT_MixedDevice_9Sources_Balanced,Cumulative,IID,ASR_Mean_Over_Rounds,FLAME,Krum,10,0.0022566666666666664,0.002321111111111111,-6.44444444444444e-05,20.0,0.8203125,-0.21,-0.07086791547830526,ok,1.0,False
NBaIoT_MixedDevice_9Sources_Balanced,Cumulative,IID,ASR_Mean_Over_Rounds,FLTrust,FedAvg,10,0.001671111111111111,0.00221,-0.000538888888888889,7.0,0.037109375,-0.26,-0.43442223994437695,ok,1.0,False
NBaIoT_MixedDevice_9Sources_Balanced,Cumulative,IID,ASR_Mean_Over_Rounds,FLTrust,Krum,10,0.001671111111111111,0.002321111111111111,-0.0006499999999999999,9.0,0.12890625,-0.49,-0.5126705012236404,ok,1.0,False
NBaIoT_MixedDevice_9Sources_Balanced,Cumulative,IID,ASR_Mean_Over_Rounds,FedAvg,Krum,10,0.00221,0.002321111111111111,-0.0001111111111111109,27.0,1.0,-0.26,-0.1447873749883718,ok,1.0,False
NBaIoT_MixedDevice_9Sources_Balanced,Cumulative,IID,F1_Final_Round,Adaptive_FixedCircuitBreaker,Adaptive_NoAdaptiveWeighting,10,0.9978888849451056,0.9979444413408676,-5.555639576183546e-05,3.0,0.625,0.03,-0.11420921292219734,ok,1.0,False
NBaIoT_MixedDevice_9Sources_Balanced,Cumulative,IID,F1_Final_Round,Adaptive_FixedCircuitBreaker,Adaptive_NoCircuitBreaker,10,0.9978888849451056,0.9978888849451056,0.0,0.0,1.0,0.0,0.0,identical_values,1.0,False
NBaIoT_MixedDevice_9Sources_Balanced,Cumulative,IID,F1_Final_Round,Adaptive_FixedCircuitBreaker,Adaptive_NoTemporalMemory,10,0.9978888849451056,0.9978888859739268,-1.0288211282905025e-09,1.0,1.0,0.0,-3.9283671296141065e-06,ok,1.0,False
NBaIoT_MixedDevice_9Sources_Balanced,Cumulative,IID,F1_Final_Round,Adaptive_FixedCircuitBreaker,Adaptive_Ultimate,10,0.9978888849451056,0.9978333290637609,5.5555881344793166e-05,0.0,1.0,0.01,0.3162277660168379,ok,1.0,False
NBaIoT_MixedDevice_9Sources_Balanced,Cumulative,IID,F1_Final_Round,Adaptive_FixedCircuitBreaker,FLAME,10,0.9978888849451056,0.9976111051268564,0.0002777798182493796,1.0,0.125,0.23,0.5144977132680243,ok,1.0,False
NBaIoT_MixedDevice_9Sources_Balanced,Cumulative,IID,F1_Final_Round,Adaptive_FixedCircuitBreaker,FLTrust,10,0.9978888849451056,0.9979444418552716,-5.555691016592146e-05,0.0,1.0,-0.01,-0.31622776601683794,ok,1.0,False
NBaIoT_MixedDevice_9Sources_Balanced,Cumulative,IID,F1_Final_Round,Adaptive_FixedCircuitBreaker,FedAvg,10,0.9978888849451056,0.9979444416838034,-5.555673869761524e-05,12.0,0.8125,0.11,-0.07772061293956228,ok,1.0,False
NBaIoT_MixedDevice_9Sources_Balanced,Cumulative,IID,F1_Final_Round,Adaptive_FixedCircuitBreaker,Krum,10,0.9978888849451056,0.9969999913579766,0.0008888935871292803,1.0,0.015625,0.41,0.9717328284382419,ok,0.53125,False
NBaIoT_MixedDevice_9Sources_Balanced,Cumulative,IID,F1_Final_Round,Adaptive_NoAdaptiveWeighting,Adaptive_NoCircuitBreaker,10,0.9979444413408676,0.9978888849451056,5.555639576183546e-05,3.0,0.625,-0.03,0.11420921292219734,ok,1.0,False
NBaIoT_MixedDevice_9Sources_Balanced,Cumulative,IID,F1_Final_Round,Adaptive_NoAdaptiveWeighting,Adaptive_NoTemporalMemory,10,0.9979444413408676,0.9978888859739268,5.5555366940707175e-05,1.0,1.0,-0.05,0.13552557080420283,ok,1.0,False
NBaIoT_MixedDevice_9Sources_Balanced,Cumulative,IID,F1_Final_Round,Adaptive_NoAdaptiveWeighting,Adaptive_Ultimate,10,0.9979444413408676,0.9978333290637609,0.00011111227710662863,1.0,0.5,-0.02,0.2535477856289757,ok,1.0,False
NBaIoT_MixedDevice_9Sources_Balanced,Cumulative,IID,F1_Final_Round,Adaptive_NoAdaptiveWeighting,FLAME,10,0.9979444413408676,0.9976111051268564,0.00033333621401121505,2.0,0.09375,0.19,0.6210600531096948,ok,1.0,False
NBaIoT_MixedDevice_9Sources_Balanced,Cumulative,IID,F1_Final_Round,Adaptive_NoAdaptiveWeighting,FLTrust,10,0.9979444413408676,0.9979444418552716,-5.144040859939025e-10,3.0,1.0,-0.06,-1.1340226790121813e-06,ok,1.0,False
NBaIoT_MixedDevice_9Sources_Balanced,Cumulative,IID,F1_Final_Round,Adaptive_NoAdaptiveWeighting,FedAvg,10,0.9979444413408676,0.9979444416838034,-3.429357797735122e-10,7.0,1.0,0.02,-6.547273144186753e-07,ok,1.0,False
NBaIoT_MixedDevice_9Sources_Balanced,Cumulative,IID,F1_Final_Round,Adaptive_NoAdaptiveWeighting,Krum,10,0.9979444413408676,0.9969999913579766,0.0009444499828911157,6.0,0.025390625,0.46,1.0848639164795704,ok,0.787109375,False
NBaIoT_MixedDevice_9Sources_Balanced,Cumulative,IID,F1_Final_Round,Adaptive_NoCircuitBreaker,Adaptive_NoTemporalMemory,10,0.9978888849451056,0.9978888859739268,-1.0288211282905025e-09,1.0,1.0,0.0,-3.9283671296141065e-06,ok,1.0,False
NBaIoT_MixedDevice_9Sources_Balanced,Cumulative,IID,F1_Final_Round,Adaptive_NoCircuitBreaker,Adaptive_Ultimate,10,0.9978888849451056,0.9978333290637609,5.5555881344793166e-05,0.0,1.0,0.01,0.3162277660168379,ok,1.0,False
NBaIoT_MixedDevice_9Sources_Balanced,Cumulative,IID,F1_Final_Round,Adaptive_NoCircuitBreaker,FLAME,10,0.9978888849451056,0.9976111051268564,0.0002777798182493796,1.0,0.125,0.23,0.5144977132680243,ok,1.0,False
NBaIoT_MixedDevice_9Sources_Balanced,Cumulative,IID,F1_Final_Round,Adaptive_NoCircuitBreaker,FLTrust,10,0.9978888849451056,0.9979444418552716,-5.555691016592146e-05,0.0,1.0,-0.01,-0.31622776601683794,ok,1.0,False
NBaIoT_MixedDevice_9Sources_Balanced,Cumulative,IID,F1_Final_Round,Adaptive_NoCircuitBreaker,FedAvg,10,0.9978888849451056,0.9979444416838034,-5.555673869761524e-05,12.0,0.8125,0.11,-0.07772061293956228,ok,1.0,False
NBaIoT_MixedDevice_9Sources_Balanced,Cumulative,IID,F1_Final_Round,Adaptive_NoCircuitBreaker,Krum,10,0.9978888849451056,0.9969999913579766,0.0008888935871292803,1.0,0.015625,0.41,0.9717328284382419,ok,0.53125,False
NBaIoT_MixedDevice_9Sources_Balanced,Cumulative,IID,F1_Final_Round,Adaptive_NoTemporalMemory,Adaptive_Ultimate,10,0.9978888859739268,0.9978333290637609,5.555691016592146e-05,0.0,1.0,0.01,0.31622776601683794,ok,1.0,False
NBaIoT_MixedDevice_9Sources_Balanced,Cumulative,IID,F1_Final_Round,Adaptive_NoTemporalMemory,FLAME,10,0.9978888859739268,0.9976111051268564,0.00027778084707050785,5.0,0.15625,0.19,0.46291291279598223,ok,1.0,False
NBaIoT_MixedDevice_9Sources_Balanced,Cumulative,IID,F1_Final_Round,Adaptive_NoTemporalMemory,FLTrust,10,0.9978888859739268,0.9979444418552716,-5.5555881344793166e-05,0.0,1.0,-0.01,-0.3162277660168379,ok,1.0,False
NBaIoT_MixedDevice_9Sources_Balanced,Cumulative,IID,F1_Final_Round,Adaptive_NoTemporalMemory,FedAvg,10,0.9978888859739268,0.9979444416838034,-5.5555709876486945e-05,10.0,1.0,0.1,-0.07297571027923466,ok,1.0,False
NBaIoT_MixedDevice_9Sources_Balanced,Cumulative,IID,F1_Final_Round,Adaptive_NoTemporalMemory,Krum,10,0.9978888859739268,0.9969999913579766,0.0008888946159504085,5.0,0.0390625,0.41,0.9007065464623468,ok,1.0,False
NBaIoT_MixedDevice_9Sources_Balanced,Cumulative,IID,F1_Final_Round,Adaptive_Ultimate,FLAME,10,0.9978333290637609,0.9976111051268564,0.00022222393690458643,5.0,0.28125,0.18,0.37210557309187287,ok,1.0,False
NBaIoT_MixedDevice_9Sources_Balanced,Cumulative,IID,F1_Final_Round,Adaptive_Ultimate,FLTrust,10,0.9978333290637609,0.9979444418552716,-0.00011111279151071463,0.0,0.5,-0.02,-0.47434164899984,ok,1.0,False
NBaIoT_MixedDevice_9Sources_Balanced,Cumulative,IID,F1_Final_Round,Adaptive_Ultimate,FedAvg,10,0.9978333290637609,0.9979444416838034,-0.00011111262004240841,10.0,0.5625,0.09,-0.14302092834423982,ok,1.0,False
NBaIoT_MixedDevice_9Sources_Balanced,Cumulative,IID,F1_Final_Round,Adaptive_Ultimate,Krum,10,0.9978333290637609,0.9969999913579766,0.000833337705784487,4.0,0.0546875,0.36,0.8148226873443283,ok,1.0,False
NBaIoT_MixedDevice_9Sources_Balanced,Cumulative,IID,F1_Final_Round,FLAME,FLTrust,10,0.9976111051268564,0.9979444418552716,-0.00033333672841530105,1.0,0.0625,-0.24,-0.6210626545385582,ok,1.0,False
NBaIoT_MixedDevice_9Sources_Balanced,Cumulative,IID,F1_Final_Round,FLAME,FedAvg,10,0.9976111051268564,0.9979444416838034,-0.0003333365569469948,1.0,0.0625,-0.19,-0.6210616504798557,ok,1.0,False
NBaIoT_MixedDevice_9Sources_Balanced,Cumulative,IID,F1_Final_Round,FLAME,Krum,10,0.9976111051268564,0.9969999913579766,0.0006111137688799007,2.0,0.0234375,0.27,0.9187961363743727,ok,0.75,False
NBaIoT_MixedDevice_9Sources_Balanced,Cumulative,IID,F1_Final_Round,FLTrust,FedAvg,10,0.9979444418552716,0.9979444416838034,1.7146830622039033e-10,9.0,0.875,0.12,2.4746458982077026e-07,ok,1.0,False
NBaIoT_MixedDevice_9Sources_Balanced,Cumulative,IID,F1_Final_Round,FLTrust,Krum,10,0.9979444418552716,0.9969999913579766,0.0009444504972952017,1.0,0.0078125,0.46,1.0848642497976786,ok,0.2734375,False
NBaIoT_MixedDevice_9Sources_Balanced,Cumulative,IID,F1_Final_Round,FedAvg,Krum,10,0.9979444416838034,0.9969999913579766,0.0009444503258268955,0.0,0.00390625,0.5,1.4661526084009155,ok,0.140625,False
NBaIoT_MixedDevice_9Sources_Balanced,Cumulative,IID,ASR_Final_Round,Adaptive_FixedCircuitBreaker,Adaptive_NoAdaptiveWeighting,10,0.0015555555555555555,0.0014444444444444444,0.00011111111111111112,0.0,1.0,0.08,0.31622776601683794,ok,1.0,False
NBaIoT_MixedDevice_9Sources_Balanced,Cumulative,IID,ASR_Final_Round,Adaptive_FixedCircuitBreaker,Adaptive_NoCircuitBreaker,10,0.0015555555555555555,0.0015555555555555555,0.0,0.0,1.0,0.0,0.0,identical_values,1.0,False
NBaIoT_MixedDevice_9Sources_Balanced,Cumulative,IID,ASR_Final_Round,Adaptive_FixedCircuitBreaker,Adaptive_NoTemporalMemory,10,0.0015555555555555555,0.0015555555555555555,0.0,0.0,1.0,0.0,0.0,identical_values,1.0,False
NBaIoT_MixedDevice_9Sources_Balanced,Cumulative,IID,ASR_Final_Round,Adaptive_FixedCircuitBreaker,Adaptive_Ultimate,10,0.0015555555555555555,0.0015555555555555555,0.0,0.0,1.0,0.0,0.0,identical_values,1.0,False
NBaIoT_MixedDevice_9Sources_Balanced,Cumulative,IID,ASR_Final_Round,Adaptive_FixedCircuitBreaker,FLAME,10,0.0015555555555555555,0.0015555555555555555,-2.168404344971009e-20,1.0,1.0,0.07,-4.13989222504511e-17,ok,1.0,False
NBaIoT_MixedDevice_9Sources_Balanced,Cumulative,IID,ASR_Final_Round,Adaptive_FixedCircuitBreaker,FLTrust,10,0.0015555555555555555,0.0015555555555555555,0.0,0.0,1.0,0.0,0.0,identical_values,1.0,False
NBaIoT_MixedDevice_9Sources_Balanced,Cumulative,IID,ASR_Final_Round,Adaptive_FixedCircuitBreaker,FedAvg,10,0.0015555555555555555,0.0013333333333333333,0.00022222222222222218,0.0,0.5,0.09,0.47434164902525683,ok,1.0,False
NBaIoT_MixedDevice_9Sources_Balanced,Cumulative,IID,ASR_Final_Round,Adaptive_FixedCircuitBreaker,Krum,10,0.0015555555555555555,0.001888888888888889,-0.0003333333333333334,5.0,0.75,-0.18,-0.25873180855923106,ok,1.0,False
NBaIoT_MixedDevice_9Sources_Balanced,Cumulative,IID,ASR_Final_Round,Adaptive_NoAdaptiveWeighting,Adaptive_NoCircuitBreaker,10,0.0014444444444444444,0.0015555555555555555,-0.00011111111111111112,0.0,1.0,-0.08,-0.31622776601683794,ok,1.0,False
NBaIoT_MixedDevice_9Sources_Balanced,Cumulative,IID,ASR_Final_Round,Adaptive_NoAdaptiveWeighting,Adaptive_NoTemporalMemory,10,0.0014444444444444444,0.0015555555555555555,-0.00011111111111111112,0.0,1.0,-0.08,-0.31622776601683794,ok,1.0,False
NBaIoT_MixedDevice_9Sources_Balanced,Cumulative,IID,ASR_Final_Round,Adaptive_NoAdaptiveWeighting,Adaptive_Ultimate,10,0.0014444444444444444,0.0015555555555555555,-0.00011111111111111112,0.0,1.0,-0.08,-0.31622776601683794,ok,1.0,False
NBaIoT_MixedDevice_9Sources_Balanced,Cumulative,IID,ASR_Final_Round,Adaptive_NoAdaptiveWeighting,FLAME,10,0.0014444444444444444,0.0015555555555555555,-0.00011111111111111113,0.0,1.0,-0.01,-0.316227766016838,ok,1.0,False
NBaIoT_MixedDevice_9Sources_Balanced,Cumulative,IID,ASR_Final_Round,Adaptive_NoAdaptiveWeighting,FLTrust,10,0.0014444444444444444,0.0015555555555555555,-0.00011111111111111112,0.0,1.0,-0.08,-0.31622776601683794,ok,1.0,False
NBaIoT_MixedDevice_9Sources_Balanced,Cumulative,IID,ASR_Final_Round,Adaptive_NoAdaptiveWeighting,FedAvg,10,0.0014444444444444444,0.0013333333333333333,0.00011111111111111109,0.0,1.0,0.01,0.316227766016838,ok,1.0,False
NBaIoT_MixedDevice_9Sources_Balanced,Cumulative,IID,ASR_Final_Round,Adaptive_NoAdaptiveWeighting,Krum,10,0.0014444444444444444,0.001888888888888889,-0.0004444444444444445,6.0,0.53125,-0.25,-0.34077710054823895,ok,1.0,False
NBaIoT_MixedDevice_9Sources_Balanced,Cumulative,IID,ASR_Final_Round,Adaptive_NoCircuitBreaker,Adaptive_NoTemporalMemory,10,0.0015555555555555555,0.0015555555555555555,0.0,0.0,1.0,0.0,0.0,identical_values,1.0,False
NBaIoT_MixedDevice_9Sources_Balanced,Cumulative,IID,ASR_Final_Round,Adaptive_NoCircuitBreaker,Adaptive_Ultimate,10,0.0015555555555555555,0.0015555555555555555,0.0,0.0,1.0,0.0,0.0,identical_values,1.0,False
NBaIoT_MixedDevice_9Sources_Balanced,Cumulative,IID,ASR_Final_Round,Adaptive_NoCircuitBreaker,FLAME,10,0.0015555555555555555,0.0015555555555555555,-2.168404344971009e-20,1.0,1.0,0.07,-4.13989222504511e-17,ok,1.0,False
NBaIoT_MixedDevice_9Sources_Balanced,Cumulative,IID,ASR_Final_Round,Adaptive_NoCircuitBreaker,FLTrust,10,0.0015555555555555555,0.0015555555555555555,0.0,0.0,1.0,0.0,0.0,identical_values,1.0,False
NBaIoT_MixedDevice_9Sources_Balanced,Cumulative,IID,ASR_Final_Round,Adaptive_NoCircuitBreaker,FedAvg,10,0.0015555555555555555,0.0013333333333333333,0.00022222222222222218,0.0,0.5,0.09,0.47434164902525683,ok,1.0,False
NBaIoT_MixedDevice_9Sources_Balanced,Cumulative,IID,ASR_Final_Round,Adaptive_NoCircuitBreaker,Krum,10,0.0015555555555555555,0.001888888888888889,-0.0003333333333333334,5.0,0.75,-0.18,-0.25873180855923106,ok,1.0,False
NBaIoT_MixedDevice_9Sources_Balanced,Cumulative,IID,ASR_Final_Round,Adaptive_NoTemporalMemory,Adaptive_Ultimate,10,0.0015555555555555555,0.0015555555555555555,0.0,0.0,1.0,0.0,0.0,identical_values,1.0,False
NBaIoT_MixedDevice_9Sources_Balanced,Cumulative,IID,ASR_Final_Round,Adaptive_NoTemporalMemory,FLAME,10,0.0015555555555555555,0.0015555555555555555,-2.168404344971009e-20,1.0,1.0,0.07,-4.13989222504511e-17,ok,1.0,False
NBaIoT_MixedDevice_9Sources_Balanced,Cumulative,IID,ASR_Final_Round,Adaptive_NoTemporalMemory,FLTrust,10,0.0015555555555555555,0.0015555555555555555,0.0,0.0,1.0,0.0,0.0,identical_values,1.0,False
NBaIoT_MixedDevice_9Sources_Balanced,Cumulative,IID,ASR_Final_Round,Adaptive_NoTemporalMemory,FedAvg,10,0.0015555555555555555,0.0013333333333333333,0.00022222222222222218,0.0,0.5,0.09,0.47434164902525683,ok,1.0,False
NBaIoT_MixedDevice_9Sources_Balanced,Cumulative,IID,ASR_Final_Round,Adaptive_NoTemporalMemory,Krum,10,0.0015555555555555555,0.001888888888888889,-0.0003333333333333334,5.0,0.75,-0.18,-0.25873180855923106,ok,1.0,False
NBaIoT_MixedDevice_9Sources_Balanced,Cumulative,IID,ASR_Final_Round,Adaptive_Ultimate,FLAME,10,0.0015555555555555555,0.0015555555555555555,-2.168404344971009e-20,1.0,1.0,0.07,-4.13989222504511e-17,ok,1.0,False
NBaIoT_MixedDevice_9Sources_Balanced,Cumulative,IID,ASR_Final_Round,Adaptive_Ultimate,FLTrust,10,0.0015555555555555555,0.0015555555555555555,0.0,0.0,1.0,0.0,0.0,identical_values,1.0,False
NBaIoT_MixedDevice_9Sources_Balanced,Cumulative,IID,ASR_Final_Round,Adaptive_Ultimate,FedAvg,10,0.0015555555555555555,0.0013333333333333333,0.00022222222222222218,0.0,0.5,0.09,0.47434164902525683,ok,1.0,False
NBaIoT_MixedDevice_9Sources_Balanced,Cumulative,IID,ASR_Final_Round,Adaptive_Ultimate,Krum,10,0.0015555555555555555,0.001888888888888889,-0.0003333333333333334,5.0,0.75,-0.18,-0.25873180855923106,ok,1.0,False
NBaIoT_MixedDevice_9Sources_Balanced,Cumulative,IID,ASR_Final_Round,FLAME,FLTrust,10,0.0015555555555555555,0.0015555555555555555,2.168404344971009e-20,1.0,1.0,-0.07,4.13989222504511e-17,ok,1.0,False
NBaIoT_MixedDevice_9Sources_Balanced,Cumulative,IID,ASR_Final_Round,FLAME,FedAvg,10,0.0015555555555555555,0.0013333333333333333,0.00022222222222222223,0.0,1.0,0.01,0.31622776601683794,ok,1.0,False
NBaIoT_MixedDevice_9Sources_Balanced,Cumulative,IID,ASR_Final_Round,FLAME,Krum,10,0.0015555555555555555,0.001888888888888889,-0.0003333333333333333,12.0,0.828125,-0.24,-0.23968063858108832,ok,1.0,False
NBaIoT_MixedDevice_9Sources_Balanced,Cumulative,IID,ASR_Final_Round,FLTrust,FedAvg,10,0.0015555555555555555,0.0013333333333333333,0.00022222222222222218,0.0,0.5,0.09,0.47434164902525683,ok,1.0,False
NBaIoT_MixedDevice_9Sources_Balanced,Cumulative,IID,ASR_Final_Round,FLTrust,Krum,10,0.0015555555555555555,0.001888888888888889,-0.0003333333333333334,5.0,0.75,-0.18,-0.25873180855923106,ok,1.0,False
NBaIoT_MixedDevice_9Sources_Balanced,Cumulative,IID,ASR_Final_Round,FedAvg,Krum,10,0.0013333333333333333,0.001888888888888889,-0.0005555555555555556,8.0,0.375,-0.27,-0.42426406871192857,ok,1.0,False
NBaIoT_MixedDevice_9Sources_Balanced,Cumulative,NonIID_Dirichlet,F1_Mean_Over_Rounds,Adaptive_FixedCircuitBreaker,Adaptive_NoAdaptiveWeighting,10,0.9958720646722806,0.9958017245011463,7.034017113420888e-05,26.0,0.921875,-0.02,0.0759177115021852,ok,1.0,False
NBaIoT_MixedDevice_9Sources_Balanced,Cumulative,NonIID_Dirichlet,F1_Mean_Over_Rounds,Adaptive_FixedCircuitBreaker,Adaptive_NoCircuitBreaker,10,0.9958720646722806,0.9958726202269789,-5.555546982116688e-07,0.0,1.0,-0.01,-0.3162277660168379,identical_values,1.0,False
NBaIoT_MixedDevice_9Sources_Balanced,Cumulative,NonIID_Dirichlet,F1_Mean_Over_Rounds,Adaptive_FixedCircuitBreaker,Adaptive_NoTemporalMemory,10,0.9958720646722806,0.9960019817566949,-0.00012991708441414395,0.0,0.001953125,-0.12,-0.6410319184005644,ok,0.0703125,False
NBaIoT_MixedDevice_9Sources_Balanced,Cumulative,NonIID_Dirichlet,F1_Mean_Over_Rounds,Adaptive_FixedCircuitBreaker,Adaptive_Ultimate,10,0.9958720646722806,0.9958720646722806,0.0,0.0,1.0,0.0,0.0,identical_values,1.0,False
NBaIoT_MixedDevice_9Sources_Balanced,Cumulative,NonIID_Dirichlet,F1_Mean_Over_Rounds,Adaptive_FixedCircuitBreaker,FLAME,10,0.9958720646722806,0.9818346176834722,0.014037446988808155,25.0,0.845703125,0.0,0.3263199827465615,ok,1.0,False
NBaIoT_MixedDevice_9Sources_Balanced,Cumulative,NonIID_Dirichlet,F1_Mean_Over_Rounds,Adaptive_FixedCircuitBreaker,FLTrust,10,0.9958720646722806,0.9960275380283135,-0.00015547335603265376,0.0,0.001953125,-0.14,-0.7437492080454822,ok,0.0703125,False
NBaIoT_MixedDevice_9Sources_Balanced,Cumulative,NonIID_Dirichlet,F1_Mean_Over_Rounds,Adaptive_FixedCircuitBreaker,FedAvg,10,0.9958720646722806,0.9975477616527201,-0.001675696980439434,1.0,0.00390625,-0.62,-1.3937696327279963,ok,0.0859375,False
NBaIoT_MixedDevice_9Sources_Balanced,Cumulative,NonIID_Dirichlet,F1_Mean_Over_Rounds,Adaptive_FixedCircuitBreaker,Krum,10,0.9958720646722806,0.9253125685458514,0.07055949612642931,0.0,0.001953125,0.94,0.48987337812318205,ok,0.0703125,False
NBaIoT_MixedDevice_9Sources_Balanced,Cumulative,NonIID_Dirichlet,F1_Mean_Over_Rounds,Adaptive_NoAdaptiveWeighting,Adaptive_NoCircuitBreaker,10,0.9958017245011463,0.9958726202269789,-7.089572583242054e-05,26.0,0.921875,0.02,-0.07638973587895757,ok,1.0,False
NBaIoT_MixedDevice_9Sources_Balanced,Cumulative,NonIID_Dirichlet,F1_Mean_Over_Rounds,Adaptive_NoAdaptiveWeighting,Adaptive_NoTemporalMemory,10,0.9958017245011463,0.9960019817566949,-0.00020025725554835284,26.0,0.921875,0.02,-0.18403334278604006,ok,1.0,False
NBaIoT_MixedDevice_9Sources_Balanced,Cumulative,NonIID_Dirichlet,F1_Mean_Over_Rounds,Adaptive_NoAdaptiveWeighting,Adaptive_Ultimate,10,0.9958017245011463,0.9958720646722806,-7.034017113420888e-05,26.0,0.921875,0.02,-0.0759177115021852,ok,1.0,False
NBaIoT_MixedDevice_9Sources_Balanced,Cumulative,NonIID_Dirichlet,F1_Mean_Over_Rounds,Adaptive_NoAdaptiveWeighting,FLAME,10,0.9958017245011463,0.9818346176834722,0.013967106817673946,20.0,0.4921875,0.08,0.32420734149074976,ok,1.0,False
NBaIoT_MixedDevice_9Sources_Balanced,Cumulative,NonIID_Dirichlet,F1_Mean_Over_Rounds,Adaptive_NoAdaptiveWeighting,FLTrust,10,0.9958017245011463,0.9960275380283135,-0.00022581352716686265,27.0,1.0,-0.02,-0.21139481569435056,ok,1.0,False
NBaIoT_MixedDevice_9Sources_Balanced,Cumulative,NonIID_Dirichlet,F1_Mean_Over_Rounds,Adaptive_NoAdaptiveWeighting,FedAvg,10,0.9958017245011463,0.9975477616527201,-0.0017460371515736427,1.0,0.00390625,-0.6,-1.0618255597414623,ok,0.0859375,False
NBaIoT_MixedDevice_9Sources_Balanced,Cumulative,NonIID_Dirichlet,F1_Mean_Over_Rounds,Adaptive_NoAdaptiveWeighting,Krum,10,0.9958017245011463,0.9253125685458514,0.0704891559552951,0.0,0.001953125,0.88,0.4919931892877034,ok,0.0703125,False
NBaIoT_MixedDevice_9Sources_Balanced,Cumulative,NonIID_Dirichlet,F1_Mean_Over_Rounds,Adaptive_NoCircuitBreaker,Adaptive_NoTemporalMemory,10,0.9958726202269789,0.9960019817566949,-0.0001293615297159323,0.0,0.001953125,-0.12,-0.6434113716518917,ok,0.0703125,False
NBaIoT_MixedDevice_9Sources_Balanced,Cumulative,NonIID_Dirichlet,F1_Mean_Over_Rounds,Adaptive_NoCircuitBreaker,Adaptive_Ultimate,10,0.9958726202269789,0.9958720646722806,5.555546982116688e-07,0.0,1.0,0.01,0.3162277660168379,identical_values,1.0,False
NBaIoT_MixedDevice_9Sources_Balanced,Cumulative,NonIID_Dirichlet,F1_Mean_Over_Rounds,Adaptive_NoCircuitBreaker,FLAME,10,0.9958726202269789,0.9818346176834722,0.014038002543506367,25.0,0.845703125,0.0,0.3263346634958093,ok,1.0,False
NBaIoT_MixedDevice_9Sources_Balanced,Cumulative,NonIID_Dirichlet,F1_Mean_Over_Rounds,Adaptive_NoCircuitBreaker,FLTrust,10,0.9958726202269789,0.9960275380283135,-0.0001549178013344421,0.0,0.001953125,-0.14,-0.7464024966948495,ok,0.0703125,False
NBaIoT_MixedDevice_9Sources_Balanced,Cumulative,NonIID_Dirichlet,F1_Mean_Over_Rounds,Adaptive_NoCircuitBreaker,FedAvg,10,0.9958726202269789,0.9975477616527201,-0.0016751414257412222,1.0,0.00390625,-0.62,-1.394329503142254,ok,0.0859375,False
NBaIoT_MixedDevice_9Sources_Balanced,Cumulative,NonIID_Dirichlet,F1_Mean_Over_Rounds,Adaptive_NoCircuitBreaker,Krum,10,0.9958726202269789,0.9253125685458514,0.07056005168112753,0.0,0.001953125,0.94,0.4898716921357902,ok,0.0703125,False
NBaIoT_MixedDevice_9Sources_Balanced,Cumulative,NonIID_Dirichlet,F1_Mean_Over_Rounds,Adaptive_NoTemporalMemory,Adaptive_Ultimate,10,0.9960019817566949,0.9958720646722806,0.00012991708441414395,0.0,0.001953125,0.12,0.6410319184005644,ok,0.0703125,False
NBaIoT_MixedDevice_9Sources_Balanced,Cumulative,NonIID_Dirichlet,F1_Mean_Over_Rounds,Adaptive_NoTemporalMemory,FLAME,10,0.9960019817566949,0.9818346176834722,0.0141673640732223,23.0,0.6953125,0.08,0.32961905398465674,ok,1.0,False
NBaIoT_MixedDevice_9Sources_Balanced,Cumulative,NonIID_Dirichlet,F1_Mean_Over_Rounds,Adaptive_NoTemporalMemory,FLTrust,10,0.9960019817566949,0.9960275380283135,-2.555627161850982e-05,4.0,0.109375,-0.05,-0.5650761391526954,ok,1.0,False
NBaIoT_MixedDevice_9Sources_Balanced,Cumulative,NonIID_Dirichlet,F1_Mean_Over_Rounds,Adaptive_NoTemporalMemory,FedAvg,10,0.9960019817566949,0.9975477616527201,-0.00154577989602529,1.0,0.00390625,-0.62,-1.4536867517069838,ok,0.0859375,False
NBaIoT_MixedDevice_9Sources_Balanced,Cumulative,NonIID_Dirichlet,F1_Mean_Over_Rounds,Adaptive_NoTemporalMemory,Krum,10,0.9960019817566949,0.9253125685458514,0.07068941321084346,0.0,0.001953125,0.94,0.4901927218018437,ok,0.0703125,False
NBaIoT_MixedDevice_9Sources_Balanced,Cumulative,NonIID_Dirichlet,F1_Mean_Over_Rounds,Adaptive_Ultimate,FLAME,10,0.9958720646722806,0.9818346176834722,0.014037446988808155,25.0,0.845703125,0.0,0.3263199827465615,ok,1.0,False
NBaIoT_MixedDevice_9Sources_Balanced,Cumulative,NonIID_Dirichlet,F1_Mean_Over_Rounds,Adaptive_Ultimate,FLTrust,10,0.9958720646722806,0.9960275380283135,-0.00015547335603265376,0.0,0.001953125,-0.14,-0.7437492080454822,ok,0.0703125,False
NBaIoT_MixedDevice_9Sources_Balanced,Cumulative,NonIID_Dirichlet,F1_Mean_Over_Rounds,Adaptive_Ultimate,FedAvg,10,0.9958720646722806,0.9975477616527201,-0.001675696980439434,1.0,0.00390625,-0.62,-1.3937696327279963,ok,0.0859375,False
NBaIoT_MixedDevice_9Sources_Balanced,Cumulative,NonIID_Dirichlet,F1_Mean_Over_Rounds,Adaptive_Ultimate,Krum,10,0.9958720646722806,0.9253125685458514,0.07055949612642931,0.0,0.001953125,0.94,0.48987337812318205,ok,0.0703125,False
NBaIoT_MixedDevice_9Sources_Balanced,Cumulative,NonIID_Dirichlet,F1_Mean_Over_Rounds,FLAME,FLTrust,10,0.9818346176834722,0.9960275380283135,-0.01419292034484081,22.0,0.625,-0.08,-0.3301160548681495,ok,1.0,False
NBaIoT_MixedDevice_9Sources_Balanced,Cumulative,NonIID_Dirichlet,F1_Mean_Over_Rounds,FLAME,FedAvg,10,0.9818346176834722,0.9975477616527201,-0.01571314396924759,1.0,0.00390625,-0.58,-0.366115132822875,ok,0.0859375,False
NBaIoT_MixedDevice_9Sources_Balanced,Cumulative,NonIID_Dirichlet,F1_Mean_Over_Rounds,FLAME,Krum,10,0.9818346176834722,0.9253125685458514,0.056522049137621155,0.0,0.001953125,0.68,0.4039771815670837,ok,0.0703125,False
NBaIoT_MixedDevice_9Sources_Balanced,Cumulative,NonIID_Dirichlet,F1_Mean_Over_Rounds,FLTrust,FedAvg,10,0.9960275380283135,0.9975477616527201,-0.0015202236244067802,1.0,0.00390625,-0.62,-1.470383318396021,ok,0.0859375,False
NBaIoT_MixedDevice_9Sources_Balanced,Cumulative,NonIID_Dirichlet,F1_Mean_Over_Rounds,FLTrust,Krum,10,0.9960275380283135,0.9253125685458514,0.07071496948246196,0.0,0.001953125,0.94,0.4903776889031852,ok,0.0703125,False
NBaIoT_MixedDevice_9Sources_Balanced,Cumulative,NonIID_Dirichlet,F1_Mean_Over_Rounds,FedAvg,Krum,10,0.9975477616527201,0.9253125685458514,0.07223519310686874,0.0,0.001953125,1.0,0.49945704586942025,ok,0.0703125,False
NBaIoT_MixedDevice_9Sources_Balanced,Cumulative,NonIID_Dirichlet,ASR_Mean_Over_Rounds,Adaptive_FixedCircuitBreaker,Adaptive_NoAdaptiveWeighting,10,0.003256666666666667,0.0032199999999999998,3.6666666666666855e-05,12.0,0.4609375,0.06,0.20258577179360604,ok,1.0,False
NBaIoT_MixedDevice_9Sources_Balanced,Cumulative,NonIID_Dirichlet,ASR_Mean_Over_Rounds,Adaptive_FixedCircuitBreaker,Adaptive_NoCircuitBreaker,10,0.003256666666666667,0.003255555555555556,1.1111111111111045e-06,0.0,1.0,0.01,0.31622776601683794,ok,1.0,False
NBaIoT_MixedDevice_9Sources_Balanced,Cumulative,NonIID_Dirichlet,ASR_Mean_Over_Rounds,Adaptive_FixedCircuitBreaker,Adaptive_NoTemporalMemory,10,0.003256666666666667,0.003158888888888889,9.777777777777783e-05,3.0,0.0390625,0.08,0.6336932865181685,ok,1.0,False
NBaIoT_MixedDevice_9Sources_Balanced,Cumulative,NonIID_Dirichlet,ASR_Mean_Over_Rounds,Adaptive_FixedCircuitBreaker,Adaptive_Ultimate,10,0.003256666666666667,0.003256666666666667,0.0,0.0,1.0,0.0,0.0,identical_values,1.0,False
NBaIoT_MixedDevice_9Sources_Balanced,Cumulative,NonIID_Dirichlet,ASR_Mean_Over_Rounds,Adaptive_FixedCircuitBreaker,FLAME,10,0.003256666666666667,0.0043077777777777776,-0.001051111111111111,19.0,0.431640625,-0.13,-0.3470458519952699,ok,1.0,False
NBaIoT_MixedDevice_9Sources_Balanced,Cumulative,NonIID_Dirichlet,ASR_Mean_Over_Rounds,Adaptive_FixedCircuitBreaker,FLTrust,10,0.003256666666666667,0.003163333333333333,9.333333333333342e-05,3.0,0.0390625,0.08,0.6445877181224888,ok,1.0,False
NBaIoT_MixedDevice_9Sources_Balanced,Cumulative,NonIID_Dirichlet,ASR_Mean_Over_Rounds,Adaptive_FixedCircuitBreaker,FedAvg,10,0.003256666666666667,0.0017022222222222224,0.0015544444444444447,8.0,0.048828125,0.5,0.7427016978022771,ok,1.0,False
NBaIoT_MixedDevice_9Sources_Balanced,Cumulative,NonIID_Dirichlet,ASR_Mean_Over_Rounds,Adaptive_FixedCircuitBreaker,Krum,10,0.003256666666666667,0.013235555555555556,-0.009978888888888888,3.0,0.009765625,-0.52,-0.6036686994580068,ok,0.3515625,False
NBaIoT_MixedDevice_9Sources_Balanced,Cumulative,NonIID_Dirichlet,ASR_Mean_Over_Rounds,Adaptive_NoAdaptiveWeighting,Adaptive_NoCircuitBreaker,10,0.0032199999999999998,0.003255555555555556,-3.555555555555575e-05,12.0,0.4609375,-0.06,-0.19630301080773863,ok,1.0,False
NBaIoT_MixedDevice_9Sources_Balanced,Cumulative,NonIID_Dirichlet,ASR_Mean_Over_Rounds,Adaptive_NoAdaptiveWeighting,Adaptive_NoTemporalMemory,10,0.0032199999999999998,0.003158888888888889,6.111111111111099e-05,14.0,0.640625,0.0,0.20747742329318014,ok,1.0,False
NBaIoT_MixedDevice_9Sources_Balanced,Cumulative,NonIID_Dirichlet,ASR_Mean_Over_Rounds,Adaptive_NoAdaptiveWeighting,Adaptive_Ultimate,10,0.0032199999999999998,0.003256666666666667,-3.6666666666666855e-05,12.0,0.4609375,-0.06,-0.20258577179360604,ok,1.0,False
NBaIoT_MixedDevice_9Sources_Balanced,Cumulative,NonIID_Dirichlet,ASR_Mean_Over_Rounds,Adaptive_NoAdaptiveWeighting,FLAME,10,0.0032199999999999998,0.0043077777777777776,-0.0010877777777777778,19.0,0.431640625,-0.15,-0.3530851789332732,ok,1.0,False
NBaIoT_MixedDevice_9Sources_Balanced,Cumulative,NonIID_Dirichlet,ASR_Mean_Over_Rounds,Adaptive_NoAdaptiveWeighting,FLTrust,10,0.0032199999999999998,0.003163333333333333,5.666666666666656e-05,14.0,0.640625,0.0,0.19850219328582194,ok,1.0,False
NBaIoT_MixedDevice_9Sources_Balanced,Cumulative,NonIID_Dirichlet,ASR_Mean_Over_Rounds,Adaptive_NoAdaptiveWeighting,FedAvg,10,0.0032199999999999998,0.0017022222222222224,0.0015177777777777776,7.5,0.0390625,0.48,0.7161049003653108,ok,1.0,False
NBaIoT_MixedDevice_9Sources_Balanced,Cumulative,NonIID_Dirichlet,ASR_Mean_Over_Rounds,Adaptive_NoAdaptiveWeighting,Krum,10,0.0032199999999999998,0.013235555555555556,-0.010015555555555555,3.0,0.009765625,-0.52,-0.6058890924584166,ok,0.3515625,False
NBaIoT_MixedDevice_9Sources_Balanced,Cumulative,NonIID_Dirichlet,ASR_Mean_Over_Rounds,Adaptive_NoCircuitBreaker,Adaptive_NoTemporalMemory,10,0.003255555555555556,0.003158888888888889,9.666666666666673e-05,3.0,0.0390625,0.08,0.6228247837354606,ok,1.0,False
NBaIoT_MixedDevice_9Sources_Balanced,Cumulative,NonIID_Dirichlet,ASR_Mean_Over_Rounds,Adaptive_NoCircuitBreaker,Adaptive_Ultimate,10,0.003255555555555556,0.003256666666666667,-1.1111111111111045e-06,0.0,1.0,-0.01,-0.31622776601683794,ok,1.0,False
NBaIoT_MixedDevice_9Sources_Balanced,Cumulative,NonIID_Dirichlet,ASR_Mean_Over_Rounds,Adaptive_NoCircuitBreaker,FLAME,10,0.003255555555555556,0.0043077777777777776,-0.0010522222222222222,19.0,0.431640625,-0.13,-0.3475089354773916,ok,1.0,False
NBaIoT_MixedDevice_9Sources_Balanced,Cumulative,NonIID_Dirichlet,ASR_Mean_Over_Rounds,Adaptive_NoCircuitBreaker,FLTrust,10,0.003255555555555556,0.003163333333333333,9.222222222222231e-05,3.0,0.0390625,0.08,0.6328486263633109,ok,1.0,False
NBaIoT_MixedDevice_9Sources_Balanced,Cumulative,NonIID_Dirichlet,ASR_Mean_Over_Rounds,Adaptive_NoCircuitBreaker,FedAvg,10,0.003255555555555556,0.0017022222222222224,0.0015533333333333334,8.0,0.048828125,0.5,0.7420909974407157,ok,1.0,False
NBaIoT_MixedDevice_9Sources_Balanced,Cumulative,NonIID_Dirichlet,ASR_Mean_Over_Rounds,Adaptive_NoCircuitBreaker,Krum,10,0.003255555555555556,0.013235555555555556,-0.00998,3.0,0.009765625,-0.52,-0.6037677002977666,ok,0.3515625,False
NBaIoT_MixedDevice_9Sources_Balanced,Cumulative,NonIID_Dirichlet,ASR_Mean_Over_Rounds,Adaptive_NoTemporalMemory,Adaptive_Ultimate,10,0.003158888888888889,0.003256666666666667,-9.777777777777783e-05,3.0,0.0390625,-0.08,-0.6336932865181685,ok,1.0,False
NBaIoT_MixedDevice_9Sources_Balanced,Cumulative,NonIID_Dirichlet,ASR_Mean_Over_Rounds,Adaptive_NoTemporalMemory,FLAME,10,0.003158888888888889,0.0043077777777777776,-0.001148888888888889,19.0,0.431640625,-0.14,-0.3868839864230179,ok,1.0,False
NBaIoT_MixedDevice_9Sources_Balanced,Cumulative,NonIID_Dirichlet,ASR_Mean_Over_Rounds,Adaptive_NoTemporalMemory,FLTrust,10,0.003158888888888889,0.003163333333333333,-4.444444444444418e-06,0.0,0.5,-0.02,-0.4140393356054125,ok,1.0,False
NBaIoT_MixedDevice_9Sources_Balanced,Cumulative,NonIID_Dirichlet,ASR_Mean_Over_Rounds,Adaptive_NoTemporalMemory,FedAvg,10,0.003158888888888889,0.0017022222222222224,0.0014566666666666669,9.0,0.064453125,0.46,0.7407674276019871,ok,1.0,False
NBaIoT_MixedDevice_9Sources_Balanced,Cumulative,NonIID_Dirichlet,ASR_Mean_Over_Rounds,Adaptive_NoTemporalMemory,Krum,10,0.003158888888888889,0.013235555555555556,-0.010076666666666668,3.0,0.009765625,-0.54,-0.6062213795613909,ok,0.3515625,False
NBaIoT_MixedDevice_9Sources_Balanced,Cumulative,NonIID_Dirichlet,ASR_Mean_Over_Rounds,Adaptive_Ultimate,FLAME,10,0.003256666666666667,0.0043077777777777776,-0.001051111111111111,19.0,0.431640625,-0.13,-0.3470458519952699,ok,1.0,False
NBaIoT_MixedDevice_9Sources_Balanced,Cumulative,NonIID_Dirichlet,ASR_Mean_Over_Rounds,Adaptive_Ultimate,FLTrust,10,0.003256666666666667,0.003163333333333333,9.333333333333342e-05,3.0,0.0390625,0.08,0.6445877181224888,ok,1.0,False
NBaIoT_MixedDevice_9Sources_Balanced,Cumulative,NonIID_Dirichlet,ASR_Mean_Over_Rounds,Adaptive_Ultimate,FedAvg,10,0.003256666666666667,0.0017022222222222224,0.0015544444444444447,8.0,0.048828125,0.5,0.7427016978022771,ok,1.0,False
NBaIoT_MixedDevice_9Sources_Balanced,Cumulative,NonIID_Dirichlet,ASR_Mean_Over_Rounds,Adaptive_Ultimate,Krum,10,0.003256666666666667,0.013235555555555556,-0.009978888888888888,3.0,0.009765625,-0.52,-0.6036686994580068,ok,0.3515625,False
NBaIoT_MixedDevice_9Sources_Balanced,Cumulative,NonIID_Dirichlet,ASR_Mean_Over_Rounds,FLAME,FLTrust,10,0.0043077777777777776,0.003163333333333333,0.0011444444444444445,19.0,0.431640625,0.14,0.3845771225430524,ok,1.0,False
NBaIoT_MixedDevice_9Sources_Balanced,Cumulative,NonIID_Dirichlet,ASR_Mean_Over_Rounds,FLAME,FedAvg,10,0.0043077777777777776,0.0017022222222222224,0.0026055555555555554,8.0,0.048828125,0.58,0.8684149528756311,ok,1.0,False
NBaIoT_MixedDevice_9Sources_Balanced,Cumulative,NonIID_Dirichlet,ASR_Mean_Over_Rounds,FLAME,Krum,10,0.0043077777777777776,0.013235555555555556,-0.008927777777777778,6.0,0.02734375,-0.48,-0.5467926355262601,ok,0.79296875,False
NBaIoT_MixedDevice_9Sources_Balanced,Cumulative,NonIID_Dirichlet,ASR_Mean_Over_Rounds,FLTrust,FedAvg,10,0.003163333333333333,0.0017022222222222224,0.0014611111111111114,9.0,0.064453125,0.46,0.7403331872700419,ok,1.0,False
NBaIoT_MixedDevice_9Sources_Balanced,Cumulative,NonIID_Dirichlet,ASR_Mean_Over_Rounds,FLTrust,Krum,10,0.003163333333333333,0.013235555555555556,-0.010072222222222222,3.0,0.009765625,-0.54,-0.6060406653403976,ok,0.3515625,False
NBaIoT_MixedDevice_9Sources_Balanced,Cumulative,NonIID_Dirichlet,ASR_Mean_Over_Rounds,FedAvg,Krum,10,0.0017022222222222224,0.013235555555555556,-0.011533333333333335,3.0,0.009765625,-0.77,-0.6427178459782087,ok,0.3515625,False
NBaIoT_MixedDevice_9Sources_Balanced,Cumulative,NonIID_Dirichlet,F1_Final_Round,Adaptive_FixedCircuitBreaker,Adaptive_NoAdaptiveWeighting,10,0.9968888765430772,0.9973888844135658,-0.0005000078704884947,0.0,0.03125,-0.16,-0.9050331424945262,ok,0.71875,False
NBaIoT_MixedDevice_9Sources_Balanced,Cumulative,NonIID_Dirichlet,F1_Final_Round,Adaptive_FixedCircuitBreaker,Adaptive_NoCircuitBreaker,10,0.9968888765430772,0.996944432012899,-5.5555469821644275e-05,0.0,1.0,-0.03,-0.31622776601683794,ok,1.0,False
NBaIoT_MixedDevice_9Sources_Balanced,Cumulative,NonIID_Dirichlet,F1_Final_Round,Adaptive_FixedCircuitBreaker,Adaptive_NoTemporalMemory,10,0.9968888765430772,0.9968333210732556,5.5555469821644275e-05,0.0,1.0,0.03,0.31622776601683794,ok,1.0,False
NBaIoT_MixedDevice_9Sources_Balanced,Cumulative,NonIID_Dirichlet,F1_Final_Round,Adaptive_FixedCircuitBreaker,Adaptive_Ultimate,10,0.9968888765430772,0.9968888765430772,0.0,0.0,1.0,0.0,0.0,identical_values,1.0,False
NBaIoT_MixedDevice_9Sources_Balanced,Cumulative,NonIID_Dirichlet,F1_Final_Round,Adaptive_FixedCircuitBreaker,FLAME,10,0.9968888765430772,0.996944439489013,-5.556294593581645e-05,15.0,0.7421875,0.05,-0.0835380144405984,ok,1.0,False
NBaIoT_MixedDevice_9Sources_Balanced,Cumulative,NonIID_Dirichlet,F1_Final_Round,Adaptive_FixedCircuitBreaker,FLTrust,10,0.9968888765430772,0.9969444361624881,-5.5559619410772146e-05,1.0,0.5,-0.01,-0.17617514032089543,ok,1.0,False
NBaIoT_MixedDevice_9Sources_Balanced,Cumulative,NonIID_Dirichlet,F1_Final_Round,Adaptive_FixedCircuitBreaker,FedAvg,10,0.9968888765430772,0.9981111085733791,-0.001222232030301884,2.0,0.0234375,-0.47,-0.8851325152509503,ok,0.65625,False
NBaIoT_MixedDevice_9Sources_Balanced,Cumulative,NonIID_Dirichlet,F1_Final_Round,Adaptive_FixedCircuitBreaker,Krum,10,0.9968888765430772,0.9362770540203451,0.060611822522732076,0.0,0.001953125,0.99,0.3921494021458085,ok,0.0703125,False
NBaIoT_MixedDevice_9Sources_Balanced,Cumulative,NonIID_Dirichlet,F1_Final_Round,Adaptive_NoAdaptiveWeighting,Adaptive_NoCircuitBreaker,10,0.9973888844135658,0.996944432012899,0.0004444524006668504,2.0,0.046875,0.15,0.7046623508279766,ok,0.890625,False
NBaIoT_MixedDevice_9Sources_Balanced,Cumulative,NonIID_Dirichlet,F1_Final_Round,Adaptive_NoAdaptiveWeighting,Adaptive_NoTemporalMemory,10,0.9973888844135658,0.9968333210732556,0.000555563340310139,0.0,0.03125,0.17,0.9486767975135965,ok,0.71875,False
NBaIoT_MixedDevice_9Sources_Balanced,Cumulative,NonIID_Dirichlet,F1_Final_Round,Adaptive_NoAdaptiveWeighting,Adaptive_Ultimate,10,0.9973888844135658,0.9968888765430772,0.0005000078704884947,0.0,0.03125,0.16,0.9050331424945262,ok,0.71875,False
NBaIoT_MixedDevice_9Sources_Balanced,Cumulative,NonIID_Dirichlet,F1_Final_Round,Adaptive_NoAdaptiveWeighting,FLAME,10,0.9973888844135658,0.996944439489013,0.00044444492455267823,6.0,0.21875,0.25,0.4940323820362681,ok,1.0,False
NBaIoT_MixedDevice_9Sources_Balanced,Cumulative,NonIID_Dirichlet,F1_Final_Round,Adaptive_NoAdaptiveWeighting,FLTrust,10,0.9973888844135658,0.9969444361624881,0.0004444482510777226,0.0,0.0625,0.14,0.8705710933892303,ok,1.0,False
NBaIoT_MixedDevice_9Sources_Balanced,Cumulative,NonIID_Dirichlet,F1_Final_Round,Adaptive_NoAdaptiveWeighting,FedAvg,10,0.9973888844135658,0.9981111085733791,-0.0007222241598133893,4.0,0.109375,-0.27,-0.5403143458362765,ok,1.0,False
NBaIoT_MixedDevice_9Sources_Balanced,Cumulative,NonIID_Dirichlet,F1_Final_Round,Adaptive_NoAdaptiveWeighting,Krum,10,0.9973888844135658,0.9362770540203451,0.061111830393220566,0.0,0.001953125,1.0,0.39581432434525793,ok,0.0703125,False
NBaIoT_MixedDevice_9Sources_Balanced,Cumulative,NonIID_Dirichlet,F1_Final_Round,Adaptive_NoCircuitBreaker,Adaptive_NoTemporalMemory,10,0.996944432012899,0.9968333210732556,0.00011111093964328855,0.0,0.5,0.06,0.4743416490252569,ok,1.0,False
NBaIoT_MixedDevice_9Sources_Balanced,Cumulative,NonIID_Dirichlet,F1_Final_Round,Adaptive_NoCircuitBreaker,Adaptive_Ultimate,10,0.996944432012899,0.9968888765430772,5.5555469821644275e-05,0.0,1.0,0.03,0.31622776601683794,ok,1.0,False
NBaIoT_MixedDevice_9Sources_Balanced,Cumulative,NonIID_Dirichlet,F1_Final_Round,Adaptive_NoCircuitBreaker,FLAME,10,0.996944432012899,0.996944439489013,-7.476114172177972e-09,13.0,0.9375,0.08,-1.1654093636841615e-05,ok,1.0,False
NBaIoT_MixedDevice_9Sources_Balanced,Cumulative,NonIID_Dirichlet,F1_Final_Round,Adaptive_NoCircuitBreaker,FLTrust,10,0.996944432012899,0.9969444361624881,-4.149589127866449e-09,3.0,0.625,0.02,-1.1203698725007696e-05,ok,1.0,False
NBaIoT_MixedDevice_9Sources_Balanced,Cumulative,NonIID_Dirichlet,F1_Final_Round,Adaptive_NoCircuitBreaker,FedAvg,10,0.996944432012899,0.9981111085733791,-0.0011666765604802399,2.0,0.0234375,-0.45,-0.8830458893110312,ok,0.65625,False
NBaIoT_MixedDevice_9Sources_Balanced,Cumulative,NonIID_Dirichlet,F1_Final_Round,Adaptive_NoCircuitBreaker,Krum,10,0.996944432012899,0.9362770540203451,0.060667377992553714,0.0,0.001953125,0.99,0.39206437049152315,ok,0.0703125,False
NBaIoT_MixedDevice_9Sources_Balanced,Cumulative,NonIID_Dirichlet,F1_Final_Round,Adaptive_NoTemporalMemory,Adaptive_Ultimate,10,0.9968333210732556,0.9968888765430772,-5.5555469821644275e-05,0.0,1.0,-0.03,-0.31622776601683794,ok,1.0,False
NBaIoT_MixedDevice_9Sources_Balanced,Cumulative,NonIID_Dirichlet,F1_Final_Round,Adaptive_NoTemporalMemory,FLAME,10,0.9968333210732556,0.996944439489013,-0.00011111841575746073,13.0,0.546875,0.02,-0.16270885394851664,ok,1.0,False
NBaIoT_MixedDevice_9Sources_Balanced,Cumulative,NonIID_Dirichlet,F1_Final_Round,Adaptive_NoTemporalMemory,FLTrust,10,0.9968333210732556,0.9969444361624881,-0.00011111508923241641,0.0,0.5,-0.04,-0.4743416489865946,ok,1.0,False
NBaIoT_MixedDevice_9Sources_Balanced,Cumulative,NonIID_Dirichlet,F1_Final_Round,Adaptive_NoTemporalMemory,FedAvg,10,0.9968333210732556,0.9981111085733791,-0.0012777875001235284,2.0,0.0234375,-0.49,-0.9052381155364512,ok,0.65625,False
NBaIoT_MixedDevice_9Sources_Balanced,Cumulative,NonIID_Dirichlet,F1_Final_Round,Adaptive_NoTemporalMemory,Krum,10,0.9968333210732556,0.9362770540203451,0.06055626705291043,0.0,0.001953125,0.99,0.39174129953729925,ok,0.0703125,False
NBaIoT_MixedDevice_9Sources_Balanced,Cumulative,NonIID_Dirichlet,F1_Final_Round,Adaptive_Ultimate,FLAME,10,0.9968888765430772,0.996944439489013,-5.556294593581645e-05,15.0,0.7421875,0.05,-0.0835380144405984,ok,1.0,False
NBaIoT_MixedDevice_9Sources_Balanced,Cumulative,NonIID_Dirichlet,F1_Final_Round,Adaptive_Ultimate,FLTrust,10,0.9968888765430772,0.9969444361624881,-5.5559619410772146e-05,1.0,0.5,-0.01,-0.17617514032089543,ok,1.0,False
NBaIoT_MixedDevice_9Sources_Balanced,Cumulative,NonIID_Dirichlet,F1_Final_Round,Adaptive_Ultimate,FedAvg,10,0.9968888765430772,0.9981111085733791,-0.001222232030301884,2.0,0.0234375,-0.47,-0.8851325152509503,ok,0.65625,False
NBaIoT_MixedDevice_9Sources_Balanced,Cumulative,NonIID_Dirichlet,F1_Final_Round,Adaptive_Ultimate,Krum,10,0.9968888765430772,0.9362770540203451,0.060611822522732076,0.0,0.001953125,0.99,0.3921494021458085,ok,0.0703125,False
NBaIoT_MixedDevice_9Sources_Balanced,Cumulative,NonIID_Dirichlet,F1_Final_Round,FLAME,FLTrust,10,0.996944439489013,0.9969444361624881,3.3265250443115234e-09,17.0,0.9453125,-0.04,4.800908522107856e-06,ok,1.0,False
NBaIoT_MixedDevice_9Sources_Balanced,Cumulative,NonIID_Dirichlet,F1_Final_Round,FLAME,FedAvg,10,0.996944439489013,0.9981111085733791,-0.0011666690843660677,1.0,0.03125,-0.52,-0.8830444201854959,ok,0.71875,False
NBaIoT_MixedDevice_9Sources_Balanced,Cumulative,NonIID_Dirichlet,F1_Final_Round,FLAME,Krum,10,0.996944439489013,0.9362770540203451,0.060667385468667887,0.0,0.001953125,1.0,0.39199799543883335,ok,0.0703125,False
NBaIoT_MixedDevice_9Sources_Balanced,Cumulative,NonIID_Dirichlet,F1_Final_Round,FLTrust,FedAvg,10,0.9969444361624881,0.9981111085733791,-0.001166672410891112,2.0,0.0234375,-0.49,-0.883046634920699,ok,0.65625,False
NBaIoT_MixedDevice_9Sources_Balanced,Cumulative,NonIID_Dirichlet,F1_Final_Round,FLTrust,Krum,10,0.9969444361624881,0.9362770540203451,0.060667382142142845,0.0,0.001953125,1.0,0.3925237892016557,ok,0.0703125,False
NBaIoT_MixedDevice_9Sources_Balanced,Cumulative,NonIID_Dirichlet,F1_Final_Round,FedAvg,Krum,10,0.9981111085733791,0.9362770540203451,0.06183405455303396,0.0,0.001953125,1.0,0.3984798435012036,ok,0.0703125,False
NBaIoT_MixedDevice_9Sources_Balanced,Cumulative,NonIID_Dirichlet,ASR_Final_Round,Adaptive_FixedCircuitBreaker,Adaptive_NoAdaptiveWeighting,10,0.0021111111111111113,0.001888888888888889,0.00022222222222222226,0.0,1.0,0.11,0.316227766016838,ok,1.0,False
NBaIoT_MixedDevice_9Sources_Balanced,Cumulative,NonIID_Dirichlet,ASR_Final_Round,Adaptive_FixedCircuitBreaker,Adaptive_NoCircuitBreaker,10,0.0021111111111111113,0.002,0.00011111111111111113,0.0,1.0,0.06,0.316227766016838,ok,1.0,False
NBaIoT_MixedDevice_9Sources_Balanced,Cumulative,NonIID_Dirichlet,ASR_Final_Round,Adaptive_FixedCircuitBreaker,Adaptive_NoTemporalMemory,10,0.0021111111111111113,0.0021111111111111113,0.0,0.0,1.0,0.0,0.0,identical_values,1.0,False
NBaIoT_MixedDevice_9Sources_Balanced,Cumulative,NonIID_Dirichlet,ASR_Final_Round,Adaptive_FixedCircuitBreaker,Adaptive_Ultimate,10,0.0021111111111111113,0.0021111111111111113,0.0,0.0,1.0,0.0,0.0,identical_values,1.0,False
NBaIoT_MixedDevice_9Sources_Balanced,Cumulative,NonIID_Dirichlet,ASR_Final_Round,Adaptive_FixedCircuitBreaker,FLAME,10,0.0021111111111111113,0.0023333333333333335,-0.00022222222222222212,6.0,0.75,-0.02,-0.12350804543889268,ok,1.0,False
NBaIoT_MixedDevice_9Sources_Balanced,Cumulative,NonIID_Dirichlet,ASR_Final_Round,Adaptive_FixedCircuitBreaker,FLTrust,10,0.0021111111111111113,0.0021111111111111113,0.0,0.0,1.0,0.0,0.0,identical_values,1.0,False
NBaIoT_MixedDevice_9Sources_Balanced,Cumulative,NonIID_Dirichlet,ASR_Final_Round,Adaptive_FixedCircuitBreaker,FedAvg,10,0.0021111111111111113,0.0014444444444444444,0.0006666666666666668,6.0,0.4375,0.33,0.38031941462783253,ok,1.0,False
NBaIoT_MixedDevice_9Sources_Balanced,Cumulative,NonIID_Dirichlet,ASR_Final_Round,Adaptive_FixedCircuitBreaker,Krum,10,0.0021111111111111113,0.009222222222222222,-0.0071111111111111115,4.5,0.125,-0.27,-0.6058259565302024,ok,1.0,False
NBaIoT_MixedDevice_9Sources_Balanced,Cumulative,NonIID_Dirichlet,ASR_Final_Round,Adaptive_NoAdaptiveWeighting,Adaptive_NoCircuitBreaker,10,0.001888888888888889,0.002,-0.00011111111111111113,1.0,1.0,-0.06,-0.1355261854357877,ok,1.0,False
NBaIoT_MixedDevice_9Sources_Balanced,Cumulative,NonIID_Dirichlet,ASR_Final_Round,Adaptive_NoAdaptiveWeighting,Adaptive_NoTemporalMemory,10,0.001888888888888889,0.0021111111111111113,-0.00022222222222222226,0.0,1.0,-0.11,-0.316227766016838,ok,1.0,False
NBaIoT_MixedDevice_9Sources_Balanced,Cumulative,NonIID_Dirichlet,ASR_Final_Round,Adaptive_NoAdaptiveWeighting,Adaptive_Ultimate,10,0.001888888888888889,0.0021111111111111113,-0.00022222222222222226,0.0,1.0,-0.11,-0.316227766016838,ok,1.0,False
NBaIoT_MixedDevice_9Sources_Balanced,Cumulative,NonIID_Dirichlet,ASR_Final_Round,Adaptive_NoAdaptiveWeighting,FLAME,10,0.001888888888888889,0.0023333333333333335,-0.00044444444444444436,3.0,0.625,-0.12,-0.27975144247209405,ok,1.0,False
NBaIoT_MixedDevice_9Sources_Balanced,Cumulative,NonIID_Dirichlet,ASR_Final_Round,Adaptive_NoAdaptiveWeighting,FLTrust,10,0.001888888888888889,0.0021111111111111113,-0.00022222222222222226,0.0,1.0,-0.11,-0.316227766016838,ok,1.0,False
NBaIoT_MixedDevice_9Sources_Balanced,Cumulative,NonIID_Dirichlet,ASR_Final_Round,Adaptive_NoAdaptiveWeighting,FedAvg,10,0.001888888888888889,0.0014444444444444444,0.0004444444444444445,5.0,0.5625,0.22,0.26568446566202863,ok,1.0,False
NBaIoT_MixedDevice_9Sources_Balanced,Cumulative,NonIID_Dirichlet,ASR_Final_Round,Adaptive_NoAdaptiveWeighting,Krum,10,0.001888888888888889,0.009222222222222222,-0.007333333333333333,4.5,0.125,-0.34,-0.6086116686897369,ok,1.0,False
NBaIoT_MixedDevice_9Sources_Balanced,Cumulative,NonIID_Dirichlet,ASR_Final_Round,Adaptive_NoCircuitBreaker,Adaptive_NoTemporalMemory,10,0.002,0.0021111111111111113,-0.00011111111111111113,0.0,1.0,-0.06,-0.316227766016838,ok,1.0,False
NBaIoT_MixedDevice_9Sources_Balanced,Cumulative,NonIID_Dirichlet,ASR_Final_Round,Adaptive_NoCircuitBreaker,Adaptive_Ultimate,10,0.002,0.0021111111111111113,-0.00011111111111111113,0.0,1.0,-0.06,-0.316227766016838,ok,1.0,False
NBaIoT_MixedDevice_9Sources_Balanced,Cumulative,NonIID_Dirichlet,ASR_Final_Round,Adaptive_NoCircuitBreaker,FLAME,10,0.002,0.0023333333333333335,-0.00033333333333333327,3.0,0.625,-0.06,-0.1914460334151826,ok,1.0,False
NBaIoT_MixedDevice_9Sources_Balanced,Cumulative,NonIID_Dirichlet,ASR_Final_Round,Adaptive_NoCircuitBreaker,FLTrust,10,0.002,0.0021111111111111113,-0.00011111111111111113,0.0,1.0,-0.06,-0.316227766016838,ok,1.0,False
NBaIoT_MixedDevice_9Sources_Balanced,Cumulative,NonIID_Dirichlet,ASR_Final_Round,Adaptive_NoCircuitBreaker,FedAvg,10,0.002,0.0014444444444444444,0.0005555555555555557,6.0,0.40625,0.3,0.33129457822453967,ok,1.0,False
NBaIoT_MixedDevice_9Sources_Balanced,Cumulative,NonIID_Dirichlet,ASR_Final_Round,Adaptive_NoCircuitBreaker,Krum,10,0.002,0.009222222222222222,-0.007222222222222223,3.0,0.078125,-0.3,-0.620220725309294,ok,1.0,False
NBaIoT_MixedDevice_9Sources_Balanced,Cumulative,NonIID_Dirichlet,ASR_Final_Round,Adaptive_NoTemporalMemory,Adaptive_Ultimate,10,0.0021111111111111113,0.0021111111111111113,0.0,0.0,1.0,0.0,0.0,identical_values,1.0,False
NBaIoT_MixedDevice_9Sources_Balanced,Cumulative,NonIID_Dirichlet,ASR_Final_Round,Adaptive_NoTemporalMemory,FLAME,10,0.0021111111111111113,0.0023333333333333335,-0.00022222222222222212,6.0,0.75,-0.02,-0.12350804543889268,ok,1.0,False
NBaIoT_MixedDevice_9Sources_Balanced,Cumulative,NonIID_Dirichlet,ASR_Final_Round,Adaptive_NoTemporalMemory,FLTrust,10,0.0021111111111111113,0.0021111111111111113,0.0,0.0,1.0,0.0,0.0,identical_values,1.0,False
NBaIoT_MixedDevice_9Sources_Balanced,Cumulative,NonIID_Dirichlet,ASR_Final_Round,Adaptive_NoTemporalMemory,FedAvg,10,0.0021111111111111113,0.0014444444444444444,0.0006666666666666668,6.0,0.4375,0.33,0.38031941462783253,ok,1.0,False
NBaIoT_MixedDevice_9Sources_Balanced,Cumulative,NonIID_Dirichlet,ASR_Final_Round,Adaptive_NoTemporalMemory,Krum,10,0.0021111111111111113,0.009222222222222222,-0.0071111111111111115,4.5,0.125,-0.27,-0.6058259565302024,ok,1.0,False
NBaIoT_MixedDevice_9Sources_Balanced,Cumulative,NonIID_Dirichlet,ASR_Final_Round,Adaptive_Ultimate,FLAME,10,0.0021111111111111113,0.0023333333333333335,-0.00022222222222222212,6.0,0.75,-0.02,-0.12350804543889268,ok,1.0,False
NBaIoT_MixedDevice_9Sources_Balanced,Cumulative,NonIID_Dirichlet,ASR_Final_Round,Adaptive_Ultimate,FLTrust,10,0.0021111111111111113,0.0021111111111111113,0.0,0.0,1.0,0.0,0.0,identical_values,1.0,False
NBaIoT_MixedDevice_9Sources_Balanced,Cumulative,NonIID_Dirichlet,ASR_Final_Round,Adaptive_Ultimate,FedAvg,10,0.0021111111111111113,0.0014444444444444444,0.0006666666666666668,6.0,0.4375,0.33,0.38031941462783253,ok,1.0,False
NBaIoT_MixedDevice_9Sources_Balanced,Cumulative,NonIID_Dirichlet,ASR_Final_Round,Adaptive_Ultimate,Krum,10,0.0021111111111111113,0.009222222222222222,-0.0071111111111111115,4.5,0.125,-0.27,-0.6058259565302024,ok,1.0,False
NBaIoT_MixedDevice_9Sources_Balanced,Cumulative,NonIID_Dirichlet,ASR_Final_Round,FLAME,FLTrust,10,0.0023333333333333335,0.0021111111111111113,0.00022222222222222212,6.0,0.75,0.02,0.12350804543889268,ok,1.0,False
NBaIoT_MixedDevice_9Sources_Balanced,Cumulative,NonIID_Dirichlet,ASR_Final_Round,FLAME,FedAvg,10,0.0023333333333333335,0.0014444444444444444,0.0008888888888888889,4.0,0.4375,0.32,0.3721042037676253,ok,1.0,False
NBaIoT_MixedDevice_9Sources_Balanced,Cumulative,NonIID_Dirichlet,ASR_Final_Round,FLAME,Krum,10,0.0023333333333333335,0.009222222222222222,-0.006888888888888889,6.0,0.203125,-0.25,-0.5948840814616172,ok,1.0,False
NBaIoT_MixedDevice_9Sources_Balanced,Cumulative,NonIID_Dirichlet,ASR_Final_Round,FLTrust,FedAvg,10,0.0021111111111111113,0.0014444444444444444,0.0006666666666666668,6.0,0.4375,0.33,0.38031941462783253,ok,1.0,False
NBaIoT_MixedDevice_9Sources_Balanced,Cumulative,NonIID_Dirichlet,ASR_Final_Round,FLTrust,Krum,10,0.0021111111111111113,0.009222222222222222,-0.0071111111111111115,4.5,0.125,-0.27,-0.6058259565302024,ok,1.0,False
NBaIoT_MixedDevice_9Sources_Balanced,Cumulative,NonIID_Dirichlet,ASR_Final_Round,FedAvg,Krum,10,0.0014444444444444444,0.009222222222222222,-0.0077777777777777776,3.0,0.078125,-0.48,-0.6468431588153822,ok,1.0,False
NBaIoT_MixedDevice_9Sources_Balanced,OnOff,IID,F1_Mean_Over_Rounds,Adaptive_FixedCircuitBreaker,Adaptive_NoAdaptiveWeighting,10,0.997723875250846,0.997721653035825,2.2222150209305626e-06,20.0,0.8203125,-0.03,0.018143526642978598,ok,1.0,False
NBaIoT_MixedDevice_9Sources_Balanced,OnOff,IID,F1_Mean_Over_Rounds,Adaptive_FixedCircuitBreaker,Adaptive_NoCircuitBreaker,10,0.997723875250846,0.997795542037025,-7.166678617913647e-05,15.0,0.42578125,0.01,-0.3324010424247364,ok,1.0,False
NBaIoT_MixedDevice_9Sources_Balanced,OnOff,IID,F1_Mean_Over_Rounds,Adaptive_FixedCircuitBreaker,Adaptive_NoTemporalMemory,10,0.997723875250846,0.9977405422765674,-1.6667025721450734e-05,17.0,0.5703125,-0.05,-0.110500190672713,ok,1.0,False
NBaIoT_MixedDevice_9Sources_Balanced,OnOff,IID,F1_Mean_Over_Rounds,Adaptive_FixedCircuitBreaker,Adaptive_Ultimate,10,0.997723875250846,0.9977310976570536,-7.222406207607612e-06,3.0,0.625,-0.02,-0.08055383206527765,ok,1.0,False
NBaIoT_MixedDevice_9Sources_Balanced,OnOff,IID,F1_Mean_Over_Rounds,Adaptive_FixedCircuitBreaker,FLAME,10,0.997723875250846,0.9506669559908595,0.04705691925998642,0.0,0.001953125,1.0,1.8467822580041633,ok,0.0703125,False
NBaIoT_MixedDevice_9Sources_Balanced,OnOff,IID,F1_Mean_Over_Rounds,Adaptive_FixedCircuitBreaker,FLTrust,10,0.997723875250846,0.9978127645341118,-8.888928326584722e-05,17.0,0.322265625,-0.06,-0.37624333665507864,ok,1.0,False
NBaIoT_MixedDevice_9Sources_Balanced,OnOff,IID,F1_Mean_Over_Rounds,Adaptive_FixedCircuitBreaker,FedAvg,10,0.997723875250846,0.9966004846839474,0.0011233905668986744,0.0,0.001953125,0.6,1.1745582367427034,ok,0.0703125,False
NBaIoT_MixedDevice_9Sources_Balanced,OnOff,IID,F1_Mean_Over_Rounds,Adaptive_FixedCircuitBreaker,Krum,10,0.997723875250846,0.9552371049926267,0.042486770258219245,0.0,0.001953125,1.0,2.0575780985134045,ok,0.0703125,False
NBaIoT_MixedDevice_9Sources_Balanced,OnOff,IID,F1_Mean_Over_Rounds,Adaptive_NoAdaptiveWeighting,Adaptive_NoCircuitBreaker,10,0.997721653035825,0.997795542037025,-7.388900120006703e-05,19.0,0.431640625,-0.02,-0.31457213199305567,ok,1.0,False
NBaIoT_MixedDevice_9Sources_Balanced,OnOff,IID,F1_Mean_Over_Rounds,Adaptive_NoAdaptiveWeighting,Adaptive_NoTemporalMemory,10,0.997721653035825,0.9977405422765674,-1.8889240742381296e-05,22.0,0.625,-0.04,-0.09345613235293629,ok,1.0,False
NBaIoT_MixedDevice_9Sources_Balanced,OnOff,IID,F1_Mean_Over_Rounds,Adaptive_NoAdaptiveWeighting,Adaptive_Ultimate,10,0.997721653035825,0.9977310976570536,-9.444621228538175e-06,22.0,1.0,-0.01,-0.06833551716059491,ok,1.0,False
NBaIoT_MixedDevice_9Sources_Balanced,OnOff,IID,F1_Mean_Over_Rounds,Adaptive_NoAdaptiveWeighting,FLAME,10,0.997721653035825,0.9506669559908595,0.04705469704496549,0.0,0.001953125,1.0,1.8463085691625838,ok,0.0703125,False
NBaIoT_MixedDevice_9Sources_Balanced,OnOff,IID,F1_Mean_Over_Rounds,Adaptive_NoAdaptiveWeighting,FLTrust,10,0.997721653035825,0.9978127645341118,-9.111149828677778e-05,18.0,0.375,-0.04,-0.33048986407648173,ok,1.0,False
NBaIoT_MixedDevice_9Sources_Balanced,OnOff,IID,F1_Mean_Over_Rounds,Adaptive_NoAdaptiveWeighting,FedAvg,10,0.997721653035825,0.9966004846839474,0.0011211683518777438,0.0,0.001953125,0.58,1.1988852110255994,ok,0.0703125,False
NBaIoT_MixedDevice_9Sources_Balanced,OnOff,IID,F1_Mean_Over_Rounds,Adaptive_NoAdaptiveWeighting,Krum,10,0.997721653035825,0.9552371049926267,0.04248454804319831,0.0,0.001953125,1.0,2.055078036924885,ok,0.0703125,False
NBaIoT_MixedDevice_9Sources_Balanced,OnOff,IID,F1_Mean_Over_Rounds,Adaptive_NoCircuitBreaker,Adaptive_NoTemporalMemory,10,0.997795542037025,0.9977405422765674,5.4999760457685734e-05,22.0,0.625,-0.08,0.2503582477289981,ok,1.0,False
NBaIoT_MixedDevice_9Sources_Balanced,OnOff,IID,F1_Mean_Over_Rounds,Adaptive_NoCircuitBreaker,Adaptive_Ultimate,10,0.997795542037025,0.9977310976570536,6.444437997152886e-05,14.0,0.359375,-0.01,0.31703944204092294,ok,1.0,False
NBaIoT_MixedDevice_9Sources_Balanced,OnOff,IID,F1_Mean_Over_Rounds,Adaptive_NoCircuitBreaker,FLAME,10,0.997795542037025,0.9506669559908595,0.04712858604616556,0.0,0.001953125,1.0,1.8390066027416498,ok,0.0703125,False
NBaIoT_MixedDevice_9Sources_Balanced,OnOff,IID,F1_Mean_Over_Rounds,Adaptive_NoCircuitBreaker,FLTrust,10,0.997795542037025,0.9978127645341118,-1.7222497086710754e-05,15.0,0.42578125,-0.09,-0.13924429060595325,ok,1.0,False
NBaIoT_MixedDevice_9Sources_Balanced,OnOff,IID,F1_Mean_Over_Rounds,Adaptive_NoCircuitBreaker,FedAvg,10,0.997795542037025,0.9966004846839474,0.0011950573530778107,1.0,0.00390625,0.64,1.2147081560415436,ok,0.0703125,False
NBaIoT_MixedDevice_9Sources_Balanced,OnOff,IID,F1_Mean_Over_Rounds,Adaptive_NoCircuitBreaker,Krum,10,0.997795542037025,0.9552371049926267,0.04255843704439838,0.0,0.001953125,1.0,2.04689498423179,ok,0.0703125,False
NBaIoT_MixedDevice_9Sources_Balanced,OnOff,IID,F1_Mean_Over_Rounds,Adaptive_NoTemporalMemory,Adaptive_Ultimate,10,0.9977405422765674,0.9977310976570536,9.444619513843121e-06,17.0,0.5703125,0.05,0.10917918821974067,ok,1.0,False
NBaIoT_MixedDevice_9Sources_Balanced,OnOff,IID,F1_Mean_Over_Rounds,Adaptive_NoTemporalMemory,FLAME,10,0.9977405422765674,0.9506669559908595,0.04707358628570787,0.0,0.001953125,1.0,1.8464007634540585,ok,0.0703125,False
NBaIoT_MixedDevice_9Sources_Balanced,OnOff,IID,F1_Mean_Over_Rounds,Adaptive_NoTemporalMemory,FLTrust,10,0.9977405422765674,0.9978127645341118,-7.222225754439648e-05,16.0,0.275390625,0.0,-0.41339938017420064,ok,1.0,False
NBaIoT_MixedDevice_9Sources_Balanced,OnOff,IID,F1_Mean_Over_Rounds,Adaptive_NoTemporalMemory,FedAvg,10,0.9977405422765674,0.9966004846839474,0.0011400575926201252,0.0,0.001953125,0.64,1.1818453143269119,ok,0.0703125,False
NBaIoT_MixedDevice_9Sources_Balanced,OnOff,IID,F1_Mean_Over_Rounds,Adaptive_NoTemporalMemory,Krum,10,0.9977405422765674,0.9552371049926267,0.042503437283940695,0.0,0.001953125,1.0,2.058073668655129,ok,0.0703125,False
NBaIoT_MixedDevice_9Sources_Balanced,OnOff,IID,F1_Mean_Over_Rounds,Adaptive_Ultimate,FLAME,10,0.9977310976570536,0.9506669559908595,0.04706414166619403,0.0,0.001953125,1.0,1.8468636814702415,ok,0.0703125,False
NBaIoT_MixedDevice_9Sources_Balanced,OnOff,IID,F1_Mean_Over_Rounds,Adaptive_Ultimate,FLTrust,10,0.9977310976570536,0.9978127645341118,-8.16668770582396e-05,16.0,0.275390625,-0.04,-0.40361929385058265,ok,1.0,False
NBaIoT_MixedDevice_9Sources_Balanced,OnOff,IID,F1_Mean_Over_Rounds,Adaptive_Ultimate,FedAvg,10,0.9977310976570536,0.9966004846839474,0.001130612973106282,0.0,0.001953125,0.64,1.1607446820699494,ok,0.0703125,False
NBaIoT_MixedDevice_9Sources_Balanced,OnOff,IID,F1_Mean_Over_Rounds,Adaptive_Ultimate,Krum,10,0.9977310976570536,0.9552371049926267,0.04249399266442685,0.0,0.001953125,1.0,2.0578896483045535,ok,0.0703125,False
NBaIoT_MixedDevice_9Sources_Balanced,OnOff,IID,F1_Mean_Over_Rounds,FLAME,FLTrust,10,0.9506669559908595,0.9978127645341118,-0.04714580854325227,0.0,0.001953125,-1.0,-1.8401038731346508,ok,0.0703125,False
NBaIoT_MixedDevice_9Sources_Balanced,OnOff,IID,F1_Mean_Over_Rounds,FLAME,FedAvg,10,0.9506669559908595,0.9966004846839474,-0.04593352869308774,0.0,0.001953125,-1.0,-1.7973434178634846,ok,0.0703125,False
NBaIoT_MixedDevice_9Sources_Balanced,OnOff,IID,F1_Mean_Over_Rounds,FLAME,Krum,10,0.9506669559908595,0.9552371049926267,-0.004570149001767177,12.0,0.130859375,-0.1,-0.5122749869119748,ok,1.0,False
NBaIoT_MixedDevice_9Sources_Balanced,OnOff,IID,F1_Mean_Over_Rounds,FLTrust,FedAvg,10,0.9978127645341118,0.9966004846839474,0.0012122798501645216,0.0,0.001953125,0.66,1.246000956767893,ok,0.0703125,False
NBaIoT_MixedDevice_9Sources_Balanced,OnOff,IID,F1_Mean_Over_Rounds,FLTrust,Krum,10,0.9978127645341118,0.9552371049926267,0.04257565954148509,0.0,0.001953125,1.0,2.048728336824224,ok,0.0703125,False
NBaIoT_MixedDevice_9Sources_Balanced,OnOff,IID,F1_Mean_Over_Rounds,FedAvg,Krum,10,0.9966004846839474,0.9552371049926267,0.04136337969132057,0.0,0.001953125,1.0,1.9907901356930027,ok,0.0703125,False
NBaIoT_MixedDevice_9Sources_Balanced,OnOff,IID,ASR_Mean_Over_Rounds,Adaptive_FixedCircuitBreaker,Adaptive_NoAdaptiveWeighting,10,0.001631111111111111,0.0015799999999999998,5.111111111111111e-05,6.0,0.4375,0.06,0.23500130186442023,ok,1.0,False
NBaIoT_MixedDevice_9Sources_Balanced,OnOff,IID,ASR_Mean_Over_Rounds,Adaptive_FixedCircuitBreaker,Adaptive_NoCircuitBreaker,10,0.001631111111111111,0.0016277777777777777,3.333333333333335e-06,7.0,1.0,-0.02,0.0233463231391618,ok,1.0,False
NBaIoT_MixedDevice_9Sources_Balanced,OnOff,IID,ASR_Mean_Over_Rounds,Adaptive_FixedCircuitBreaker,Adaptive_NoTemporalMemory,10,0.001631111111111111,0.001618888888888889,1.2222222222222234e-05,3.0,0.625,0.06,0.07724927359689383,ok,1.0,False
NBaIoT_MixedDevice_9Sources_Balanced,OnOff,IID,ASR_Mean_Over_Rounds,Adaptive_FixedCircuitBreaker,Adaptive_Ultimate,10,0.001631111111111111,0.0015977777777777778,3.333333333333335e-05,1.0,1.0,0.04,0.1991657428976594,ok,1.0,False
NBaIoT_MixedDevice_9Sources_Balanced,OnOff,IID,ASR_Mean_Over_Rounds,Adaptive_FixedCircuitBreaker,FLAME,10,0.001631111111111111,0.22396555555555558,-0.22233444444444445,0.0,0.001953125,-1.0,-5.66371778712161,ok,0.0703125,False
NBaIoT_MixedDevice_9Sources_Balanced,OnOff,IID,ASR_Mean_Over_Rounds,Adaptive_FixedCircuitBreaker,FLTrust,10,0.001631111111111111,0.0016688888888888888,-3.777777777777778e-05,17.0,0.921875,-0.01,-0.2307243572354134,ok,1.0,False
NBaIoT_MixedDevice_9Sources_Balanced,OnOff,IID,ASR_Mean_Over_Rounds,Adaptive_FixedCircuitBreaker,FedAvg,10,0.001631111111111111,0.010842222222222222,-0.009211111111111111,0.0,0.001953125,-0.98,-1.5986070473078262,ok,0.0703125,False
NBaIoT_MixedDevice_9Sources_Balanced,OnOff,IID,ASR_Mean_Over_Rounds,Adaptive_FixedCircuitBreaker,Krum,10,0.001631111111111111,0.17815,-0.17651888888888886,0.0,0.001953125,-1.0,-5.462195132366331,ok,0.0703125,False
NBaIoT_MixedDevice_9Sources_Balanced,OnOff,IID,ASR_Mean_Over_Rounds,Adaptive_NoAdaptiveWeighting,Adaptive_NoCircuitBreaker,10,0.0015799999999999998,0.0016277777777777777,-4.777777777777777e-05,18.0,0.65234375,-0.06,-0.22662640168470513,ok,1.0,False
NBaIoT_MixedDevice_9Sources_Balanced,OnOff,IID,ASR_Mean_Over_Rounds,Adaptive_NoAdaptiveWeighting,Adaptive_NoTemporalMemory,10,0.0015799999999999998,0.001618888888888889,-3.888888888888887e-05,10.0,0.578125,-0.05,-0.182878545528671,ok,1.0,False
NBaIoT_MixedDevice_9Sources_Balanced,OnOff,IID,ASR_Mean_Over_Rounds,Adaptive_NoAdaptiveWeighting,Adaptive_Ultimate,10,0.0015799999999999998,0.0015977777777777778,-1.7777777777777756e-05,11.0,0.6875,-0.03,-0.0702066581008589,ok,1.0,False
NBaIoT_MixedDevice_9Sources_Balanced,OnOff,IID,ASR_Mean_Over_Rounds,Adaptive_NoAdaptiveWeighting,FLAME,10,0.0015799999999999998,0.22396555555555558,-0.22238555555555556,0.0,0.001953125,-1.0,-5.662598539700177,ok,0.0703125,False
NBaIoT_MixedDevice_9Sources_Balanced,OnOff,IID,ASR_Mean_Over_Rounds,Adaptive_NoAdaptiveWeighting,FLTrust,10,0.0015799999999999998,0.0016688888888888888,-8.888888888888887e-05,8.0,0.1953125,-0.07,-0.48908348756353326,ok,1.0,False
NBaIoT_MixedDevice_9Sources_Balanced,OnOff,IID,ASR_Mean_Over_Rounds,Adaptive_NoAdaptiveWeighting,FedAvg,10,0.0015799999999999998,0.010842222222222222,-0.009262222222222222,0.0,0.001953125,-0.98,-1.6361530026441684,ok,0.0703125,False
NBaIoT_MixedDevice_9Sources_Balanced,OnOff,IID,ASR_Mean_Over_Rounds,Adaptive_NoAdaptiveWeighting,Krum,10,0.0015799999999999998,0.17815,-0.17656999999999998,0.0,0.001953125,-1.0,-5.478065809612375,ok,0.0703125,False
NBaIoT_MixedDevice_9Sources_Balanced,OnOff,IID,ASR_Mean_Over_Rounds,Adaptive_NoCircuitBreaker,Adaptive_NoTemporalMemory,10,0.0016277777777777777,0.001618888888888889,8.8888888888889e-06,10.0,0.578125,0.06,0.0869656553478673,ok,1.0,False
NBaIoT_MixedDevice_9Sources_Balanced,OnOff,IID,ASR_Mean_Over_Rounds,Adaptive_NoCircuitBreaker,Adaptive_Ultimate,10,0.0016277777777777777,0.0015977777777777778,3.0000000000000014e-05,4.0,0.4375,0.06,0.23968063858108832,ok,1.0,False
NBaIoT_MixedDevice_9Sources_Balanced,OnOff,IID,ASR_Mean_Over_Rounds,Adaptive_NoCircuitBreaker,FLAME,10,0.0016277777777777777,0.22396555555555558,-0.2223377777777778,0.0,0.001953125,-1.0,-5.671490374630965,ok,0.0703125,False
NBaIoT_MixedDevice_9Sources_Balanced,OnOff,IID,ASR_Mean_Over_Rounds,Adaptive_NoCircuitBreaker,FLTrust,10,0.0016277777777777777,0.0016688888888888888,-4.111111111111111e-05,11.0,0.19140625,-0.02,-0.5303179805226736,ok,1.0,False
NBaIoT_MixedDevice_9Sources_Balanced,OnOff,IID,ASR_Mean_Over_Rounds,Adaptive_NoCircuitBreaker,FedAvg,10,0.0016277777777777777,0.010842222222222222,-0.009214444444444444,0.0,0.001953125,-1.0,-1.6192201069580048,ok,0.0703125,False
NBaIoT_MixedDevice_9Sources_Balanced,OnOff,IID,ASR_Mean_Over_Rounds,Adaptive_NoCircuitBreaker,Krum,10,0.0016277777777777777,0.17815,-0.17652222222222222,0.0,0.001953125,-1.0,-5.478295042287324,ok,0.0703125,False
NBaIoT_MixedDevice_9Sources_Balanced,OnOff,IID,ASR_Mean_Over_Rounds,Adaptive_NoTemporalMemory,Adaptive_Ultimate,10,0.001618888888888889,0.0015977777777777778,2.1111111111111114e-05,3.0,0.625,0.0,0.3906492770755653,ok,1.0,False
NBaIoT_MixedDevice_9Sources_Balanced,OnOff,IID,ASR_Mean_Over_Rounds,Adaptive_NoTemporalMemory,FLAME,10,0.001618888888888889,0.22396555555555558,-0.22234666666666664,0.0,0.001953125,-1.0,-5.664990332954495,ok,0.0703125,False
NBaIoT_MixedDevice_9Sources_Balanced,OnOff,IID,ASR_Mean_Over_Rounds,Adaptive_NoTemporalMemory,FLTrust,10,0.001618888888888889,0.0016688888888888888,-5.000000000000001e-05,4.5,0.25,-0.04,-0.4221843303605142,ok,1.0,False
NBaIoT_MixedDevice_9Sources_Balanced,OnOff,IID,ASR_Mean_Over_Rounds,Adaptive_NoTemporalMemory,FedAvg,10,0.001618888888888889,0.010842222222222222,-0.009223333333333333,0.0,0.001953125,-0.98,-1.609444814747519,ok,0.0703125,False
NBaIoT_MixedDevice_9Sources_Balanced,OnOff,IID,ASR_Mean_Over_Rounds,Adaptive_NoTemporalMemory,Krum,10,0.001618888888888889,0.17815,-0.1765311111111111,0.0,0.001953125,-1.0,-5.476722562588036,ok,0.0703125,False
NBaIoT_MixedDevice_9Sources_Balanced,OnOff,IID,ASR_Mean_Over_Rounds,Adaptive_Ultimate,FLAME,10,0.0015977777777777778,0.22396555555555558,-0.22236777777777778,0.0,0.001953125,-1.0,-5.667567148415603,ok,0.0703125,False
NBaIoT_MixedDevice_9Sources_Balanced,OnOff,IID,ASR_Mean_Over_Rounds,Adaptive_Ultimate,FLTrust,10,0.0015977777777777778,0.0016688888888888888,-7.111111111111112e-05,11.0,0.3671875,-0.04,-0.4540136373635708,ok,1.0,False
NBaIoT_MixedDevice_9Sources_Balanced,OnOff,IID,ASR_Mean_Over_Rounds,Adaptive_Ultimate,FedAvg,10,0.0015977777777777778,0.010842222222222222,-0.009244444444444446,0.0,0.001953125,-0.98,-1.6076508474109275,ok,0.0703125,False
NBaIoT_MixedDevice_9Sources_Balanced,OnOff,IID,ASR_Mean_Over_Rounds,Adaptive_Ultimate,Krum,10,0.0015977777777777778,0.17815,-0.17655222222222222,0.0,0.001953125,-1.0,-5.477129754824297,ok,0.0703125,False
NBaIoT_MixedDevice_9Sources_Balanced,OnOff,IID,ASR_Mean_Over_Rounds,FLAME,FLTrust,10,0.22396555555555558,0.0016688888888888888,0.22229666666666667,0.0,0.001953125,1.0,5.6673500913873225,ok,0.0703125,False
NBaIoT_MixedDevice_9Sources_Balanced,OnOff,IID,ASR_Mean_Over_Rounds,FLAME,FedAvg,10,0.22396555555555558,0.010842222222222222,0.21312333333333333,0.0,0.001953125,1.0,5.942693312316335,ok,0.0703125,False
NBaIoT_MixedDevice_9Sources_Balanced,OnOff,IID,ASR_Mean_Over_Rounds,FLAME,Krum,10,0.22396555555555558,0.17815,0.04581555555555557,2.0,0.005859375,0.58,1.4366750455141404,ok,0.09375,False
NBaIoT_MixedDevice_9Sources_Balanced,OnOff,IID,ASR_Mean_Over_Rounds,FLTrust,FedAvg,10,0.0016688888888888888,0.010842222222222222,-0.009173333333333334,0.0,0.001953125,-1.0,-1.612708360996119,ok,0.0703125,False
NBaIoT_MixedDevice_9Sources_Balanced,OnOff,IID,ASR_Mean_Over_Rounds,FLTrust,Krum,10,0.0016688888888888888,0.17815,-0.17648111111111112,0.0,0.001953125,-1.0,-5.474405096767847,ok,0.0703125,False
NBaIoT_MixedDevice_9Sources_Balanced,OnOff,IID,ASR_Mean_Over_Rounds,FedAvg,Krum,10,0.010842222222222222,0.17815,-0.16730777777777778,0.0,0.001953125,-1.0,-6.03753155249228,ok,0.0703125,False
NBaIoT_MixedDevice_9Sources_Balanced,OnOff,IID,F1_Final_Round,Adaptive_FixedCircuitBreaker,Adaptive_NoAdaptiveWeighting,10,0.9978333317043868,0.9979444430898466,-0.0001111113854598722,0.0,0.5,-0.12,-0.4743416490245509,ok,1.0,False
NBaIoT_MixedDevice_9Sources_Balanced,OnOff,IID,F1_Final_Round,Adaptive_FixedCircuitBreaker,Adaptive_NoCircuitBreaker,10,0.9978333317043868,0.9978333305726924,1.131694460365651e-09,12.0,0.8125,0.12,1.1157363689343919e-06,ok,1.0,False
NBaIoT_MixedDevice_9Sources_Balanced,OnOff,IID,F1_Final_Round,Adaptive_FixedCircuitBreaker,Adaptive_NoTemporalMemory,10,0.9978333317043868,0.9978333319101482,-2.0576137460537324e-10,4.5,1.0,0.03,-5.555543396926897e-07,ok,1.0,False
NBaIoT_MixedDevice_9Sources_Balanced,OnOff,IID,F1_Final_Round,Adaptive_FixedCircuitBreaker,Adaptive_Ultimate,10,0.9978333317043868,0.9978888874828508,-5.555577846396709e-05,0.0,1.0,-0.05,-0.31622776601683794,ok,1.0,False
NBaIoT_MixedDevice_9Sources_Balanced,OnOff,IID,F1_Final_Round,Adaptive_FixedCircuitBreaker,FLAME,10,0.9978333317043868,0.908059341787647,0.08977398991673982,0.0,0.001953125,0.86,0.5002529557913172,ok,0.0703125,False
NBaIoT_MixedDevice_9Sources_Balanced,OnOff,IID,F1_Final_Round,Adaptive_FixedCircuitBreaker,FLTrust,10,0.9978333317043868,0.9981111092935491,-0.0002777775891621537,7.0,0.5625,0.01,-0.3487424554278306,ok,1.0,False
NBaIoT_MixedDevice_9Sources_Balanced,OnOff,IID,F1_Final_Round,Adaptive_FixedCircuitBreaker,FedAvg,10,0.9978333317043868,0.9958333019027863,0.002000029801600445,2.0,0.01171875,0.72,1.1115756221866473,ok,0.234375,False
NBaIoT_MixedDevice_9Sources_Balanced,OnOff,IID,F1_Final_Round,Adaptive_FixedCircuitBreaker,Krum,10,0.9978333317043868,0.9166173024180972,0.08121602928628954,0.0,0.001953125,1.0,0.5926435066939233,ok,0.0703125,False
NBaIoT_MixedDevice_9Sources_Balanced,OnOff,IID,F1_Final_Round,Adaptive_NoAdaptiveWeighting,Adaptive_NoCircuitBreaker,10,0.9979444430898466,0.9978333305726924,0.00011111251715433257,10.0,0.578125,0.25,0.11028343063583228,ok,1.0,False
NBaIoT_MixedDevice_9Sources_Balanced,OnOff,IID,F1_Final_Round,Adaptive_NoAdaptiveWeighting,Adaptive_NoTemporalMemory,10,0.9979444430898466,0.9978333319101482,0.00011111117969849759,2.0,0.75,0.15,0.2535459130923055,ok,1.0,False
NBaIoT_MixedDevice_9Sources_Balanced,OnOff,IID,F1_Final_Round,Adaptive_NoAdaptiveWeighting,Adaptive_Ultimate,10,0.9979444430898466,0.9978888874828508,5.555560699590512e-05,0.0,1.0,0.08,0.31622776601683794,ok,1.0,False
NBaIoT_MixedDevice_9Sources_Balanced,OnOff,IID,F1_Final_Round,Adaptive_NoAdaptiveWeighting,FLAME,10,0.9979444430898466,0.908059341787647,0.0898851013021997,0.0,0.001953125,0.88,0.5010217149288253,ok,0.0703125,False
NBaIoT_MixedDevice_9Sources_Balanced,OnOff,IID,F1_Final_Round,Adaptive_NoAdaptiveWeighting,FLTrust,10,0.9979444430898466,0.9981111092935491,-0.00016666620370228146,10.0,1.0,0.14,-0.2007442280431424,ok,1.0,False
NBaIoT_MixedDevice_9Sources_Balanced,OnOff,IID,F1_Final_Round,Adaptive_NoAdaptiveWeighting,FedAvg,10,0.9979444430898466,0.9958333019027863,0.002111141187060317,2.0,0.01171875,0.76,1.1539350806352024,ok,0.234375,False
NBaIoT_MixedDevice_9Sources_Balanced,OnOff,IID,F1_Final_Round,Adaptive_NoAdaptiveWeighting,Krum,10,0.9979444430898466,0.9166173024180972,0.08132714067174943,0.0,0.001953125,1.0,0.593705404882837,ok,0.0703125,False
NBaIoT_MixedDevice_9Sources_Balanced,OnOff,IID,F1_Final_Round,Adaptive_NoCircuitBreaker,Adaptive_NoTemporalMemory,10,0.9978333305726924,0.9978333319101482,-1.337455834971024e-09,12.0,0.8125,-0.05,-1.7022999184801293e-06,ok,1.0,False
NBaIoT_MixedDevice_9Sources_Balanced,OnOff,IID,F1_Final_Round,Adaptive_NoCircuitBreaker,Adaptive_Ultimate,10,0.9978333305726924,0.9978888874828508,-5.5556910158427454e-05,8.0,0.6875,-0.21,-0.05580617528119748,ok,1.0,False
NBaIoT_MixedDevice_9Sources_Balanced,OnOff,IID,F1_Final_Round,Adaptive_NoCircuitBreaker,FLAME,10,0.9978333305726924,0.908059341787647,0.08977398878504536,0.0,0.00390625,0.92,0.498394929521063,ok,0.08984375,False
NBaIoT_MixedDevice_9Sources_Balanced,OnOff,IID,F1_Final_Round,Adaptive_NoCircuitBreaker,FLTrust,10,0.9978333305726924,0.9981111092935491,-0.00027777872085661405,1.0,0.125,-0.14,-0.707105908207884,ok,1.0,False
NBaIoT_MixedDevice_9Sources_Balanced,OnOff,IID,F1_Final_Round,Adaptive_NoCircuitBreaker,FedAvg,10,0.9978333305726924,0.9958333019027863,0.0020000286699059845,5.0,0.017578125,0.76,1.0278723430746604,ok,0.298828125,False
NBaIoT_MixedDevice_9Sources_Balanced,OnOff,IID,F1_Final_Round,Adaptive_NoCircuitBreaker,Krum,10,0.9978333305726924,0.9166173024180972,0.08121602815459508,0.0,0.001953125,1.0,0.5905310445318244,ok,0.0703125,False
NBaIoT_MixedDevice_9Sources_Balanced,OnOff,IID,F1_Final_Round,Adaptive_NoTemporalMemory,Adaptive_Ultimate,10,0.9978333319101482,0.9978888874828508,-5.555557270259248e-05,2.0,0.75,-0.09,-0.17616576587030955,ok,1.0,False
NBaIoT_MixedDevice_9Sources_Balanced,OnOff,IID,F1_Final_Round,Adaptive_NoTemporalMemory,FLAME,10,0.9978333319101482,0.908059341787647,0.0897739901225012,0.0,0.001953125,0.89,0.4997778670288092,ok,0.0703125,False
NBaIoT_MixedDevice_9Sources_Balanced,OnOff,IID,F1_Final_Round,Adaptive_NoTemporalMemory,FLTrust,10,0.9978333319101482,0.9981111092935491,-0.00027777738340077905,4.0,0.4375,-0.06,-0.4629091681488307,ok,1.0,False
NBaIoT_MixedDevice_9Sources_Balanced,OnOff,IID,F1_Final_Round,Adaptive_NoTemporalMemory,FedAvg,10,0.9978333319101482,0.9958333019027863,0.0020000300073618194,1.0,0.0078125,0.72,1.1235402237644534,ok,0.171875,False
NBaIoT_MixedDevice_9Sources_Balanced,OnOff,IID,F1_Final_Round,Adaptive_NoTemporalMemory,Krum,10,0.9978333319101482,0.9166173024180972,0.08121602949205092,0.0,0.001953125,1.0,0.5921429654220051,ok,0.0703125,False
NBaIoT_MixedDevice_9Sources_Balanced,OnOff,IID,F1_Final_Round,Adaptive_Ultimate,FLAME,10,0.9978888874828508,0.908059341787647,0.0898295456952038,0.0,0.001953125,0.88,0.5006308439507224,ok,0.0703125,False
NBaIoT_MixedDevice_9Sources_Balanced,OnOff,IID,F1_Final_Round,Adaptive_Ultimate,FLTrust,10,0.9978888874828508,0.9981111092935491,-0.00022222181069818657,6.0,0.8125,0.1,-0.27975078551207605,ok,1.0,False
NBaIoT_MixedDevice_9Sources_Balanced,OnOff,IID,F1_Final_Round,Adaptive_Ultimate,FedAvg,10,0.9978888874828508,0.9958333019027863,0.002055585580064412,2.0,0.01171875,0.75,1.1323027640436305,ok,0.234375,False
NBaIoT_MixedDevice_9Sources_Balanced,OnOff,IID,F1_Final_Round,Adaptive_Ultimate,Krum,10,0.9978888874828508,0.9166173024180972,0.08127158506475352,0.0,0.001953125,1.0,0.5931862023178303,ok,0.0703125,False
NBaIoT_MixedDevice_9Sources_Balanced,OnOff,IID,F1_Final_Round,FLAME,FLTrust,10,0.908059341787647,0.9981111092935491,-0.09005176750590198,0.0,0.001953125,-0.93,-0.5000104849596526,ok,0.0703125,False
NBaIoT_MixedDevice_9Sources_Balanced,OnOff,IID,F1_Final_Round,FLAME,FedAvg,10,0.908059341787647,0.9958333019027863,-0.08777396011513938,0.0,0.001953125,-0.55,-0.4886858334791052,ok,0.0703125,False
NBaIoT_MixedDevice_9Sources_Balanced,OnOff,IID,F1_Final_Round,FLAME,Krum,10,0.908059341787647,0.9166173024180972,-0.008557960630450279,13.0,0.16015625,0.5,-0.13154041362743538,ok,1.0,False
NBaIoT_MixedDevice_9Sources_Balanced,OnOff,IID,F1_Final_Round,FLTrust,FedAvg,10,0.9981111092935491,0.9958333019027863,0.0022778073907625982,1.0,0.0078125,0.79,1.3194518178046188,ok,0.171875,False
NBaIoT_MixedDevice_9Sources_Balanced,OnOff,IID,F1_Final_Round,FLTrust,Krum,10,0.9981111092935491,0.9166173024180972,0.0814938068754517,0.0,0.001953125,1.0,0.5924788229489165,ok,0.0703125,False
NBaIoT_MixedDevice_9Sources_Balanced,OnOff,IID,F1_Final_Round,FedAvg,Krum,10,0.9958333019027863,0.9166173024180972,0.0792159994846891,0.0,0.001953125,1.0,0.578723866757863,ok,0.0703125,False
NBaIoT_MixedDevice_9Sources_Balanced,OnOff,IID,ASR_Final_Round,Adaptive_FixedCircuitBreaker,Adaptive_NoAdaptiveWeighting,10,0.0016666666666666666,0.0015555555555555555,0.00011111111111111112,0.0,1.0,0.08,0.31622776601683794,ok,1.0,False
NBaIoT_MixedDevice_9Sources_Balanced,OnOff,IID,ASR_Final_Round,Adaptive_FixedCircuitBreaker,Adaptive_NoCircuitBreaker,10,0.0016666666666666666,0.0016666666666666666,-2.168404344971009e-20,1.0,1.0,-0.07,-4.139892225045111e-17,ok,1.0,False
NBaIoT_MixedDevice_9Sources_Balanced,OnOff,IID,ASR_Final_Round,Adaptive_FixedCircuitBreaker,Adaptive_NoTemporalMemory,10,0.0016666666666666666,0.0016666666666666666,0.0,0.0,1.0,0.0,0.0,identical_values,1.0,False
NBaIoT_MixedDevice_9Sources_Balanced,OnOff,IID,ASR_Final_Round,Adaptive_FixedCircuitBreaker,Adaptive_Ultimate,10,0.0016666666666666666,0.0015555555555555555,0.00011111111111111112,0.0,1.0,0.08,0.31622776601683794,ok,1.0,False
NBaIoT_MixedDevice_9Sources_Balanced,OnOff,IID,ASR_Final_Round,Adaptive_FixedCircuitBreaker,FLAME,10,0.0016666666666666666,0.8126666666666666,-0.8109999999999999,0.0,0.001953125,-1.0,-4.60918081597909,ok,0.0703125,False
NBaIoT_MixedDevice_9Sources_Balanced,OnOff,IID,ASR_Final_Round,Adaptive_FixedCircuitBreaker,FLTrust,10,0.0016666666666666666,0.0017777777777777779,-0.00011111111111111116,1.0,0.5,-0.1,-0.1761660658544111,ok,1.0,False
NBaIoT_MixedDevice_9Sources_Balanced,OnOff,IID,ASR_Final_Round,Adaptive_FixedCircuitBreaker,FedAvg,10,0.0016666666666666666,0.019555555555555555,-0.017888888888888888,0.0,0.001953125,-1.0,-1.5176228092038861,ok,0.0703125,False
NBaIoT_MixedDevice_9Sources_Balanced,OnOff,IID,ASR_Final_Round,Adaptive_FixedCircuitBreaker,Krum,10,0.0016666666666666666,0.8706666666666667,-0.8690000000000001,0.0,0.001953125,-1.0,-5.966832199885625,ok,0.0703125,False
NBaIoT_MixedDevice_9Sources_Balanced,OnOff,IID,ASR_Final_Round,Adaptive_NoAdaptiveWeighting,Adaptive_NoCircuitBreaker,10,0.0015555555555555555,0.0016666666666666666,-0.00011111111111111113,1.0,0.5,-0.15,-0.1761660658544111,ok,1.0,False
NBaIoT_MixedDevice_9Sources_Balanced,OnOff,IID,ASR_Final_Round,Adaptive_NoAdaptiveWeighting,Adaptive_NoTemporalMemory,10,0.0015555555555555555,0.0016666666666666666,-0.00011111111111111112,0.0,1.0,-0.08,-0.31622776601683794,ok,1.0,False
NBaIoT_MixedDevice_9Sources_Balanced,OnOff,IID,ASR_Final_Round,Adaptive_NoAdaptiveWeighting,Adaptive_Ultimate,10,0.0015555555555555555,0.0015555555555555555,0.0,1.5,1.0,0.0,0.0,ok,1.0,False
NBaIoT_MixedDevice_9Sources_Balanced,OnOff,IID,ASR_Final_Round,Adaptive_NoAdaptiveWeighting,FLAME,10,0.0015555555555555555,0.8126666666666666,-0.8111111111111111,0.0,0.001953125,-1.0,-4.611374580158143,ok,0.0703125,False
NBaIoT_MixedDevice_9Sources_Balanced,OnOff,IID,ASR_Final_Round,Adaptive_NoAdaptiveWeighting,FLTrust,10,0.0015555555555555555,0.0017777777777777779,-0.00022222222222222226,1.0,0.25,-0.17,-0.316227766016838,ok,1.0,False
NBaIoT_MixedDevice_9Sources_Balanced,OnOff,IID,ASR_Final_Round,Adaptive_NoAdaptiveWeighting,FedAvg,10,0.0015555555555555555,0.019555555555555555,-0.017999999999999995,0.0,0.001953125,-1.0,-1.5433627362677504,ok,0.0703125,False
NBaIoT_MixedDevice_9Sources_Balanced,OnOff,IID,ASR_Final_Round,Adaptive_NoAdaptiveWeighting,Krum,10,0.0015555555555555555,0.8706666666666667,-0.8691111111111111,0.0,0.001953125,-1.0,-5.965537198850454,ok,0.0703125,False
NBaIoT_MixedDevice_9Sources_Balanced,OnOff,IID,ASR_Final_Round,Adaptive_NoCircuitBreaker,Adaptive_NoTemporalMemory,10,0.0016666666666666666,0.0016666666666666666,2.168404344971009e-20,1.0,1.0,0.07,4.139892225045111e-17,ok,1.0,False
NBaIoT_MixedDevice_9Sources_Balanced,OnOff,IID,ASR_Final_Round,Adaptive_NoCircuitBreaker,Adaptive_Ultimate,10,0.0016666666666666666,0.0015555555555555555,0.00011111111111111113,1.0,0.5,0.15,0.1761660658544111,ok,1.0,False
NBaIoT_MixedDevice_9Sources_Balanced,OnOff,IID,ASR_Final_Round,Adaptive_NoCircuitBreaker,FLAME,10,0.0016666666666666666,0.8126666666666666,-0.8109999999999999,0.0,0.001953125,-1.0,-4.608507031966109,ok,0.0703125,False
NBaIoT_MixedDevice_9Sources_Balanced,OnOff,IID,ASR_Final_Round,Adaptive_NoCircuitBreaker,FLTrust,10,0.0016666666666666666,0.0017777777777777779,-0.00011111111111111113,1.5,0.75,-0.05,-0.17616606585441108,ok,1.0,False
NBaIoT_MixedDevice_9Sources_Balanced,OnOff,IID,ASR_Final_Round,Adaptive_NoCircuitBreaker,FedAvg,10,0.0016666666666666666,0.019555555555555555,-0.017888888888888885,0.0,0.001953125,-1.0,-1.5581455872072734,ok,0.0703125,False
NBaIoT_MixedDevice_9Sources_Balanced,OnOff,IID,ASR_Final_Round,Adaptive_NoCircuitBreaker,Krum,10,0.0016666666666666666,0.8706666666666667,-0.8690000000000001,0.0,0.001953125,-1.0,-5.981628079714646,ok,0.0703125,False
NBaIoT_MixedDevice_9Sources_Balanced,OnOff,IID,ASR_Final_Round,Adaptive_NoTemporalMemory,Adaptive_Ultimate,10,0.0016666666666666666,0.0015555555555555555,0.00011111111111111112,0.0,1.0,0.08,0.31622776601683794,ok,1.0,False
NBaIoT_MixedDevice_9Sources_Balanced,OnOff,IID,ASR_Final_Round,Adaptive_NoTemporalMemory,FLAME,10,0.0016666666666666666,0.8126666666666666,-0.8109999999999999,0.0,0.001953125,-1.0,-4.60918081597909,ok,0.0703125,False
NBaIoT_MixedDevice_9Sources_Balanced,OnOff,IID,ASR_Final_Round,Adaptive_NoTemporalMemory,FLTrust,10,0.0016666666666666666,0.0017777777777777779,-0.00011111111111111116,1.0,0.5,-0.1,-0.1761660658544111,ok,1.0,False
NBaIoT_MixedDevice_9Sources_Balanced,OnOff,IID,ASR_Final_Round,Adaptive_NoTemporalMemory,FedAvg,10,0.0016666666666666666,0.019555555555555555,-0.017888888888888888,0.0,0.001953125,-1.0,-1.5176228092038861,ok,0.0703125,False
NBaIoT_MixedDevice_9Sources_Balanced,OnOff,IID,ASR_Final_Round,Adaptive_NoTemporalMemory,Krum,10,0.0016666666666666666,0.8706666666666667,-0.8690000000000001,0.0,0.001953125,-1.0,-5.966832199885625,ok,0.0703125,False
NBaIoT_MixedDevice_9Sources_Balanced,OnOff,IID,ASR_Final_Round,Adaptive_Ultimate,FLAME,10,0.0015555555555555555,0.8126666666666666,-0.8111111111111111,0.0,0.001953125,-1.0,-4.6147518348524095,ok,0.0703125,False
NBaIoT_MixedDevice_9Sources_Balanced,OnOff,IID,ASR_Final_Round,Adaptive_Ultimate,FLTrust,10,0.0015555555555555555,0.0017777777777777779,-0.00022222222222222226,1.0,0.25,-0.17,-0.316227766016838,ok,1.0,False
NBaIoT_MixedDevice_9Sources_Balanced,OnOff,IID,ASR_Final_Round,Adaptive_Ultimate,FedAvg,10,0.0015555555555555555,0.019555555555555555,-0.017999999999999995,0.0,0.001953125,-1.0,-1.529542674263463,ok,0.0703125,False
NBaIoT_MixedDevice_9Sources_Balanced,OnOff,IID,ASR_Final_Round,Adaptive_Ultimate,Krum,10,0.0015555555555555555,0.8706666666666667,-0.8691111111111113,0.0,0.001953125,-1.0,-5.964997514729124,ok,0.0703125,False
NBaIoT_MixedDevice_9Sources_Balanced,OnOff,IID,ASR_Final_Round,FLAME,FLTrust,10,0.8126666666666666,0.0017777777777777779,0.8108888888888888,0.0,0.001953125,1.0,4.608338008823151,ok,0.0703125,False
NBaIoT_MixedDevice_9Sources_Balanced,OnOff,IID,ASR_Final_Round,FLAME,FedAvg,10,0.8126666666666666,0.019555555555555555,0.7931111111111111,0.0,0.001953125,1.0,4.588947953401052,ok,0.0703125,False
NBaIoT_MixedDevice_9Sources_Balanced,OnOff,IID,ASR_Final_Round,FLAME,Krum,10,0.8126666666666666,0.8706666666666667,-0.05800000000000001,22.0,0.625,-0.04,-0.25836392580731493,ok,1.0,False
NBaIoT_MixedDevice_9Sources_Balanced,OnOff,IID,ASR_Final_Round,FLTrust,FedAvg,10,0.0017777777777777779,0.019555555555555555,-0.017777777777777778,0.0,0.001953125,-1.0,-1.5209382012587471,ok,0.0703125,False
NBaIoT_MixedDevice_9Sources_Balanced,OnOff,IID,ASR_Final_Round,FLTrust,Krum,10,0.0017777777777777779,0.8706666666666667,-0.868888888888889,0.0,0.001953125,-1.0,-5.9848496701261835,ok,0.0703125,False
NBaIoT_MixedDevice_9Sources_Balanced,OnOff,IID,ASR_Final_Round,FedAvg,Krum,10,0.019555555555555555,0.8706666666666667,-0.8511111111111112,0.0,0.001953125,-1.0,-6.054248346283852,ok,0.0703125,False
NBaIoT_MixedDevice_9Sources_Balanced,OnOff,NonIID_Dirichlet,F1_Mean_Over_Rounds,Adaptive_FixedCircuitBreaker,Adaptive_NoAdaptiveWeighting,10,0.9972470044340549,0.9970756519706001,0.00017135246345485468,25.0,0.845703125,0.12,0.2681771328942876,ok,1.0,False
NBaIoT_MixedDevice_9Sources_Balanced,OnOff,NonIID_Dirichlet,F1_Mean_Over_Rounds,Adaptive_FixedCircuitBreaker,Adaptive_NoCircuitBreaker,10,0.9972470044340549,0.9971958931648451,5.111126920970266e-05,14.0,0.359375,0.05,0.21810366683269364,ok,1.0,False
NBaIoT_MixedDevice_9Sources_Balanced,OnOff,NonIID_Dirichlet,F1_Mean_Over_Rounds,Adaptive_FixedCircuitBreaker,Adaptive_NoTemporalMemory,10,0.9972470044340549,0.997319422520137,-7.241808608211553e-05,14.0,0.359375,-0.15,-0.4279597777531241,ok,1.0,False
NBaIoT_MixedDevice_9Sources_Balanced,OnOff,NonIID_Dirichlet,F1_Mean_Over_Rounds,Adaptive_FixedCircuitBreaker,Adaptive_Ultimate,10,0.9972470044340549,0.9972497826118699,-2.778177815110361e-06,12.0,0.8125,0.01,-0.026977310510866187,ok,1.0,False
NBaIoT_MixedDevice_9Sources_Balanced,OnOff,NonIID_Dirichlet,F1_Mean_Over_Rounds,Adaptive_FixedCircuitBreaker,FLAME,10,0.9972470044340549,0.9675465440584696,0.029700460375585193,0.0,0.001953125,1.0,1.4462067172548128,ok,0.0703125,False
NBaIoT_MixedDevice_9Sources_Balanced,OnOff,NonIID_Dirichlet,F1_Mean_Over_Rounds,Adaptive_FixedCircuitBreaker,FLTrust,10,0.9972470044340549,0.9972883116627992,-4.130722874426951e-05,25.0,0.845703125,0.0,-0.14723442767780082,ok,1.0,False
NBaIoT_MixedDevice_9Sources_Balanced,OnOff,NonIID_Dirichlet,F1_Mean_Over_Rounds,Adaptive_FixedCircuitBreaker,FedAvg,10,0.9972470044340549,0.9959622950111964,0.001284709422858532,11.0,0.10546875,0.42,0.569602768061237,ok,1.0,False
NBaIoT_MixedDevice_9Sources_Balanced,OnOff,NonIID_Dirichlet,F1_Mean_Over_Rounds,Adaptive_FixedCircuitBreaker,Krum,10,0.9972470044340549,0.9094025197036137,0.08784448473044133,0.0,0.001953125,1.0,0.5746359962231866,ok,0.0703125,False
NBaIoT_MixedDevice_9Sources_Balanced,OnOff,NonIID_Dirichlet,F1_Mean_Over_Rounds,Adaptive_NoAdaptiveWeighting,Adaptive_NoCircuitBreaker,10,0.9970756519706001,0.9971958931648451,-0.000120241194245152,26.0,0.921875,-0.1,-0.16526437221905277,ok,1.0,False
NBaIoT_MixedDevice_9Sources_Balanced,OnOff,NonIID_Dirichlet,F1_Mean_Over_Rounds,Adaptive_NoAdaptiveWeighting,Adaptive_NoTemporalMemory,10,0.9970756519706001,0.997319422520137,-0.0002437705495369702,20.0,0.4921875,-0.12,-0.31589313152636544,ok,1.0,False
NBaIoT_MixedDevice_9Sources_Balanced,OnOff,NonIID_Dirichlet,F1_Mean_Over_Rounds,Adaptive_NoAdaptiveWeighting,Adaptive_Ultimate,10,0.9970756519706001,0.9972497826118699,-0.00017413064126996501,27.0,1.0,-0.1,-0.2668597764597537,ok,1.0,False
NBaIoT_MixedDevice_9Sources_Balanced,OnOff,NonIID_Dirichlet,F1_Mean_Over_Rounds,Adaptive_NoAdaptiveWeighting,FLAME,10,0.9970756519706001,0.9675465440584696,0.029529107912130335,0.0,0.001953125,1.0,1.4363898331853768,ok,0.0703125,False
NBaIoT_MixedDevice_9Sources_Balanced,OnOff,NonIID_Dirichlet,F1_Mean_Over_Rounds,Adaptive_NoAdaptiveWeighting,FLTrust,10,0.9970756519706001,0.9972883116627992,-0.00021265969219912416,22.0,0.625,-0.14,-0.2546236291223698,ok,1.0,False
NBaIoT_MixedDevice_9Sources_Balanced,OnOff,NonIID_Dirichlet,F1_Mean_Over_Rounds,Adaptive_NoAdaptiveWeighting,FedAvg,10,0.9970756519706001,0.9959622950111964,0.0011133569594036774,20.0,0.4921875,0.28,0.4634879896948828,ok,1.0,False
NBaIoT_MixedDevice_9Sources_Balanced,OnOff,NonIID_Dirichlet,F1_Mean_Over_Rounds,Adaptive_NoAdaptiveWeighting,Krum,10,0.9970756519706001,0.9094025197036137,0.08767313226698648,0.0,0.001953125,1.0,0.5731110413160624,ok,0.0703125,False
NBaIoT_MixedDevice_9Sources_Balanced,OnOff,NonIID_Dirichlet,F1_Mean_Over_Rounds,Adaptive_NoCircuitBreaker,Adaptive_NoTemporalMemory,10,0.9971958931648451,0.997319422520137,-0.0001235293552918182,11.0,0.10546875,-0.1,-0.540337105374809,ok,1.0,False
NBaIoT_MixedDevice_9Sources_Balanced,OnOff,NonIID_Dirichlet,F1_Mean_Over_Rounds,Adaptive_NoCircuitBreaker,Adaptive_Ultimate,10,0.9971958931648451,0.9972497826118699,-5.388944702481302e-05,14.0,0.640625,-0.06,-0.3002069771191906,ok,1.0,False
NBaIoT_MixedDevice_9Sources_Balanced,OnOff,NonIID_Dirichlet,F1_Mean_Over_Rounds,Adaptive_NoCircuitBreaker,FLAME,10,0.9971958931648451,0.9675465440584696,0.02964934910637549,0.0,0.001953125,1.0,1.4463990699187093,ok,0.0703125,False
NBaIoT_MixedDevice_9Sources_Balanced,OnOff,NonIID_Dirichlet,F1_Mean_Over_Rounds,Adaptive_NoCircuitBreaker,FLTrust,10,0.9971958931648451,0.9972883116627992,-9.241849795397217e-05,15.0,0.232421875,-0.04,-0.41040563225846793,ok,1.0,False
NBaIoT_MixedDevice_9Sources_Balanced,OnOff,NonIID_Dirichlet,F1_Mean_Over_Rounds,Adaptive_NoCircuitBreaker,FedAvg,10,0.9971958931648451,0.9959622950111964,0.0012335981536488294,9.0,0.064453125,0.46,0.5779159047676468,ok,1.0,False
NBaIoT_MixedDevice_9Sources_Balanced,OnOff,NonIID_Dirichlet,F1_Mean_Over_Rounds,Adaptive_NoCircuitBreaker,Krum,10,0.9971958931648451,0.9094025197036137,0.08779337346123163,0.0,0.001953125,1.0,0.5742585947886465,ok,0.0703125,False
NBaIoT_MixedDevice_9Sources_Balanced,OnOff,NonIID_Dirichlet,F1_Mean_Over_Rounds,Adaptive_NoTemporalMemory,Adaptive_Ultimate,10,0.997319422520137,0.9972497826118699,6.963990826700517e-05,15.0,0.232421875,0.14,0.4423863552025622,ok,1.0,False
NBaIoT_MixedDevice_9Sources_Balanced,OnOff,NonIID_Dirichlet,F1_Mean_Over_Rounds,Adaptive_NoTemporalMemory,FLAME,10,0.997319422520137,0.9675465440584696,0.029772878461667308,0.0,0.001953125,1.0,1.4540431003608054,ok,0.0703125,False
NBaIoT_MixedDevice_9Sources_Balanced,OnOff,NonIID_Dirichlet,F1_Mean_Over_Rounds,Adaptive_NoTemporalMemory,FLTrust,10,0.997319422520137,0.9972883116627992,3.111085733784602e-05,16.0,0.49609375,0.03,0.2008474798596627,ok,1.0,False
NBaIoT_MixedDevice_9Sources_Balanced,OnOff,NonIID_Dirichlet,F1_Mean_Over_Rounds,Adaptive_NoTemporalMemory,FedAvg,10,0.997319422520137,0.9959622950111964,0.0013571275089406475,9.0,0.064453125,0.44,0.6105979720724397,ok,1.0,False
NBaIoT_MixedDevice_9Sources_Balanced,OnOff,NonIID_Dirichlet,F1_Mean_Over_Rounds,Adaptive_NoTemporalMemory,Krum,10,0.997319422520137,0.9094025197036137,0.08791690281652345,0.0,0.001953125,1.0,0.5753697201736533,ok,0.0703125,False
NBaIoT_MixedDevice_9Sources_Balanced,OnOff,NonIID_Dirichlet,F1_Mean_Over_Rounds,Adaptive_Ultimate,FLAME,10,0.9972497826118699,0.9675465440584696,0.0297032385534003,0.0,0.001953125,1.0,1.44837479672581,ok,0.0703125,False
NBaIoT_MixedDevice_9Sources_Balanced,OnOff,NonIID_Dirichlet,F1_Mean_Over_Rounds,Adaptive_Ultimate,FLTrust,10,0.9972497826118699,0.9972883116627992,-3.852905092915915e-05,22.0,0.625,-0.08,-0.16133677409535033,ok,1.0,False
NBaIoT_MixedDevice_9Sources_Balanced,OnOff,NonIID_Dirichlet,F1_Mean_Over_Rounds,Adaptive_Ultimate,FedAvg,10,0.9972497826118699,0.9959622950111964,0.0012874876006736425,9.0,0.064453125,0.44,0.5699872901729853,ok,1.0,False
NBaIoT_MixedDevice_9Sources_Balanced,OnOff,NonIID_Dirichlet,F1_Mean_Over_Rounds,Adaptive_Ultimate,Krum,10,0.9972497826118699,0.9094025197036137,0.08784726290825644,0.0,0.001953125,1.0,0.5747146086390347,ok,0.0703125,False
NBaIoT_MixedDevice_9Sources_Balanced,OnOff,NonIID_Dirichlet,F1_Mean_Over_Rounds,FLAME,FLTrust,10,0.9675465440584696,0.9972883116627992,-0.02974176760432946,0.0,0.001953125,-1.0,-1.4527651965001074,ok,0.0703125,False
NBaIoT_MixedDevice_9Sources_Balanced,OnOff,NonIID_Dirichlet,F1_Mean_Over_Rounds,FLAME,FedAvg,10,0.9675465440584696,0.9959622950111964,-0.028415750952726658,0.0,0.001953125,-1.0,-1.4067767227760046,ok,0.0703125,False
NBaIoT_MixedDevice_9Sources_Balanced,OnOff,NonIID_Dirichlet,F1_Mean_Over_Rounds,FLAME,Krum,10,0.9675465440584696,0.9094025197036137,0.05814402435485614,9.0,0.064453125,0.54,0.3733820649681982,ok,1.0,False
NBaIoT_MixedDevice_9Sources_Balanced,OnOff,NonIID_Dirichlet,F1_Mean_Over_Rounds,FLTrust,FedAvg,10,0.9972883116627992,0.9959622950111964,0.0013260166516028016,9.0,0.064453125,0.42,0.620813154174931,ok,1.0,False
NBaIoT_MixedDevice_9Sources_Balanced,OnOff,NonIID_Dirichlet,F1_Mean_Over_Rounds,FLTrust,Krum,10,0.9972883116627992,0.9094025197036137,0.0878857919591856,0.0,0.001953125,1.0,0.5754540893923529,ok,0.0703125,False
NBaIoT_MixedDevice_9Sources_Balanced,OnOff,NonIID_Dirichlet,F1_Mean_Over_Rounds,FedAvg,Krum,10,0.9959622950111964,0.9094025197036137,0.0865597753075828,0.0,0.001953125,1.0,0.568129739811219,ok,0.0703125,False
NBaIoT_MixedDevice_9Sources_Balanced,OnOff,NonIID_Dirichlet,ASR_Mean_Over_Rounds,Adaptive_FixedCircuitBreaker,Adaptive_NoAdaptiveWeighting,10,0.001957777777777778,0.00189,6.777777777777782e-05,7.0,0.296875,0.04,0.33120341056710145,ok,1.0,False
NBaIoT_MixedDevice_9Sources_Balanced,OnOff,NonIID_Dirichlet,ASR_Mean_Over_Rounds,Adaptive_FixedCircuitBreaker,Adaptive_NoCircuitBreaker,10,0.001957777777777778,0.002013333333333333,-5.5555555555555524e-05,13.0,0.546875,-0.05,-0.15152288168283157,ok,1.0,False
NBaIoT_MixedDevice_9Sources_Balanced,OnOff,NonIID_Dirichlet,ASR_Mean_Over_Rounds,Adaptive_FixedCircuitBreaker,Adaptive_NoTemporalMemory,10,0.001957777777777778,0.0018977777777777773,6.000000000000003e-05,6.0,0.8125,0.03,0.2270145847975076,ok,1.0,False
NBaIoT_MixedDevice_9Sources_Balanced,OnOff,NonIID_Dirichlet,ASR_Mean_Over_Rounds,Adaptive_FixedCircuitBreaker,Adaptive_Ultimate,10,0.001957777777777778,0.0019455555555555556,1.2222222222222234e-05,1.0,1.0,0.02,0.06510889736208965,ok,1.0,False
NBaIoT_MixedDevice_9Sources_Balanced,OnOff,NonIID_Dirichlet,ASR_Mean_Over_Rounds,Adaptive_FixedCircuitBreaker,FLAME,10,0.001957777777777778,0.12804555555555555,-0.12608777777777774,0.0,0.001953125,-1.0,-3.414323177060214,ok,0.0703125,False
NBaIoT_MixedDevice_9Sources_Balanced,OnOff,NonIID_Dirichlet,ASR_Mean_Over_Rounds,Adaptive_FixedCircuitBreaker,FLTrust,10,0.001957777777777778,0.001988888888888889,-3.1111111111111184e-05,10.0,0.578125,-0.02,-0.08998714561158934,ok,1.0,False
NBaIoT_MixedDevice_9Sources_Balanced,OnOff,NonIID_Dirichlet,ASR_Mean_Over_Rounds,Adaptive_FixedCircuitBreaker,FedAvg,10,0.001957777777777778,0.07233555555555556,-0.07037777777777779,2.0,0.005859375,-0.88,-0.7120882557608657,ok,0.140625,False
NBaIoT_MixedDevice_9Sources_Balanced,OnOff,NonIID_Dirichlet,ASR_Mean_Over_Rounds,Adaptive_FixedCircuitBreaker,Krum,10,0.001957777777777778,0.06915444444444445,-0.06719666666666665,1.0,0.00390625,-0.82,-1.7713789823768937,ok,0.1171875,False
NBaIoT_MixedDevice_9Sources_Balanced,OnOff,NonIID_Dirichlet,ASR_Mean_Over_Rounds,Adaptive_NoAdaptiveWeighting,Adaptive_NoCircuitBreaker,10,0.00189,0.002013333333333333,-0.0001233333333333333,11.0,0.1953125,-0.08,-0.4626383481241169,ok,1.0,False
NBaIoT_MixedDevice_9Sources_Balanced,OnOff,NonIID_Dirichlet,ASR_Mean_Over_Rounds,Adaptive_NoAdaptiveWeighting,Adaptive_NoTemporalMemory,10,0.00189,0.0018977777777777773,-7.777777777777791e-06,11.0,0.65625,-0.04,-0.052109020716399716,ok,1.0,False
NBaIoT_MixedDevice_9Sources_Balanced,OnOff,NonIID_Dirichlet,ASR_Mean_Over_Rounds,Adaptive_NoAdaptiveWeighting,Adaptive_Ultimate,10,0.00189,0.0019455555555555556,-5.5555555555555585e-05,7.0,0.28125,-0.04,-0.38026509492254545,ok,1.0,False
NBaIoT_MixedDevice_9Sources_Balanced,OnOff,NonIID_Dirichlet,ASR_Mean_Over_Rounds,Adaptive_NoAdaptiveWeighting,FLAME,10,0.00189,0.12804555555555555,-0.12615555555555558,0.0,0.001953125,-1.0,-3.4097225285301156,ok,0.0703125,False
NBaIoT_MixedDevice_9Sources_Balanced,OnOff,NonIID_Dirichlet,ASR_Mean_Over_Rounds,Adaptive_NoAdaptiveWeighting,FLTrust,10,0.00189,0.001988888888888889,-9.8888888888889e-05,8.0,0.1953125,-0.09,-0.3729654166456967,ok,1.0,False
NBaIoT_MixedDevice_9Sources_Balanced,OnOff,NonIID_Dirichlet,ASR_Mean_Over_Rounds,Adaptive_NoAdaptiveWeighting,FedAvg,10,0.00189,0.07233555555555556,-0.07044555555555557,2.0,0.005859375,-0.9,-0.7116865655219747,ok,0.140625,False
NBaIoT_MixedDevice_9Sources_Balanced,OnOff,NonIID_Dirichlet,ASR_Mean_Over_Rounds,Adaptive_NoAdaptiveWeighting,Krum,10,0.00189,0.06915444444444445,-0.06726444444444445,1.0,0.00390625,-0.82,-1.7742342919331862,ok,0.1171875,False
NBaIoT_MixedDevice_9Sources_Balanced,OnOff,NonIID_Dirichlet,ASR_Mean_Over_Rounds,Adaptive_NoCircuitBreaker,Adaptive_NoTemporalMemory,10,0.002013333333333333,0.0018977777777777773,0.00011555555555555555,8.5,0.203125,0.07,0.49540038448100643,ok,1.0,False
NBaIoT_MixedDevice_9Sources_Balanced,OnOff,NonIID_Dirichlet,ASR_Mean_Over_Rounds,Adaptive_NoCircuitBreaker,Adaptive_Ultimate,10,0.002013333333333333,0.0019455555555555556,6.777777777777776e-05,10.0,0.578125,0.06,0.23564597496791506,ok,1.0,False
NBaIoT_MixedDevice_9Sources_Balanced,OnOff,NonIID_Dirichlet,ASR_Mean_Over_Rounds,Adaptive_NoCircuitBreaker,FLAME,10,0.002013333333333333,0.12804555555555555,-0.1260322222222222,0.0,0.001953125,-1.0,-3.4005365549940323,ok,0.0703125,False
NBaIoT_MixedDevice_9Sources_Balanced,OnOff,NonIID_Dirichlet,ASR_Mean_Over_Rounds,Adaptive_NoCircuitBreaker,FLTrust,10,0.002013333333333333,0.001988888888888889,2.444444444444433e-05,15.0,0.7421875,0.06,0.12712068126968812,ok,1.0,False
NBaIoT_MixedDevice_9Sources_Balanced,OnOff,NonIID_Dirichlet,ASR_Mean_Over_Rounds,Adaptive_NoCircuitBreaker,FedAvg,10,0.002013333333333333,0.07233555555555556,-0.07032222222222222,2.0,0.005859375,-0.9,-0.7094690401388735,ok,0.140625,False
NBaIoT_MixedDevice_9Sources_Balanced,OnOff,NonIID_Dirichlet,ASR_Mean_Over_Rounds,Adaptive_NoCircuitBreaker,Krum,10,0.002013333333333333,0.06915444444444445,-0.06714111111111111,1.0,0.00390625,-0.82,-1.7768226549795723,ok,0.1171875,False
NBaIoT_MixedDevice_9Sources_Balanced,OnOff,NonIID_Dirichlet,ASR_Mean_Over_Rounds,Adaptive_NoTemporalMemory,Adaptive_Ultimate,10,0.0018977777777777773,0.0019455555555555556,-4.777777777777779e-05,4.0,0.4375,-0.01,-0.38441580143354503,ok,1.0,False
NBaIoT_MixedDevice_9Sources_Balanced,OnOff,NonIID_Dirichlet,ASR_Mean_Over_Rounds,Adaptive_NoTemporalMemory,FLAME,10,0.0018977777777777773,0.12804555555555555,-0.12614777777777778,0.0,0.001953125,-1.0,-3.413387931770741,ok,0.0703125,False
NBaIoT_MixedDevice_9Sources_Balanced,OnOff,NonIID_Dirichlet,ASR_Mean_Over_Rounds,Adaptive_NoTemporalMemory,FLTrust,10,0.0018977777777777773,0.001988888888888889,-9.111111111111121e-05,4.0,0.109375,-0.08,-0.5498528253054661,ok,1.0,False
NBaIoT_MixedDevice_9Sources_Balanced,OnOff,NonIID_Dirichlet,ASR_Mean_Over_Rounds,Adaptive_NoTemporalMemory,FedAvg,10,0.0018977777777777773,0.07233555555555556,-0.07043777777777778,2.0,0.005859375,-0.9,-0.7111833488361254,ok,0.140625,False
NBaIoT_MixedDevice_9Sources_Balanced,OnOff,NonIID_Dirichlet,ASR_Mean_Over_Rounds,Adaptive_NoTemporalMemory,Krum,10,0.0018977777777777773,0.06915444444444445,-0.06725666666666666,1.0,0.00390625,-0.82,-1.7731989027556982,ok,0.1171875,False
NBaIoT_MixedDevice_9Sources_Balanced,OnOff,NonIID_Dirichlet,ASR_Mean_Over_Rounds,Adaptive_Ultimate,FLAME,10,0.0019455555555555556,0.12804555555555555,-0.1261,0.0,0.001953125,-1.0,-3.4131177768822054,ok,0.0703125,False
NBaIoT_MixedDevice_9Sources_Balanced,OnOff,NonIID_Dirichlet,ASR_Mean_Over_Rounds,Adaptive_Ultimate,FLTrust,10,0.0019455555555555556,0.001988888888888889,-4.3333333333333415e-05,10.0,0.578125,-0.04,-0.21465541311573091,ok,1.0,False
NBaIoT_MixedDevice_9Sources_Balanced,OnOff,NonIID_Dirichlet,ASR_Mean_Over_Rounds,Adaptive_Ultimate,FedAvg,10,0.0019455555555555556,0.07233555555555556,-0.07039000000000001,2.0,0.005859375,-0.9,-0.7114194055233226,ok,0.140625,False
NBaIoT_MixedDevice_9Sources_Balanced,OnOff,NonIID_Dirichlet,ASR_Mean_Over_Rounds,Adaptive_Ultimate,Krum,10,0.0019455555555555556,0.06915444444444445,-0.0672088888888889,1.0,0.00390625,-0.82,-1.769420578260955,ok,0.1171875,False
NBaIoT_MixedDevice_9Sources_Balanced,OnOff,NonIID_Dirichlet,ASR_Mean_Over_Rounds,FLAME,FLTrust,10,0.12804555555555555,0.001988888888888889,0.12605666666666665,0.0,0.001953125,1.0,3.4104152993353156,ok,0.0703125,False
NBaIoT_MixedDevice_9Sources_Balanced,OnOff,NonIID_Dirichlet,ASR_Mean_Over_Rounds,FLAME,FedAvg,10,0.12804555555555555,0.07233555555555556,0.05571,14.0,0.193359375,0.48,0.6005613467163867,ok,1.0,False
NBaIoT_MixedDevice_9Sources_Balanced,OnOff,NonIID_Dirichlet,ASR_Mean_Over_Rounds,FLAME,Krum,10,0.12804555555555555,0.06915444444444445,0.058891111111111116,4.0,0.013671875,0.72,0.9903047042432115,ok,0.24609375,False
NBaIoT_MixedDevice_9Sources_Balanced,OnOff,NonIID_Dirichlet,ASR_Mean_Over_Rounds,FLTrust,FedAvg,10,0.001988888888888889,0.07233555555555556,-0.07034666666666667,2.0,0.005859375,-0.9,-0.7100886409842007,ok,0.140625,False
NBaIoT_MixedDevice_9Sources_Balanced,OnOff,NonIID_Dirichlet,ASR_Mean_Over_Rounds,FLTrust,Krum,10,0.001988888888888889,0.06915444444444445,-0.06716555555555556,1.0,0.00390625,-0.82,-1.7707330207192957,ok,0.1171875,False
NBaIoT_MixedDevice_9Sources_Balanced,OnOff,NonIID_Dirichlet,ASR_Mean_Over_Rounds,FedAvg,Krum,10,0.07233555555555556,0.06915444444444445,0.003181111111111115,24.0,0.76953125,-0.18,0.026121095304512093,ok,1.0,False
NBaIoT_MixedDevice_9Sources_Balanced,OnOff,NonIID_Dirichlet,F1_Final_Round,Adaptive_FixedCircuitBreaker,Adaptive_NoAdaptiveWeighting,10,0.9974444399519715,0.9975555516460771,-0.0001111116941056256,1.0,0.5,-0.06,-0.2535470589715881,ok,1.0,False
NBaIoT_MixedDevice_9Sources_Balanced,OnOff,NonIID_Dirichlet,F1_Final_Round,Adaptive_FixedCircuitBreaker,Adaptive_NoCircuitBreaker,10,0.9974444399519715,0.9971111071330494,0.00033333281892213853,8.0,0.6875,0.23,0.3068957345515777,ok,1.0,False
NBaIoT_MixedDevice_9Sources_Balanced,OnOff,NonIID_Dirichlet,F1_Final_Round,Adaptive_FixedCircuitBreaker,Adaptive_NoTemporalMemory,10,0.9974444399519715,0.9976111070130178,-0.00016666706104633277,0.0,0.25,-0.11,-0.6210590033894873,ok,1.0,False
NBaIoT_MixedDevice_9Sources_Balanced,OnOff,NonIID_Dirichlet,F1_Final_Round,Adaptive_FixedCircuitBreaker,Adaptive_Ultimate,10,0.9974444399519715,0.9974999961762554,-5.555622428398133e-05,1.0,0.5,-0.03,-0.17616771577246895,ok,1.0,False
NBaIoT_MixedDevice_9Sources_Balanced,OnOff,NonIID_Dirichlet,F1_Final_Round,Adaptive_FixedCircuitBreaker,FLAME,10,0.9974444399519715,0.9283540234009106,0.06909041655106096,0.0,0.001953125,1.0,0.6354170237386771,ok,0.0703125,False
NBaIoT_MixedDevice_9Sources_Balanced,OnOff,NonIID_Dirichlet,F1_Final_Round,Adaptive_FixedCircuitBreaker,FLTrust,10,0.9974444399519715,0.9972222194101457,0.00022222054182593486,10.0,0.5625,0.13,0.24293013648648382,ok,1.0,False
NBaIoT_MixedDevice_9Sources_Balanced,OnOff,NonIID_Dirichlet,F1_Final_Round,Adaptive_FixedCircuitBreaker,FedAvg,10,0.9974444399519715,0.9946102030096757,0.0028342369422958424,10.5,0.087890625,0.59,0.4627571114818816,ok,1.0,False
NBaIoT_MixedDevice_9Sources_Balanced,OnOff,NonIID_Dirichlet,F1_Final_Round,Adaptive_FixedCircuitBreaker,Krum,10,0.9974444399519715,0.7497513716602402,0.2476930682917314,0.0,0.001953125,1.0,1.7267453889244082,ok,0.0703125,False
NBaIoT_MixedDevice_9Sources_Balanced,OnOff,NonIID_Dirichlet,F1_Final_Round,Adaptive_NoAdaptiveWeighting,Adaptive_NoCircuitBreaker,10,0.9975555516460771,0.9971111071330494,0.0004444445130277641,6.0,0.4375,0.26,0.3721030994645317,ok,1.0,False
NBaIoT_MixedDevice_9Sources_Balanced,OnOff,NonIID_Dirichlet,F1_Final_Round,Adaptive_NoAdaptiveWeighting,Adaptive_NoTemporalMemory,10,0.9975555516460771,0.9976111070130178,-5.5555366940707175e-05,1.0,1.0,-0.03,-0.13552557080420286,ok,1.0,False
NBaIoT_MixedDevice_9Sources_Balanced,OnOff,NonIID_Dirichlet,F1_Final_Round,Adaptive_NoAdaptiveWeighting,Adaptive_Ultimate,10,0.9975555516460771,0.9974999961762554,5.5555469821644275e-05,2.5,1.0,0.03,0.10056006108190542,ok,1.0,False
NBaIoT_MixedDevice_9Sources_Balanced,OnOff,NonIID_Dirichlet,F1_Final_Round,Adaptive_NoAdaptiveWeighting,FLAME,10,0.9975555516460771,0.9283540234009106,0.0692015282451666,0.0,0.001953125,1.0,0.6360828071914131,ok,0.0703125,False
NBaIoT_MixedDevice_9Sources_Balanced,OnOff,NonIID_Dirichlet,F1_Final_Round,Adaptive_NoAdaptiveWeighting,FLTrust,10,0.9975555516460771,0.9972222194101457,0.00033333223593156046,8.0,0.375,0.18,0.31622585013362037,ok,1.0,False
NBaIoT_MixedDevice_9Sources_Balanced,OnOff,NonIID_Dirichlet,F1_Final_Round,Adaptive_NoAdaptiveWeighting,FedAvg,10,0.9975555516460771,0.9946102030096757,0.002945348636401468,9.5,0.06640625,0.6,0.48329199168872744,ok,1.0,False
NBaIoT_MixedDevice_9Sources_Balanced,OnOff,NonIID_Dirichlet,F1_Final_Round,Adaptive_NoAdaptiveWeighting,Krum,10,0.9975555516460771,0.7497513716602402,0.24780417998583704,0.0,0.001953125,1.0,1.727635164378362,ok,0.0703125,False
NBaIoT_MixedDevice_9Sources_Balanced,OnOff,NonIID_Dirichlet,F1_Final_Round,Adaptive_NoCircuitBreaker,Adaptive_NoTemporalMemory,10,0.9971111071330494,0.9976111070130178,-0.0004999998799684712,3.0,0.3125,-0.28,-0.48571640819905043,ok,1.0,False
NBaIoT_MixedDevice_9Sources_Balanced,OnOff,NonIID_Dirichlet,F1_Final_Round,Adaptive_NoCircuitBreaker,Adaptive_Ultimate,10,0.9971111071330494,0.9974999961762554,-0.00038888904320611984,7.0,0.5625,-0.21,-0.37065121489936953,ok,1.0,False
NBaIoT_MixedDevice_9Sources_Balanced,OnOff,NonIID_Dirichlet,F1_Final_Round,Adaptive_NoCircuitBreaker,FLAME,10,0.9971111071330494,0.9283540234009106,0.06875708373213882,0.0,0.001953125,1.0,0.6306813186237674,ok,0.0703125,False
NBaIoT_MixedDevice_9Sources_Balanced,OnOff,NonIID_Dirichlet,F1_Final_Round,Adaptive_NoCircuitBreaker,FLTrust,10,0.9971111071330494,0.9972222194101457,-0.00011111227709620364,1.0,0.5,-0.07,-0.25354683538203127,ok,1.0,False
NBaIoT_MixedDevice_9Sources_Balanced,OnOff,NonIID_Dirichlet,F1_Final_Round,Adaptive_NoCircuitBreaker,FedAvg,10,0.9971111071330494,0.9946102030096757,0.002500904123373704,8.0,0.048828125,0.42,0.48130571952700135,ok,0.9765625,False
NBaIoT_MixedDevice_9Sources_Balanced,OnOff,NonIID_Dirichlet,F1_Final_Round,Adaptive_NoCircuitBreaker,Krum,10,0.9971111071330494,0.7497513716602402,0.24735973547280926,0.0,0.001953125,1.0,1.7298809203595367,ok,0.0703125,False
NBaIoT_MixedDevice_9Sources_Balanced,OnOff,NonIID_Dirichlet,F1_Final_Round,Adaptive_NoTemporalMemory,Adaptive_Ultimate,10,0.9976111070130178,0.9974999961762554,0.00011111083676235145,0.0,0.5,0.05,0.4743416490250027,ok,1.0,False
NBaIoT_MixedDevice_9Sources_Balanced,OnOff,NonIID_Dirichlet,F1_Final_Round,Adaptive_NoTemporalMemory,FLAME,10,0.9976111070130178,0.9283540234009106,0.06925708361210729,0.0,0.001953125,1.0,0.6368058839659788,ok,0.0703125,False
NBaIoT_MixedDevice_9Sources_Balanced,OnOff,NonIID_Dirichlet,F1_Final_Round,Adaptive_NoTemporalMemory,FLTrust,10,0.9976111070130178,0.9972222194101457,0.00038888760287226766,5.0,0.3125,0.21,0.4467043526038025,ok,1.0,False
NBaIoT_MixedDevice_9Sources_Balanced,OnOff,NonIID_Dirichlet,F1_Final_Round,Adaptive_NoTemporalMemory,FedAvg,10,0.9976111070130178,0.9946102030096757,0.003000904003342175,7.5,0.041015625,0.61,0.49462862243155314,ok,0.861328125,False
NBaIoT_MixedDevice_9Sources_Balanced,OnOff,NonIID_Dirichlet,F1_Final_Round,Adaptive_NoTemporalMemory,Krum,10,0.9976111070130178,0.7497513716602402,0.24785973535277775,0.0,0.001953125,1.0,1.7282328468275667,ok,0.0703125,False
NBaIoT_MixedDevice_9Sources_Balanced,OnOff,NonIID_Dirichlet,F1_Final_Round,Adaptive_Ultimate,FLAME,10,0.9974999961762554,0.9283540234009106,0.06914597277534494,0.0,0.001953125,1.0,0.6354488852741704,ok,0.0703125,False
NBaIoT_MixedDevice_9Sources_Balanced,OnOff,NonIID_Dirichlet,F1_Final_Round,Adaptive_Ultimate,FLTrust,10,0.9974999961762554,0.9972222194101457,0.0002777767661099162,8.0,0.359375,0.15,0.3162256231180271,ok,1.0,False
NBaIoT_MixedDevice_9Sources_Balanced,OnOff,NonIID_Dirichlet,F1_Final_Round,Adaptive_Ultimate,FedAvg,10,0.9974999961762554,0.9946102030096757,0.0028897931665798236,9.5,0.06640625,0.55,0.4729759762465096,ok,1.0,False
NBaIoT_MixedDevice_9Sources_Balanced,OnOff,NonIID_Dirichlet,F1_Final_Round,Adaptive_Ultimate,Krum,10,0.9974999961762554,0.7497513716602402,0.24774862451601537,0.0,0.001953125,1.0,1.7291427220366211,ok,0.0703125,False
NBaIoT_MixedDevice_9Sources_Balanced,OnOff,NonIID_Dirichlet,F1_Final_Round,FLAME,FLTrust,10,0.9283540234009106,0.9972222194101457,-0.06886819600923502,0.0,0.001953125,-1.0,-0.6320922376401493,ok,0.0703125,False
NBaIoT_MixedDevice_9Sources_Balanced,OnOff,NonIID_Dirichlet,F1_Final_Round,FLAME,FedAvg,10,0.9283540234009106,0.9946102030096757,-0.06625617960876512,4.0,0.013671875,-0.9,-0.6015543296315874,ok,0.314453125,False
NBaIoT_MixedDevice_9Sources_Balanced,OnOff,NonIID_Dirichlet,F1_Final_Round,FLAME,Krum,10,0.9283540234009106,0.7497513716602402,0.17860265174067042,5.0,0.01953125,0.74,0.8800454403300516,ok,0.4296875,False
NBaIoT_MixedDevice_9Sources_Balanced,OnOff,NonIID_Dirichlet,F1_Final_Round,FLTrust,FedAvg,10,0.9972222194101457,0.9946102030096757,0.0026120164004699077,9.0,0.064453125,0.47,0.4699135131082604,ok,1.0,False
NBaIoT_MixedDevice_9Sources_Balanced,OnOff,NonIID_Dirichlet,F1_Final_Round,FLTrust,Krum,10,0.9972222194101457,0.7497513716602402,0.2474708477499054,0.0,0.001953125,1.0,1.7283819142262191,ok,0.0703125,False
NBaIoT_MixedDevice_9Sources_Balanced,OnOff,NonIID_Dirichlet,F1_Final_Round,FedAvg,Krum,10,0.9946102030096757,0.7497513716602402,0.24485883134943554,0.0,0.001953125,1.0,1.7414151196708803,ok,0.0703125,False
NBaIoT_MixedDevice_9Sources_Balanced,OnOff,NonIID_Dirichlet,ASR_Final_Round,Adaptive_FixedCircuitBreaker,Adaptive_NoAdaptiveWeighting,10,0.001888888888888889,0.001888888888888889,0.0,0.0,1.0,0.0,0.0,identical_values,1.0,False
NBaIoT_MixedDevice_9Sources_Balanced,OnOff,NonIID_Dirichlet,ASR_Final_Round,Adaptive_FixedCircuitBreaker,Adaptive_NoCircuitBreaker,10,0.001888888888888889,0.0025555555555555553,-0.0006666666666666666,6.5,0.46875,-0.22,-0.3985266984930428,ok,1.0,False
NBaIoT_MixedDevice_9Sources_Balanced,OnOff,NonIID_Dirichlet,ASR_Final_Round,Adaptive_FixedCircuitBreaker,Adaptive_NoTemporalMemory,10,0.001888888888888889,0.0016666666666666666,0.00022222222222222226,0.0,0.5,0.11,0.47434164902525694,ok,1.0,False
NBaIoT_MixedDevice_9Sources_Balanced,OnOff,NonIID_Dirichlet,ASR_Final_Round,Adaptive_FixedCircuitBreaker,Adaptive_Ultimate,10,0.001888888888888889,0.0017777777777777779,0.00011111111111111112,0.0,1.0,0.06,0.31622776601683794,ok,1.0,False
NBaIoT_MixedDevice_9Sources_Balanced,OnOff,NonIID_Dirichlet,ASR_Final_Round,Adaptive_FixedCircuitBreaker,FLAME,10,0.001888888888888889,0.579888888888889,-0.5780000000000001,0.0,0.001953125,-1.0,-1.6019483895484248,ok,0.0703125,False
NBaIoT_MixedDevice_9Sources_Balanced,OnOff,NonIID_Dirichlet,ASR_Final_Round,Adaptive_FixedCircuitBreaker,FLTrust,10,0.001888888888888889,0.0025555555555555553,-0.0006666666666666668,2.0,0.1875,-0.3,-0.5581563056514381,ok,1.0,False
NBaIoT_MixedDevice_9Sources_Balanced,OnOff,NonIID_Dirichlet,ASR_Final_Round,Adaptive_FixedCircuitBreaker,FedAvg,10,0.001888888888888889,0.33111111111111113,-0.3292222222222222,0.0,0.00390625,-0.92,-0.7578150794129004,ok,0.09375,False
NBaIoT_MixedDevice_9Sources_Balanced,OnOff,NonIID_Dirichlet,ASR_Final_Round,Adaptive_FixedCircuitBreaker,Krum,10,0.001888888888888889,0.510888888888889,-0.5090000000000001,0.0,0.001953125,-1.0,-2.334556005443101,ok,0.0703125,False
NBaIoT_MixedDevice_9Sources_Balanced,OnOff,NonIID_Dirichlet,ASR_Final_Round,Adaptive_NoAdaptiveWeighting,Adaptive_NoCircuitBreaker,10,0.001888888888888889,0.0025555555555555553,-0.0006666666666666666,6.5,0.46875,-0.22,-0.3985266984930428,ok,1.0,False
NBaIoT_MixedDevice_9Sources_Balanced,OnOff,NonIID_Dirichlet,ASR_Final_Round,Adaptive_NoAdaptiveWeighting,Adaptive_NoTemporalMemory,10,0.001888888888888889,0.0016666666666666666,0.00022222222222222226,0.0,0.5,0.11,0.47434164902525694,ok,1.0,False
NBaIoT_MixedDevice_9Sources_Balanced,OnOff,NonIID_Dirichlet,ASR_Final_Round,Adaptive_NoAdaptiveWeighting,Adaptive_Ultimate,10,0.001888888888888889,0.0017777777777777779,0.00011111111111111112,0.0,1.0,0.06,0.31622776601683794,ok,1.0,False
NBaIoT_MixedDevice_9Sources_Balanced,OnOff,NonIID_Dirichlet,ASR_Final_Round,Adaptive_NoAdaptiveWeighting,FLAME,10,0.001888888888888889,0.579888888888889,-0.5780000000000001,0.0,0.001953125,-1.0,-1.6019483895484248,ok,0.0703125,False
NBaIoT_MixedDevice_9Sources_Balanced,OnOff,NonIID_Dirichlet,ASR_Final_Round,Adaptive_NoAdaptiveWeighting,FLTrust,10,0.001888888888888889,0.0025555555555555553,-0.0006666666666666668,2.0,0.1875,-0.3,-0.5581563056514381,ok,1.0,False
NBaIoT_MixedDevice_9Sources_Balanced,OnOff,NonIID_Dirichlet,ASR_Final_Round,Adaptive_NoAdaptiveWeighting,FedAvg,10,0.001888888888888889,0.33111111111111113,-0.3292222222222222,0.0,0.00390625,-0.92,-0.7578150794129004,ok,0.09375,False
NBaIoT_MixedDevice_9Sources_Balanced,OnOff,NonIID_Dirichlet,ASR_Final_Round,Adaptive_NoAdaptiveWeighting,Krum,10,0.001888888888888889,0.510888888888889,-0.5090000000000001,0.0,0.001953125,-1.0,-2.334556005443101,ok,0.0703125,False
NBaIoT_MixedDevice_9Sources_Balanced,OnOff,NonIID_Dirichlet,ASR_Final_Round,Adaptive_NoCircuitBreaker,Adaptive_NoTemporalMemory,10,0.0025555555555555553,0.0016666666666666666,0.0008888888888888889,0.0,0.125,0.32,0.6076436202501999,ok,1.0,False
NBaIoT_MixedDevice_9Sources_Balanced,OnOff,NonIID_Dirichlet,ASR_Final_Round,Adaptive_NoCircuitBreaker,Adaptive_Ultimate,10,0.0025555555555555553,0.0017777777777777779,0.0007777777777777777,3.0,0.3125,0.28,0.4936055194583818,ok,1.0,False
NBaIoT_MixedDevice_9Sources_Balanced,OnOff,NonIID_Dirichlet,ASR_Final_Round,Adaptive_NoCircuitBreaker,FLAME,10,0.0025555555555555553,0.579888888888889,-0.5773333333333335,0.0,0.001953125,-1.0,-1.5968006159147274,ok,0.0703125,False
NBaIoT_MixedDevice_9Sources_Balanced,OnOff,NonIID_Dirichlet,ASR_Final_Round,Adaptive_NoCircuitBreaker,FLTrust,10,0.0025555555555555553,0.0025555555555555553,-2.168404344971009e-20,3.0,1.0,-0.05,-2.390167890545833e-17,ok,1.0,False
NBaIoT_MixedDevice_9Sources_Balanced,OnOff,NonIID_Dirichlet,ASR_Final_Round,Adaptive_NoCircuitBreaker,FedAvg,10,0.0025555555555555553,0.33111111111111113,-0.3285555555555556,0.0,0.00390625,-0.9,-0.7548532279540543,ok,0.09375,False
NBaIoT_MixedDevice_9Sources_Balanced,OnOff,NonIID_Dirichlet,ASR_Final_Round,Adaptive_NoCircuitBreaker,Krum,10,0.0025555555555555553,0.510888888888889,-0.5083333333333334,0.0,0.001953125,-1.0,-2.340166208644778,ok,0.0703125,False
NBaIoT_MixedDevice_9Sources_Balanced,OnOff,NonIID_Dirichlet,ASR_Final_Round,Adaptive_NoTemporalMemory,Adaptive_Ultimate,10,0.0016666666666666666,0.0017777777777777779,-0.00011111111111111113,0.0,1.0,-0.04,-0.316227766016838,ok,1.0,False
NBaIoT_MixedDevice_9Sources_Balanced,OnOff,NonIID_Dirichlet,ASR_Final_Round,Adaptive_NoTemporalMemory,FLAME,10,0.0016666666666666666,0.579888888888889,-0.5782222222222223,0.0,0.001953125,-1.0,-1.6022243088730772,ok,0.0703125,False
NBaIoT_MixedDevice_9Sources_Balanced,OnOff,NonIID_Dirichlet,ASR_Final_Round,Adaptive_NoTemporalMemory,FLTrust,10,0.0016666666666666666,0.0025555555555555553,-0.000888888888888889,0.0,0.0625,-0.41,-0.8705715001320141,ok,1.0,False
NBaIoT_MixedDevice_9Sources_Balanced,OnOff,NonIID_Dirichlet,ASR_Final_Round,Adaptive_NoTemporalMemory,FedAvg,10,0.0016666666666666666,0.33111111111111113,-0.32944444444444443,0.0,0.00390625,-0.94,-0.7576670608196022,ok,0.09375,False
NBaIoT_MixedDevice_9Sources_Balanced,OnOff,NonIID_Dirichlet,ASR_Final_Round,Adaptive_NoTemporalMemory,Krum,10,0.0016666666666666666,0.510888888888889,-0.5092222222222222,0.0,0.001953125,-1.0,-2.3387520556337607,ok,0.0703125,False
NBaIoT_MixedDevice_9Sources_Balanced,OnOff,NonIID_Dirichlet,ASR_Final_Round,Adaptive_Ultimate,FLAME,10,0.0017777777777777779,0.579888888888889,-0.5781111111111111,0.0,0.001953125,-1.0,-1.602521042404138,ok,0.0703125,False
NBaIoT_MixedDevice_9Sources_Balanced,OnOff,NonIID_Dirichlet,ASR_Final_Round,Adaptive_Ultimate,FLTrust,10,0.0017777777777777779,0.0025555555555555553,-0.000777777777777778,0.0,0.125,-0.35,-0.737864787372622,ok,1.0,False
NBaIoT_MixedDevice_9Sources_Balanced,OnOff,NonIID_Dirichlet,ASR_Final_Round,Adaptive_Ultimate,FedAvg,10,0.0017777777777777779,0.33111111111111113,-0.3293333333333333,0.0,0.00390625,-0.93,-0.7577420392071449,ok,0.09375,False
NBaIoT_MixedDevice_9Sources_Balanced,OnOff,NonIID_Dirichlet,ASR_Final_Round,Adaptive_Ultimate,Krum,10,0.0017777777777777779,0.510888888888889,-0.5091111111111112,0.0,0.001953125,-1.0,-2.3352115184938227,ok,0.0703125,False
NBaIoT_MixedDevice_9Sources_Balanced,OnOff,NonIID_Dirichlet,ASR_Final_Round,FLAME,FLTrust,10,0.579888888888889,0.0025555555555555553,0.5773333333333335,0.0,0.001953125,1.0,1.5990540370382316,ok,0.0703125,False
NBaIoT_MixedDevice_9Sources_Balanced,OnOff,NonIID_Dirichlet,ASR_Final_Round,FLAME,FedAvg,10,0.579888888888889,0.33111111111111113,0.24877777777777776,12.0,0.130859375,0.38,0.5669816462282484,ok,1.0,False
NBaIoT_MixedDevice_9Sources_Balanced,OnOff,NonIID_Dirichlet,ASR_Final_Round,FLAME,Krum,10,0.579888888888889,0.510888888888889,0.06899999999999999,25.0,0.845703125,0.16,0.13332447845579434,ok,1.0,False
NBaIoT_MixedDevice_9Sources_Balanced,OnOff,NonIID_Dirichlet,ASR_Final_Round,FLTrust,FedAvg,10,0.0025555555555555553,0.33111111111111113,-0.3285555555555556,0.0,0.00390625,-0.88,-0.7553138575799443,ok,0.09375,False
NBaIoT_MixedDevice_9Sources_Balanced,OnOff,NonIID_Dirichlet,ASR_Final_Round,FLTrust,Krum,10,0.0025555555555555553,0.510888888888889,-0.5083333333333334,0.0,0.001953125,-1.0,-2.334729023178097,ok,0.0703125,False
NBaIoT_MixedDevice_9Sources_Balanced,OnOff,NonIID_Dirichlet,ASR_Final_Round,FedAvg,Krum,10,0.33111111111111113,0.510888888888889,-0.17977777777777781,17.0,0.322265625,-0.29,-0.3161077121588613,ok,1.0,False
NBaIoT_MixedDevice_9Sources_Balanced,Scaling,IID,F1_Mean_Over_Rounds,Adaptive_FixedCircuitBreaker,Adaptive_NoAdaptiveWeighting,10,0.9976516527285542,0.9977038749929574,-5.2222264403278815e-05,5.0,0.0390625,-0.11,-0.6580608834979439,ok,0.5859375,False
NBaIoT_MixedDevice_9Sources_Balanced,Scaling,IID,F1_Mean_Over_Rounds,Adaptive_FixedCircuitBreaker,Adaptive_NoCircuitBreaker,10,0.9976516527285542,0.9977166525891465,-6.499986059240736e-05,22.0,0.625,-0.02,-0.20233800058989143,ok,1.0,False
NBaIoT_MixedDevice_9Sources_Balanced,Scaling,IID,F1_Mean_Over_Rounds,Adaptive_FixedCircuitBreaker,Adaptive_NoTemporalMemory,10,0.9976516527285542,0.9977449865371979,-9.333380864356977e-05,5.0,0.078125,-0.08,-0.5537587085783695,ok,1.0,False
NBaIoT_MixedDevice_9Sources_Balanced,Scaling,IID,F1_Mean_Over_Rounds,Adaptive_FixedCircuitBreaker,Adaptive_Ultimate,10,0.9976516527285542,0.9977166531316761,-6.500040312196198e-05,2.0,0.09375,-0.08,-0.5220737767449997,ok,1.0,False
NBaIoT_MixedDevice_9Sources_Balanced,Scaling,IID,F1_Mean_Over_Rounds,Adaptive_FixedCircuitBreaker,FLAME,10,0.9976516527285542,0.7845310552835171,0.2131205974450371,0.0,0.001953125,1.0,3.624046685461443,ok,0.0703125,False
NBaIoT_MixedDevice_9Sources_Balanced,Scaling,IID,F1_Mean_Over_Rounds,Adaptive_FixedCircuitBreaker,FLTrust,10,0.9976516527285542,0.9977299860010138,-7.833327245956311e-05,22.0,0.625,0.0,-0.2404292696662218,ok,1.0,False
NBaIoT_MixedDevice_9Sources_Balanced,Scaling,IID,F1_Mean_Over_Rounds,Adaptive_FixedCircuitBreaker,FedAvg,10,0.9976516527285542,0.6756696176038343,0.3219820351247199,0.0,0.001953125,1.0,16.539194160114743,ok,0.0703125,False
NBaIoT_MixedDevice_9Sources_Balanced,Scaling,IID,F1_Mean_Over_Rounds,Adaptive_FixedCircuitBreaker,Krum,10,0.9976516527285542,0.8931822572433262,0.104469395485228,0.0,0.001953125,1.0,14.365765003780282,ok,0.0703125,False
NBaIoT_MixedDevice_9Sources_Balanced,Scaling,IID,F1_Mean_Over_Rounds,Adaptive_NoAdaptiveWeighting,Adaptive_NoCircuitBreaker,10,0.9977038749929574,0.9977166525891465,-1.2777596189128549e-05,27.0,1.0,0.06,-0.04166074345396841,ok,1.0,False
NBaIoT_MixedDevice_9Sources_Balanced,Scaling,IID,F1_Mean_Over_Rounds,Adaptive_NoAdaptiveWeighting,Adaptive_NoTemporalMemory,10,0.9977038749929574,0.9977449865371979,-4.1111544240290956e-05,21.0,0.91015625,0.01,-0.2896007787162041,ok,1.0,False
NBaIoT_MixedDevice_9Sources_Balanced,Scaling,IID,F1_Mean_Over_Rounds,Adaptive_NoAdaptiveWeighting,Adaptive_Ultimate,10,0.9977038749929574,0.9977166531316761,-1.2778138718683162e-05,19.0,0.734375,0.05,-0.1148098688587196,ok,1.0,False
NBaIoT_MixedDevice_9Sources_Balanced,Scaling,IID,F1_Mean_Over_Rounds,Adaptive_NoAdaptiveWeighting,FLAME,10,0.9977038749929574,0.7845310552835171,0.2131728197094404,0.0,0.001953125,1.0,3.626443822301226,ok,0.0703125,False
NBaIoT_MixedDevice_9Sources_Balanced,Scaling,IID,F1_Mean_Over_Rounds,Adaptive_NoAdaptiveWeighting,FLTrust,10,0.9977038749929574,0.9977299860010138,-2.6111008056284302e-05,27.0,1.0,0.02,-0.0828544249697492,ok,1.0,False
NBaIoT_MixedDevice_9Sources_Balanced,Scaling,IID,F1_Mean_Over_Rounds,Adaptive_NoAdaptiveWeighting,FedAvg,10,0.9977038749929574,0.6756696176038343,0.32203425738912317,0.0,0.001953125,1.0,16.57330366873688,ok,0.0703125,False
NBaIoT_MixedDevice_9Sources_Balanced,Scaling,IID,F1_Mean_Over_Rounds,Adaptive_NoAdaptiveWeighting,Krum,10,0.9977038749929574,0.8931822572433262,0.10452161774963128,0.0,0.001953125,1.0,14.368636098846144,ok,0.0703125,False
NBaIoT_MixedDevice_9Sources_Balanced,Scaling,IID,F1_Mean_Over_Rounds,Adaptive_NoCircuitBreaker,Adaptive_NoTemporalMemory,10,0.9977166525891465,0.9977449865371979,-2.8333948051162404e-05,22.0,0.625,-0.1,-0.11250532350458488,ok,1.0,False
NBaIoT_MixedDevice_9Sources_Balanced,Scaling,IID,F1_Mean_Over_Rounds,Adaptive_NoCircuitBreaker,Adaptive_Ultimate,10,0.9977166525891465,0.9977166531316761,-5.425295546146458e-10,26.0,0.921875,-0.04,-1.9858480309334304e-06,ok,1.0,False
NBaIoT_MixedDevice_9Sources_Balanced,Scaling,IID,F1_Mean_Over_Rounds,Adaptive_NoCircuitBreaker,FLAME,10,0.9977166525891465,0.7845310552835171,0.21318559730562953,0.0,0.001953125,1.0,3.637487681924273,ok,0.0703125,False
NBaIoT_MixedDevice_9Sources_Balanced,Scaling,IID,F1_Mean_Over_Rounds,Adaptive_NoCircuitBreaker,FLTrust,10,0.9977166525891465,0.9977299860010138,-1.3333411867155753e-05,21.0,0.556640625,-0.04,-0.2628380391687752,ok,1.0,False
NBaIoT_MixedDevice_9Sources_Balanced,Scaling,IID,F1_Mean_Over_Rounds,Adaptive_NoCircuitBreaker,FedAvg,10,0.9977166525891465,0.6756696176038343,0.32204703498531234,0.0,0.001953125,1.0,16.63597264676002,ok,0.0703125,False
NBaIoT_MixedDevice_9Sources_Balanced,Scaling,IID,F1_Mean_Over_Rounds,Adaptive_NoCircuitBreaker,Krum,10,0.9977166525891465,0.8931822572433262,0.10453439534582043,0.0,0.001953125,1.0,14.187208655087986,ok,0.0703125,False
NBaIoT_MixedDevice_9Sources_Balanced,Scaling,IID,F1_Mean_Over_Rounds,Adaptive_NoTemporalMemory,Adaptive_Ultimate,10,0.9977449865371979,0.9977166531316761,2.833340552160779e-05,13.0,0.9375,0.01,0.37770293027550617,ok,1.0,False
NBaIoT_MixedDevice_9Sources_Balanced,Scaling,IID,F1_Mean_Over_Rounds,Adaptive_NoTemporalMemory,FLAME,10,0.9977449865371979,0.7845310552835171,0.21321393125368066,0.0,0.001953125,1.0,3.6289487046914934,ok,0.0703125,False
NBaIoT_MixedDevice_9Sources_Balanced,Scaling,IID,F1_Mean_Over_Rounds,Adaptive_NoTemporalMemory,FLTrust,10,0.9977449865371979,0.9977299860010138,1.5000536184006652e-05,23.0,0.6953125,0.08,0.05801896284359795,ok,1.0,False
NBaIoT_MixedDevice_9Sources_Balanced,Scaling,IID,F1_Mean_Over_Rounds,Adaptive_NoTemporalMemory,FedAvg,10,0.9977449865371979,0.6756696176038343,0.32207536893336347,0.0,0.001953125,1.0,16.61320721158363,ok,0.0703125,False
NBaIoT_MixedDevice_9Sources_Balanced,Scaling,IID,F1_Mean_Over_Rounds,Adaptive_NoTemporalMemory,Krum,10,0.9977449865371979,0.8931822572433262,0.10456272929387159,0.0,0.001953125,1.0,14.319594271963926,ok,0.0703125,False
NBaIoT_MixedDevice_9Sources_Balanced,Scaling,IID,F1_Mean_Over_Rounds,Adaptive_Ultimate,FLAME,10,0.9977166531316761,0.7845310552835171,0.21318559784815908,0.0,0.001953125,1.0,3.6280859898500255,ok,0.0703125,False
NBaIoT_MixedDevice_9Sources_Balanced,Scaling,IID,F1_Mean_Over_Rounds,Adaptive_Ultimate,FLTrust,10,0.9977166531316761,0.9977299860010138,-1.3332869337601138e-05,26.0,0.921875,0.02,-0.04797218624181491,ok,1.0,False
NBaIoT_MixedDevice_9Sources_Balanced,Scaling,IID,F1_Mean_Over_Rounds,Adaptive_Ultimate,FedAvg,10,0.9977166531316761,0.6756696176038343,0.32204703552784186,0.0,0.001953125,1.0,16.58642936364153,ok,0.0703125,False
NBaIoT_MixedDevice_9Sources_Balanced,Scaling,IID,F1_Mean_Over_Rounds,Adaptive_Ultimate,Krum,10,0.9977166531316761,0.8931822572433262,0.10453439588834997,0.0,0.001953125,1.0,14.369189795972687,ok,0.0703125,False
NBaIoT_MixedDevice_9Sources_Balanced,Scaling,IID,F1_Mean_Over_Rounds,FLAME,FLTrust,10,0.7845310552835171,0.9977299860010138,-0.21319893071749668,0.0,0.001953125,-1.0,-3.638267607936293,ok,0.0703125,False
NBaIoT_MixedDevice_9Sources_Balanced,Scaling,IID,F1_Mean_Over_Rounds,FLAME,FedAvg,10,0.7845310552835171,0.6756696176038343,0.10886143767968277,0.0,0.001953125,0.92,1.8577467214997698,ok,0.0703125,False
NBaIoT_MixedDevice_9Sources_Balanced,Scaling,IID,F1_Mean_Over_Rounds,FLAME,Krum,10,0.7845310552835171,0.8931822572433262,-0.10865120195980911,0.0,0.001953125,-1.0,-1.8049646113432871,ok,0.0703125,False
NBaIoT_MixedDevice_9Sources_Balanced,Scaling,IID,F1_Mean_Over_Rounds,FLTrust,FedAvg,10,0.9977299860010138,0.6756696176038343,0.3220603683971795,0.0,0.001953125,1.0,16.60678594172781,ok,0.0703125,False
NBaIoT_MixedDevice_9Sources_Balanced,Scaling,IID,F1_Mean_Over_Rounds,FLTrust,Krum,10,0.9977299860010138,0.8931822572433262,0.10454772875768756,0.0,0.001953125,1.0,14.16301226741798,ok,0.0703125,False
NBaIoT_MixedDevice_9Sources_Balanced,Scaling,IID,F1_Mean_Over_Rounds,FedAvg,Krum,10,0.6756696176038343,0.8931822572433262,-0.21751263963949188,0.0,0.001953125,-1.0,-9.996868537385527,ok,0.0703125,False
NBaIoT_MixedDevice_9Sources_Balanced,Scaling,IID,ASR_Mean_Over_Rounds,Adaptive_FixedCircuitBreaker,Adaptive_NoAdaptiveWeighting,10,0.0016344444444444442,0.0015866666666666668,4.77777777777777e-05,6.0,0.4375,0.06,0.1912402221692077,ok,1.0,False
NBaIoT_MixedDevice_9Sources_Balanced,Scaling,IID,ASR_Mean_Over_Rounds,Adaptive_FixedCircuitBreaker,Adaptive_NoCircuitBreaker,10,0.0016344444444444442,0.0016799999999999999,-4.555555555555554e-05,5.0,0.625,-0.05,-0.2019135598877645,ok,1.0,False
NBaIoT_MixedDevice_9Sources_Balanced,Scaling,IID,ASR_Mean_Over_Rounds,Adaptive_FixedCircuitBreaker,Adaptive_NoTemporalMemory,10,0.0016344444444444442,0.0016122222222222221,2.2222222222222206e-05,4.0,0.875,0.02,0.12273044245938387,ok,1.0,False
NBaIoT_MixedDevice_9Sources_Balanced,Scaling,IID,ASR_Mean_Over_Rounds,Adaptive_FixedCircuitBreaker,Adaptive_Ultimate,10,0.0016344444444444442,0.001621111111111111,1.333333333333334e-05,1.0,1.0,0.02,0.06633085802836364,ok,1.0,False
NBaIoT_MixedDevice_9Sources_Balanced,Scaling,IID,ASR_Mean_Over_Rounds,Adaptive_FixedCircuitBreaker,FLAME,10,0.0016344444444444442,0.33469444444444446,-0.33306,0.0,0.001953125,-1.0,-3.7335004432131553,ok,0.0703125,False
NBaIoT_MixedDevice_9Sources_Balanced,Scaling,IID,ASR_Mean_Over_Rounds,Adaptive_FixedCircuitBreaker,FLTrust,10,0.0016344444444444442,0.0016933333333333331,-5.888888888888892e-05,10.0,0.578125,-0.08,-0.2597117147053812,ok,1.0,False
NBaIoT_MixedDevice_9Sources_Balanced,Scaling,IID,ASR_Mean_Over_Rounds,Adaptive_FixedCircuitBreaker,FedAvg,10,0.0016344444444444442,0.5103833333333333,-0.5087488888888889,0.0,0.001953125,-1.0,-18.747375687295094,ok,0.0703125,False
NBaIoT_MixedDevice_9Sources_Balanced,Scaling,IID,ASR_Mean_Over_Rounds,Adaptive_FixedCircuitBreaker,Krum,10,0.0016344444444444442,0.1429855555555556,-0.14135111111111107,0.0,0.001953125,-1.0,-23.829914781679683,ok,0.0703125,False
NBaIoT_MixedDevice_9Sources_Balanced,Scaling,IID,ASR_Mean_Over_Rounds,Adaptive_NoAdaptiveWeighting,Adaptive_NoCircuitBreaker,10,0.0015866666666666668,0.0016799999999999999,-9.333333333333325e-05,13.0,0.30078125,-0.09,-0.38401072806860653,ok,1.0,False
NBaIoT_MixedDevice_9Sources_Balanced,Scaling,IID,ASR_Mean_Over_Rounds,Adaptive_NoAdaptiveWeighting,Adaptive_NoTemporalMemory,10,0.0015866666666666668,0.0016122222222222221,-2.55555555555555e-05,11.0,0.65625,-0.05,-0.10032609986665583,ok,1.0,False
NBaIoT_MixedDevice_9Sources_Balanced,Scaling,IID,ASR_Mean_Over_Rounds,Adaptive_NoAdaptiveWeighting,Adaptive_Ultimate,10,0.0015866666666666668,0.001621111111111111,-3.4444444444444366e-05,10.0,0.578125,-0.05,-0.1372568513642295,ok,1.0,False
NBaIoT_MixedDevice_9Sources_Balanced,Scaling,IID,ASR_Mean_Over_Rounds,Adaptive_NoAdaptiveWeighting,FLAME,10,0.0015866666666666668,0.33469444444444446,-0.3331077777777778,0.0,0.001953125,-1.0,-3.730255915830393,ok,0.0703125,False
NBaIoT_MixedDevice_9Sources_Balanced,Scaling,IID,ASR_Mean_Over_Rounds,Adaptive_NoAdaptiveWeighting,FLTrust,10,0.0015866666666666668,0.0016933333333333331,-0.00010666666666666663,9.0,0.25,-0.12,-0.48024018015013104,ok,1.0,False
NBaIoT_MixedDevice_9Sources_Balanced,Scaling,IID,ASR_Mean_Over_Rounds,Adaptive_NoAdaptiveWeighting,FedAvg,10,0.0015866666666666668,0.5103833333333333,-0.5087966666666668,0.0,0.001953125,-1.0,-18.766884904880097,ok,0.0703125,False
NBaIoT_MixedDevice_9Sources_Balanced,Scaling,IID,ASR_Mean_Over_Rounds,Adaptive_NoAdaptiveWeighting,Krum,10,0.0015866666666666668,0.1429855555555556,-0.14139888888888888,0.0,0.001953125,-1.0,-23.347245255767515,ok,0.0703125,False
NBaIoT_MixedDevice_9Sources_Balanced,Scaling,IID,ASR_Mean_Over_Rounds,Adaptive_NoCircuitBreaker,Adaptive_NoTemporalMemory,10,0.0016799999999999999,0.0016122222222222221,6.777777777777774e-05,7.0,0.296875,0.06,0.3850371082749964,ok,1.0,False
NBaIoT_MixedDevice_9Sources_Balanced,Scaling,IID,ASR_Mean_Over_Rounds,Adaptive_NoCircuitBreaker,Adaptive_Ultimate,10,0.0016799999999999999,0.001621111111111111,5.888888888888888e-05,3.0,0.3125,0.06,0.3379080268438187,ok,1.0,False
NBaIoT_MixedDevice_9Sources_Balanced,Scaling,IID,ASR_Mean_Over_Rounds,Adaptive_NoCircuitBreaker,FLAME,10,0.0016799999999999999,0.33469444444444446,-0.33301444444444445,0.0,0.001953125,-1.0,-3.7343222349482743,ok,0.0703125,False
NBaIoT_MixedDevice_9Sources_Balanced,Scaling,IID,ASR_Mean_Over_Rounds,Adaptive_NoCircuitBreaker,FLTrust,10,0.0016799999999999999,0.0016933333333333331,-1.3333333333333382e-05,7.0,0.296875,-0.05,-0.29433147307547863,ok,1.0,False
NBaIoT_MixedDevice_9Sources_Balanced,Scaling,IID,ASR_Mean_Over_Rounds,Adaptive_NoCircuitBreaker,FedAvg,10,0.0016799999999999999,0.5103833333333333,-0.5087033333333334,0.0,0.001953125,-1.0,-18.804518870113693,ok,0.0703125,False
NBaIoT_MixedDevice_9Sources_Balanced,Scaling,IID,ASR_Mean_Over_Rounds,Adaptive_NoCircuitBreaker,Krum,10,0.0016799999999999999,0.1429855555555556,-0.14130555555555555,0.0,0.001953125,-1.0,-23.102232866359515,ok,0.0703125,False
NBaIoT_MixedDevice_9Sources_Balanced,Scaling,IID,ASR_Mean_Over_Rounds,Adaptive_NoTemporalMemory,Adaptive_Ultimate,10,0.0016122222222222221,0.001621111111111111,-8.888888888888868e-06,3.0,0.625,0.0,-0.3009419175453112,ok,1.0,False
NBaIoT_MixedDevice_9Sources_Balanced,Scaling,IID,ASR_Mean_Over_Rounds,Adaptive_NoTemporalMemory,FLAME,10,0.0016122222222222221,0.33469444444444446,-0.33308222222222217,0.0,0.001953125,-1.0,-3.7300330591304793,ok,0.0703125,False
NBaIoT_MixedDevice_9Sources_Balanced,Scaling,IID,ASR_Mean_Over_Rounds,Adaptive_NoTemporalMemory,FLTrust,10,0.0016122222222222221,0.0016933333333333331,-8.111111111111113e-05,5.0,0.15625,-0.08,-0.4846247747717907,ok,1.0,False
NBaIoT_MixedDevice_9Sources_Balanced,Scaling,IID,ASR_Mean_Over_Rounds,Adaptive_NoTemporalMemory,FedAvg,10,0.0016122222222222221,0.5103833333333333,-0.5087711111111111,0.0,0.001953125,-1.0,-18.772872692592816,ok,0.0703125,False
NBaIoT_MixedDevice_9Sources_Balanced,Scaling,IID,ASR_Mean_Over_Rounds,Adaptive_NoTemporalMemory,Krum,10,0.0016122222222222221,0.1429855555555556,-0.1413733333333333,0.0,0.001953125,-1.0,-23.51051545554117,ok,0.0703125,False
NBaIoT_MixedDevice_9Sources_Balanced,Scaling,IID,ASR_Mean_Over_Rounds,Adaptive_Ultimate,FLAME,10,0.001621111111111111,0.33469444444444446,-0.33307333333333333,0.0,0.001953125,-1.0,-3.729587941588534,ok,0.0703125,False
NBaIoT_MixedDevice_9Sources_Balanced,Scaling,IID,ASR_Mean_Over_Rounds,Adaptive_Ultimate,FLTrust,10,0.001621111111111111,0.0016933333333333331,-7.222222222222226e-05,6.0,0.21875,-0.08,-0.44895850852842606,ok,1.0,False
NBaIoT_MixedDevice_9Sources_Balanced,Scaling,IID,ASR_Mean_Over_Rounds,Adaptive_Ultimate,FedAvg,10,0.001621111111111111,0.5103833333333333,-0.5087622222222222,0.0,0.001953125,-1.0,-18.772931079629778,ok,0.0703125,False
NBaIoT_MixedDevice_9Sources_Balanced,Scaling,IID,ASR_Mean_Over_Rounds,Adaptive_Ultimate,Krum,10,0.001621111111111111,0.1429855555555556,-0.1413644444444444,0.0,0.001953125,-1.0,-23.43535535816626,ok,0.0703125,False
NBaIoT_MixedDevice_9Sources_Balanced,Scaling,IID,ASR_Mean_Over_Rounds,FLAME,FLTrust,10,0.33469444444444446,0.0016933333333333331,0.3330011111111112,0.0,0.001953125,1.0,3.732972900438173,ok,0.0703125,False
NBaIoT_MixedDevice_9Sources_Balanced,Scaling,IID,ASR_Mean_Over_Rounds,FLAME,FedAvg,10,0.33469444444444446,0.5103833333333333,-0.17568888888888892,0.0,0.001953125,-0.92,-2.009863024650033,ok,0.0703125,False
NBaIoT_MixedDevice_9Sources_Balanced,Scaling,IID,ASR_Mean_Over_Rounds,FLAME,Krum,10,0.33469444444444446,0.1429855555555556,0.19170888888888887,0.0,0.001953125,1.0,2.1167128963727717,ok,0.0703125,False
NBaIoT_MixedDevice_9Sources_Balanced,Scaling,IID,ASR_Mean_Over_Rounds,FLTrust,FedAvg,10,0.0016933333333333331,0.5103833333333333,-0.5086900000000001,0.0,0.001953125,-1.0,-18.789357493983555,ok,0.0703125,False
NBaIoT_MixedDevice_9Sources_Balanced,Scaling,IID,ASR_Mean_Over_Rounds,FLTrust,Krum,10,0.0016933333333333331,0.1429855555555556,-0.1412922222222222,0.0,0.001953125,-1.0,-23.06823162570753,ok,0.0703125,False
NBaIoT_MixedDevice_9Sources_Balanced,Scaling,IID,ASR_Mean_Over_Rounds,FedAvg,Krum,10,0.5103833333333333,0.1429855555555556,0.3673977777777778,0.0,0.001953125,1.0,13.281132532877413,ok,0.0703125,False
NBaIoT_MixedDevice_9Sources_Balanced,Scaling,IID,F1_Final_Round,Adaptive_FixedCircuitBreaker,Adaptive_NoAdaptiveWeighting,10,0.9977777752057555,0.9978888869684466,-0.00011111176269108513,0.0,0.5,-0.03,-0.4743416490139605,ok,1.0,False
NBaIoT_MixedDevice_9Sources_Balanced,Scaling,IID,F1_Final_Round,Adaptive_FixedCircuitBreaker,Adaptive_NoCircuitBreaker,10,0.9977777752057555,0.9976666606309446,0.00011111457481094433,19.0,0.734375,0.11,0.08195583962224616,ok,1.0,False
NBaIoT_MixedDevice_9Sources_Balanced,Scaling,IID,F1_Final_Round,Adaptive_FixedCircuitBreaker,Adaptive_NoTemporalMemory,10,0.9977777752057555,0.99794444274691,-0.0001666675411544194,3.0,0.625,-0.02,-0.36439883232834774,ok,1.0,False
NBaIoT_MixedDevice_9Sources_Balanced,Scaling,IID,F1_Final_Round,Adaptive_FixedCircuitBreaker,Adaptive_Ultimate,10,0.9977777752057555,0.99794444274691,-0.0001666675411544194,3.0,0.625,-0.02,-0.36439883232834774,ok,1.0,False
NBaIoT_MixedDevice_9Sources_Balanced,Scaling,IID,F1_Final_Round,Adaptive_FixedCircuitBreaker,FLAME,10,0.9977777752057555,0.678082978505105,0.3196947967006506,0.0,0.001953125,1.0,3.0196159734981345,ok,0.0703125,False
NBaIoT_MixedDevice_9Sources_Balanced,Scaling,IID,F1_Final_Round,Adaptive_FixedCircuitBreaker,FLTrust,10,0.9977777752057555,0.9975555502743203,0.00022222493143521095,13.0,0.546875,0.2,0.18429006972074383,ok,1.0,False
NBaIoT_MixedDevice_9Sources_Balanced,Scaling,IID,F1_Final_Round,Adaptive_FixedCircuitBreaker,FedAvg,10,0.9977777752057555,0.619453731414385,0.37832404379137047,0.0,0.001953125,1.0,1.9317911282855247,ok,0.0703125,False
NBaIoT_MixedDevice_9Sources_Balanced,Scaling,IID,F1_Final_Round,Adaptive_FixedCircuitBreaker,Krum,10,0.9977777752057555,0.563507623146097,0.43427015205965863,0.0,0.001953125,1.0,1.7316844337382282,ok,0.0703125,False
NBaIoT_MixedDevice_9Sources_Balanced,Scaling,IID,F1_Final_Round,Adaptive_NoAdaptiveWeighting,Adaptive_NoCircuitBreaker,10,0.9978888869684466,0.9976666606309446,0.00022222633750202948,17.0,0.5703125,0.14,0.16577598186142528,ok,1.0,False
NBaIoT_MixedDevice_9Sources_Balanced,Scaling,IID,F1_Final_Round,Adaptive_NoAdaptiveWeighting,Adaptive_NoTemporalMemory,10,0.9978888869684466,0.99794444274691,-5.555577846333426e-05,3.0,1.0,0.0,-0.17616584086381215,ok,1.0,False
NBaIoT_MixedDevice_9Sources_Balanced,Scaling,IID,F1_Final_Round,Adaptive_NoAdaptiveWeighting,Adaptive_Ultimate,10,0.9978888869684466,0.99794444274691,-5.555577846333426e-05,3.0,1.0,0.0,-0.17616584086381215,ok,1.0,False
NBaIoT_MixedDevice_9Sources_Balanced,Scaling,IID,F1_Final_Round,Adaptive_NoAdaptiveWeighting,FLAME,10,0.9978888869684466,0.678082978505105,0.31980590846334167,0.0,0.001953125,1.0,3.022219770972481,ok,0.0703125,False
NBaIoT_MixedDevice_9Sources_Balanced,Scaling,IID,F1_Final_Round,Adaptive_NoAdaptiveWeighting,FLTrust,10,0.9978888869684466,0.9975555502743203,0.0003333366941262961,7.0,0.296875,0.23,0.27643470749690074,ok,1.0,False
NBaIoT_MixedDevice_9Sources_Balanced,Scaling,IID,F1_Final_Round,Adaptive_NoAdaptiveWeighting,FedAvg,10,0.9978888869684466,0.619453731414385,0.3784351555540616,0.0,0.001953125,1.0,1.9318457201950014,ok,0.0703125,False
NBaIoT_MixedDevice_9Sources_Balanced,Scaling,IID,F1_Final_Round,Adaptive_NoAdaptiveWeighting,Krum,10,0.9978888869684466,0.563507623146097,0.4343812638223496,0.0,0.001953125,1.0,1.7324616651543978,ok,0.0703125,False
NBaIoT_MixedDevice_9Sources_Balanced,Scaling,IID,F1_Final_Round,Adaptive_NoCircuitBreaker,Adaptive_NoTemporalMemory,10,0.9976666606309446,0.99794444274691,-0.00027778211596536374,10.0,0.578125,-0.21,-0.2199730997240317,ok,1.0,False
NBaIoT_MixedDevice_9Sources_Balanced,Scaling,IID,F1_Final_Round,Adaptive_NoCircuitBreaker,Adaptive_Ultimate,10,0.9976666606309446,0.99794444274691,-0.00027778211596536374,10.0,0.578125,-0.21,-0.2199730997240317,ok,1.0,False
NBaIoT_MixedDevice_9Sources_Balanced,Scaling,IID,F1_Final_Round,Adaptive_NoCircuitBreaker,FLAME,10,0.9976666606309446,0.678082978505105,0.31958368212583965,0.0,0.001953125,1.0,3.030996102096038,ok,0.0703125,False
NBaIoT_MixedDevice_9Sources_Balanced,Scaling,IID,F1_Final_Round,Adaptive_NoCircuitBreaker,FLTrust,10,0.9976666606309446,0.9975555502743203,0.0001111103566242666,5.0,0.625,0.05,0.21763955163992882,ok,1.0,False
NBaIoT_MixedDevice_9Sources_Balanced,Scaling,IID,F1_Final_Round,Adaptive_NoCircuitBreaker,FedAvg,10,0.9976666606309446,0.619453731414385,0.3782129292165596,0.0,0.001953125,1.0,1.926672430387113,ok,0.0703125,False
NBaIoT_MixedDevice_9Sources_Balanced,Scaling,IID,F1_Final_Round,Adaptive_NoCircuitBreaker,Krum,10,0.9976666606309446,0.563507623146097,0.4341590374848476,0.0,0.001953125,1.0,1.7322506545362053,ok,0.0703125,False
NBaIoT_MixedDevice_9Sources_Balanced,Scaling,IID,F1_Final_Round,Adaptive_NoTemporalMemory,Adaptive_Ultimate,10,0.99794444274691,0.99794444274691,0.0,0.0,1.0,0.0,0.0,identical_values,1.0,False
NBaIoT_MixedDevice_9Sources_Balanced,Scaling,IID,F1_Final_Round,Adaptive_NoTemporalMemory,FLAME,10,0.99794444274691,0.678082978505105,0.31986146424180495,0.0,0.001953125,1.0,3.021408035280895,ok,0.0703125,False
NBaIoT_MixedDevice_9Sources_Balanced,Scaling,IID,F1_Final_Round,Adaptive_NoTemporalMemory,FLTrust,10,0.99794444274691,0.9975555502743203,0.00038889247258963036,5.0,0.3125,0.24,0.3316269253987171,ok,1.0,False
NBaIoT_MixedDevice_9Sources_Balanced,Scaling,IID,F1_Final_Round,Adaptive_NoTemporalMemory,FedAvg,10,0.99794444274691,0.619453731414385,0.37849071133252493,0.0,0.001953125,1.0,1.9328354593218298,ok,0.0703125,False
NBaIoT_MixedDevice_9Sources_Balanced,Scaling,IID,F1_Final_Round,Adaptive_NoTemporalMemory,Krum,10,0.99794444274691,0.563507623146097,0.434436819600813,0.0,0.001953125,1.0,1.73273752808777,ok,0.0703125,False
NBaIoT_MixedDevice_9Sources_Balanced,Scaling,IID,F1_Final_Round,Adaptive_Ultimate,FLAME,10,0.99794444274691,0.678082978505105,0.31986146424180495,0.0,0.001953125,1.0,3.021408035280895,ok,0.0703125,False
NBaIoT_MixedDevice_9Sources_Balanced,Scaling,IID,F1_Final_Round,Adaptive_Ultimate,FLTrust,10,0.99794444274691,0.9975555502743203,0.00038889247258963036,5.0,0.3125,0.24,0.3316269253987171,ok,1.0,False
NBaIoT_MixedDevice_9Sources_Balanced,Scaling,IID,F1_Final_Round,Adaptive_Ultimate,FedAvg,10,0.99794444274691,0.619453731414385,0.37849071133252493,0.0,0.001953125,1.0,1.9328354593218298,ok,0.0703125,False
NBaIoT_MixedDevice_9Sources_Balanced,Scaling,IID,F1_Final_Round,Adaptive_Ultimate,Krum,10,0.99794444274691,0.563507623146097,0.434436819600813,0.0,0.001953125,1.0,1.73273752808777,ok,0.0703125,False
NBaIoT_MixedDevice_9Sources_Balanced,Scaling,IID,F1_Final_Round,FLAME,FLTrust,10,0.678082978505105,0.9975555502743203,-0.3194725717692154,0.0,0.001953125,-1.0,-3.034065639373171,ok,0.0703125,False
NBaIoT_MixedDevice_9Sources_Balanced,Scaling,IID,F1_Final_Round,FLAME,FedAvg,10,0.678082978505105,0.619453731414385,0.05862924709071993,24.0,0.76953125,-0.12,0.24070869509616155,ok,1.0,False
NBaIoT_MixedDevice_9Sources_Balanced,Scaling,IID,F1_Final_Round,FLAME,Krum,10,0.678082978505105,0.563507623146097,0.11457535535900798,14.0,0.193359375,0.22,0.5009039654950583,ok,1.0,False
NBaIoT_MixedDevice_9Sources_Balanced,Scaling,IID,F1_Final_Round,FLTrust,FedAvg,10,0.9975555502743203,0.619453731414385,0.3781018188599353,0.0,0.001953125,1.0,1.9257683836398523,ok,0.0703125,False
NBaIoT_MixedDevice_9Sources_Balanced,Scaling,IID,F1_Final_Round,FLTrust,Krum,10,0.9975555502743203,0.563507623146097,0.4340479271282233,0.0,0.001953125,1.0,1.7302084198855396,ok,0.0703125,False
NBaIoT_MixedDevice_9Sources_Balanced,Scaling,IID,F1_Final_Round,FedAvg,Krum,10,0.619453731414385,0.563507623146097,0.05594610826828805,22.0,0.625,0.21,0.19495081438425763,ok,1.0,False
NBaIoT_MixedDevice_9Sources_Balanced,Scaling,IID,ASR_Final_Round,Adaptive_FixedCircuitBreaker,Adaptive_NoAdaptiveWeighting,10,0.0015555555555555555,0.0016666666666666666,-0.00011111111111111112,0.0,1.0,-0.08,-0.31622776601683794,ok,1.0,False
NBaIoT_MixedDevice_9Sources_Balanced,Scaling,IID,ASR_Final_Round,Adaptive_FixedCircuitBreaker,Adaptive_NoCircuitBreaker,10,0.0015555555555555555,0.0021111111111111113,-0.0005555555555555557,1.0,0.25,-0.28,-0.42426406871192857,ok,1.0,False
NBaIoT_MixedDevice_9Sources_Balanced,Scaling,IID,ASR_Final_Round,Adaptive_FixedCircuitBreaker,Adaptive_NoTemporalMemory,10,0.0015555555555555555,0.0015555555555555555,0.0,1.5,1.0,0.0,0.0,ok,1.0,False
NBaIoT_MixedDevice_9Sources_Balanced,Scaling,IID,ASR_Final_Round,Adaptive_FixedCircuitBreaker,Adaptive_Ultimate,10,0.0015555555555555555,0.0015555555555555555,0.0,1.5,1.0,0.0,0.0,ok,1.0,False
NBaIoT_MixedDevice_9Sources_Balanced,Scaling,IID,ASR_Final_Round,Adaptive_FixedCircuitBreaker,FLAME,10,0.0015555555555555555,0.5771111111111111,-0.5755555555555556,0.0,0.001953125,-1.0,-3.8909382121180096,ok,0.0703125,False
NBaIoT_MixedDevice_9Sources_Balanced,Scaling,IID,ASR_Final_Round,Adaptive_FixedCircuitBreaker,FLTrust,10,0.0015555555555555555,0.0021111111111111113,-0.0005555555555555557,1.0,0.25,-0.28,-0.4242640687119287,ok,1.0,False
NBaIoT_MixedDevice_9Sources_Balanced,Scaling,IID,ASR_Final_Round,Adaptive_FixedCircuitBreaker,FedAvg,10,0.0015555555555555555,0.6505555555555556,-0.6489999999999999,0.0,0.001953125,-1.0,-2.6498800805389817,ok,0.0703125,False
NBaIoT_MixedDevice_9Sources_Balanced,Scaling,IID,ASR_Final_Round,Adaptive_FixedCircuitBreaker,Krum,10,0.0015555555555555555,0.6963333333333332,-0.6947777777777777,0.0,0.001953125,-1.0,-2.0011582685739024,ok,0.0703125,False
NBaIoT_MixedDevice_9Sources_Balanced,Scaling,IID,ASR_Final_Round,Adaptive_NoAdaptiveWeighting,Adaptive_NoCircuitBreaker,10,0.0016666666666666666,0.0021111111111111113,-0.00044444444444444447,1.0,0.25,-0.22,-0.3721042037676254,ok,1.0,False
NBaIoT_MixedDevice_9Sources_Balanced,Scaling,IID,ASR_Final_Round,Adaptive_NoAdaptiveWeighting,Adaptive_NoTemporalMemory,10,0.0016666666666666666,0.0015555555555555555,0.00011111111111111112,0.0,1.0,0.08,0.31622776601683794,ok,1.0,False
NBaIoT_MixedDevice_9Sources_Balanced,Scaling,IID,ASR_Final_Round,Adaptive_NoAdaptiveWeighting,Adaptive_Ultimate,10,0.0016666666666666666,0.0015555555555555555,0.00011111111111111112,0.0,1.0,0.08,0.31622776601683794,ok,1.0,False
NBaIoT_MixedDevice_9Sources_Balanced,Scaling,IID,ASR_Final_Round,Adaptive_NoAdaptiveWeighting,FLAME,10,0.0016666666666666666,0.5771111111111111,-0.5754444444444444,0.0,0.001953125,-1.0,-3.8888354529578057,ok,0.0703125,False
NBaIoT_MixedDevice_9Sources_Balanced,Scaling,IID,ASR_Final_Round,Adaptive_NoAdaptiveWeighting,FLTrust,10,0.0016666666666666666,0.0021111111111111113,-0.0004444444444444445,1.0,0.25,-0.22,-0.4140393356054126,ok,1.0,False
NBaIoT_MixedDevice_9Sources_Balanced,Scaling,IID,ASR_Final_Round,Adaptive_NoAdaptiveWeighting,FedAvg,10,0.0016666666666666666,0.6505555555555556,-0.6488888888888888,0.0,0.001953125,-1.0,-2.6485389390426857,ok,0.0703125,False
NBaIoT_MixedDevice_9Sources_Balanced,Scaling,IID,ASR_Final_Round,Adaptive_NoAdaptiveWeighting,Krum,10,0.0016666666666666666,0.6963333333333332,-0.6946666666666668,0.0,0.001953125,-1.0,-1.9994490314249749,ok,0.0703125,False
NBaIoT_MixedDevice_9Sources_Balanced,Scaling,IID,ASR_Final_Round,Adaptive_NoCircuitBreaker,Adaptive_NoTemporalMemory,10,0.0021111111111111113,0.0015555555555555555,0.0005555555555555556,1.0,0.125,0.28,0.46291004988627577,ok,1.0,False
NBaIoT_MixedDevice_9Sources_Balanced,Scaling,IID,ASR_Final_Round,Adaptive_NoCircuitBreaker,Adaptive_Ultimate,10,0.0021111111111111113,0.0015555555555555555,0.0005555555555555556,1.0,0.125,0.28,0.46291004988627577,ok,1.0,False
NBaIoT_MixedDevice_9Sources_Balanced,Scaling,IID,ASR_Final_Round,Adaptive_NoCircuitBreaker,FLAME,10,0.0021111111111111113,0.5771111111111111,-0.575,0.0,0.001953125,-1.0,-3.8823845500105945,ok,0.0703125,False
NBaIoT_MixedDevice_9Sources_Balanced,Scaling,IID,ASR_Final_Round,Adaptive_NoCircuitBreaker,FLTrust,10,0.0021111111111111113,0.0021111111111111113,0.0,1.5,1.0,0.0,0.0,ok,1.0,False
NBaIoT_MixedDevice_9Sources_Balanced,Scaling,IID,ASR_Final_Round,Adaptive_NoCircuitBreaker,FedAvg,10,0.0021111111111111113,0.6505555555555556,-0.6484444444444444,0.0,0.001953125,-1.0,-2.643475519934383,ok,0.0703125,False
NBaIoT_MixedDevice_9Sources_Balanced,Scaling,IID,ASR_Final_Round,Adaptive_NoCircuitBreaker,Krum,10,0.0021111111111111113,0.6963333333333332,-0.6942222222222222,0.0,0.001953125,-1.0,-1.9956698366230252,ok,0.0703125,False
NBaIoT_MixedDevice_9Sources_Balanced,Scaling,IID,ASR_Final_Round,Adaptive_NoTemporalMemory,Adaptive_Ultimate,10,0.0015555555555555555,0.0015555555555555555,0.0,0.0,1.0,0.0,0.0,identical_values,1.0,False
NBaIoT_MixedDevice_9Sources_Balanced,Scaling,IID,ASR_Final_Round,Adaptive_NoTemporalMemory,FLAME,10,0.0015555555555555555,0.5771111111111111,-0.5755555555555556,0.0,0.001953125,-1.0,-3.8805641400731354,ok,0.0703125,False
NBaIoT_MixedDevice_9Sources_Balanced,Scaling,IID,ASR_Final_Round,Adaptive_NoTemporalMemory,FLTrust,10,0.0015555555555555555,0.0021111111111111113,-0.0005555555555555557,1.0,0.125,-0.28,-0.5144957554275266,ok,1.0,False
NBaIoT_MixedDevice_9Sources_Balanced,Scaling,IID,ASR_Final_Round,Adaptive_NoTemporalMemory,FedAvg,10,0.0015555555555555555,0.6505555555555556,-0.6489999999999999,0.0,0.001953125,-1.0,-2.649704362423213,ok,0.0703125,False
NBaIoT_MixedDevice_9Sources_Balanced,Scaling,IID,ASR_Final_Round,Adaptive_NoTemporalMemory,Krum,10,0.0015555555555555555,0.6963333333333332,-0.6947777777777778,0.0,0.001953125,-1.0,-1.9991481463378022,ok,0.0703125,False
NBaIoT_MixedDevice_9Sources_Balanced,Scaling,IID,ASR_Final_Round,Adaptive_Ultimate,FLAME,10,0.0015555555555555555,0.5771111111111111,-0.5755555555555556,0.0,0.001953125,-1.0,-3.8805641400731354,ok,0.0703125,False
NBaIoT_MixedDevice_9Sources_Balanced,Scaling,IID,ASR_Final_Round,Adaptive_Ultimate,FLTrust,10,0.0015555555555555555,0.0021111111111111113,-0.0005555555555555557,1.0,0.125,-0.28,-0.5144957554275266,ok,1.0,False
NBaIoT_MixedDevice_9Sources_Balanced,Scaling,IID,ASR_Final_Round,Adaptive_Ultimate,FedAvg,10,0.0015555555555555555,0.6505555555555556,-0.6489999999999999,0.0,0.001953125,-1.0,-2.649704362423213,ok,0.0703125,False
NBaIoT_MixedDevice_9Sources_Balanced,Scaling,IID,ASR_Final_Round,Adaptive_Ultimate,Krum,10,0.0015555555555555555,0.6963333333333332,-0.6947777777777778,0.0,0.001953125,-1.0,-1.9991481463378022,ok,0.0703125,False
NBaIoT_MixedDevice_9Sources_Balanced,Scaling,IID,ASR_Final_Round,FLAME,FLTrust,10,0.5771111111111111,0.0021111111111111113,0.575,0.0,0.001953125,1.0,3.881680647835692,ok,0.0703125,False
NBaIoT_MixedDevice_9Sources_Balanced,Scaling,IID,ASR_Final_Round,FLAME,FedAvg,10,0.5771111111111111,0.6505555555555556,-0.07344444444444442,24.0,0.76953125,0.12,-0.24422906595703028,ok,1.0,False
NBaIoT_MixedDevice_9Sources_Balanced,Scaling,IID,ASR_Final_Round,FLAME,Krum,10,0.5771111111111111,0.6963333333333332,-0.11922222222222223,20.0,0.4921875,-0.16,-0.3501607098683777,ok,1.0,False
NBaIoT_MixedDevice_9Sources_Balanced,Scaling,IID,ASR_Final_Round,FLTrust,FedAvg,10,0.0021111111111111113,0.6505555555555556,-0.6484444444444445,0.0,0.001953125,-1.0,-2.6434393627051262,ok,0.0703125,False
NBaIoT_MixedDevice_9Sources_Balanced,Scaling,IID,ASR_Final_Round,FLTrust,Krum,10,0.0021111111111111113,0.6963333333333332,-0.6942222222222222,0.0,0.001953125,-1.0,-1.9946593766555196,ok,0.0703125,False
NBaIoT_MixedDevice_9Sources_Balanced,Scaling,IID,ASR_Final_Round,FedAvg,Krum,10,0.6505555555555556,0.6963333333333332,-0.045777777777777785,18.0,0.65234375,-0.18,-0.11896634681448283,ok,1.0,False
NBaIoT_MixedDevice_9Sources_Balanced,Scaling,NonIID_Dirichlet,F1_Mean_Over_Rounds,Adaptive_FixedCircuitBreaker,Adaptive_NoAdaptiveWeighting,10,0.9972642263522621,0.9971350966470423,0.0001291297052199658,25.0,0.845703125,0.0,0.18850017587947066,ok,1.0,False
NBaIoT_MixedDevice_9Sources_Balanced,Scaling,NonIID_Dirichlet,F1_Mean_Over_Rounds,Adaptive_FixedCircuitBreaker,Adaptive_NoCircuitBreaker,10,0.9972642263522621,0.9971314486741063,0.00013277767815588203,11.0,0.203125,0.09,0.37718360190667777,ok,1.0,False
NBaIoT_MixedDevice_9Sources_Balanced,Scaling,NonIID_Dirichlet,F1_Mean_Over_Rounds,Adaptive_FixedCircuitBreaker,Adaptive_NoTemporalMemory,10,0.9972642263522621,0.9972788671355358,-1.4640783273622837e-05,21.0,0.91015625,-0.01,-0.06534639876565786,ok,1.0,False
NBaIoT_MixedDevice_9Sources_Balanced,Scaling,NonIID_Dirichlet,F1_Mean_Over_Rounds,Adaptive_FixedCircuitBreaker,Adaptive_Ultimate,10,0.9972642263522621,0.9972392270976389,2.499925462328134e-05,8.0,0.6875,0.04,0.15917806985413444,ok,1.0,False
NBaIoT_MixedDevice_9Sources_Balanced,Scaling,NonIID_Dirichlet,F1_Mean_Over_Rounds,Adaptive_FixedCircuitBreaker,FLAME,10,0.9972642263522621,0.7407617684116887,0.2565024579405735,0.0,0.001953125,1.0,3.723930375744581,ok,0.0703125,False
NBaIoT_MixedDevice_9Sources_Balanced,Scaling,NonIID_Dirichlet,F1_Mean_Over_Rounds,Adaptive_FixedCircuitBreaker,FLTrust,10,0.9972642263522621,0.9972160890931804,4.813725908181521e-05,24.0,0.76953125,-0.02,0.11799237849267039,ok,1.0,False
NBaIoT_MixedDevice_9Sources_Balanced,Scaling,NonIID_Dirichlet,F1_Mean_Over_Rounds,Adaptive_FixedCircuitBreaker,FedAvg,10,0.9972642263522621,0.7031647983661032,0.2940994279861589,0.0,0.001953125,1.0,5.834118883688901,ok,0.0703125,False
NBaIoT_MixedDevice_9Sources_Balanced,Scaling,NonIID_Dirichlet,F1_Mean_Over_Rounds,Adaptive_FixedCircuitBreaker,Krum,10,0.9972642263522621,0.8879961189461347,0.10926810740612747,0.0,0.001953125,1.0,0.767192813687569,ok,0.0703125,False
NBaIoT_MixedDevice_9Sources_Balanced,Scaling,NonIID_Dirichlet,F1_Mean_Over_Rounds,Adaptive_NoAdaptiveWeighting,Adaptive_NoCircuitBreaker,10,0.9971350966470423,0.9971314486741063,3.647972935916233e-06,26.0,0.921875,0.0,0.00426057858164114,ok,1.0,False
NBaIoT_MixedDevice_9Sources_Balanced,Scaling,NonIID_Dirichlet,F1_Mean_Over_Rounds,Adaptive_NoAdaptiveWeighting,Adaptive_NoTemporalMemory,10,0.9971350966470423,0.9972788671355358,-0.00014377048849358864,27.0,1.0,-0.06,-0.1704736628724896,ok,1.0,False
NBaIoT_MixedDevice_9Sources_Balanced,Scaling,NonIID_Dirichlet,F1_Mean_Over_Rounds,Adaptive_NoAdaptiveWeighting,Adaptive_Ultimate,10,0.9971350966470423,0.9972392270976389,-0.00010413045059668447,26.0,0.921875,-0.06,-0.15023079907982487,ok,1.0,False
NBaIoT_MixedDevice_9Sources_Balanced,Scaling,NonIID_Dirichlet,F1_Mean_Over_Rounds,Adaptive_NoAdaptiveWeighting,FLAME,10,0.9971350966470423,0.7407617684116887,0.2563733282353535,0.0,0.001953125,1.0,3.7180746529595665,ok,0.0703125,False
NBaIoT_MixedDevice_9Sources_Balanced,Scaling,NonIID_Dirichlet,F1_Mean_Over_Rounds,Adaptive_NoAdaptiveWeighting,FLTrust,10,0.9971350966470423,0.9972160890931804,-8.099244613815059e-05,27.0,1.0,-0.06,-0.08338646254392473,ok,1.0,False
NBaIoT_MixedDevice_9Sources_Balanced,Scaling,NonIID_Dirichlet,F1_Mean_Over_Rounds,Adaptive_NoAdaptiveWeighting,FedAvg,10,0.9971350966470423,0.7031647983661032,0.29397029828093896,0.0,0.001953125,1.0,5.792268519187839,ok,0.0703125,False
NBaIoT_MixedDevice_9Sources_Balanced,Scaling,NonIID_Dirichlet,F1_Mean_Over_Rounds,Adaptive_NoAdaptiveWeighting,Krum,10,0.9971350966470423,0.8879961189461347,0.1091389777009075,0.0,0.001953125,1.0,0.7652635786993403,ok,0.0703125,False
NBaIoT_MixedDevice_9Sources_Balanced,Scaling,NonIID_Dirichlet,F1_Mean_Over_Rounds,Adaptive_NoCircuitBreaker,Adaptive_NoTemporalMemory,10,0.9971314486741063,0.9972788671355358,-0.00014741846142950487,15.0,0.232421875,-0.1,-0.4902320598515951,ok,1.0,False
NBaIoT_MixedDevice_9Sources_Balanced,Scaling,NonIID_Dirichlet,F1_Mean_Over_Rounds,Adaptive_NoCircuitBreaker,Adaptive_Ultimate,10,0.9971314486741063,0.9972392270976389,-0.0001077784235326007,15.0,0.42578125,-0.07,-0.36614283529899055,ok,1.0,False
NBaIoT_MixedDevice_9Sources_Balanced,Scaling,NonIID_Dirichlet,F1_Mean_Over_Rounds,Adaptive_NoCircuitBreaker,FLAME,10,0.9971314486741063,0.7407617684116887,0.25636968026241763,0.0,0.001953125,1.0,3.7179469449551834,ok,0.0703125,False
NBaIoT_MixedDevice_9Sources_Balanced,Scaling,NonIID_Dirichlet,F1_Mean_Over_Rounds,Adaptive_NoCircuitBreaker,FLTrust,10,0.9971314486741063,0.9972160890931804,-8.464041907406683e-05,16.0,0.275390625,-0.06,-0.48244733666639344,ok,1.0,False
NBaIoT_MixedDevice_9Sources_Balanced,Scaling,NonIID_Dirichlet,F1_Mean_Over_Rounds,Adaptive_NoCircuitBreaker,FedAvg,10,0.9971314486741063,0.7031647983661032,0.293966650308003,0.0,0.001953125,1.0,5.831876250996011,ok,0.0703125,False
NBaIoT_MixedDevice_9Sources_Balanced,Scaling,NonIID_Dirichlet,F1_Mean_Over_Rounds,Adaptive_NoCircuitBreaker,Krum,10,0.9971314486741063,0.8879961189461347,0.10913532972797158,0.0,0.001953125,1.0,0.7669555466362207,ok,0.0703125,False
NBaIoT_MixedDevice_9Sources_Balanced,Scaling,NonIID_Dirichlet,F1_Mean_Over_Rounds,Adaptive_NoTemporalMemory,Adaptive_Ultimate,10,0.9972788671355358,0.9972392270976389,3.964003789690418e-05,14.0,0.359375,0.05,0.221702505317053,ok,1.0,False
NBaIoT_MixedDevice_9Sources_Balanced,Scaling,NonIID_Dirichlet,F1_Mean_Over_Rounds,Adaptive_NoTemporalMemory,FLAME,10,0.9972788671355358,0.7407617684116887,0.2565170987238471,0.0,0.001953125,1.0,3.7193416730668027,ok,0.0703125,False
NBaIoT_MixedDevice_9Sources_Balanced,Scaling,NonIID_Dirichlet,F1_Mean_Over_Rounds,Adaptive_NoTemporalMemory,FLTrust,10,0.9972788671355358,0.9972160890931804,6.277804235543805e-05,18.0,0.65234375,0.01,0.21847686538000197,ok,1.0,False
NBaIoT_MixedDevice_9Sources_Balanced,Scaling,NonIID_Dirichlet,F1_Mean_Over_Rounds,Adaptive_NoTemporalMemory,FedAvg,10,0.9972788671355358,0.7031647983661032,0.2941140687694325,0.0,0.001953125,1.0,5.836432359772665,ok,0.0703125,False
NBaIoT_MixedDevice_9Sources_Balanced,Scaling,NonIID_Dirichlet,F1_Mean_Over_Rounds,Adaptive_NoTemporalMemory,Krum,10,0.9972788671355358,0.8879961189461347,0.10928274818940112,0.0,0.001953125,1.0,0.7679759238132233,ok,0.0703125,False
NBaIoT_MixedDevice_9Sources_Balanced,Scaling,NonIID_Dirichlet,F1_Mean_Over_Rounds,Adaptive_Ultimate,FLAME,10,0.9972392270976389,0.7407617684116887,0.25647745868595023,0.0,0.001953125,1.0,3.7218536805756113,ok,0.0703125,False
NBaIoT_MixedDevice_9Sources_Balanced,Scaling,NonIID_Dirichlet,F1_Mean_Over_Rounds,Adaptive_Ultimate,FLTrust,10,0.9972392270976389,0.9972160890931804,2.3138004458533868e-05,26.0,0.921875,-0.04,0.06337832757009733,ok,1.0,False
NBaIoT_MixedDevice_9Sources_Balanced,Scaling,NonIID_Dirichlet,F1_Mean_Over_Rounds,Adaptive_Ultimate,FedAvg,10,0.9972392270976389,0.7031647983661032,0.29407442873153566,0.0,0.001953125,1.0,5.827210938698728,ok,0.0703125,False
NBaIoT_MixedDevice_9Sources_Balanced,Scaling,NonIID_Dirichlet,F1_Mean_Over_Rounds,Adaptive_Ultimate,Krum,10,0.9972392270976389,0.8879961189461347,0.10924310815150418,0.0,0.001953125,1.0,0.7670988578626542,ok,0.0703125,False
NBaIoT_MixedDevice_9Sources_Balanced,Scaling,NonIID_Dirichlet,F1_Mean_Over_Rounds,FLAME,FLTrust,10,0.7407617684116887,0.9972160890931804,-0.25645432068149165,0.0,0.001953125,-1.0,-3.714364580191834,ok,0.0703125,False
NBaIoT_MixedDevice_9Sources_Balanced,Scaling,NonIID_Dirichlet,F1_Mean_Over_Rounds,FLAME,FedAvg,10,0.7407617684116887,0.7031647983661032,0.03759697004558543,15.0,0.232421875,0.32,0.4738053414620589,ok,1.0,False
NBaIoT_MixedDevice_9Sources_Balanced,Scaling,NonIID_Dirichlet,F1_Mean_Over_Rounds,FLAME,Krum,10,0.7407617684116887,0.8879961189461347,-0.147234350534446,9.0,0.064453125,-0.8,-0.7496228529112243,ok,1.0,False
NBaIoT_MixedDevice_9Sources_Balanced,Scaling,NonIID_Dirichlet,F1_Mean_Over_Rounds,FLTrust,FedAvg,10,0.9972160890931804,0.7031647983661032,0.29405129072707714,0.0,0.001953125,1.0,5.841470120933824,ok,0.0703125,False
NBaIoT_MixedDevice_9Sources_Balanced,Scaling,NonIID_Dirichlet,F1_Mean_Over_Rounds,FLTrust,Krum,10,0.9972160890931804,0.8879961189461347,0.10921997014704563,0.0,0.001953125,1.0,0.7679864120254142,ok,0.0703125,False
NBaIoT_MixedDevice_9Sources_Balanced,Scaling,NonIID_Dirichlet,F1_Mean_Over_Rounds,FedAvg,Krum,10,0.7031647983661032,0.8879961189461347,-0.18483132058003143,7.0,0.037109375,-0.8,-1.1568314786137213,ok,0.66796875,False
NBaIoT_MixedDevice_9Sources_Balanced,Scaling,NonIID_Dirichlet,ASR_Mean_Over_Rounds,Adaptive_FixedCircuitBreaker,Adaptive_NoAdaptiveWeighting,10,0.001888888888888889,0.0018322222222222223,5.666666666666658e-05,8.0,0.375,0.08,0.13580351207193767,ok,1.0,False
NBaIoT_MixedDevice_9Sources_Balanced,Scaling,NonIID_Dirichlet,ASR_Mean_Over_Rounds,Adaptive_FixedCircuitBreaker,Adaptive_NoCircuitBreaker,10,0.001888888888888889,0.0021422222222222224,-0.00025333333333333333,4.0,0.109375,-0.12,-0.4668360163295736,ok,1.0,False
NBaIoT_MixedDevice_9Sources_Balanced,Scaling,NonIID_Dirichlet,ASR_Mean_Over_Rounds,Adaptive_FixedCircuitBreaker,Adaptive_NoTemporalMemory,10,0.001888888888888889,0.0019388888888888893,-5.000000000000006e-05,5.0,0.625,-0.01,-0.1729277647283127,ok,1.0,False
NBaIoT_MixedDevice_9Sources_Balanced,Scaling,NonIID_Dirichlet,ASR_Mean_Over_Rounds,Adaptive_FixedCircuitBreaker,Adaptive_Ultimate,10,0.001888888888888889,0.001956666666666667,-6.777777777777778e-05,3.0,0.625,-0.03,-0.26764856979738644,ok,1.0,False
NBaIoT_MixedDevice_9Sources_Balanced,Scaling,NonIID_Dirichlet,ASR_Mean_Over_Rounds,Adaptive_FixedCircuitBreaker,FLAME,10,0.001888888888888889,0.2776733333333333,-0.27578444444444444,0.0,0.001953125,-1.0,-1.9383673356664206,ok,0.0703125,False
NBaIoT_MixedDevice_9Sources_Balanced,Scaling,NonIID_Dirichlet,ASR_Mean_Over_Rounds,Adaptive_FixedCircuitBreaker,FLTrust,10,0.001888888888888889,0.002118888888888889,-0.00023,6.0,0.21875,-0.08,-0.45472728900125076,ok,1.0,False
NBaIoT_MixedDevice_9Sources_Balanced,Scaling,NonIID_Dirichlet,ASR_Mean_Over_Rounds,Adaptive_FixedCircuitBreaker,FedAvg,10,0.001888888888888889,0.4503966666666666,-0.4485077777777778,0.0,0.001953125,-1.0,-5.931842212365773,ok,0.0703125,False
NBaIoT_MixedDevice_9Sources_Balanced,Scaling,NonIID_Dirichlet,ASR_Mean_Over_Rounds,Adaptive_FixedCircuitBreaker,Krum,10,0.001888888888888889,0.09191333333333332,-0.09002444444444445,0.0,0.001953125,-0.96,-1.8855821507310582,ok,0.0703125,False
NBaIoT_MixedDevice_9Sources_Balanced,Scaling,NonIID_Dirichlet,ASR_Mean_Over_Rounds,Adaptive_NoAdaptiveWeighting,Adaptive_NoCircuitBreaker,10,0.0018322222222222223,0.0021422222222222224,-0.0003099999999999999,6.0,0.109375,-0.15,-0.5684952900465129,ok,1.0,False
NBaIoT_MixedDevice_9Sources_Balanced,Scaling,NonIID_Dirichlet,ASR_Mean_Over_Rounds,Adaptive_NoAdaptiveWeighting,Adaptive_NoTemporalMemory,10,0.0018322222222222223,0.0019388888888888893,-0.00010666666666666665,10.0,0.578125,-0.03,-0.3080892375638333,ok,1.0,False
NBaIoT_MixedDevice_9Sources_Balanced,Scaling,NonIID_Dirichlet,ASR_Mean_Over_Rounds,Adaptive_NoAdaptiveWeighting,Adaptive_Ultimate,10,0.0018322222222222223,0.001956666666666667,-0.00012444444444444436,9.0,0.25,-0.07,-0.39445967387403047,ok,1.0,False
NBaIoT_MixedDevice_9Sources_Balanced,Scaling,NonIID_Dirichlet,ASR_Mean_Over_Rounds,Adaptive_NoAdaptiveWeighting,FLAME,10,0.0018322222222222223,0.2776733333333333,-0.2758411111111111,0.0,0.001953125,-1.0,-1.9390393914366617,ok,0.0703125,False
NBaIoT_MixedDevice_9Sources_Balanced,Scaling,NonIID_Dirichlet,ASR_Mean_Over_Rounds,Adaptive_NoAdaptiveWeighting,FLTrust,10,0.0018322222222222223,0.002118888888888889,-0.00028666666666666657,7.0,0.1484375,-0.15,-0.5578083206393388,ok,1.0,False
NBaIoT_MixedDevice_9Sources_Balanced,Scaling,NonIID_Dirichlet,ASR_Mean_Over_Rounds,Adaptive_NoAdaptiveWeighting,FedAvg,10,0.0018322222222222223,0.4503966666666666,-0.44856444444444443,0.0,0.001953125,-1.0,-5.931840993596448,ok,0.0703125,False
NBaIoT_MixedDevice_9Sources_Balanced,Scaling,NonIID_Dirichlet,ASR_Mean_Over_Rounds,Adaptive_NoAdaptiveWeighting,Krum,10,0.0018322222222222223,0.09191333333333332,-0.09008111111111111,0.0,0.001953125,-0.96,-1.8889483475303686,ok,0.0703125,False
NBaIoT_MixedDevice_9Sources_Balanced,Scaling,NonIID_Dirichlet,ASR_Mean_Over_Rounds,Adaptive_NoCircuitBreaker,Adaptive_NoTemporalMemory,10,0.0021422222222222224,0.0019388888888888893,0.00020333333333333328,7.0,0.296875,0.08,0.4175406004848586,ok,1.0,False
NBaIoT_MixedDevice_9Sources_Balanced,Scaling,NonIID_Dirichlet,ASR_Mean_Over_Rounds,Adaptive_NoCircuitBreaker,Adaptive_Ultimate,10,0.0021422222222222224,0.001956666666666667,0.00018555555555555556,4.0,0.21875,0.1,0.3995858251029541,ok,1.0,False
NBaIoT_MixedDevice_9Sources_Balanced,Scaling,NonIID_Dirichlet,ASR_Mean_Over_Rounds,Adaptive_NoCircuitBreaker,FLAME,10,0.0021422222222222224,0.2776733333333333,-0.27553111111111106,0.0,0.001953125,-1.0,-1.9361616574621199,ok,0.0703125,False
NBaIoT_MixedDevice_9Sources_Balanced,Scaling,NonIID_Dirichlet,ASR_Mean_Over_Rounds,Adaptive_NoCircuitBreaker,FLTrust,10,0.0021422222222222224,0.002118888888888889,2.3333333333333312e-05,11.0,0.671875,0.01,0.1954581015904221,ok,1.0,False
NBaIoT_MixedDevice_9Sources_Balanced,Scaling,NonIID_Dirichlet,ASR_Mean_Over_Rounds,Adaptive_NoCircuitBreaker,FedAvg,10,0.0021422222222222224,0.4503966666666666,-0.44825444444444446,0.0,0.001953125,-1.0,-5.929604235426111,ok,0.0703125,False
NBaIoT_MixedDevice_9Sources_Balanced,Scaling,NonIID_Dirichlet,ASR_Mean_Over_Rounds,Adaptive_NoCircuitBreaker,Krum,10,0.0021422222222222224,0.09191333333333332,-0.08977111111111112,0.0,0.001953125,-0.94,-1.8905779585162314,ok,0.0703125,False
NBaIoT_MixedDevice_9Sources_Balanced,Scaling,NonIID_Dirichlet,ASR_Mean_Over_Rounds,Adaptive_NoTemporalMemory,Adaptive_Ultimate,10,0.0019388888888888893,0.001956666666666667,-1.7777777777777712e-05,7.0,0.5625,-0.01,-0.2571592581287541,ok,1.0,False
NBaIoT_MixedDevice_9Sources_Balanced,Scaling,NonIID_Dirichlet,ASR_Mean_Over_Rounds,Adaptive_NoTemporalMemory,FLAME,10,0.0019388888888888893,0.2776733333333333,-0.27573444444444445,0.0,0.001953125,-1.0,-1.9361332138516527,ok,0.0703125,False
NBaIoT_MixedDevice_9Sources_Balanced,Scaling,NonIID_Dirichlet,ASR_Mean_Over_Rounds,Adaptive_NoTemporalMemory,FLTrust,10,0.0019388888888888893,0.002118888888888889,-0.00017999999999999993,3.0,0.15625,-0.11,-0.435465689881316,ok,1.0,False
NBaIoT_MixedDevice_9Sources_Balanced,Scaling,NonIID_Dirichlet,ASR_Mean_Over_Rounds,Adaptive_NoTemporalMemory,FedAvg,10,0.0019388888888888893,0.4503966666666666,-0.4484577777777778,0.0,0.001953125,-1.0,-5.922655351716478,ok,0.0703125,False
NBaIoT_MixedDevice_9Sources_Balanced,Scaling,NonIID_Dirichlet,ASR_Mean_Over_Rounds,Adaptive_NoTemporalMemory,Krum,10,0.0019388888888888893,0.09191333333333332,-0.08997444444444444,0.0,0.001953125,-0.94,-1.890055783798481,ok,0.0703125,False
NBaIoT_MixedDevice_9Sources_Balanced,Scaling,NonIID_Dirichlet,ASR_Mean_Over_Rounds,Adaptive_Ultimate,FLAME,10,0.001956666666666667,0.2776733333333333,-0.2757166666666667,0.0,0.001953125,-1.0,-1.9364858079879526,ok,0.0703125,False
NBaIoT_MixedDevice_9Sources_Balanced,Scaling,NonIID_Dirichlet,ASR_Mean_Over_Rounds,Adaptive_Ultimate,FLTrust,10,0.001956666666666667,0.002118888888888889,-0.00016222222222222224,7.5,0.328125,-0.09,-0.40069989987767224,ok,1.0,False
NBaIoT_MixedDevice_9Sources_Balanced,Scaling,NonIID_Dirichlet,ASR_Mean_Over_Rounds,Adaptive_Ultimate,FedAvg,10,0.001956666666666667,0.4503966666666666,-0.44844000000000006,0.0,0.001953125,-1.0,-5.923079122877279,ok,0.0703125,False
NBaIoT_MixedDevice_9Sources_Balanced,Scaling,NonIID_Dirichlet,ASR_Mean_Over_Rounds,Adaptive_Ultimate,Krum,10,0.001956666666666667,0.09191333333333332,-0.08995666666666667,0.0,0.001953125,-0.94,-1.888175030697716,ok,0.0703125,False
NBaIoT_MixedDevice_9Sources_Balanced,Scaling,NonIID_Dirichlet,ASR_Mean_Over_Rounds,FLAME,FLTrust,10,0.2776733333333333,0.002118888888888889,0.27555444444444444,0.0,0.001953125,1.0,1.9357549930244684,ok,0.0703125,False
NBaIoT_MixedDevice_9Sources_Balanced,Scaling,NonIID_Dirichlet,ASR_Mean_Over_Rounds,FLAME,FedAvg,10,0.2776733333333333,0.4503966666666666,-0.17272333333333337,2.0,0.005859375,-0.76,-1.3666630674250195,ok,0.09375,False
NBaIoT_MixedDevice_9Sources_Balanced,Scaling,NonIID_Dirichlet,ASR_Mean_Over_Rounds,FLAME,Krum,10,0.2776733333333333,0.09191333333333332,0.18576,0.0,0.001953125,0.84,1.1471056754095101,ok,0.0703125,False
NBaIoT_MixedDevice_9Sources_Balanced,Scaling,NonIID_Dirichlet,ASR_Mean_Over_Rounds,FLTrust,FedAvg,10,0.002118888888888889,0.4503966666666666,-0.4482777777777778,0.0,0.001953125,-1.0,-5.929237049156823,ok,0.0703125,False
NBaIoT_MixedDevice_9Sources_Balanced,Scaling,NonIID_Dirichlet,ASR_Mean_Over_Rounds,FLTrust,Krum,10,0.002118888888888889,0.09191333333333332,-0.08979444444444444,0.0,0.001953125,-0.94,-1.8919977317052514,ok,0.0703125,False
NBaIoT_MixedDevice_9Sources_Balanced,Scaling,NonIID_Dirichlet,ASR_Mean_Over_Rounds,FedAvg,Krum,10,0.4503966666666666,0.09191333333333332,0.3584833333333333,0.0,0.001953125,1.0,4.767331061413438,ok,0.0703125,False
NBaIoT_MixedDevice_9Sources_Balanced,Scaling,NonIID_Dirichlet,F1_Final_Round,Adaptive_FixedCircuitBreaker,Adaptive_NoAdaptiveWeighting,10,0.9974999947016215,0.9977222182955968,-0.00022222359397529036,1.0,0.0625,-0.14,-0.5720829308667685,ok,1.0,False
NBaIoT_MixedDevice_9Sources_Balanced,Scaling,NonIID_Dirichlet,F1_Final_Round,Adaptive_FixedCircuitBreaker,Adaptive_NoCircuitBreaker,10,0.9974999947016215,0.9969999914265373,0.0005000032750844708,12.0,0.8125,0.2,0.3162261379969284,ok,1.0,False
NBaIoT_MixedDevice_9Sources_Balanced,Scaling,NonIID_Dirichlet,F1_Final_Round,Adaptive_FixedCircuitBreaker,Adaptive_NoTemporalMemory,10,0.9974999947016215,0.9973888846193276,0.0001111100822940414,8.0,0.6875,0.06,0.25354387284094365,ok,1.0,False
NBaIoT_MixedDevice_9Sources_Balanced,Scaling,NonIID_Dirichlet,F1_Final_Round,Adaptive_FixedCircuitBreaker,Adaptive_Ultimate,10,0.9974999947016215,0.9974444402606173,5.555444100433515e-05,7.0,1.0,0.02,0.13552352200314405,ok,1.0,False
NBaIoT_MixedDevice_9Sources_Balanced,Scaling,NonIID_Dirichlet,F1_Final_Round,Adaptive_FixedCircuitBreaker,FLAME,10,0.9974999947016215,0.6368943815275537,0.36060561317406786,0.0,0.001953125,1.0,1.6753040321565738,ok,0.0703125,False
NBaIoT_MixedDevice_9Sources_Balanced,Scaling,NonIID_Dirichlet,F1_Final_Round,Adaptive_FixedCircuitBreaker,FLTrust,10,0.9974999947016215,0.9969444355451923,0.0005555591564292639,15.0,0.7421875,0.23,0.3535515234074301,ok,1.0,False
NBaIoT_MixedDevice_9Sources_Balanced,Scaling,NonIID_Dirichlet,F1_Final_Round,Adaptive_FixedCircuitBreaker,FedAvg,10,0.9974999947016215,0.6412459507206926,0.35625404398092897,0.0,0.001953125,1.0,1.9789099639249472,ok,0.0703125,False
NBaIoT_MixedDevice_9Sources_Balanced,Scaling,NonIID_Dirichlet,F1_Final_Round,Adaptive_FixedCircuitBreaker,Krum,10,0.9974999947016215,0.7750019492737577,0.22249804542786408,0.0,0.001953125,1.0,1.1345953923057004,ok,0.0703125,False
NBaIoT_MixedDevice_9Sources_Balanced,Scaling,NonIID_Dirichlet,F1_Final_Round,Adaptive_NoAdaptiveWeighting,Adaptive_NoCircuitBreaker,10,0.9977222182955968,0.9969999914265373,0.0007222268690597611,9.0,0.46875,0.3,0.4108664629990924,ok,1.0,False
NBaIoT_MixedDevice_9Sources_Balanced,Scaling,NonIID_Dirichlet,F1_Final_Round,Adaptive_NoAdaptiveWeighting,Adaptive_NoTemporalMemory,10,0.9977222182955968,0.9973888846193276,0.00033333367626933177,1.0,0.125,0.21,0.5581569461449222,ok,1.0,False
NBaIoT_MixedDevice_9Sources_Balanced,Scaling,NonIID_Dirichlet,F1_Final_Round,Adaptive_NoAdaptiveWeighting,Adaptive_Ultimate,10,0.9977222182955968,0.9974444402606173,0.0002777780349796255,1.0,0.125,0.17,0.5144964279717523,ok,1.0,False
NBaIoT_MixedDevice_9Sources_Balanced,Scaling,NonIID_Dirichlet,F1_Final_Round,Adaptive_NoAdaptiveWeighting,FLAME,10,0.9977222182955968,0.6368943815275537,0.36082783676804314,0.0,0.001953125,1.0,1.6773629206940905,ok,0.0703125,False
NBaIoT_MixedDevice_9Sources_Balanced,Scaling,NonIID_Dirichlet,F1_Final_Round,Adaptive_NoAdaptiveWeighting,FLTrust,10,0.9977222182955968,0.9969444355451923,0.0007777827504045542,11.0,0.3828125,0.32,0.4467058004062917,ok,1.0,False
NBaIoT_MixedDevice_9Sources_Balanced,Scaling,NonIID_Dirichlet,F1_Final_Round,Adaptive_NoAdaptiveWeighting,FedAvg,10,0.9977222182955968,0.6412459507206926,0.35647626757490425,0.0,0.001953125,1.0,1.9785439549080428,ok,0.0703125,False
NBaIoT_MixedDevice_9Sources_Balanced,Scaling,NonIID_Dirichlet,F1_Final_Round,Adaptive_NoAdaptiveWeighting,Krum,10,0.9977222182955968,0.7750019492737577,0.22272026902183936,0.0,0.001953125,1.0,1.1358518868357477,ok,0.0703125,False
NBaIoT_MixedDevice_9Sources_Balanced,Scaling,NonIID_Dirichlet,F1_Final_Round,Adaptive_NoCircuitBreaker,Adaptive_NoTemporalMemory,10,0.9969999914265373,0.9973888846193276,-0.0003888931927904293,10.0,1.0,-0.1,-0.25829607831880497,ok,1.0,False
NBaIoT_MixedDevice_9Sources_Balanced,Scaling,NonIID_Dirichlet,F1_Final_Round,Adaptive_NoCircuitBreaker,Adaptive_Ultimate,10,0.9969999914265373,0.9974444402606173,-0.0004444488340801356,13.0,0.9375,-0.17,-0.32186405005176305,ok,1.0,False
NBaIoT_MixedDevice_9Sources_Balanced,Scaling,NonIID_Dirichlet,F1_Final_Round,Adaptive_NoCircuitBreaker,FLAME,10,0.9969999914265373,0.6368943815275537,0.3601056098989834,0.0,0.001953125,1.0,1.673024947368731,ok,0.0703125,False
NBaIoT_MixedDevice_9Sources_Balanced,Scaling,NonIID_Dirichlet,F1_Final_Round,Adaptive_NoCircuitBreaker,FLTrust,10,0.9969999914265373,0.9969444355451923,5.5555881344793166e-05,0.0,1.0,0.07,0.3162277660168379,ok,1.0,False
NBaIoT_MixedDevice_9Sources_Balanced,Scaling,NonIID_Dirichlet,F1_Final_Round,Adaptive_NoCircuitBreaker,FedAvg,10,0.9969999914265373,0.6412459507206926,0.3557540407058445,0.0,0.001953125,1.0,1.9738646445072974,ok,0.0703125,False
NBaIoT_MixedDevice_9Sources_Balanced,Scaling,NonIID_Dirichlet,F1_Final_Round,Adaptive_NoCircuitBreaker,Krum,10,0.9969999914265373,0.7750019492737577,0.22199804215277963,0.0,0.001953125,1.0,1.1347064295776916,ok,0.0703125,False
NBaIoT_MixedDevice_9Sources_Balanced,Scaling,NonIID_Dirichlet,F1_Final_Round,Adaptive_NoTemporalMemory,Adaptive_Ultimate,10,0.9973888846193276,0.9974444402606173,-5.5555641289706247e-05,2.0,0.75,-0.06,-0.17616614085059676,ok,1.0,False
NBaIoT_MixedDevice_9Sources_Balanced,Scaling,NonIID_Dirichlet,F1_Final_Round,Adaptive_NoTemporalMemory,FLAME,10,0.9973888846193276,0.6368943815275537,0.3604945030917738,0.0,0.001953125,1.0,1.6747317209759258,ok,0.0703125,False
NBaIoT_MixedDevice_9Sources_Balanced,Scaling,NonIID_Dirichlet,F1_Final_Round,Adaptive_NoTemporalMemory,FLTrust,10,0.9973888846193276,0.9969444355451923,0.0004444490741352225,11.0,0.6875,0.14,0.2963181735591529,ok,1.0,False
NBaIoT_MixedDevice_9Sources_Balanced,Scaling,NonIID_Dirichlet,F1_Final_Round,Adaptive_NoTemporalMemory,FedAvg,10,0.9973888846193276,0.6412459507206926,0.3561429338986349,0.0,0.001953125,1.0,1.977598340249382,ok,0.0703125,False
NBaIoT_MixedDevice_9Sources_Balanced,Scaling,NonIID_Dirichlet,F1_Final_Round,Adaptive_NoTemporalMemory,Krum,10,0.9973888846193276,0.7750019492737577,0.22238693534557,0.0,0.001953125,1.0,1.134314626136509,ok,0.0703125,False
NBaIoT_MixedDevice_9Sources_Balanced,Scaling,NonIID_Dirichlet,F1_Final_Round,Adaptive_Ultimate,FLAME,10,0.9974444402606173,0.6368943815275537,0.36055005873306356,0.0,0.001953125,1.0,1.6747343087566104,ok,0.0703125,False
NBaIoT_MixedDevice_9Sources_Balanced,Scaling,NonIID_Dirichlet,F1_Final_Round,Adaptive_Ultimate,FLTrust,10,0.9974444402606173,0.9969444355451923,0.0005000047154249288,14.0,0.640625,0.2,0.3643980210809499,ok,1.0,False
NBaIoT_MixedDevice_9Sources_Balanced,Scaling,NonIID_Dirichlet,F1_Final_Round,Adaptive_Ultimate,FedAvg,10,0.9974444402606173,0.6412459507206926,0.3561984895399246,0.0,0.001953125,1.0,1.9764355620655838,ok,0.0703125,False
NBaIoT_MixedDevice_9Sources_Balanced,Scaling,NonIID_Dirichlet,F1_Final_Round,Adaptive_Ultimate,Krum,10,0.9974444402606173,0.7750019492737577,0.22244249098685973,0.0,0.001953125,1.0,1.1348195300069144,ok,0.0703125,False
NBaIoT_MixedDevice_9Sources_Balanced,Scaling,NonIID_Dirichlet,F1_Final_Round,FLAME,FLTrust,10,0.6368943815275537,0.9969444355451923,-0.36005005401763857,0.0,0.001953125,-1.0,-1.6727943517900852,ok,0.0703125,False
NBaIoT_MixedDevice_9Sources_Balanced,Scaling,NonIID_Dirichlet,F1_Final_Round,FLAME,FedAvg,10,0.6368943815275537,0.6412459507206926,-0.00435156919313891,26.0,0.921875,-0.05,-0.013153193990796784,ok,1.0,False
NBaIoT_MixedDevice_9Sources_Balanced,Scaling,NonIID_Dirichlet,F1_Final_Round,FLAME,Krum,10,0.6368943815275537,0.7750019492737577,-0.13810756774620375,17.0,0.322265625,-0.36,-0.46695604234898863,ok,1.0,False
NBaIoT_MixedDevice_9Sources_Balanced,Scaling,NonIID_Dirichlet,F1_Final_Round,FLTrust,FedAvg,10,0.9969444355451923,0.6412459507206926,0.35569848482449967,0.0,0.001953125,1.0,1.9734136721011464,ok,0.0703125,False
NBaIoT_MixedDevice_9Sources_Balanced,Scaling,NonIID_Dirichlet,F1_Final_Round,FLTrust,Krum,10,0.9969444355451923,0.7750019492737577,0.2219424862714348,0.0,0.001953125,1.0,1.1349593165471685,ok,0.0703125,False
NBaIoT_MixedDevice_9Sources_Balanced,Scaling,NonIID_Dirichlet,F1_Final_Round,FedAvg,Krum,10,0.6412459507206926,0.7750019492737577,-0.1337559985530649,13.0,0.16015625,-0.34,-0.526093153334719,ok,1.0,False
NBaIoT_MixedDevice_9Sources_Balanced,Scaling,NonIID_Dirichlet,ASR_Final_Round,Adaptive_FixedCircuitBreaker,Adaptive_NoAdaptiveWeighting,10,0.0017777777777777779,0.0017777777777777779,0.0,1.5,1.0,0.0,0.0,ok,1.0,False
NBaIoT_MixedDevice_9Sources_Balanced,Scaling,NonIID_Dirichlet,ASR_Final_Round,Adaptive_FixedCircuitBreaker,Adaptive_NoCircuitBreaker,10,0.0017777777777777779,0.003111111111111111,-0.0013333333333333335,2.0,0.09375,-0.38,-0.5331139899831832,ok,1.0,False
NBaIoT_MixedDevice_9Sources_Balanced,Scaling,NonIID_Dirichlet,ASR_Final_Round,Adaptive_FixedCircuitBreaker,Adaptive_NoTemporalMemory,10,0.0017777777777777779,0.0017777777777777779,-2.168404344971009e-20,1.0,1.0,0.02,-4.13989222504511e-17,ok,1.0,False
NBaIoT_MixedDevice_9Sources_Balanced,Scaling,NonIID_Dirichlet,ASR_Final_Round,Adaptive_FixedCircuitBreaker,Adaptive_Ultimate,10,0.0017777777777777779,0.001888888888888889,-0.00011111111111111116,1.5,0.75,-0.05,-0.1761660658544111,ok,1.0,False
NBaIoT_MixedDevice_9Sources_Balanced,Scaling,NonIID_Dirichlet,ASR_Final_Round,Adaptive_FixedCircuitBreaker,FLAME,10,0.0017777777777777779,0.446,-0.4442222222222223,1.0,0.00390625,-0.81,-1.2107139563380005,ok,0.1171875,False
NBaIoT_MixedDevice_9Sources_Balanced,Scaling,NonIID_Dirichlet,ASR_Final_Round,Adaptive_FixedCircuitBreaker,FLTrust,10,0.0017777777777777779,0.0032222222222222222,-0.0014444444444444444,3.0,0.078125,-0.4,-0.5872801368884132,ok,1.0,False
NBaIoT_MixedDevice_9Sources_Balanced,Scaling,NonIID_Dirichlet,ASR_Final_Round,Adaptive_FixedCircuitBreaker,FedAvg,10,0.0017777777777777779,0.6773333333333333,-0.6755555555555556,0.0,0.001953125,-1.0,-2.7052192912199575,ok,0.0703125,False
NBaIoT_MixedDevice_9Sources_Balanced,Scaling,NonIID_Dirichlet,ASR_Final_Round,Adaptive_FixedCircuitBreaker,Krum,10,0.0017777777777777779,0.253,-0.25122222222222224,1.0,0.0078125,-0.79,-1.0037792590111463,ok,0.15625,False
NBaIoT_MixedDevice_9Sources_Balanced,Scaling,NonIID_Dirichlet,ASR_Final_Round,Adaptive_NoAdaptiveWeighting,Adaptive_NoCircuitBreaker,10,0.0017777777777777779,0.003111111111111111,-0.0013333333333333335,2.0,0.09375,-0.38,-0.5331139899831832,ok,1.0,False
NBaIoT_MixedDevice_9Sources_Balanced,Scaling,NonIID_Dirichlet,ASR_Final_Round,Adaptive_NoAdaptiveWeighting,Adaptive_NoTemporalMemory,10,0.0017777777777777779,0.0017777777777777779,-2.168404344971009e-20,1.0,1.0,0.02,-4.13989222504511e-17,ok,1.0,False
NBaIoT_MixedDevice_9Sources_Balanced,Scaling,NonIID_Dirichlet,ASR_Final_Round,Adaptive_NoAdaptiveWeighting,Adaptive_Ultimate,10,0.0017777777777777779,0.001888888888888889,-0.00011111111111111116,1.5,0.75,-0.05,-0.1761660658544111,ok,1.0,False
NBaIoT_MixedDevice_9Sources_Balanced,Scaling,NonIID_Dirichlet,ASR_Final_Round,Adaptive_NoAdaptiveWeighting,FLAME,10,0.0017777777777777779,0.446,-0.4442222222222223,1.0,0.00390625,-0.81,-1.2102010785882273,ok,0.1171875,False
NBaIoT_MixedDevice_9Sources_Balanced,Scaling,NonIID_Dirichlet,ASR_Final_Round,Adaptive_NoAdaptiveWeighting,FLTrust,10,0.0017777777777777779,0.0032222222222222222,-0.0014444444444444444,2.0,0.09375,-0.4,-0.5743996205413884,ok,1.0,False
NBaIoT_MixedDevice_9Sources_Balanced,Scaling,NonIID_Dirichlet,ASR_Final_Round,Adaptive_NoAdaptiveWeighting,FedAvg,10,0.0017777777777777779,0.6773333333333333,-0.6755555555555556,0.0,0.001953125,-1.0,-2.7033289966215945,ok,0.0703125,False
NBaIoT_MixedDevice_9Sources_Balanced,Scaling,NonIID_Dirichlet,ASR_Final_Round,Adaptive_NoAdaptiveWeighting,Krum,10,0.0017777777777777779,0.253,-0.2512222222222223,1.0,0.0078125,-0.79,-1.004750080331722,ok,0.15625,False
NBaIoT_MixedDevice_9Sources_Balanced,Scaling,NonIID_Dirichlet,ASR_Final_Round,Adaptive_NoCircuitBreaker,Adaptive_NoTemporalMemory,10,0.003111111111111111,0.0017777777777777779,0.0013333333333333335,0.0,0.125,0.38,0.5452042795338445,ok,1.0,False
NBaIoT_MixedDevice_9Sources_Balanced,Scaling,NonIID_Dirichlet,ASR_Final_Round,Adaptive_NoCircuitBreaker,Adaptive_Ultimate,10,0.003111111111111111,0.001888888888888889,0.0012222222222222222,0.0,0.125,0.33,0.5753286360973855,ok,1.0,False
NBaIoT_MixedDevice_9Sources_Balanced,Scaling,NonIID_Dirichlet,ASR_Final_Round,Adaptive_NoCircuitBreaker,FLAME,10,0.003111111111111111,0.446,-0.44288888888888894,1.0,0.00390625,-0.8,-1.2058416139730157,ok,0.1171875,False
NBaIoT_MixedDevice_9Sources_Balanced,Scaling,NonIID_Dirichlet,ASR_Final_Round,Adaptive_NoCircuitBreaker,FLTrust,10,0.003111111111111111,0.0032222222222222222,-0.00011111111111111109,0.0,1.0,-0.04,-0.316227766016838,ok,1.0,False
NBaIoT_MixedDevice_9Sources_Balanced,Scaling,NonIID_Dirichlet,ASR_Final_Round,Adaptive_NoCircuitBreaker,FedAvg,10,0.003111111111111111,0.6773333333333333,-0.6742222222222222,0.0,0.001953125,-1.0,-2.694227464026207,ok,0.0703125,False
NBaIoT_MixedDevice_9Sources_Balanced,Scaling,NonIID_Dirichlet,ASR_Final_Round,Adaptive_NoCircuitBreaker,Krum,10,0.003111111111111111,0.253,-0.2498888888888889,2.0,0.005859375,-0.71,-1.0042904365468412,ok,0.140625,False
NBaIoT_MixedDevice_9Sources_Balanced,Scaling,NonIID_Dirichlet,ASR_Final_Round,Adaptive_NoTemporalMemory,Adaptive_Ultimate,10,0.0017777777777777779,0.001888888888888889,-0.00011111111111111112,0.0,1.0,-0.06,-0.31622776601683794,ok,1.0,False
NBaIoT_MixedDevice_9Sources_Balanced,Scaling,NonIID_Dirichlet,ASR_Final_Round,Adaptive_NoTemporalMemory,FLAME,10,0.0017777777777777779,0.446,-0.4442222222222223,1.0,0.00390625,-0.81,-1.2096728554763658,ok,0.1171875,False
NBaIoT_MixedDevice_9Sources_Balanced,Scaling,NonIID_Dirichlet,ASR_Final_Round,Adaptive_NoTemporalMemory,FLTrust,10,0.0017777777777777779,0.0032222222222222222,-0.0014444444444444444,0.0,0.0625,-0.41,-0.6010679332093349,ok,1.0,False
NBaIoT_MixedDevice_9Sources_Balanced,Scaling,NonIID_Dirichlet,ASR_Final_Round,Adaptive_NoTemporalMemory,FedAvg,10,0.0017777777777777779,0.6773333333333333,-0.6755555555555556,0.0,0.001953125,-1.0,-2.70433903832618,ok,0.0703125,False
NBaIoT_MixedDevice_9Sources_Balanced,Scaling,NonIID_Dirichlet,ASR_Final_Round,Adaptive_NoTemporalMemory,Krum,10,0.0017777777777777779,0.253,-0.2512222222222223,2.0,0.005859375,-0.8,-1.0047456711535212,ok,0.140625,False
NBaIoT_MixedDevice_9Sources_Balanced,Scaling,NonIID_Dirichlet,ASR_Final_Round,Adaptive_Ultimate,FLAME,10,0.001888888888888889,0.446,-0.4441111111111112,1.0,0.00390625,-0.81,-1.2095877781548314,ok,0.1171875,False
NBaIoT_MixedDevice_9Sources_Balanced,Scaling,NonIID_Dirichlet,ASR_Final_Round,Adaptive_Ultimate,FLTrust,10,0.001888888888888889,0.0032222222222222222,-0.0013333333333333333,0.0,0.0625,-0.36,-0.6404112602683381,ok,1.0,False
NBaIoT_MixedDevice_9Sources_Balanced,Scaling,NonIID_Dirichlet,ASR_Final_Round,Adaptive_Ultimate,FedAvg,10,0.001888888888888889,0.6773333333333333,-0.6754444444444444,0.0,0.001953125,-1.0,-2.7028816984432162,ok,0.0703125,False
NBaIoT_MixedDevice_9Sources_Balanced,Scaling,NonIID_Dirichlet,ASR_Final_Round,Adaptive_Ultimate,Krum,10,0.001888888888888889,0.253,-0.2511111111111112,2.0,0.005859375,-0.78,-1.0051826768068277,ok,0.140625,False
NBaIoT_MixedDevice_9Sources_Balanced,Scaling,NonIID_Dirichlet,ASR_Final_Round,FLAME,FLTrust,10,0.446,0.0032222222222222222,0.4427777777777778,1.0,0.00390625,0.8,1.2055880712791072,ok,0.1171875,False
NBaIoT_MixedDevice_9Sources_Balanced,Scaling,NonIID_Dirichlet,ASR_Final_Round,FLAME,FedAvg,10,0.446,0.6773333333333333,-0.2313333333333333,12.0,0.130859375,-0.41,-0.5012854652717279,ok,1.0,False
NBaIoT_MixedDevice_9Sources_Balanced,Scaling,NonIID_Dirichlet,ASR_Final_Round,FLAME,Krum,10,0.446,0.253,0.193,16.0,0.275390625,0.27,0.48530785896516077,ok,1.0,False
NBaIoT_MixedDevice_9Sources_Balanced,Scaling,NonIID_Dirichlet,ASR_Final_Round,FLTrust,FedAvg,10,0.0032222222222222222,0.6773333333333333,-0.6741111111111111,0.0,0.001953125,-1.0,-2.6953292746801516,ok,0.0703125,False
NBaIoT_MixedDevice_9Sources_Balanced,Scaling,NonIID_Dirichlet,ASR_Final_Round,FLTrust,Krum,10,0.0032222222222222222,0.253,-0.2497777777777778,2.0,0.005859375,-0.71,-1.003338608790701,ok,0.140625,False
NBaIoT_MixedDevice_9Sources_Balanced,Scaling,NonIID_Dirichlet,ASR_Final_Round,FedAvg,Krum,10,0.6773333333333333,0.253,0.42433333333333334,5.0,0.01953125,0.72,1.0118384194390753,ok,0.3515625,False
NBaIoT_MixedDevice_9Sources_Balanced,Sybil,IID,F1_Mean_Over_Rounds,Adaptive_FixedCircuitBreaker,Adaptive_NoAdaptiveWeighting,10,0.9977160977000917,0.9976644304804383,5.1667219653317445e-05,27.0,1.0,0.02,0.3087066533377722,ok,1.0,False
NBaIoT_MixedDevice_9Sources_Balanced,Sybil,IID,F1_Mean_Over_Rounds,Adaptive_FixedCircuitBreaker,Adaptive_NoCircuitBreaker,10,0.9977160977000917,0.9976038742803304,0.00011222341976128148,17.0,0.322265625,0.12,0.3224441700049544,ok,1.0,False
NBaIoT_MixedDevice_9Sources_Balanced,Sybil,IID,F1_Mean_Over_Rounds,Adaptive_FixedCircuitBreaker,Adaptive_NoTemporalMemory,10,0.9977160977000917,0.9975994298862995,0.00011666781379204849,16.0,0.275390625,0.08,0.378108689771135,ok,1.0,False
NBaIoT_MixedDevice_9Sources_Balanced,Sybil,IID,F1_Mean_Over_Rounds,Adaptive_FixedCircuitBreaker,Adaptive_Ultimate,10,0.9977160977000917,0.9975905409305378,0.00012555676955384732,9.0,0.25,0.1,0.409473696972203,ok,1.0,False
NBaIoT_MixedDevice_9Sources_Balanced,Sybil,IID,F1_Mean_Over_Rounds,Adaptive_FixedCircuitBreaker,FLAME,10,0.9977160977000917,0.9602433030781665,0.037472794621925154,0.0,0.001953125,1.0,1.6640614338960218,ok,0.0703125,False
NBaIoT_MixedDevice_9Sources_Balanced,Sybil,IID,F1_Mean_Over_Rounds,Adaptive_FixedCircuitBreaker,FLTrust,10,0.9977160977000917,0.9975838741592741,0.00013222354081743326,16.0,0.275390625,0.14,0.4296575948511755,ok,1.0,False
NBaIoT_MixedDevice_9Sources_Balanced,Sybil,IID,F1_Mean_Over_Rounds,Adaptive_FixedCircuitBreaker,FedAvg,10,0.9977160977000917,0.9964738601755881,0.0012422375245035866,0.0,0.001953125,0.62,1.2894355329059903,ok,0.0703125,False
NBaIoT_MixedDevice_9Sources_Balanced,Sybil,IID,F1_Mean_Over_Rounds,Adaptive_FixedCircuitBreaker,Krum,10,0.9977160977000917,0.9491213093563629,0.0485947883437288,0.0,0.001953125,1.0,1.8509780202443862,ok,0.0703125,False
NBaIoT_MixedDevice_9Sources_Balanced,Sybil,IID,F1_Mean_Over_Rounds,Adaptive_NoAdaptiveWeighting,Adaptive_NoCircuitBreaker,10,0.9976644304804383,0.9976038742803304,6.0556200107964034e-05,23.0,0.6953125,0.12,0.18464081609114372,ok,1.0,False
NBaIoT_MixedDevice_9Sources_Balanced,Sybil,IID,F1_Mean_Over_Rounds,Adaptive_NoAdaptiveWeighting,Adaptive_NoTemporalMemory,10,0.9976644304804383,0.9975994298862995,6.500059413873105e-05,26.0,0.921875,0.04,0.22751982162968865,ok,1.0,False
NBaIoT_MixedDevice_9Sources_Balanced,Sybil,IID,F1_Mean_Over_Rounds,Adaptive_NoAdaptiveWeighting,Adaptive_Ultimate,10,0.9976644304804383,0.9975905409305378,7.388954990052987e-05,23.0,0.6953125,0.1,0.2608013668016428,ok,1.0,False
NBaIoT_MixedDevice_9Sources_Balanced,Sybil,IID,F1_Mean_Over_Rounds,Adaptive_NoAdaptiveWeighting,FLAME,10,0.9976644304804383,0.9602433030781665,0.03742112740227184,0.0,0.001953125,1.0,1.6651390864392157,ok,0.0703125,False
NBaIoT_MixedDevice_9Sources_Balanced,Sybil,IID,F1_Mean_Over_Rounds,Adaptive_NoAdaptiveWeighting,FLTrust,10,0.9976644304804383,0.9975838741592741,8.055632116411582e-05,22.0,0.625,0.12,0.25789670009878957,ok,1.0,False
NBaIoT_MixedDevice_9Sources_Balanced,Sybil,IID,F1_Mean_Over_Rounds,Adaptive_NoAdaptiveWeighting,FedAvg,10,0.9976644304804383,0.9964738601755881,0.0011905703048502691,0.0,0.001953125,0.6,1.199535183689696,ok,0.0703125,False
NBaIoT_MixedDevice_9Sources_Balanced,Sybil,IID,F1_Mean_Over_Rounds,Adaptive_NoAdaptiveWeighting,Krum,10,0.9976644304804383,0.9491213093563629,0.04854312112407548,0.0,0.001953125,1.0,1.8511899258508393,ok,0.0703125,False
NBaIoT_MixedDevice_9Sources_Balanced,Sybil,IID,F1_Mean_Over_Rounds,Adaptive_NoCircuitBreaker,Adaptive_NoTemporalMemory,10,0.9976038742803304,0.9975994298862995,4.444394030767018e-06,24.0,0.76953125,0.0,0.04258854848511667,ok,1.0,False
NBaIoT_MixedDevice_9Sources_Balanced,Sybil,IID,F1_Mean_Over_Rounds,Adaptive_NoCircuitBreaker,Adaptive_Ultimate,10,0.9976038742803304,0.9975905409305378,1.3333349792565841e-05,20.0,0.8203125,-0.01,0.12300222250893014,ok,1.0,False
NBaIoT_MixedDevice_9Sources_Balanced,Sybil,IID,F1_Mean_Over_Rounds,Adaptive_NoCircuitBreaker,FLAME,10,0.9976038742803304,0.9602433030781665,0.03736057120216387,0.0,0.001953125,1.0,1.6621366719480835,ok,0.0703125,False
NBaIoT_MixedDevice_9Sources_Balanced,Sybil,IID,F1_Mean_Over_Rounds,Adaptive_NoCircuitBreaker,FLTrust,10,0.9976038742803304,0.9975838741592741,2.000012105615179e-05,21.0,0.91015625,0.01,0.21219833485923806,ok,1.0,False
NBaIoT_MixedDevice_9Sources_Balanced,Sybil,IID,F1_Mean_Over_Rounds,Adaptive_NoCircuitBreaker,FedAvg,10,0.9976038742803304,0.9964738601755881,0.001130014104742305,1.0,0.00390625,0.62,1.1111103530416218,ok,0.0703125,False
NBaIoT_MixedDevice_9Sources_Balanced,Sybil,IID,F1_Mean_Over_Rounds,Adaptive_NoCircuitBreaker,Krum,10,0.9976038742803304,0.9491213093563629,0.04848256492396752,0.0,0.001953125,1.0,1.8473946999302766,ok,0.0703125,False
NBaIoT_MixedDevice_9Sources_Balanced,Sybil,IID,F1_Mean_Over_Rounds,Adaptive_NoTemporalMemory,Adaptive_Ultimate,10,0.9975994298862995,0.9975905409305378,8.888955761798823e-06,18.0,0.65234375,0.03,0.355409778909925,ok,1.0,False
NBaIoT_MixedDevice_9Sources_Balanced,Sybil,IID,F1_Mean_Over_Rounds,Adaptive_NoTemporalMemory,FLAME,10,0.9975994298862995,0.9602433030781665,0.037356126808133105,0.0,0.001953125,1.0,1.6646014510750033,ok,0.0703125,False
NBaIoT_MixedDevice_9Sources_Balanced,Sybil,IID,F1_Mean_Over_Rounds,Adaptive_NoTemporalMemory,FLTrust,10,0.9975994298862995,0.9975838741592741,1.555572702538477e-05,22.0,0.625,0.02,0.1290398483656509,ok,1.0,False
NBaIoT_MixedDevice_9Sources_Balanced,Sybil,IID,F1_Mean_Over_Rounds,Adaptive_NoTemporalMemory,FedAvg,10,0.9975994298862995,0.9964738601755881,0.001125569710711538,0.0,0.001953125,0.66,1.0851688319195496,ok,0.0703125,False
NBaIoT_MixedDevice_9Sources_Balanced,Sybil,IID,F1_Mean_Over_Rounds,Adaptive_NoTemporalMemory,Krum,10,0.9975994298862995,0.9491213093563629,0.048478120529936754,0.0,0.001953125,1.0,1.8499391419146038,ok,0.0703125,False
NBaIoT_MixedDevice_9Sources_Balanced,Sybil,IID,F1_Mean_Over_Rounds,Adaptive_Ultimate,FLAME,10,0.9975905409305378,0.9602433030781665,0.037347237852371304,0.0,0.001953125,1.0,1.6637393759110446,ok,0.0703125,False
NBaIoT_MixedDevice_9Sources_Balanced,Sybil,IID,F1_Mean_Over_Rounds,Adaptive_Ultimate,FLTrust,10,0.9975905409305378,0.9975838741592741,6.666771263585947e-06,21.0,0.556640625,0.04,0.05134763917308065,ok,1.0,False
NBaIoT_MixedDevice_9Sources_Balanced,Sybil,IID,F1_Mean_Over_Rounds,Adaptive_Ultimate,FedAvg,10,0.9975905409305378,0.9964738601755881,0.0011166807549497393,0.0,0.001953125,0.66,1.0692894117601202,ok,0.0703125,False
NBaIoT_MixedDevice_9Sources_Balanced,Sybil,IID,F1_Mean_Over_Rounds,Adaptive_Ultimate,Krum,10,0.9975905409305378,0.9491213093563629,0.04846923157417495,0.0,0.001953125,1.0,1.8492810462745712,ok,0.0703125,False
NBaIoT_MixedDevice_9Sources_Balanced,Sybil,IID,F1_Mean_Over_Rounds,FLAME,FLTrust,10,0.9602433030781665,0.9975838741592741,-0.03734057108110772,0.0,0.001953125,-1.0,-1.6606554218835237,ok,0.0703125,False
NBaIoT_MixedDevice_9Sources_Balanced,Sybil,IID,F1_Mean_Over_Rounds,FLAME,FedAvg,10,0.9602433030781665,0.9964738601755881,-0.03623055709742157,0.0,0.001953125,-1.0,-1.6022727072380016,ok,0.0703125,False
NBaIoT_MixedDevice_9Sources_Balanced,Sybil,IID,F1_Mean_Over_Rounds,FLAME,Krum,10,0.9602433030781665,0.9491213093563629,0.011121993721803647,0.0,0.001953125,0.5,2.0594862109505936,ok,0.0703125,False
NBaIoT_MixedDevice_9Sources_Balanced,Sybil,IID,F1_Mean_Over_Rounds,FLTrust,FedAvg,10,0.9975838741592741,0.9964738601755881,0.0011100139836861533,1.0,0.00390625,0.58,1.0858094731642436,ok,0.0703125,False
NBaIoT_MixedDevice_9Sources_Balanced,Sybil,IID,F1_Mean_Over_Rounds,FLTrust,Krum,10,0.9975838741592741,0.9491213093563629,0.04846256480291137,0.0,0.001953125,1.0,1.8461654012977475,ok,0.0703125,False
NBaIoT_MixedDevice_9Sources_Balanced,Sybil,IID,F1_Mean_Over_Rounds,FedAvg,Krum,10,0.9964738601755881,0.9491213093563629,0.047352550819225216,0.0,0.001953125,1.0,1.7966131599666568,ok,0.0703125,False
NBaIoT_MixedDevice_9Sources_Balanced,Sybil,IID,ASR_Mean_Over_Rounds,Adaptive_FixedCircuitBreaker,Adaptive_NoAdaptiveWeighting,10,0.0015811111111111113,0.001567777777777778,1.3333333333333313e-05,6.5,0.46875,0.04,0.21377129468568404,ok,1.0,False
NBaIoT_MixedDevice_9Sources_Balanced,Sybil,IID,ASR_Mean_Over_Rounds,Adaptive_FixedCircuitBreaker,Adaptive_NoCircuitBreaker,10,0.0015811111111111113,0.001636666666666667,-5.5555555555555504e-05,3.0,0.625,0.0,-0.33243165538345193,ok,1.0,False
NBaIoT_MixedDevice_9Sources_Balanced,Sybil,IID,ASR_Mean_Over_Rounds,Adaptive_FixedCircuitBreaker,Adaptive_NoTemporalMemory,10,0.0015811111111111113,0.0015811111111111113,0.0,1.5,1.0,0.0,0.0,ok,1.0,False
NBaIoT_MixedDevice_9Sources_Balanced,Sybil,IID,ASR_Mean_Over_Rounds,Adaptive_FixedCircuitBreaker,Adaptive_Ultimate,10,0.0015811111111111113,0.0015811111111111113,0.0,0.0,1.0,0.0,0.0,identical_values,1.0,False
NBaIoT_MixedDevice_9Sources_Balanced,Sybil,IID,ASR_Mean_Over_Rounds,Adaptive_FixedCircuitBreaker,FLAME,10,0.0015811111111111113,0.19209333333333337,-0.19051222222222222,0.0,0.001953125,-1.0,-5.348267704341546,ok,0.0703125,False
NBaIoT_MixedDevice_9Sources_Balanced,Sybil,IID,ASR_Mean_Over_Rounds,Adaptive_FixedCircuitBreaker,FLTrust,10,0.0015811111111111113,0.0016977777777777779,-0.00011666666666666657,2.0,0.09375,-0.04,-0.5783468539135083,ok,1.0,False
NBaIoT_MixedDevice_9Sources_Balanced,Sybil,IID,ASR_Mean_Over_Rounds,Adaptive_FixedCircuitBreaker,FedAvg,10,0.0015811111111111113,0.01769888888888889,-0.016117777777777776,0.0,0.001953125,-0.98,-1.3329415198760175,ok,0.0703125,False
NBaIoT_MixedDevice_9Sources_Balanced,Sybil,IID,ASR_Mean_Over_Rounds,Adaptive_FixedCircuitBreaker,Krum,10,0.0015811111111111113,0.2600033333333333,-0.2584222222222222,0.0,0.001953125,-1.0,-4.362444978821513,ok,0.0703125,False
NBaIoT_MixedDevice_9Sources_Balanced,Sybil,IID,ASR_Mean_Over_Rounds,Adaptive_NoAdaptiveWeighting,Adaptive_NoCircuitBreaker,10,0.001567777777777778,0.001636666666666667,-6.888888888888881e-05,9.5,0.265625,-0.02,-0.41678481286749763,ok,1.0,False
NBaIoT_MixedDevice_9Sources_Balanced,Sybil,IID,ASR_Mean_Over_Rounds,Adaptive_NoAdaptiveWeighting,Adaptive_NoTemporalMemory,10,0.001567777777777778,0.0015811111111111113,-1.3333333333333313e-05,6.5,0.46875,-0.04,-0.20200506265945467,ok,1.0,False
NBaIoT_MixedDevice_9Sources_Balanced,Sybil,IID,ASR_Mean_Over_Rounds,Adaptive_NoAdaptiveWeighting,Adaptive_Ultimate,10,0.001567777777777778,0.0015811111111111113,-1.3333333333333313e-05,6.5,0.46875,-0.04,-0.21377129468568404,ok,1.0,False
NBaIoT_MixedDevice_9Sources_Balanced,Sybil,IID,ASR_Mean_Over_Rounds,Adaptive_NoAdaptiveWeighting,FLAME,10,0.001567777777777778,0.19209333333333337,-0.19052555555555556,0.0,0.001953125,-1.0,-5.342109502633485,ok,0.0703125,False
NBaIoT_MixedDevice_9Sources_Balanced,Sybil,IID,ASR_Mean_Over_Rounds,Adaptive_NoAdaptiveWeighting,FLTrust,10,0.001567777777777778,0.0016977777777777779,-0.00012999999999999988,6.0,0.109375,-0.07,-0.6473304932234291,ok,1.0,False
NBaIoT_MixedDevice_9Sources_Balanced,Sybil,IID,ASR_Mean_Over_Rounds,Adaptive_NoAdaptiveWeighting,FedAvg,10,0.001567777777777778,0.01769888888888889,-0.016131111111111113,0.0,0.001953125,-0.98,-1.3340541251794253,ok,0.0703125,False
NBaIoT_MixedDevice_9Sources_Balanced,Sybil,IID,ASR_Mean_Over_Rounds,Adaptive_NoAdaptiveWeighting,Krum,10,0.001567777777777778,0.2600033333333333,-0.2584355555555556,0.0,0.001953125,-1.0,-4.363197654735425,ok,0.0703125,False
NBaIoT_MixedDevice_9Sources_Balanced,Sybil,IID,ASR_Mean_Over_Rounds,Adaptive_NoCircuitBreaker,Adaptive_NoTemporalMemory,10,0.001636666666666667,0.0015811111111111113,5.5555555555555504e-05,3.0,0.625,0.0,0.33000924038809787,ok,1.0,False
NBaIoT_MixedDevice_9Sources_Balanced,Sybil,IID,ASR_Mean_Over_Rounds,Adaptive_NoCircuitBreaker,Adaptive_Ultimate,10,0.001636666666666667,0.0015811111111111113,5.5555555555555504e-05,3.0,0.625,0.0,0.33243165538345193,ok,1.0,False
NBaIoT_MixedDevice_9Sources_Balanced,Sybil,IID,ASR_Mean_Over_Rounds,Adaptive_NoCircuitBreaker,FLAME,10,0.001636666666666667,0.19209333333333337,-0.19045666666666666,0.0,0.001953125,-1.0,-5.3475670526311765,ok,0.0703125,False
NBaIoT_MixedDevice_9Sources_Balanced,Sybil,IID,ASR_Mean_Over_Rounds,Adaptive_NoCircuitBreaker,FLTrust,10,0.001636666666666667,0.0016977777777777779,-6.111111111111107e-05,4.0,0.21875,-0.06,-0.3659895346637588,ok,1.0,False
NBaIoT_MixedDevice_9Sources_Balanced,Sybil,IID,ASR_Mean_Over_Rounds,Adaptive_NoCircuitBreaker,FedAvg,10,0.001636666666666667,0.01769888888888889,-0.01606222222222222,0.0,0.001953125,-0.98,-1.3239665511043,ok,0.0703125,False
NBaIoT_MixedDevice_9Sources_Balanced,Sybil,IID,ASR_Mean_Over_Rounds,Adaptive_NoCircuitBreaker,Krum,10,0.001636666666666667,0.2600033333333333,-0.2583666666666667,0.0,0.001953125,-1.0,-4.362265031491462,ok,0.0703125,False
NBaIoT_MixedDevice_9Sources_Balanced,Sybil,IID,ASR_Mean_Over_Rounds,Adaptive_NoTemporalMemory,Adaptive_Ultimate,10,0.0015811111111111113,0.0015811111111111113,0.0,1.5,1.0,0.0,0.0,ok,1.0,False
NBaIoT_MixedDevice_9Sources_Balanced,Sybil,IID,ASR_Mean_Over_Rounds,Adaptive_NoTemporalMemory,FLAME,10,0.0015811111111111113,0.19209333333333337,-0.19051222222222225,0.0,0.001953125,-1.0,-5.348650908173171,ok,0.0703125,False
NBaIoT_MixedDevice_9Sources_Balanced,Sybil,IID,ASR_Mean_Over_Rounds,Adaptive_NoTemporalMemory,FLTrust,10,0.0015811111111111113,0.0016977777777777779,-0.00011666666666666657,2.0,0.09375,-0.04,-0.5754444592776367,ok,1.0,False
NBaIoT_MixedDevice_9Sources_Balanced,Sybil,IID,ASR_Mean_Over_Rounds,Adaptive_NoTemporalMemory,FedAvg,10,0.0015811111111111113,0.01769888888888889,-0.01611777777777778,0.0,0.001953125,-0.98,-1.332710231336953,ok,0.0703125,False
NBaIoT_MixedDevice_9Sources_Balanced,Sybil,IID,ASR_Mean_Over_Rounds,Adaptive_NoTemporalMemory,Krum,10,0.0015811111111111113,0.2600033333333333,-0.2584222222222222,0.0,0.001953125,-1.0,-4.36226941098338,ok,0.0703125,False
NBaIoT_MixedDevice_9Sources_Balanced,Sybil,IID,ASR_Mean_Over_Rounds,Adaptive_Ultimate,FLAME,10,0.0015811111111111113,0.19209333333333337,-0.19051222222222222,0.0,0.001953125,-1.0,-5.348267704341546,ok,0.0703125,False
NBaIoT_MixedDevice_9Sources_Balanced,Sybil,IID,ASR_Mean_Over_Rounds,Adaptive_Ultimate,FLTrust,10,0.0015811111111111113,0.0016977777777777779,-0.00011666666666666657,2.0,0.09375,-0.04,-0.5783468539135083,ok,1.0,False
NBaIoT_MixedDevice_9Sources_Balanced,Sybil,IID,ASR_Mean_Over_Rounds,Adaptive_Ultimate,FedAvg,10,0.0015811111111111113,0.01769888888888889,-0.016117777777777776,0.0,0.001953125,-0.98,-1.3329415198760175,ok,0.0703125,False
NBaIoT_MixedDevice_9Sources_Balanced,Sybil,IID,ASR_Mean_Over_Rounds,Adaptive_Ultimate,Krum,10,0.0015811111111111113,0.2600033333333333,-0.2584222222222222,0.0,0.001953125,-1.0,-4.362444978821513,ok,0.0703125,False
NBaIoT_MixedDevice_9Sources_Balanced,Sybil,IID,ASR_Mean_Over_Rounds,FLAME,FLTrust,10,0.19209333333333337,0.0016977777777777779,0.19039555555555554,0.0,0.001953125,1.0,5.3467495894394395,ok,0.0703125,False
NBaIoT_MixedDevice_9Sources_Balanced,Sybil,IID,ASR_Mean_Over_Rounds,FLAME,FedAvg,10,0.19209333333333337,0.01769888888888889,0.17439444444444446,0.0,0.001953125,1.0,5.196759098778467,ok,0.0703125,False
NBaIoT_MixedDevice_9Sources_Balanced,Sybil,IID,ASR_Mean_Over_Rounds,FLAME,Krum,10,0.19209333333333337,0.2600033333333333,-0.06791,0.0,0.001953125,-0.64,-1.2123873311995699,ok,0.0703125,False
NBaIoT_MixedDevice_9Sources_Balanced,Sybil,IID,ASR_Mean_Over_Rounds,FLTrust,FedAvg,10,0.0016977777777777779,0.01769888888888889,-0.016001111111111112,0.0,0.001953125,-0.98,-1.327146212729008,ok,0.0703125,False
NBaIoT_MixedDevice_9Sources_Balanced,Sybil,IID,ASR_Mean_Over_Rounds,FLTrust,Krum,10,0.0016977777777777779,0.2600033333333333,-0.2583055555555555,0.0,0.001953125,-1.0,-4.363643148003019,ok,0.0703125,False
NBaIoT_MixedDevice_9Sources_Balanced,Sybil,IID,ASR_Mean_Over_Rounds,FedAvg,Krum,10,0.01769888888888889,0.2600033333333333,-0.2423044444444445,0.0,0.001953125,-1.0,-4.709212369673832,ok,0.0703125,False
NBaIoT_MixedDevice_9Sources_Balanced,Sybil,IID,F1_Final_Round,Adaptive_FixedCircuitBreaker,Adaptive_NoAdaptiveWeighting,10,0.9978888872427948,0.9977222193587014,0.00016666788409325228,4.0,0.21875,0.15,0.44448037068319246,ok,1.0,False
NBaIoT_MixedDevice_9Sources_Balanced,Sybil,IID,F1_Final_Round,Adaptive_FixedCircuitBreaker,Adaptive_NoCircuitBreaker,10,0.9978888872427948,0.9977222159978959,0.00016667124489876394,17.0,0.546875,0.19,0.1833337773594267,ok,1.0,False
NBaIoT_MixedDevice_9Sources_Balanced,Sybil,IID,F1_Final_Round,Adaptive_FixedCircuitBreaker,Adaptive_NoTemporalMemory,10,0.9978888872427948,0.9976111072187773,0.0002777800240173489,4.0,0.21875,0.2,0.39391967086434976,ok,1.0,False
NBaIoT_MixedDevice_9Sources_Balanced,Sybil,IID,F1_Final_Round,Adaptive_FixedCircuitBreaker,Adaptive_Ultimate,10,0.9978888872427948,0.9976111068072531,0.00027778043554177456,3.0,0.15625,0.23,0.3939205563007646,ok,1.0,False
NBaIoT_MixedDevice_9Sources_Balanced,Sybil,IID,F1_Final_Round,Adaptive_FixedCircuitBreaker,FLAME,10,0.9978888872427948,0.9176369008723991,0.08025198637039539,0.0,0.001953125,1.0,0.542524781196523,ok,0.0703125,False
NBaIoT_MixedDevice_9Sources_Balanced,Sybil,IID,F1_Final_Round,Adaptive_FixedCircuitBreaker,FLTrust,10,0.9978888872427948,0.9977777713648359,0.0001111158779587007,19.0,0.7109375,0.18,0.11421211970614085,ok,1.0,False
NBaIoT_MixedDevice_9Sources_Balanced,Sybil,IID,F1_Final_Round,Adaptive_FixedCircuitBreaker,FedAvg,10,0.9978888872427948,0.994722185681858,0.0031667015609368465,1.0,0.0078125,0.79,1.3189061586322737,ok,0.1640625,False
NBaIoT_MixedDevice_9Sources_Balanced,Sybil,IID,F1_Final_Round,Adaptive_FixedCircuitBreaker,Krum,10,0.9978888872427948,0.909771994436792,0.08811689280600275,0.0,0.001953125,1.0,0.5535093909527918,ok,0.0703125,False
NBaIoT_MixedDevice_9Sources_Balanced,Sybil,IID,F1_Final_Round,Adaptive_NoAdaptiveWeighting,Adaptive_NoCircuitBreaker,10,0.9977222193587014,0.9977222159978959,3.3608055116651768e-09,14.0,0.6171875,0.07,3.8692087090210194e-06,ok,1.0,False
NBaIoT_MixedDevice_9Sources_Balanced,Sybil,IID,F1_Final_Round,Adaptive_NoAdaptiveWeighting,Adaptive_NoTemporalMemory,10,0.9977222193587014,0.9976111072187773,0.00011111213992409663,8.0,0.6875,0.13,0.1626983602880981,ok,1.0,False
NBaIoT_MixedDevice_9Sources_Balanced,Sybil,IID,F1_Final_Round,Adaptive_NoAdaptiveWeighting,Adaptive_Ultimate,10,0.9977222193587014,0.9976111068072531,0.00011111255144852228,6.0,0.4375,0.14,0.1626990692107891,ok,1.0,False
NBaIoT_MixedDevice_9Sources_Balanced,Sybil,IID,F1_Final_Round,Adaptive_NoAdaptiveWeighting,FLAME,10,0.9977222193587014,0.9176369008723991,0.08008531848630214,0.0,0.001953125,1.0,0.5421131419442595,ok,0.0703125,False
NBaIoT_MixedDevice_9Sources_Balanced,Sybil,IID,F1_Final_Round,Adaptive_NoAdaptiveWeighting,FLTrust,10,0.9977222193587014,0.9977777713648359,-5.555200613455158e-05,14.0,0.6171875,0.04,-0.06011605388858806,ok,1.0,False
NBaIoT_MixedDevice_9Sources_Balanced,Sybil,IID,F1_Final_Round,Adaptive_NoAdaptiveWeighting,FedAvg,10,0.9977222193587014,0.994722185681858,0.0030000336768435942,1.0,0.0078125,0.72,1.2061420879590636,ok,0.1640625,False
NBaIoT_MixedDevice_9Sources_Balanced,Sybil,IID,F1_Final_Round,Adaptive_NoAdaptiveWeighting,Krum,10,0.9977222193587014,0.909771994436792,0.0879502249219095,0.0,0.001953125,1.0,0.5531456411793199,ok,0.0703125,False
NBaIoT_MixedDevice_9Sources_Balanced,Sybil,IID,F1_Final_Round,Adaptive_NoCircuitBreaker,Adaptive_NoTemporalMemory,10,0.9977222159978959,0.9976111072187773,0.00011110877911858496,6.0,0.8125,0.13,0.1936447219780557,ok,1.0,False
NBaIoT_MixedDevice_9Sources_Balanced,Sybil,IID,F1_Final_Round,Adaptive_NoCircuitBreaker,Adaptive_Ultimate,10,0.9977222159978959,0.9976111068072531,0.00011110919064301061,7.0,0.5625,0.09,0.21763842027702288,ok,1.0,False
NBaIoT_MixedDevice_9Sources_Balanced,Sybil,IID,F1_Final_Round,Adaptive_NoCircuitBreaker,FLAME,10,0.9977222159978959,0.9176369008723991,0.08008531512549663,0.0,0.001953125,1.0,0.5413377706329965,ok,0.0703125,False
NBaIoT_MixedDevice_9Sources_Balanced,Sybil,IID,F1_Final_Round,Adaptive_NoCircuitBreaker,FLTrust,10,0.9977222159978959,0.9977777713648359,-5.555536694006325e-05,0.0,1.0,-0.06,-0.31622776601683794,ok,1.0,False
NBaIoT_MixedDevice_9Sources_Balanced,Sybil,IID,F1_Final_Round,Adaptive_NoCircuitBreaker,FedAvg,10,0.9977222159978959,0.994722185681858,0.0030000303160380827,1.0,0.0078125,0.72,1.2712253712134238,ok,0.1640625,False
NBaIoT_MixedDevice_9Sources_Balanced,Sybil,IID,F1_Final_Round,Adaptive_NoCircuitBreaker,Krum,10,0.9977222159978959,0.909771994436792,0.08795022156110399,0.0,0.001953125,1.0,0.5528525679530338,ok,0.0703125,False
NBaIoT_MixedDevice_9Sources_Balanced,Sybil,IID,F1_Final_Round,Adaptive_NoTemporalMemory,Adaptive_Ultimate,10,0.9976111072187773,0.9976111068072531,4.115244256475137e-10,1.0,1.0,-0.02,1.5713470000394155e-06,ok,1.0,False
NBaIoT_MixedDevice_9Sources_Balanced,Sybil,IID,F1_Final_Round,Adaptive_NoTemporalMemory,FLAME,10,0.9976111072187773,0.9176369008723991,0.07997420634637804,0.0,0.001953125,1.0,0.5410247194186845,ok,0.0703125,False
NBaIoT_MixedDevice_9Sources_Balanced,Sybil,IID,F1_Final_Round,Adaptive_NoTemporalMemory,FLTrust,10,0.9976111072187773,0.9977777713648359,-0.0001666641460586482,7.0,0.5625,-0.18,-0.28318768537900935,ok,1.0,False
NBaIoT_MixedDevice_9Sources_Balanced,Sybil,IID,F1_Final_Round,Adaptive_NoTemporalMemory,FedAvg,10,0.9976111072187773,0.994722185681858,0.0028889215369194976,1.0,0.0078125,0.69,1.212260480795016,ok,0.1640625,False
NBaIoT_MixedDevice_9Sources_Balanced,Sybil,IID,F1_Final_Round,Adaptive_NoTemporalMemory,Krum,10,0.9976111072187773,0.909771994436792,0.0878391127819854,0.0,0.001953125,1.0,0.5524018951833224,ok,0.0703125,False
NBaIoT_MixedDevice_9Sources_Balanced,Sybil,IID,F1_Final_Round,Adaptive_Ultimate,FLAME,10,0.9976111068072531,0.9176369008723991,0.07997420593485362,0.0,0.001953125,1.0,0.5410034775569741,ok,0.0703125,False
NBaIoT_MixedDevice_9Sources_Balanced,Sybil,IID,F1_Final_Round,Adaptive_Ultimate,FLTrust,10,0.9976111068072531,0.9977777713648359,-0.00016666455758307386,6.0,0.4375,-0.15,-0.2831881007747888,ok,1.0,False
NBaIoT_MixedDevice_9Sources_Balanced,Sybil,IID,F1_Final_Round,Adaptive_Ultimate,FedAvg,10,0.9976111068072531,0.994722185681858,0.002888921125395072,1.0,0.0078125,0.7,1.151303453819755,ok,0.1640625,False
NBaIoT_MixedDevice_9Sources_Balanced,Sybil,IID,F1_Final_Round,Adaptive_Ultimate,Krum,10,0.9976111068072531,0.909771994436792,0.08783911237046098,0.0,0.001953125,1.0,0.5523883968494462,ok,0.0703125,False
NBaIoT_MixedDevice_9Sources_Balanced,Sybil,IID,F1_Final_Round,FLAME,FLTrust,10,0.9176369008723991,0.9977777713648359,-0.08014087049243669,0.0,0.001953125,-1.0,-0.541828521226287,ok,0.0703125,False
NBaIoT_MixedDevice_9Sources_Balanced,Sybil,IID,F1_Final_Round,FLAME,FedAvg,10,0.9176369008723991,0.994722185681858,-0.07708528480945855,1.0,0.00390625,-0.82,-0.5196112861883687,ok,0.08984375,False
NBaIoT_MixedDevice_9Sources_Balanced,Sybil,IID,F1_Final_Round,FLAME,Krum,10,0.9176369008723991,0.909771994436792,0.007864906435607366,17.0,0.322265625,0.2,0.15759034652405207,ok,1.0,False
NBaIoT_MixedDevice_9Sources_Balanced,Sybil,IID,F1_Final_Round,FLTrust,FedAvg,10,0.9977777713648359,0.994722185681858,0.003055585682978146,0.0,0.00390625,0.74,1.3361319293746956,ok,0.08984375,False
NBaIoT_MixedDevice_9Sources_Balanced,Sybil,IID,F1_Final_Round,FLTrust,Krum,10,0.9977777713648359,0.909771994436792,0.08800577692804405,0.0,0.001953125,1.0,0.5533066579330262,ok,0.0703125,False
NBaIoT_MixedDevice_9Sources_Balanced,Sybil,IID,F1_Final_Round,FedAvg,Krum,10,0.994722185681858,0.909771994436792,0.0849501912450659,0.0,0.001953125,0.99,0.5328585893168455,ok,0.0703125,False
NBaIoT_MixedDevice_9Sources_Balanced,Sybil,IID,ASR_Final_Round,Adaptive_FixedCircuitBreaker,Adaptive_NoAdaptiveWeighting,10,0.0015555555555555555,0.0015555555555555555,0.0,0.0,1.0,0.0,0.0,identical_values,1.0,False
NBaIoT_MixedDevice_9Sources_Balanced,Sybil,IID,ASR_Final_Round,Adaptive_FixedCircuitBreaker,Adaptive_NoCircuitBreaker,10,0.0015555555555555555,0.0017777777777777779,-0.00022222222222222226,1.5,0.375,-0.04,-0.316227766016838,ok,1.0,False
NBaIoT_MixedDevice_9Sources_Balanced,Sybil,IID,ASR_Final_Round,Adaptive_FixedCircuitBreaker,Adaptive_NoTemporalMemory,10,0.0015555555555555555,0.0015555555555555555,0.0,0.0,1.0,0.0,0.0,identical_values,1.0,False
NBaIoT_MixedDevice_9Sources_Balanced,Sybil,IID,ASR_Final_Round,Adaptive_FixedCircuitBreaker,Adaptive_Ultimate,10,0.0015555555555555555,0.0015555555555555555,0.0,0.0,1.0,0.0,0.0,identical_values,1.0,False
NBaIoT_MixedDevice_9Sources_Balanced,Sybil,IID,ASR_Final_Round,Adaptive_FixedCircuitBreaker,FLAME,10,0.0015555555555555555,0.8402222222222221,-0.8386666666666667,0.0,0.001953125,-1.0,-4.168762015863329,ok,0.0703125,False
NBaIoT_MixedDevice_9Sources_Balanced,Sybil,IID,ASR_Final_Round,Adaptive_FixedCircuitBreaker,FLTrust,10,0.0015555555555555555,0.001888888888888889,-0.0003333333333333334,1.5,0.1875,-0.07,-0.44447831849231534,ok,1.0,False
NBaIoT_MixedDevice_9Sources_Balanced,Sybil,IID,ASR_Final_Round,Adaptive_FixedCircuitBreaker,FedAvg,10,0.0015555555555555555,0.19222222222222224,-0.19066666666666665,0.0,0.001953125,-1.0,-0.9365816352516173,ok,0.0703125,False
NBaIoT_MixedDevice_9Sources_Balanced,Sybil,IID,ASR_Final_Round,Adaptive_FixedCircuitBreaker,Krum,10,0.0015555555555555555,0.9176666666666667,-0.9161111111111111,0.0,0.001953125,-1.0,-6.872888613123142,ok,0.0703125,False
NBaIoT_MixedDevice_9Sources_Balanced,Sybil,IID,ASR_Final_Round,Adaptive_NoAdaptiveWeighting,Adaptive_NoCircuitBreaker,10,0.0015555555555555555,0.0017777777777777779,-0.00022222222222222226,1.5,0.375,-0.04,-0.316227766016838,ok,1.0,False
NBaIoT_MixedDevice_9Sources_Balanced,Sybil,IID,ASR_Final_Round,Adaptive_NoAdaptiveWeighting,Adaptive_NoTemporalMemory,10,0.0015555555555555555,0.0015555555555555555,0.0,0.0,1.0,0.0,0.0,identical_values,1.0,False
NBaIoT_MixedDevice_9Sources_Balanced,Sybil,IID,ASR_Final_Round,Adaptive_NoAdaptiveWeighting,Adaptive_Ultimate,10,0.0015555555555555555,0.0015555555555555555,0.0,0.0,1.0,0.0,0.0,identical_values,1.0,False
NBaIoT_MixedDevice_9Sources_Balanced,Sybil,IID,ASR_Final_Round,Adaptive_NoAdaptiveWeighting,FLAME,10,0.0015555555555555555,0.8402222222222221,-0.8386666666666667,0.0,0.001953125,-1.0,-4.168762015863329,ok,0.0703125,False
NBaIoT_MixedDevice_9Sources_Balanced,Sybil,IID,ASR_Final_Round,Adaptive_NoAdaptiveWeighting,FLTrust,10,0.0015555555555555555,0.001888888888888889,-0.0003333333333333334,1.5,0.1875,-0.07,-0.44447831849231534,ok,1.0,False
NBaIoT_MixedDevice_9Sources_Balanced,Sybil,IID,ASR_Final_Round,Adaptive_NoAdaptiveWeighting,FedAvg,10,0.0015555555555555555,0.19222222222222224,-0.19066666666666665,0.0,0.001953125,-1.0,-0.9365816352516173,ok,0.0703125,False
NBaIoT_MixedDevice_9Sources_Balanced,Sybil,IID,ASR_Final_Round,Adaptive_NoAdaptiveWeighting,Krum,10,0.0015555555555555555,0.9176666666666667,-0.9161111111111111,0.0,0.001953125,-1.0,-6.872888613123142,ok,0.0703125,False
NBaIoT_MixedDevice_9Sources_Balanced,Sybil,IID,ASR_Final_Round,Adaptive_NoCircuitBreaker,Adaptive_NoTemporalMemory,10,0.0017777777777777779,0.0015555555555555555,0.00022222222222222226,1.5,0.375,0.04,0.316227766016838,ok,1.0,False
NBaIoT_MixedDevice_9Sources_Balanced,Sybil,IID,ASR_Final_Round,Adaptive_NoCircuitBreaker,Adaptive_Ultimate,10,0.0017777777777777779,0.0015555555555555555,0.00022222222222222226,1.5,0.375,0.04,0.316227766016838,ok,1.0,False
NBaIoT_MixedDevice_9Sources_Balanced,Sybil,IID,ASR_Final_Round,Adaptive_NoCircuitBreaker,FLAME,10,0.0017777777777777779,0.8402222222222221,-0.8384444444444444,0.0,0.001953125,-1.0,-4.161267696164894,ok,0.0703125,False
NBaIoT_MixedDevice_9Sources_Balanced,Sybil,IID,ASR_Final_Round,Adaptive_NoCircuitBreaker,FLTrust,10,0.0017777777777777779,0.001888888888888889,-0.00011111111111111113,0.0,1.0,-0.03,-0.316227766016838,ok,1.0,False
NBaIoT_MixedDevice_9Sources_Balanced,Sybil,IID,ASR_Final_Round,Adaptive_NoCircuitBreaker,FedAvg,10,0.0017777777777777779,0.19222222222222224,-0.19044444444444447,0.0,0.001953125,-1.0,-0.9356015376449551,ok,0.0703125,False
NBaIoT_MixedDevice_9Sources_Balanced,Sybil,IID,ASR_Final_Round,Adaptive_NoCircuitBreaker,Krum,10,0.0017777777777777779,0.9176666666666667,-0.9158888888888889,0.0,0.001953125,-1.0,-6.8609632965059895,ok,0.0703125,False
NBaIoT_MixedDevice_9Sources_Balanced,Sybil,IID,ASR_Final_Round,Adaptive_NoTemporalMemory,Adaptive_Ultimate,10,0.0015555555555555555,0.0015555555555555555,0.0,0.0,1.0,0.0,0.0,identical_values,1.0,False
NBaIoT_MixedDevice_9Sources_Balanced,Sybil,IID,ASR_Final_Round,Adaptive_NoTemporalMemory,FLAME,10,0.0015555555555555555,0.8402222222222221,-0.8386666666666667,0.0,0.001953125,-1.0,-4.168762015863329,ok,0.0703125,False
NBaIoT_MixedDevice_9Sources_Balanced,Sybil,IID,ASR_Final_Round,Adaptive_NoTemporalMemory,FLTrust,10,0.0015555555555555555,0.001888888888888889,-0.0003333333333333334,1.5,0.1875,-0.07,-0.44447831849231534,ok,1.0,False
NBaIoT_MixedDevice_9Sources_Balanced,Sybil,IID,ASR_Final_Round,Adaptive_NoTemporalMemory,FedAvg,10,0.0015555555555555555,0.19222222222222224,-0.19066666666666665,0.0,0.001953125,-1.0,-0.9365816352516173,ok,0.0703125,False
NBaIoT_MixedDevice_9Sources_Balanced,Sybil,IID,ASR_Final_Round,Adaptive_NoTemporalMemory,Krum,10,0.0015555555555555555,0.9176666666666667,-0.9161111111111111,0.0,0.001953125,-1.0,-6.872888613123142,ok,0.0703125,False
NBaIoT_MixedDevice_9Sources_Balanced,Sybil,IID,ASR_Final_Round,Adaptive_Ultimate,FLAME,10,0.0015555555555555555,0.8402222222222221,-0.8386666666666667,0.0,0.001953125,-1.0,-4.168762015863329,ok,0.0703125,False
NBaIoT_MixedDevice_9Sources_Balanced,Sybil,IID,ASR_Final_Round,Adaptive_Ultimate,FLTrust,10,0.0015555555555555555,0.001888888888888889,-0.0003333333333333334,1.5,0.1875,-0.07,-0.44447831849231534,ok,1.0,False
NBaIoT_MixedDevice_9Sources_Balanced,Sybil,IID,ASR_Final_Round,Adaptive_Ultimate,FedAvg,10,0.0015555555555555555,0.19222222222222224,-0.19066666666666665,0.0,0.001953125,-1.0,-0.9365816352516173,ok,0.0703125,False
NBaIoT_MixedDevice_9Sources_Balanced,Sybil,IID,ASR_Final_Round,Adaptive_Ultimate,Krum,10,0.0015555555555555555,0.9176666666666667,-0.9161111111111111,0.0,0.001953125,-1.0,-6.872888613123142,ok,0.0703125,False
NBaIoT_MixedDevice_9Sources_Balanced,Sybil,IID,ASR_Final_Round,FLAME,FLTrust,10,0.8402222222222221,0.001888888888888889,0.8383333333333333,0.0,0.001953125,1.0,4.162488059509923,ok,0.0703125,False
NBaIoT_MixedDevice_9Sources_Balanced,Sybil,IID,ASR_Final_Round,FLAME,FedAvg,10,0.8402222222222221,0.19222222222222224,0.648,0.0,0.001953125,1.0,2.11459610426123,ok,0.0703125,False
NBaIoT_MixedDevice_9Sources_Balanced,Sybil,IID,ASR_Final_Round,FLAME,Krum,10,0.8402222222222221,0.9176666666666667,-0.07744444444444447,14.5,0.37109375,-0.31,-0.4139870933657976,ok,1.0,False
NBaIoT_MixedDevice_9Sources_Balanced,Sybil,IID,ASR_Final_Round,FLTrust,FedAvg,10,0.001888888888888889,0.19222222222222224,-0.19033333333333335,0.0,0.001953125,-1.0,-0.9356324720263378,ok,0.0703125,False
NBaIoT_MixedDevice_9Sources_Balanced,Sybil,IID,ASR_Final_Round,FLTrust,Krum,10,0.001888888888888889,0.9176666666666667,-0.9157777777777778,0.0,0.001953125,-1.0,-6.863737862116318,ok,0.0703125,False
NBaIoT_MixedDevice_9Sources_Balanced,Sybil,IID,ASR_Final_Round,FedAvg,Krum,10,0.19222222222222224,0.9176666666666667,-0.7254444444444444,0.0,0.001953125,-1.0,-4.051340162414863,ok,0.0703125,False
NBaIoT_MixedDevice_9Sources_Balanced,Sybil,NonIID_Dirichlet,F1_Mean_Over_Rounds,Adaptive_FixedCircuitBreaker,Adaptive_NoAdaptiveWeighting,10,0.9973147818548351,0.9970245395714127,0.000290242283422304,16.0,0.275390625,0.22,0.45969375869188883,ok,1.0,False
NBaIoT_MixedDevice_9Sources_Balanced,Sybil,NonIID_Dirichlet,F1_Mean_Over_Rounds,Adaptive_FixedCircuitBreaker,Adaptive_NoCircuitBreaker,10,0.9973147818548351,0.99705922281463,0.00025555904020495567,3.0,0.01953125,0.27,0.8488778299562579,ok,0.390625,False
NBaIoT_MixedDevice_9Sources_Balanced,Sybil,NonIID_Dirichlet,F1_Mean_Over_Rounds,Adaptive_FixedCircuitBreaker,Adaptive_NoTemporalMemory,10,0.9973147818548351,0.9972305324861767,8.424936865840671e-05,17.0,0.5703125,0.13,0.23960770315459046,ok,1.0,False
NBaIoT_MixedDevice_9Sources_Balanced,Sybil,NonIID_Dirichlet,F1_Mean_Over_Rounds,Adaptive_FixedCircuitBreaker,Adaptive_Ultimate,10,0.9973147818548351,0.9971425590959131,0.00017222275892198047,3.0,0.078125,0.21,0.6339022930644647,ok,1.0,False
NBaIoT_MixedDevice_9Sources_Balanced,Sybil,NonIID_Dirichlet,F1_Mean_Over_Rounds,Adaptive_FixedCircuitBreaker,FLAME,10,0.9973147818548351,0.9699739195469496,0.02734086230788533,0.0,0.001953125,1.0,0.7684687805976218,ok,0.0703125,False
NBaIoT_MixedDevice_9Sources_Balanced,Sybil,NonIID_Dirichlet,F1_Mean_Over_Rounds,Adaptive_FixedCircuitBreaker,FLTrust,10,0.9973147818548351,0.9972449759885642,6.980586627091112e-05,21.0,0.556640625,0.16,0.20351646091140033,ok,1.0,False
NBaIoT_MixedDevice_9Sources_Balanced,Sybil,NonIID_Dirichlet,F1_Mean_Over_Rounds,Adaptive_FixedCircuitBreaker,FedAvg,10,0.9973147818548351,0.9961031825223851,0.001211599332450053,8.0,0.048828125,0.6,0.8221281217727108,ok,0.830078125,False
NBaIoT_MixedDevice_9Sources_Balanced,Sybil,NonIID_Dirichlet,F1_Mean_Over_Rounds,Adaptive_FixedCircuitBreaker,Krum,10,0.9973147818548351,0.9013023947091181,0.09601238714571697,0.0,0.001953125,1.0,1.3843519879250992,ok,0.0703125,False
NBaIoT_MixedDevice_9Sources_Balanced,Sybil,NonIID_Dirichlet,F1_Mean_Over_Rounds,Adaptive_NoAdaptiveWeighting,Adaptive_NoCircuitBreaker,10,0.9970245395714127,0.99705922281463,-3.468324321734828e-05,24.0,0.76953125,0.08,-0.04571357621641196,ok,1.0,False
NBaIoT_MixedDevice_9Sources_Balanced,Sybil,NonIID_Dirichlet,F1_Mean_Over_Rounds,Adaptive_NoAdaptiveWeighting,Adaptive_NoTemporalMemory,10,0.9970245395714127,0.9972305324861767,-0.00020599291476389726,25.0,0.845703125,-0.06,-0.24520753733894823,ok,1.0,False
NBaIoT_MixedDevice_9Sources_Balanced,Sybil,NonIID_Dirichlet,F1_Mean_Over_Rounds,Adaptive_NoAdaptiveWeighting,Adaptive_Ultimate,10,0.9970245395714127,0.9971425590959131,-0.00011801952450032349,27.0,1.0,0.0,-0.16851599700577094,ok,1.0,False
NBaIoT_MixedDevice_9Sources_Balanced,Sybil,NonIID_Dirichlet,F1_Mean_Over_Rounds,Adaptive_NoAdaptiveWeighting,FLAME,10,0.9970245395714127,0.9699739195469496,0.027050620024463023,0.0,0.001953125,1.0,0.7588999050502212,ok,0.0703125,False
NBaIoT_MixedDevice_9Sources_Balanced,Sybil,NonIID_Dirichlet,F1_Mean_Over_Rounds,Adaptive_NoAdaptiveWeighting,FLTrust,10,0.9970245395714127,0.9972449759885642,-0.00022043641715139284,24.0,0.76953125,0.0,-0.26505233799980826,ok,1.0,False
NBaIoT_MixedDevice_9Sources_Balanced,Sybil,NonIID_Dirichlet,F1_Mean_Over_Rounds,Adaptive_NoAdaptiveWeighting,FedAvg,10,0.9970245395714127,0.9961031825223851,0.0009213570490277489,13.0,0.16015625,0.52,0.4914823263875869,ok,1.0,False
NBaIoT_MixedDevice_9Sources_Balanced,Sybil,NonIID_Dirichlet,F1_Mean_Over_Rounds,Adaptive_NoAdaptiveWeighting,Krum,10,0.9970245395714127,0.9013023947091181,0.09572214486229466,0.0,0.001953125,1.0,1.3761489230608182,ok,0.0703125,False
NBaIoT_MixedDevice_9Sources_Balanced,Sybil,NonIID_Dirichlet,F1_Mean_Over_Rounds,Adaptive_NoCircuitBreaker,Adaptive_NoTemporalMemory,10,0.99705922281463,0.9972305324861767,-0.00017130967154654897,11.0,0.10546875,-0.14,-0.5956813051104429,ok,1.0,False
NBaIoT_MixedDevice_9Sources_Balanced,Sybil,NonIID_Dirichlet,F1_Mean_Over_Rounds,Adaptive_NoCircuitBreaker,Adaptive_Ultimate,10,0.99705922281463,0.9971425590959131,-8.333628128297521e-05,16.0,0.49609375,-0.09,-0.2888930098740214,ok,1.0,False
NBaIoT_MixedDevice_9Sources_Balanced,Sybil,NonIID_Dirichlet,F1_Mean_Over_Rounds,Adaptive_NoCircuitBreaker,FLAME,10,0.99705922281463,0.9699739195469496,0.027085303267680372,0.0,0.001953125,1.0,0.760465661925781,ok,0.0703125,False
NBaIoT_MixedDevice_9Sources_Balanced,Sybil,NonIID_Dirichlet,F1_Mean_Over_Rounds,Adaptive_NoCircuitBreaker,FLTrust,10,0.99705922281463,0.9972449759885642,-0.00018575317393404456,0.0,0.001953125,-0.2,-1.2444325872147037,ok,0.0703125,False
NBaIoT_MixedDevice_9Sources_Balanced,Sybil,NonIID_Dirichlet,F1_Mean_Over_Rounds,Adaptive_NoCircuitBreaker,FedAvg,10,0.99705922281463,0.9961031825223851,0.0009560402922450973,9.0,0.064453125,0.52,0.685734739255316,ok,1.0,False
NBaIoT_MixedDevice_9Sources_Balanced,Sybil,NonIID_Dirichlet,F1_Mean_Over_Rounds,Adaptive_NoCircuitBreaker,Krum,10,0.99705922281463,0.9013023947091181,0.09575682810551202,0.0,0.001953125,1.0,1.381346787399199,ok,0.0703125,False
NBaIoT_MixedDevice_9Sources_Balanced,Sybil,NonIID_Dirichlet,F1_Mean_Over_Rounds,Adaptive_NoTemporalMemory,Adaptive_Ultimate,10,0.9972305324861767,0.9971425590959131,8.797339026357376e-05,9.0,0.12890625,0.07,0.5601391461204078,ok,1.0,False
NBaIoT_MixedDevice_9Sources_Balanced,Sybil,NonIID_Dirichlet,F1_Mean_Over_Rounds,Adaptive_NoTemporalMemory,FLAME,10,0.9972305324861767,0.9699739195469496,0.02725661293922692,0.0,0.001953125,1.0,0.7649338055355348,ok,0.0703125,False
NBaIoT_MixedDevice_9Sources_Balanced,Sybil,NonIID_Dirichlet,F1_Mean_Over_Rounds,Adaptive_NoTemporalMemory,FLTrust,10,0.9972305324861767,0.9972449759885642,-1.4443502387495588e-05,21.0,0.556640625,-0.06,-0.06244466393813507,ok,1.0,False
NBaIoT_MixedDevice_9Sources_Balanced,Sybil,NonIID_Dirichlet,F1_Mean_Over_Rounds,Adaptive_NoTemporalMemory,FedAvg,10,0.9972305324861767,0.9961031825223851,0.0011273499637916462,6.0,0.02734375,0.52,0.8318055657885771,ok,0.4921875,False
NBaIoT_MixedDevice_9Sources_Balanced,Sybil,NonIID_Dirichlet,F1_Mean_Over_Rounds,Adaptive_NoTemporalMemory,Krum,10,0.9972305324861767,0.9013023947091181,0.09592813777705857,0.0,0.001953125,1.0,1.3869320798815763,ok,0.0703125,False
NBaIoT_MixedDevice_9Sources_Balanced,Sybil,NonIID_Dirichlet,F1_Mean_Over_Rounds,Adaptive_Ultimate,FLAME,10,0.9971425590959131,0.9699739195469496,0.02716863954896335,0.0,0.001953125,1.0,0.7622881927120759,ok,0.0703125,False
NBaIoT_MixedDevice_9Sources_Balanced,Sybil,NonIID_Dirichlet,F1_Mean_Over_Rounds,Adaptive_Ultimate,FLTrust,10,0.9971425590959131,0.9972449759885642,-0.00010241689265106934,14.0,0.193359375,-0.04,-0.36522844489201794,ok,1.0,False
NBaIoT_MixedDevice_9Sources_Balanced,Sybil,NonIID_Dirichlet,F1_Mean_Over_Rounds,Adaptive_Ultimate,FedAvg,10,0.9971425590959131,0.9961031825223851,0.0010393765735280725,9.0,0.064453125,0.54,0.7220652991983799,ok,1.0,False
NBaIoT_MixedDevice_9Sources_Balanced,Sybil,NonIID_Dirichlet,F1_Mean_Over_Rounds,Adaptive_Ultimate,Krum,10,0.9971425590959131,0.9013023947091181,0.09584016438679499,0.0,0.001953125,1.0,1.3851384305895993,ok,0.0703125,False
NBaIoT_MixedDevice_9Sources_Balanced,Sybil,NonIID_Dirichlet,F1_Mean_Over_Rounds,FLAME,FLTrust,10,0.9699739195469496,0.9972449759885642,-0.027271056441614417,0.0,0.001953125,-1.0,-0.7665518651761714,ok,0.0703125,False
NBaIoT_MixedDevice_9Sources_Balanced,Sybil,NonIID_Dirichlet,F1_Mean_Over_Rounds,FLAME,FedAvg,10,0.9699739195469496,0.9961031825223851,-0.026129262975435275,0.0,0.001953125,-1.0,-0.7300286808502328,ok,0.0703125,False
NBaIoT_MixedDevice_9Sources_Balanced,Sybil,NonIID_Dirichlet,F1_Mean_Over_Rounds,FLAME,Krum,10,0.9699739195469496,0.9013023947091181,0.06867152483783165,0.0,0.001953125,0.8,0.9286441174004271,ok,0.0703125,False
NBaIoT_MixedDevice_9Sources_Balanced,Sybil,NonIID_Dirichlet,F1_Mean_Over_Rounds,FLTrust,FedAvg,10,0.9972449759885642,0.9961031825223851,0.0011417934661791418,5.0,0.01953125,0.56,0.88680156190847,ok,0.390625,False
NBaIoT_MixedDevice_9Sources_Balanced,Sybil,NonIID_Dirichlet,F1_Mean_Over_Rounds,FLTrust,Krum,10,0.9972449759885642,0.9013023947091181,0.09594258127944606,0.0,0.001953125,1.0,1.3856291963110856,ok,0.0703125,False
NBaIoT_MixedDevice_9Sources_Balanced,Sybil,NonIID_Dirichlet,F1_Mean_Over_Rounds,FedAvg,Krum,10,0.9961031825223851,0.9013023947091181,0.09480078781326692,0.0,0.001953125,1.0,1.3695655054236013,ok,0.0703125,False
NBaIoT_MixedDevice_9Sources_Balanced,Sybil,NonIID_Dirichlet,ASR_Mean_Over_Rounds,Adaptive_FixedCircuitBreaker,Adaptive_NoAdaptiveWeighting,10,0.001917777777777778,0.0017966666666666665,0.00012111111111111112,5.0,0.078125,0.11,0.5487550522346609,ok,1.0,False
NBaIoT_MixedDevice_9Sources_Balanced,Sybil,NonIID_Dirichlet,ASR_Mean_Over_Rounds,Adaptive_FixedCircuitBreaker,Adaptive_NoCircuitBreaker,10,0.001917777777777778,0.002095555555555556,-0.00017777777777777773,5.0,0.3125,-0.06,-0.4735561233746161,ok,1.0,False
NBaIoT_MixedDevice_9Sources_Balanced,Sybil,NonIID_Dirichlet,ASR_Mean_Over_Rounds,Adaptive_FixedCircuitBreaker,Adaptive_NoTemporalMemory,10,0.001917777777777778,0.0019422222222222224,-2.4444444444444513e-05,13.0,0.9375,0.01,-0.10384240880260523,ok,1.0,False
NBaIoT_MixedDevice_9Sources_Balanced,Sybil,NonIID_Dirichlet,ASR_Mean_Over_Rounds,Adaptive_FixedCircuitBreaker,Adaptive_Ultimate,10,0.001917777777777778,0.0019822222222222225,-6.444444444444442e-05,1.0,0.5,-0.03,-0.28865606691523893,ok,1.0,False
NBaIoT_MixedDevice_9Sources_Balanced,Sybil,NonIID_Dirichlet,ASR_Mean_Over_Rounds,Adaptive_FixedCircuitBreaker,FLAME,10,0.001917777777777778,0.1517633333333333,-0.14984555555555557,0.0,0.001953125,-1.0,-2.625306720834031,ok,0.0703125,False
NBaIoT_MixedDevice_9Sources_Balanced,Sybil,NonIID_Dirichlet,ASR_Mean_Over_Rounds,Adaptive_FixedCircuitBreaker,FLTrust,10,0.001917777777777778,0.0020044444444444445,-8.666666666666667e-05,11.0,0.6875,-0.03,-0.23664630306440473,ok,1.0,False
NBaIoT_MixedDevice_9Sources_Balanced,Sybil,NonIID_Dirichlet,ASR_Mean_Over_Rounds,Adaptive_FixedCircuitBreaker,FedAvg,10,0.001917777777777778,0.1284311111111111,-0.1265133333333333,1.0,0.00390625,-0.9,-0.7126815265955876,ok,0.08203125,False
NBaIoT_MixedDevice_9Sources_Balanced,Sybil,NonIID_Dirichlet,ASR_Mean_Over_Rounds,Adaptive_FixedCircuitBreaker,Krum,10,0.001917777777777778,0.16451444444444446,-0.16259666666666667,0.0,0.001953125,-1.0,-2.925128580353316,ok,0.0703125,False
NBaIoT_MixedDevice_9Sources_Balanced,Sybil,NonIID_Dirichlet,ASR_Mean_Over_Rounds,Adaptive_NoAdaptiveWeighting,Adaptive_NoCircuitBreaker,10,0.0017966666666666665,0.002095555555555556,-0.00029888888888888885,11.0,0.10546875,-0.17,-0.6267897357953708,ok,1.0,False
NBaIoT_MixedDevice_9Sources_Balanced,Sybil,NonIID_Dirichlet,ASR_Mean_Over_Rounds,Adaptive_NoAdaptiveWeighting,Adaptive_NoTemporalMemory,10,0.0017966666666666665,0.0019422222222222224,-0.00014555555555555562,15.0,0.4296875,-0.08,-0.4483632000408169,ok,1.0,False
NBaIoT_MixedDevice_9Sources_Balanced,Sybil,NonIID_Dirichlet,ASR_Mean_Over_Rounds,Adaptive_NoAdaptiveWeighting,Adaptive_Ultimate,10,0.0017966666666666665,0.0019822222222222225,-0.00018555555555555553,5.0,0.078125,-0.13,-0.5663964590390762,ok,1.0,False
NBaIoT_MixedDevice_9Sources_Balanced,Sybil,NonIID_Dirichlet,ASR_Mean_Over_Rounds,Adaptive_NoAdaptiveWeighting,FLAME,10,0.0017966666666666665,0.1517633333333333,-0.14996666666666666,0.0,0.001953125,-1.0,-2.626182338676722,ok,0.0703125,False
NBaIoT_MixedDevice_9Sources_Balanced,Sybil,NonIID_Dirichlet,ASR_Mean_Over_Rounds,Adaptive_NoAdaptiveWeighting,FLTrust,10,0.0017966666666666665,0.0020044444444444445,-0.00020777777777777778,10.0,0.1640625,-0.14,-0.45005325303863963,ok,1.0,False
NBaIoT_MixedDevice_9Sources_Balanced,Sybil,NonIID_Dirichlet,ASR_Mean_Over_Rounds,Adaptive_NoAdaptiveWeighting,FedAvg,10,0.0017966666666666665,0.1284311111111111,-0.12663444444444444,1.0,0.00390625,-0.9,-0.7130979304909941,ok,0.08203125,False
NBaIoT_MixedDevice_9Sources_Balanced,Sybil,NonIID_Dirichlet,ASR_Mean_Over_Rounds,Adaptive_NoAdaptiveWeighting,Krum,10,0.0017966666666666665,0.16451444444444446,-0.16271777777777777,0.0,0.001953125,-1.0,-2.9292377653258597,ok,0.0703125,False
NBaIoT_MixedDevice_9Sources_Balanced,Sybil,NonIID_Dirichlet,ASR_Mean_Over_Rounds,Adaptive_NoCircuitBreaker,Adaptive_NoTemporalMemory,10,0.002095555555555556,0.0019422222222222224,0.00015333333333333326,4.0,0.0546875,0.1,0.72072517729409,ok,0.9296875,False
NBaIoT_MixedDevice_9Sources_Balanced,Sybil,NonIID_Dirichlet,ASR_Mean_Over_Rounds,Adaptive_NoCircuitBreaker,Adaptive_Ultimate,10,0.002095555555555556,0.0019822222222222225,0.00011333333333333334,4.0,0.21875,0.06,0.4623854961648978,ok,1.0,False
NBaIoT_MixedDevice_9Sources_Balanced,Sybil,NonIID_Dirichlet,ASR_Mean_Over_Rounds,Adaptive_NoCircuitBreaker,FLAME,10,0.002095555555555556,0.1517633333333333,-0.1496677777777778,0.0,0.001953125,-1.0,-2.626371853331945,ok,0.0703125,False
NBaIoT_MixedDevice_9Sources_Balanced,Sybil,NonIID_Dirichlet,ASR_Mean_Over_Rounds,Adaptive_NoCircuitBreaker,FLTrust,10,0.002095555555555556,0.0020044444444444445,9.11111111111111e-05,1.0,0.015625,0.06,0.715043772898697,ok,0.28125,False
NBaIoT_MixedDevice_9Sources_Balanced,Sybil,NonIID_Dirichlet,ASR_Mean_Over_Rounds,Adaptive_NoCircuitBreaker,FedAvg,10,0.002095555555555556,0.1284311111111111,-0.12633555555555556,0.0,0.001953125,-0.9,-0.7121213978917054,ok,0.0703125,False
NBaIoT_MixedDevice_9Sources_Balanced,Sybil,NonIID_Dirichlet,ASR_Mean_Over_Rounds,Adaptive_NoCircuitBreaker,Krum,10,0.002095555555555556,0.16451444444444446,-0.16241888888888892,0.0,0.001953125,-1.0,-2.9278998171491604,ok,0.0703125,False
NBaIoT_MixedDevice_9Sources_Balanced,Sybil,NonIID_Dirichlet,ASR_Mean_Over_Rounds,Adaptive_NoTemporalMemory,Adaptive_Ultimate,10,0.0019422222222222224,0.0019822222222222225,-3.999999999999991e-05,8.0,0.34375,-0.03,-0.40808505177266224,ok,1.0,False
NBaIoT_MixedDevice_9Sources_Balanced,Sybil,NonIID_Dirichlet,ASR_Mean_Over_Rounds,Adaptive_NoTemporalMemory,FLAME,10,0.0019422222222222224,0.1517633333333333,-0.14982111111111113,0.0,0.001953125,-1.0,-2.627959778377837,ok,0.0703125,False
NBaIoT_MixedDevice_9Sources_Balanced,Sybil,NonIID_Dirichlet,ASR_Mean_Over_Rounds,Adaptive_NoTemporalMemory,FLTrust,10,0.0019422222222222224,0.0020044444444444445,-6.222222222222214e-05,10.0,0.296875,-0.06,-0.3090826551806971,ok,1.0,False
NBaIoT_MixedDevice_9Sources_Balanced,Sybil,NonIID_Dirichlet,ASR_Mean_Over_Rounds,Adaptive_NoTemporalMemory,FedAvg,10,0.0019422222222222224,0.1284311111111111,-0.1264888888888889,0.0,0.001953125,-0.9,-0.7128484559526018,ok,0.0703125,False
NBaIoT_MixedDevice_9Sources_Balanced,Sybil,NonIID_Dirichlet,ASR_Mean_Over_Rounds,Adaptive_NoTemporalMemory,Krum,10,0.0019422222222222224,0.16451444444444446,-0.16257222222222223,0.0,0.001953125,-1.0,-2.9278914715246698,ok,0.0703125,False
NBaIoT_MixedDevice_9Sources_Balanced,Sybil,NonIID_Dirichlet,ASR_Mean_Over_Rounds,Adaptive_Ultimate,FLAME,10,0.0019822222222222225,0.1517633333333333,-0.1497811111111111,0.0,0.001953125,-1.0,-2.628402344745873,ok,0.0703125,False
NBaIoT_MixedDevice_9Sources_Balanced,Sybil,NonIID_Dirichlet,ASR_Mean_Over_Rounds,Adaptive_Ultimate,FLTrust,10,0.0019822222222222225,0.0020044444444444445,-2.2222222222222217e-05,13.0,0.9375,-0.01,-0.08160433493741086,ok,1.0,False
NBaIoT_MixedDevice_9Sources_Balanced,Sybil,NonIID_Dirichlet,ASR_Mean_Over_Rounds,Adaptive_Ultimate,FedAvg,10,0.0019822222222222225,0.1284311111111111,-0.12644888888888886,1.0,0.00390625,-0.88,-0.7128259453875968,ok,0.08203125,False
NBaIoT_MixedDevice_9Sources_Balanced,Sybil,NonIID_Dirichlet,ASR_Mean_Over_Rounds,Adaptive_Ultimate,Krum,10,0.0019822222222222225,0.16451444444444446,-0.16253222222222224,0.0,0.001953125,-1.0,-2.9258925221681684,ok,0.0703125,False
NBaIoT_MixedDevice_9Sources_Balanced,Sybil,NonIID_Dirichlet,ASR_Mean_Over_Rounds,FLAME,FLTrust,10,0.1517633333333333,0.0020044444444444445,0.14975888888888889,0.0,0.001953125,1.0,2.6281408884314565,ok,0.0703125,False
NBaIoT_MixedDevice_9Sources_Balanced,Sybil,NonIID_Dirichlet,ASR_Mean_Over_Rounds,FLAME,FedAvg,10,0.1517633333333333,0.1284311111111111,0.023332222222222226,16.0,0.275390625,0.38,0.170097534057528,ok,1.0,False
NBaIoT_MixedDevice_9Sources_Balanced,Sybil,NonIID_Dirichlet,ASR_Mean_Over_Rounds,FLAME,Krum,10,0.1517633333333333,0.16451444444444446,-0.012751111111111107,19.0,0.431640625,-0.18,-0.22336667285330222,ok,1.0,False
NBaIoT_MixedDevice_9Sources_Balanced,Sybil,NonIID_Dirichlet,ASR_Mean_Over_Rounds,FLTrust,FedAvg,10,0.0020044444444444445,0.1284311111111111,-0.1264266666666667,0.0,0.001953125,-0.9,-0.7124725188117405,ok,0.0703125,False
NBaIoT_MixedDevice_9Sources_Balanced,Sybil,NonIID_Dirichlet,ASR_Mean_Over_Rounds,FLTrust,Krum,10,0.0020044444444444445,0.16451444444444446,-0.16251000000000002,0.0,0.001953125,-1.0,-2.930896505468408,ok,0.0703125,False
NBaIoT_MixedDevice_9Sources_Balanced,Sybil,NonIID_Dirichlet,ASR_Mean_Over_Rounds,FedAvg,Krum,10,0.1284311111111111,0.16451444444444446,-0.036083333333333335,18.0,0.375,-0.4,-0.19388374093142866,ok,1.0,False
NBaIoT_MixedDevice_9Sources_Balanced,Sybil,NonIID_Dirichlet,F1_Final_Round,Adaptive_FixedCircuitBreaker,Adaptive_NoAdaptiveWeighting,10,0.9975555498285071,0.997333325823001,0.00022222400550607756,4.0,0.21875,0.16,0.47434297578152806,ok,1.0,False
NBaIoT_MixedDevice_9Sources_Balanced,Sybil,NonIID_Dirichlet,F1_Final_Round,Adaptive_FixedCircuitBreaker,Adaptive_NoCircuitBreaker,10,0.9975555498285071,0.9967777576814543,0.0007777921470528027,0.0,0.015625,0.32,0.5694383920422256,ok,0.328125,False
NBaIoT_MixedDevice_9Sources_Balanced,Sybil,NonIID_Dirichlet,F1_Final_Round,Adaptive_FixedCircuitBreaker,Adaptive_NoTemporalMemory,10,0.9975555498285071,0.9972222167695225,0.00033333305898469723,2.0,0.1875,0.19,0.5581559854020403,ok,1.0,False
NBaIoT_MixedDevice_9Sources_Balanced,Sybil,NonIID_Dirichlet,F1_Final_Round,Adaptive_FixedCircuitBreaker,Adaptive_Ultimate,10,0.9975555498285071,0.9972222167695225,0.00033333305898469723,2.0,0.1875,0.19,0.5581559854020403,ok,1.0,False
NBaIoT_MixedDevice_9Sources_Balanced,Sybil,NonIID_Dirichlet,F1_Final_Round,Adaptive_FixedCircuitBreaker,FLAME,10,0.9975555498285071,0.9076815857286109,0.08987396409989616,0.0,0.001953125,0.99,0.5930434696706455,ok,0.0703125,False
NBaIoT_MixedDevice_9Sources_Balanced,Sybil,NonIID_Dirichlet,F1_Final_Round,Adaptive_FixedCircuitBreaker,FLTrust,10,0.9975555498285071,0.997222208744707,0.0003333410838001094,9.0,0.25,0.11,0.2904758475142258,ok,1.0,False
NBaIoT_MixedDevice_9Sources_Balanced,Sybil,NonIID_Dirichlet,F1_Final_Round,Adaptive_FixedCircuitBreaker,FedAvg,10,0.9975555498285071,0.9949999299360897,0.002555619892417449,11.0,0.10546875,0.55,0.752403797174095,ok,1.0,False
NBaIoT_MixedDevice_9Sources_Balanced,Sybil,NonIID_Dirichlet,F1_Final_Round,Adaptive_FixedCircuitBreaker,Krum,10,0.9975555498285071,0.7703837595633394,0.22717179026516768,0.0,0.001953125,1.0,1.5817876346244872,ok,0.0703125,False
NBaIoT_MixedDevice_9Sources_Balanced,Sybil,NonIID_Dirichlet,F1_Final_Round,Adaptive_NoAdaptiveWeighting,Adaptive_NoCircuitBreaker,10,0.997333325823001,0.9967777576814543,0.0005555681415467251,4.0,0.109375,0.2,0.39391797208822665,ok,1.0,False
NBaIoT_MixedDevice_9Sources_Balanced,Sybil,NonIID_Dirichlet,F1_Final_Round,Adaptive_NoAdaptiveWeighting,Adaptive_NoTemporalMemory,10,0.997333325823001,0.9972222167695225,0.00011110905347861965,7.0,1.0,0.08,0.21763774858467946,ok,1.0,False
NBaIoT_MixedDevice_9Sources_Balanced,Sybil,NonIID_Dirichlet,F1_Final_Round,Adaptive_NoAdaptiveWeighting,Adaptive_Ultimate,10,0.997333325823001,0.9972222167695225,0.00011110905347861965,7.0,1.0,0.08,0.21763774858467946,ok,1.0,False
NBaIoT_MixedDevice_9Sources_Balanced,Sybil,NonIID_Dirichlet,F1_Final_Round,Adaptive_NoAdaptiveWeighting,FLAME,10,0.997333325823001,0.9076815857286109,0.08965174009439009,0.0,0.001953125,0.98,0.5911713838083651,ok,0.0703125,False
NBaIoT_MixedDevice_9Sources_Balanced,Sybil,NonIID_Dirichlet,F1_Final_Round,Adaptive_NoAdaptiveWeighting,FLTrust,10,0.997333325823001,0.997222208744707,0.00011111707829403183,21.0,0.91015625,0.01,0.08885577164616455,ok,1.0,False
NBaIoT_MixedDevice_9Sources_Balanced,Sybil,NonIID_Dirichlet,F1_Final_Round,Adaptive_NoAdaptiveWeighting,FedAvg,10,0.997333325823001,0.9949999299360897,0.0023333958869113714,12.0,0.130859375,0.45,0.7004320024125968,ok,1.0,False
NBaIoT_MixedDevice_9Sources_Balanced,Sybil,NonIID_Dirichlet,F1_Final_Round,Adaptive_NoAdaptiveWeighting,Krum,10,0.997333325823001,0.7703837595633394,0.2269495662596616,0.0,0.001953125,1.0,1.577826865708041,ok,0.0703125,False
NBaIoT_MixedDevice_9Sources_Balanced,Sybil,NonIID_Dirichlet,F1_Final_Round,Adaptive_NoCircuitBreaker,Adaptive_NoTemporalMemory,10,0.9967777576814543,0.9972222167695225,-0.0004444590880681054,8.0,0.375,-0.09,-0.3057907309880498,ok,1.0,False
NBaIoT_MixedDevice_9Sources_Balanced,Sybil,NonIID_Dirichlet,F1_Final_Round,Adaptive_NoCircuitBreaker,Adaptive_Ultimate,10,0.9967777576814543,0.9972222167695225,-0.0004444590880681054,8.0,0.375,-0.09,-0.3057907309880498,ok,1.0,False
NBaIoT_MixedDevice_9Sources_Balanced,Sybil,NonIID_Dirichlet,F1_Final_Round,Adaptive_NoCircuitBreaker,FLAME,10,0.9967777576814543,0.9076815857286109,0.08909617195284336,0.0,0.001953125,0.96,0.5869852171208328,ok,0.0703125,False
NBaIoT_MixedDevice_9Sources_Balanced,Sybil,NonIID_Dirichlet,F1_Final_Round,Adaptive_NoCircuitBreaker,FLTrust,10,0.9967777576814543,0.997222208744707,-0.00044445106325269323,3.0,0.15625,-0.19,-0.5720762091751888,ok,1.0,False
NBaIoT_MixedDevice_9Sources_Balanced,Sybil,NonIID_Dirichlet,F1_Final_Round,Adaptive_NoCircuitBreaker,FedAvg,10,0.9967777576814543,0.9949999299360897,0.0017778277453646464,17.0,0.322265625,0.29,0.5473633710505246,ok,1.0,False
NBaIoT_MixedDevice_9Sources_Balanced,Sybil,NonIID_Dirichlet,F1_Final_Round,Adaptive_NoCircuitBreaker,Krum,10,0.9967777576814543,0.7703837595633394,0.2263939981181149,0.0,0.001953125,1.0,1.5679000889437917,ok,0.0703125,False
NBaIoT_MixedDevice_9Sources_Balanced,Sybil,NonIID_Dirichlet,F1_Final_Round,Adaptive_NoTemporalMemory,Adaptive_Ultimate,10,0.9972222167695225,0.9972222167695225,0.0,0.0,1.0,0.0,0.0,identical_values,1.0,False
NBaIoT_MixedDevice_9Sources_Balanced,Sybil,NonIID_Dirichlet,F1_Final_Round,Adaptive_NoTemporalMemory,FLAME,10,0.9972222167695225,0.9076815857286109,0.08954063104091146,0.0,0.001953125,0.99,0.5896419006657009,ok,0.0703125,False
NBaIoT_MixedDevice_9Sources_Balanced,Sybil,NonIID_Dirichlet,F1_Final_Round,Adaptive_NoTemporalMemory,FLTrust,10,0.9972222167695225,0.997222208744707,8.024815412177589e-09,21.0,0.88671875,-0.11,6.532744598796268e-06,ok,1.0,False
NBaIoT_MixedDevice_9Sources_Balanced,Sybil,NonIID_Dirichlet,F1_Final_Round,Adaptive_NoTemporalMemory,FedAvg,10,0.9972222167695225,0.9949999299360897,0.0022222868334327516,11.0,0.10546875,0.39,0.6905224885041695,ok,1.0,False
NBaIoT_MixedDevice_9Sources_Balanced,Sybil,NonIID_Dirichlet,F1_Final_Round,Adaptive_NoTemporalMemory,Krum,10,0.9972222167695225,0.7703837595633394,0.226838457206183,0.0,0.001953125,1.0,1.5765900111731155,ok,0.0703125,False
NBaIoT_MixedDevice_9Sources_Balanced,Sybil,NonIID_Dirichlet,F1_Final_Round,Adaptive_Ultimate,FLAME,10,0.9972222167695225,0.9076815857286109,0.08954063104091146,0.0,0.001953125,0.99,0.5896419006657009,ok,0.0703125,False
NBaIoT_MixedDevice_9Sources_Balanced,Sybil,NonIID_Dirichlet,F1_Final_Round,Adaptive_Ultimate,FLTrust,10,0.9972222167695225,0.997222208744707,8.024815412177589e-09,21.0,0.88671875,-0.11,6.532744598796268e-06,ok,1.0,False
NBaIoT_MixedDevice_9Sources_Balanced,Sybil,NonIID_Dirichlet,F1_Final_Round,Adaptive_Ultimate,FedAvg,10,0.9972222167695225,0.9949999299360897,0.0022222868334327516,11.0,0.10546875,0.39,0.6905224885041695,ok,1.0,False
NBaIoT_MixedDevice_9Sources_Balanced,Sybil,NonIID_Dirichlet,F1_Final_Round,Adaptive_Ultimate,Krum,10,0.9972222167695225,0.7703837595633394,0.226838457206183,0.0,0.001953125,1.0,1.5765900111731155,ok,0.0703125,False
NBaIoT_MixedDevice_9Sources_Balanced,Sybil,NonIID_Dirichlet,F1_Final_Round,FLAME,FLTrust,10,0.9076815857286109,0.997222208744707,-0.08954062301609605,0.0,0.001953125,-0.96,-0.5907022291532371,ok,0.0703125,False
NBaIoT_MixedDevice_9Sources_Balanced,Sybil,NonIID_Dirichlet,F1_Final_Round,FLAME,FedAvg,10,0.9076815857286109,0.9949999299360897,-0.08731834420747872,1.0,0.00390625,-0.87,-0.5760666554259304,ok,0.0859375,False
NBaIoT_MixedDevice_9Sources_Balanced,Sybil,NonIID_Dirichlet,F1_Final_Round,FLAME,Krum,10,0.9076815857286109,0.7703837595633394,0.13729782616527159,0.0,0.001953125,0.62,1.185400902028853,ok,0.0703125,False
NBaIoT_MixedDevice_9Sources_Balanced,Sybil,NonIID_Dirichlet,F1_Final_Round,FLTrust,FedAvg,10,0.997222208744707,0.9949999299360897,0.0022222788086173396,10.0,0.083984375,0.41,0.7071017159927273,ok,1.0,False
NBaIoT_MixedDevice_9Sources_Balanced,Sybil,NonIID_Dirichlet,F1_Final_Round,FLTrust,Krum,10,0.997222208744707,0.7703837595633394,0.2268384491813676,0.0,0.001953125,1.0,1.5744373403511565,ok,0.0703125,False
NBaIoT_MixedDevice_9Sources_Balanced,Sybil,NonIID_Dirichlet,F1_Final_Round,FedAvg,Krum,10,0.9949999299360897,0.7703837595633394,0.22461617037275022,0.0,0.001953125,1.0,1.5536070739921737,ok,0.0703125,False
NBaIoT_MixedDevice_9Sources_Balanced,Sybil,NonIID_Dirichlet,ASR_Final_Round,Adaptive_FixedCircuitBreaker,Adaptive_NoAdaptiveWeighting,10,0.0017777777777777779,0.0017777777777777779,0.0,1.5,1.0,0.0,0.0,ok,1.0,False
NBaIoT_MixedDevice_9Sources_Balanced,Sybil,NonIID_Dirichlet,ASR_Final_Round,Adaptive_FixedCircuitBreaker,Adaptive_NoCircuitBreaker,10,0.0017777777777777779,0.0026666666666666666,-0.0008888888888888889,1.0,0.125,-0.28,-0.5421047417431507,ok,1.0,False
NBaIoT_MixedDevice_9Sources_Balanced,Sybil,NonIID_Dirichlet,ASR_Final_Round,Adaptive_FixedCircuitBreaker,Adaptive_NoTemporalMemory,10,0.0017777777777777779,0.001888888888888889,-0.00011111111111111116,1.0,1.0,-0.05,-0.13552618543578773,ok,1.0,False
NBaIoT_MixedDevice_9Sources_Balanced,Sybil,NonIID_Dirichlet,ASR_Final_Round,Adaptive_FixedCircuitBreaker,Adaptive_Ultimate,10,0.0017777777777777779,0.001888888888888889,-0.00011111111111111116,1.0,1.0,-0.05,-0.13552618543578773,ok,1.0,False
NBaIoT_MixedDevice_9Sources_Balanced,Sybil,NonIID_Dirichlet,ASR_Final_Round,Adaptive_FixedCircuitBreaker,FLAME,10,0.0017777777777777779,0.6835555555555556,-0.6817777777777778,0.0,0.001953125,-1.0,-3.3825641720031476,ok,0.0703125,False
NBaIoT_MixedDevice_9Sources_Balanced,Sybil,NonIID_Dirichlet,ASR_Final_Round,Adaptive_FixedCircuitBreaker,FLTrust,10,0.0017777777777777779,0.002333333333333333,-0.0005555555555555554,3.5,0.375,-0.18,-0.4629100498862757,ok,1.0,False
NBaIoT_MixedDevice_9Sources_Balanced,Sybil,NonIID_Dirichlet,ASR_Final_Round,Adaptive_FixedCircuitBreaker,FedAvg,10,0.0017777777777777779,0.40311111111111114,-0.4013333333333334,0.0,0.001953125,-0.93,-0.903425588600892,ok,0.0703125,False
NBaIoT_MixedDevice_9Sources_Balanced,Sybil,NonIID_Dirichlet,ASR_Final_Round,Adaptive_FixedCircuitBreaker,Krum,10,0.0017777777777777779,0.6358888888888888,-0.6341111111111111,0.0,0.001953125,-1.0,-4.659295610546005,ok,0.0703125,False
NBaIoT_MixedDevice_9Sources_Balanced,Sybil,NonIID_Dirichlet,ASR_Final_Round,Adaptive_NoAdaptiveWeighting,Adaptive_NoCircuitBreaker,10,0.0017777777777777779,0.0026666666666666666,-0.0008888888888888889,1.5,0.09375,-0.28,-0.6507913734559685,ok,1.0,False
NBaIoT_MixedDevice_9Sources_Balanced,Sybil,NonIID_Dirichlet,ASR_Final_Round,Adaptive_NoAdaptiveWeighting,Adaptive_NoTemporalMemory,10,0.0017777777777777779,0.001888888888888889,-0.00011111111111111113,0.0,1.0,-0.05,-0.316227766016838,ok,1.0,False
NBaIoT_MixedDevice_9Sources_Balanced,Sybil,NonIID_Dirichlet,ASR_Final_Round,Adaptive_NoAdaptiveWeighting,Adaptive_Ultimate,10,0.0017777777777777779,0.001888888888888889,-0.00011111111111111113,0.0,1.0,-0.05,-0.316227766016838,ok,1.0,False
NBaIoT_MixedDevice_9Sources_Balanced,Sybil,NonIID_Dirichlet,ASR_Final_Round,Adaptive_NoAdaptiveWeighting,FLAME,10,0.0017777777777777779,0.6835555555555556,-0.6817777777777778,0.0,0.001953125,-1.0,-3.382358602902542,ok,0.0703125,False
NBaIoT_MixedDevice_9Sources_Balanced,Sybil,NonIID_Dirichlet,ASR_Final_Round,Adaptive_NoAdaptiveWeighting,FLTrust,10,0.0017777777777777779,0.002333333333333333,-0.0005555555555555554,4.0,0.21875,-0.18,-0.588348405414552,ok,1.0,False
NBaIoT_MixedDevice_9Sources_Balanced,Sybil,NonIID_Dirichlet,ASR_Final_Round,Adaptive_NoAdaptiveWeighting,FedAvg,10,0.0017777777777777779,0.40311111111111114,-0.4013333333333334,0.0,0.001953125,-0.93,-0.9037171079052262,ok,0.0703125,False
NBaIoT_MixedDevice_9Sources_Balanced,Sybil,NonIID_Dirichlet,ASR_Final_Round,Adaptive_NoAdaptiveWeighting,Krum,10,0.0017777777777777779,0.6358888888888888,-0.6341111111111111,0.0,0.001953125,-1.0,-4.651241988567581,ok,0.0703125,False
NBaIoT_MixedDevice_9Sources_Balanced,Sybil,NonIID_Dirichlet,ASR_Final_Round,Adaptive_NoCircuitBreaker,Adaptive_NoTemporalMemory,10,0.0026666666666666666,0.001888888888888889,0.0007777777777777777,1.5,0.09375,0.23,0.6607826143039303,ok,1.0,False
NBaIoT_MixedDevice_9Sources_Balanced,Sybil,NonIID_Dirichlet,ASR_Final_Round,Adaptive_NoCircuitBreaker,Adaptive_Ultimate,10,0.0026666666666666666,0.001888888888888889,0.0007777777777777777,1.5,0.09375,0.23,0.6607826143039303,ok,1.0,False
NBaIoT_MixedDevice_9Sources_Balanced,Sybil,NonIID_Dirichlet,ASR_Final_Round,Adaptive_NoCircuitBreaker,FLAME,10,0.0026666666666666666,0.6835555555555556,-0.6808888888888889,0.0,0.001953125,-1.0,-3.3791171826902735,ok,0.0703125,False
NBaIoT_MixedDevice_9Sources_Balanced,Sybil,NonIID_Dirichlet,ASR_Final_Round,Adaptive_NoCircuitBreaker,FLTrust,10,0.0026666666666666666,0.002333333333333333,0.00033333333333333343,1.0,0.125,0.12,0.4444783184923154,ok,1.0,False
NBaIoT_MixedDevice_9Sources_Balanced,Sybil,NonIID_Dirichlet,ASR_Final_Round,Adaptive_NoCircuitBreaker,FedAvg,10,0.0026666666666666666,0.40311111111111114,-0.4004444444444445,0.0,0.001953125,-0.87,-0.9022488498959624,ok,0.0703125,False
NBaIoT_MixedDevice_9Sources_Balanced,Sybil,NonIID_Dirichlet,ASR_Final_Round,Adaptive_NoCircuitBreaker,Krum,10,0.0026666666666666666,0.6358888888888888,-0.6332222222222222,0.0,0.001953125,-1.0,-4.626612076094591,ok,0.0703125,False
NBaIoT_MixedDevice_9Sources_Balanced,Sybil,NonIID_Dirichlet,ASR_Final_Round,Adaptive_NoTemporalMemory,Adaptive_Ultimate,10,0.001888888888888889,0.001888888888888889,0.0,0.0,1.0,0.0,0.0,identical_values,1.0,False
NBaIoT_MixedDevice_9Sources_Balanced,Sybil,NonIID_Dirichlet,ASR_Final_Round,Adaptive_NoTemporalMemory,FLAME,10,0.001888888888888889,0.6835555555555556,-0.6816666666666666,0.0,0.001953125,-1.0,-3.3808937622562625,ok,0.0703125,False
NBaIoT_MixedDevice_9Sources_Balanced,Sybil,NonIID_Dirichlet,ASR_Final_Round,Adaptive_NoTemporalMemory,FLTrust,10,0.001888888888888889,0.002333333333333333,-0.00044444444444444436,5.0,0.3125,-0.15,-0.5720775535473552,ok,1.0,False
NBaIoT_MixedDevice_9Sources_Balanced,Sybil,NonIID_Dirichlet,ASR_Final_Round,Adaptive_NoTemporalMemory,FedAvg,10,0.001888888888888889,0.40311111111111114,-0.40122222222222226,0.0,0.001953125,-0.92,-0.9035381474417852,ok,0.0703125,False
NBaIoT_MixedDevice_9Sources_Balanced,Sybil,NonIID_Dirichlet,ASR_Final_Round,Adaptive_NoTemporalMemory,Krum,10,0.001888888888888889,0.6358888888888888,-0.634,0.0,0.001953125,-1.0,-4.644324552519284,ok,0.0703125,False
NBaIoT_MixedDevice_9Sources_Balanced,Sybil,NonIID_Dirichlet,ASR_Final_Round,Adaptive_Ultimate,FLAME,10,0.001888888888888889,0.6835555555555556,-0.6816666666666666,0.0,0.001953125,-1.0,-3.3808937622562625,ok,0.0703125,False
NBaIoT_MixedDevice_9Sources_Balanced,Sybil,NonIID_Dirichlet,ASR_Final_Round,Adaptive_Ultimate,FLTrust,10,0.001888888888888889,0.002333333333333333,-0.00044444444444444436,5.0,0.3125,-0.15,-0.5720775535473552,ok,1.0,False
NBaIoT_MixedDevice_9Sources_Balanced,Sybil,NonIID_Dirichlet,ASR_Final_Round,Adaptive_Ultimate,FedAvg,10,0.001888888888888889,0.40311111111111114,-0.40122222222222226,0.0,0.001953125,-0.92,-0.9035381474417852,ok,0.0703125,False
NBaIoT_MixedDevice_9Sources_Balanced,Sybil,NonIID_Dirichlet,ASR_Final_Round,Adaptive_Ultimate,Krum,10,0.001888888888888889,0.6358888888888888,-0.634,0.0,0.001953125,-1.0,-4.644324552519284,ok,0.0703125,False
NBaIoT_MixedDevice_9Sources_Balanced,Sybil,NonIID_Dirichlet,ASR_Final_Round,FLAME,FLTrust,10,0.6835555555555556,0.002333333333333333,0.6812222222222222,0.0,0.001953125,1.0,3.384138540542891,ok,0.0703125,False
NBaIoT_MixedDevice_9Sources_Balanced,Sybil,NonIID_Dirichlet,ASR_Final_Round,FLAME,FedAvg,10,0.6835555555555556,0.40311111111111114,0.2804444444444444,8.0,0.048828125,0.36,0.7367828315540352,ok,0.87890625,False
NBaIoT_MixedDevice_9Sources_Balanced,Sybil,NonIID_Dirichlet,ASR_Final_Round,FLAME,Krum,10,0.6835555555555556,0.6358888888888888,0.04766666666666665,19.0,0.431640625,0.1,0.3123391739794796,ok,1.0,False
NBaIoT_MixedDevice_9Sources_Balanced,Sybil,NonIID_Dirichlet,ASR_Final_Round,FLTrust,FedAvg,10,0.002333333333333333,0.40311111111111114,-0.4007777777777778,0.0,0.001953125,-0.91,-0.9030811128745694,ok,0.0703125,False
NBaIoT_MixedDevice_9Sources_Balanced,Sybil,NonIID_Dirichlet,ASR_Final_Round,FLTrust,Krum,10,0.002333333333333333,0.6358888888888888,-0.6335555555555556,0.0,0.001953125,-1.0,-4.643270472869761,ok,0.0703125,False
NBaIoT_MixedDevice_9Sources_Balanced,Sybil,NonIID_Dirichlet,ASR_Final_Round,FedAvg,Krum,10,0.40311111111111114,0.6358888888888888,-0.23277777777777775,13.0,0.16015625,-0.3,-0.5001868869100285,ok,1.0,False
