Dataset,Attack,Partition_Mode,Seed,Strategy,F1_Mean_Over_Rounds,ASR_Mean_Over_Rounds,Time_Mean_Over_Rounds,Circuit_Breaker_Rate,F1_Final_Round,ASR_Final_Round,Time_Final_Round
Dataset_A_CPS-NetFlow-IDS,Cumulative,IID,43,Adaptive_FixedCircuitBreaker,0.90641846570544,0.027433155080213906,0.10959502703000112,0.2,0.9506805373014635,0.03208556149732621,0.1303726680000068
Dataset_A_CPS-NetFlow-IDS,Cumulative,IID,43,Adaptive_NoAdaptiveWeighting,0.8976547678462627,0.026577540106951875,0.10603992918000188,0.0,0.9506805373014635,0.03208556149732621,0.08553849199995511
Dataset_A_CPS-NetFlow-IDS,Cumulative,IID,43,Adaptive_NoCircuitBreaker,0.90641846570544,0.027433155080213906,0.10311793229000102,0.0,0.9506805373014635,0.03208556149732621,0.12951686600001722
Dataset_A_CPS-NetFlow-IDS,Cumulative,IID,43,Adaptive_NoTemporalMemory,0.9066577372028903,0.027433155080213906,0.09883874610000191,0.0,0.9506805373014635,0.03208556149732621,0.09168644100003576
Dataset_A_CPS-NetFlow-IDS,Cumulative,IID,43,Adaptive_Ultimate,0.90641846570544,0.027433155080213906,0.10905924785999957,0.0,0.9506805373014635,0.03208556149732621,0.08559864399995831
Dataset_A_CPS-NetFlow-IDS,Cumulative,IID,43,FLAME,0.881024651956902,0.026898395721925136,0.09404837976000181,0.0,0.9506805373014635,0.03208556149732621,0.08648477499997398
Dataset_A_CPS-NetFlow-IDS,Cumulative,IID,43,FLTrust,0.9066577372028903,0.027433155080213906,0.10650331829999914,0.0,0.9506805373014635,0.03208556149732621,0.09134917000000087
Dataset_A_CPS-NetFlow-IDS,Cumulative,IID,43,FedAvg,0.8540634902873373,0.022406417112299466,0.10741755873999921,0.0,0.9506805373014635,0.03208556149732621,0.08731846599999926
Dataset_A_CPS-NetFlow-IDS,Cumulative,IID,43,Krum,0.8447425361451378,0.028716577540106956,0.10888397258000225,0.0,0.9506805373014635,0.03208556149732621,0.15237012099998992
Dataset_A_CPS-NetFlow-IDS,Cumulative,IID,44,Adaptive_FixedCircuitBreaker,0.9021458983385034,0.03828877005347593,0.09621669261001102,0.0,0.929539295392954,0.0481283422459893,0.12913786000001437
Dataset_A_CPS-NetFlow-IDS,Cumulative,IID,44,Adaptive_NoAdaptiveWeighting,0.9107879873318971,0.03941176470588235,0.10808639807000077,0.0,0.929539295392954,0.0481283422459893,0.09418487200002801
Dataset_A_CPS-NetFlow-IDS,Cumulative,IID,44,Adaptive_NoCircuitBreaker,0.9021458983385034,0.03828877005347593,0.10569516785001155,0.0,0.929539295392954,0.0481283422459893,0.16424988500000381
Dataset_A_CPS-NetFlow-IDS,Cumulative,IID,44,Adaptive_NoTemporalMemory,0.8988292483821912,0.03818181818181818,0.09952562513000203,0.0,0.929539295392954,0.0481283422459893,0.09004785900003753
Dataset_A_CPS-NetFlow-IDS,Cumulative,IID,44,Adaptive_Ultimate,0.9021458983385034,0.03828877005347593,0.10777447217000372,0.0,0.929539295392954,0.0481283422459893,0.0868449499999997
Dataset_A_CPS-NetFlow-IDS,Cumulative,IID,44,FLAME,0.8106583640019361,0.03171122994652406,0.09550000676999275,0.0,0.929539295392954,0.0481283422459893,0.13368377599999803
Dataset_A_CPS-NetFlow-IDS,Cumulative,IID,44,FLTrust,0.8988292483821912,0.03818181818181818,0.10543069065999816,0.0,0.929539295392954,0.0481283422459893,0.08798440800001117
Dataset_A_CPS-NetFlow-IDS,Cumulative,IID,44,FedAvg,0.8959113713115867,0.03256684491978609,0.11095257127000195,0.0,0.929539295392954,0.0481283422459893,0.08810819300003914
Dataset_A_CPS-NetFlow-IDS,Cumulative,IID,44,Krum,0.6481904566887602,0.006791443850267379,0.10563224450999882,0.0,0.7073170731707317,0.0106951871657754,0.10662838999996893
Dataset_A_CPS-NetFlow-IDS,Cumulative,IID,45,Adaptive_FixedCircuitBreaker,0.9187306579306381,0.025240641711229944,0.09660410010999726,0.0,0.9602813977626572,0.0106951871657754,0.1294599880000078
Dataset_A_CPS-NetFlow-IDS,Cumulative,IID,45,Adaptive_NoAdaptiveWeighting,0.9115807111216505,0.020213903743315508,0.10787356070999636,0.0,0.9602813977626572,0.0106951871657754,0.08892746399999396
Dataset_A_CPS-NetFlow-IDS,Cumulative,IID,45,Adaptive_NoCircuitBreaker,0.9187306579306381,0.025240641711229944,0.10236339515999589,0.0,0.9602813977626572,0.0106951871657754,0.14117670900009216
Dataset_A_CPS-NetFlow-IDS,Cumulative,IID,45,Adaptive_NoTemporalMemory,0.9197646218139874,0.025935828877005348,0.10108613792000255,0.0,0.9602813977626572,0.0106951871657754,0.08681293800009371
Dataset_A_CPS-NetFlow-IDS,Cumulative,IID,45,Adaptive_Ultimate,0.9187306579306381,0.025240641711229944,0.10626495083999657,0.0,0.9602813977626572,0.0106951871657754,0.08913864800001647
Dataset_A_CPS-NetFlow-IDS,Cumulative,IID,45,FLAME,0.8695910001368367,0.05203208556149733,0.09282819190999589,0.0,0.9442581346868486,0.026737967914438502,0.08797821400003158
Dataset_A_CPS-NetFlow-IDS,Cumulative,IID,45,FLTrust,0.9203048672395562,0.025775401069518717,0.10603131406000557,0.0,0.9602813977626572,0.0106951871657754,0.0848790810000537
Dataset_A_CPS-NetFlow-IDS,Cumulative,IID,45,FedAvg,0.8509309489778287,0.030427807486631018,0.11091423716999885,0.0,0.9602813977626572,0.0106951871657754,0.10276333699994211
Dataset_A_CPS-NetFlow-IDS,Cumulative,IID,45,Krum,0.8987641503542855,0.061283422459893044,0.11014156492000779,0.0,0.9442581346868486,0.026737967914438502,0.09674229000006562
Dataset_A_CPS-NetFlow-IDS,Cumulative,IID,46,Adaptive_FixedCircuitBreaker,0.9151017850778647,0.047914438502673795,0.09307538504999797,0.0,0.9237040319007532,0.0427807486631016,0.13994443100000353
Dataset_A_CPS-NetFlow-IDS,Cumulative,IID,46,Adaptive_NoAdaptiveWeighting,0.9148007127941123,0.0467379679144385,0.10807783775001098,0.0,0.9237040319007532,0.0427807486631016,0.08992932800003928
Dataset_A_CPS-NetFlow-IDS,Cumulative,IID,46,Adaptive_NoCircuitBreaker,0.9151017850778647,0.047914438502673795,0.09958365662000006,0.0,0.9237040319007532,0.0427807486631016,0.13895382800001244
Dataset_A_CPS-NetFlow-IDS,Cumulative,IID,46,Adaptive_NoTemporalMemory,0.9157606540457764,0.04828877005347594,0.10604066376999753,0.0,0.9237040319007532,0.0427807486631016,0.08776300399995307
Dataset_A_CPS-NetFlow-IDS,Cumulative,IID,46,Adaptive_Ultimate,0.9151017850778647,0.047914438502673795,0.11003008665000152,0.0,0.9237040319007532,0.0427807486631016,0.08664125400002831
Dataset_A_CPS-NetFlow-IDS,Cumulative,IID,46,FLAME,0.9040118905134716,0.04737967914438502,0.09654763566000611,0.0,0.928760776102114,0.0427807486631016,0.09017241499998363
Dataset_A_CPS-NetFlow-IDS,Cumulative,IID,46,FLTrust,0.9157606540457764,0.04828877005347594,0.10859170865999318,0.0,0.9237040319007532,0.0427807486631016,0.08720421600003192
Dataset_A_CPS-NetFlow-IDS,Cumulative,IID,46,FedAvg,0.9081915571935043,0.050641711229946526,0.10876887505000354,0.0,0.928760776102114,0.0427807486631016,0.09117706000006365
Dataset_A_CPS-NetFlow-IDS,Cumulative,IID,46,Krum,0.9064164643505144,0.044973262032085556,0.10400855415999899,0.0,0.928760776102114,0.0427807486631016,0.14909188100000392
Dataset_A_CPS-NetFlow-IDS,Cumulative,IID,47,Adaptive_FixedCircuitBreaker,0.9009140295945274,0.044224598930481286,0.09137841389999835,0.0,0.9669354838709677,0.0213903743315508,0.08483592400000362
Dataset_A_CPS-NetFlow-IDS,Cumulative,IID,47,Adaptive_NoAdaptiveWeighting,0.8494014392321259,0.042032085561497325,0.10691679460999694,0.0,0.9669354838709677,0.0213903743315508,0.08948077699994883
Dataset_A_CPS-NetFlow-IDS,Cumulative,IID,47,Adaptive_NoCircuitBreaker,0.9009140295945274,0.044224598930481286,0.0976746634499932,0.0,0.9669354838709677,0.0213903743315508,0.14428327200005242
Dataset_A_CPS-NetFlow-IDS,Cumulative,IID,47,Adaptive_NoTemporalMemory,0.9033659011294546,0.04427807486631016,0.10761344292000671,0.0,0.9669354838709677,0.0213903743315508,0.09490176199994949
Dataset_A_CPS-NetFlow-IDS,Cumulative,IID,47,Adaptive_Ultimate,0.9009140295945274,0.044224598930481286,0.10841638132999037,0.0,0.9669354838709677,0.0213903743315508,0.08863632800000687
Dataset_A_CPS-NetFlow-IDS,Cumulative,IID,47,FLAME,0.6236178976619503,0.06085561497326203,0.09798455634999868,0.0,0.8166396792350991,0.0213903743315508,0.09051374199998463
Dataset_A_CPS-NetFlow-IDS,Cumulative,IID,47,FLTrust,0.9033659011294546,0.04427807486631016,0.10730958995999572,0.0,0.9669354838709677,0.0213903743315508,0.0975774390000197
Dataset_A_CPS-NetFlow-IDS,Cumulative,IID,47,FedAvg,0.7608878307860785,0.06470588235294118,0.10800735258999339,0.0,0.9669354838709677,0.0213903743315508,0.09740474000000177
Dataset_A_CPS-NetFlow-IDS,Cumulative,IID,47,Krum,0.8793755986145939,0.07919786096256684,0.10194984016000262,0.0,0.9559139784946237,0.026737967914438502,0.14112447300010444
Dataset_A_CPS-NetFlow-IDS,Cumulative,IID,48,Adaptive_FixedCircuitBreaker,0.9154324510729097,0.04379679144385027,0.10070113349000508,0.0,0.9442581346868486,0.026737967914438502,0.08929333399998995
Dataset_A_CPS-NetFlow-IDS,Cumulative,IID,48,Adaptive_NoAdaptiveWeighting,0.9198966477879061,0.04502673796791444,0.1067103868199979,0.0,0.9442581346868486,0.026737967914438502,0.08611430299993117
Dataset_A_CPS-NetFlow-IDS,Cumulative,IID,48,Adaptive_NoCircuitBreaker,0.9154324510729097,0.04379679144385027,0.08759233693999477,0.0,0.9442581346868486,0.026737967914438502,0.08389973199996348
Dataset_A_CPS-NetFlow-IDS,Cumulative,IID,48,Adaptive_NoTemporalMemory,0.914443825398421,0.04331550802139037,0.10939506910000432,0.0,0.9442581346868486,0.026737967914438502,0.09469931700004963
Dataset_A_CPS-NetFlow-IDS,Cumulative,IID,48,Adaptive_Ultimate,0.9154324510729097,0.04379679144385027,0.10729801356000394,0.0,0.9442581346868486,0.026737967914438502,0.14982628699999623
Dataset_A_CPS-NetFlow-IDS,Cumulative,IID,48,FLAME,0.889648897279584,0.056524064171123,0.10352783210000666,0.0,0.9442581346868486,0.026737967914438502,0.08872395200000938
Dataset_A_CPS-NetFlow-IDS,Cumulative,IID,48,FLTrust,0.914443825398421,0.04331550802139037,0.10771789736999608,0.0,0.9442581346868486,0.026737967914438502,0.09606960199994319
Dataset_A_CPS-NetFlow-IDS,Cumulative,IID,48,FedAvg,0.8943625384619551,0.06288770053475937,0.1054077840399998,0.0,0.9442581346868486,0.026737967914438502,0.08508320600003572
Dataset_A_CPS-NetFlow-IDS,Cumulative,IID,48,Krum,0.892967495765754,0.05631016042780748,0.09406012390999877,0.0,0.9442581346868486,0.026737967914438502,0.1300472070000751
Dataset_A_CPS-NetFlow-IDS,Cumulative,IID,49,Adaptive_FixedCircuitBreaker,0.7797579841133555,0.08866310160427808,0.10188868625999248,0.0,0.9460904628330995,0.0427807486631016,0.0878636469999492
Dataset_A_CPS-NetFlow-IDS,Cumulative,IID,49,Adaptive_NoAdaptiveWeighting,0.7558523231674427,0.08534759358288771,0.10456907983000292,0.0,0.9460904628330995,0.0427807486631016,0.12906510999982856
Dataset_A_CPS-NetFlow-IDS,Cumulative,IID,49,Adaptive_NoCircuitBreaker,0.7797579841133555,0.08866310160427808,0.09019533558999683,0.0,0.9460904628330995,0.0427807486631016,0.08522847099993669
Dataset_A_CPS-NetFlow-IDS,Cumulative,IID,49,Adaptive_NoTemporalMemory,0.7800598792469564,0.08877005347593583,0.10801974924999286,0.0,0.9460904628330995,0.0427807486631016,0.0901715410000179
Dataset_A_CPS-NetFlow-IDS,Cumulative,IID,49,Adaptive_Ultimate,0.7797579841133555,0.08866310160427808,0.09898397237000381,0.0,0.9460904628330995,0.0427807486631016,0.14050045299995872
Dataset_A_CPS-NetFlow-IDS,Cumulative,IID,49,FLAME,0.5670449461178113,0.1297860962566845,0.10798492086000124,0.0,0.6219962729264066,0.0053475935828877,0.08694381899999826
Dataset_A_CPS-NetFlow-IDS,Cumulative,IID,49,FLTrust,0.7793132323134158,0.08877005347593583,0.1086003488700112,0.0,0.9460904628330995,0.0427807486631016,0.08957253600010517
Dataset_A_CPS-NetFlow-IDS,Cumulative,IID,49,FedAvg,0.5672114496526701,0.13,0.10571014942998773,0.0,0.6038647342995169,0.0053475935828877,0.09288997899989226
Dataset_A_CPS-NetFlow-IDS,Cumulative,IID,49,Krum,0.5600670496687262,0.1229946524064171,0.08867214949000299,0.0,0.6038647342995169,0.0053475935828877,0.09391744899994592
Dataset_A_CPS-NetFlow-IDS,Cumulative,IID,50,Adaptive_FixedCircuitBreaker,0.9069137977312599,0.06080213903743315,0.1058694957500029,0.0,0.9346034559149313,0.03208556149732621,0.09114706900004421
Dataset_A_CPS-NetFlow-IDS,Cumulative,IID,50,Adaptive_NoAdaptiveWeighting,0.9078680007973964,0.0611764705882353,0.08970963362000248,0.0,0.9346034559149313,0.03208556149732621,0.13288378399988687
Dataset_A_CPS-NetFlow-IDS,Cumulative,IID,50,Adaptive_NoCircuitBreaker,0.9069137977312599,0.06080213903743315,0.1044796854900119,0.0,0.9346034559149313,0.03208556149732621,0.08738679099997171
Dataset_A_CPS-NetFlow-IDS,Cumulative,IID,50,Adaptive_NoTemporalMemory,0.9048505838699282,0.06080213903743315,0.10661911587000532,0.0,0.9346034559149313,0.03208556149732621,0.08565102800002933
Dataset_A_CPS-NetFlow-IDS,Cumulative,IID,50,Adaptive_Ultimate,0.9069137977312599,0.06080213903743315,0.08925609018999921,0.0,0.9346034559149313,0.03208556149732621,0.08745248199988964
Dataset_A_CPS-NetFlow-IDS,Cumulative,IID,50,FLAME,0.8793882241139199,0.10171122994652407,0.1090102184300008,0.0,0.9346034559149313,0.0427807486631016,0.0911791630001062
Dataset_A_CPS-NetFlow-IDS,Cumulative,IID,50,FLTrust,0.9048505838699282,0.06080213903743315,0.10589641789001007,0.0,0.9346034559149313,0.03208556149732621,0.08676772600006188
Dataset_A_CPS-NetFlow-IDS,Cumulative,IID,50,FedAvg,0.8785957293449759,0.09112299465240642,0.10292344353000772,0.0,0.9346034559149313,0.03208556149732621,0.1581940129999566
Dataset_A_CPS-NetFlow-IDS,Cumulative,IID,50,Krum,0.8633608612386028,0.10620320855614974,0.09555796017999228,0.0,0.9245266479663394,0.053475935828877004,0.08803439700000126
Dataset_A_CPS-NetFlow-IDS,Cumulative,IID,51,Adaptive_FixedCircuitBreaker,0.93317148991973,0.047593582887700527,0.10620414351999216,0.32,0.9455028799291094,0.0374331550802139,0.08744651400002112
Dataset_A_CPS-NetFlow-IDS,Cumulative,IID,51,Adaptive_NoAdaptiveWeighting,0.9311612540771896,0.047593582887700527,0.08998086039998952,0.0,0.9455028799291094,0.0374331550802139,0.10310037399995053
Dataset_A_CPS-NetFlow-IDS,Cumulative,IID,51,Adaptive_NoCircuitBreaker,0.9332227246810808,0.04545454545454545,0.10446497547000036,0.0,0.9403794037940378,0.0213903743315508,0.08632436700008839
Dataset_A_CPS-NetFlow-IDS,Cumulative,IID,51,Adaptive_NoTemporalMemory,0.9344441543241077,0.046577540106951865,0.10716315125999927,0.0,0.9455028799291094,0.03208556149732621,0.12339707599994654
Dataset_A_CPS-NetFlow-IDS,Cumulative,IID,51,Adaptive_Ultimate,0.9337863070559387,0.04695187165775401,0.09635586442999738,0.0,0.9455028799291094,0.03208556149732621,0.08651284000006854
Dataset_A_CPS-NetFlow-IDS,Cumulative,IID,51,FLAME,0.8682197623074596,0.05090909090909091,0.10906212055000879,0.0,0.9455028799291094,0.0374331550802139,0.0924033359999612
Dataset_A_CPS-NetFlow-IDS,Cumulative,IID,51,FLTrust,0.9339318067106005,0.04518716577540107,0.0993961939399901,0.0,0.9403794037940378,0.0213903743315508,0.15493951500002368
Dataset_A_CPS-NetFlow-IDS,Cumulative,IID,51,FedAvg,0.9193228202612136,0.056791443850267374,0.0941144678100045,0.0,0.9455028799291094,0.0374331550802139,0.14861099099994135
Dataset_A_CPS-NetFlow-IDS,Cumulative,IID,51,Krum,0.8460023402788486,0.07973262032085562,0.10332544809001319,0.0,0.9106925491703504,0.09090909090909091,0.09098720299994056
Dataset_A_CPS-NetFlow-IDS,Cumulative,IID,52,Adaptive_FixedCircuitBreaker,0.8113052418105139,0.0783957219251337,0.10533801709999124,0.0,0.9237040319007532,0.0427807486631016,0.08973589900006118
Dataset_A_CPS-NetFlow-IDS,Cumulative,IID,52,Adaptive_NoAdaptiveWeighting,0.8346994346385662,0.08294117647058824,0.10283858050000617,0.0,0.9237040319007532,0.0481283422459893,0.0861772349999228
Dataset_A_CPS-NetFlow-IDS,Cumulative,IID,52,Adaptive_NoCircuitBreaker,0.8113052418105139,0.0783957219251337,0.1055983475500102,0.0,0.9237040319007532,0.0427807486631016,0.08883467500004372
Dataset_A_CPS-NetFlow-IDS,Cumulative,IID,52,Adaptive_NoTemporalMemory,0.8119298795483516,0.07759358288770053,0.09215584590998788,0.0,0.9237040319007532,0.0481283422459893,0.14346881699998448
Dataset_A_CPS-NetFlow-IDS,Cumulative,IID,52,Adaptive_Ultimate,0.8113052418105139,0.0783957219251337,0.10574673306999785,0.0,0.9237040319007532,0.0427807486631016,0.08622676099980708
Dataset_A_CPS-NetFlow-IDS,Cumulative,IID,52,FLAME,0.7853956695824474,0.11791443850267379,0.10711748926000837,0.0,0.9237040319007532,0.0481283422459893,0.09223647200019514
Dataset_A_CPS-NetFlow-IDS,Cumulative,IID,52,FLTrust,0.8118362991729404,0.07764705882352942,0.09061886241001503,0.0,0.9237040319007532,0.0481283422459893,0.08524310899997545
Dataset_A_CPS-NetFlow-IDS,Cumulative,IID,52,FedAvg,0.7769912170548429,0.11721925133689841,0.09398311414999626,0.0,0.9237040319007532,0.0481283422459893,0.0900855339998543
Dataset_A_CPS-NetFlow-IDS,Cumulative,IID,52,Krum,0.7856438603388901,0.11818181818181818,0.1049864664799884,0.0,0.9237040319007532,0.0481283422459893,0.1007668659999581
Dataset_A_CPS-NetFlow-IDS,Cumulative,NonIID_Dirichlet,43,Adaptive_FixedCircuitBreaker,0.9208318360887136,0.03021390374331551,0.0968661060100044,0.0,0.9506805373014635,0.03208556149732621,0.09625514699996529
Dataset_A_CPS-NetFlow-IDS,Cumulative,NonIID_Dirichlet,43,Adaptive_NoAdaptiveWeighting,0.9055901164116466,0.02925133689839572,0.10981155688000399,0.0,0.9506805373014635,0.03208556149732621,0.08842260000005808
Dataset_A_CPS-NetFlow-IDS,Cumulative,NonIID_Dirichlet,43,Adaptive_NoCircuitBreaker,0.9208318360887136,0.03021390374331551,0.09425584514999855,0.0,0.9506805373014635,0.03208556149732621,0.13890508400004364
Dataset_A_CPS-NetFlow-IDS,Cumulative,NonIID_Dirichlet,43,Adaptive_NoTemporalMemory,0.9212887068952956,0.030427807486631018,0.10704623695001146,0.0,0.9506805373014635,0.03208556149732621,0.09077259999980924
Dataset_A_CPS-NetFlow-IDS,Cumulative,NonIID_Dirichlet,43,Adaptive_Ultimate,0.9208318360887136,0.03021390374331551,0.10656782753001152,0.0,0.9506805373014635,0.03208556149732621,0.15051514299989321
Dataset_A_CPS-NetFlow-IDS,Cumulative,NonIID_Dirichlet,43,FLAME,0.8646650369248728,0.02668449197860963,0.10790571218001105,0.0,0.9506805373014635,0.03208556149732621,0.11544892300003085
Dataset_A_CPS-NetFlow-IDS,Cumulative,NonIID_Dirichlet,43,FLTrust,0.9212887068952956,0.030427807486631018,0.10821941452000829,0.0,0.9506805373014635,0.03208556149732621,0.0892000950000238
Dataset_A_CPS-NetFlow-IDS,Cumulative,NonIID_Dirichlet,43,FedAvg,0.7466860588440575,0.01090909090909091,0.1090265231799799,0.0,0.9390362042940501,0.0,0.09069192599986309
Dataset_A_CPS-NetFlow-IDS,Cumulative,NonIID_Dirichlet,43,Krum,0.8878455212071455,0.047914438502673795,0.09443035938001458,0.0,0.9302888283378747,0.053475935828877004,0.1358178450000196
Dataset_A_CPS-NetFlow-IDS,Cumulative,NonIID_Dirichlet,44,Adaptive_FixedCircuitBreaker,0.9084902817146363,0.04636363636363636,0.1037487530300018,0.0,0.929539295392954,0.053475935828877004,0.13508767700000135
Dataset_A_CPS-NetFlow-IDS,Cumulative,NonIID_Dirichlet,44,Adaptive_NoAdaptiveWeighting,0.9016621279551681,0.048395721925133695,0.1105257645899951,0.0,0.929539295392954,0.053475935828877004,0.09056624400000146
Dataset_A_CPS-NetFlow-IDS,Cumulative,NonIID_Dirichlet,44,Adaptive_NoCircuitBreaker,0.9084902817146363,0.04636363636363636,0.1099531068999977,0.0,0.929539295392954,0.053475935828877004,0.09140904800005956
Dataset_A_CPS-NetFlow-IDS,Cumulative,NonIID_Dirichlet,44,Adaptive_NoTemporalMemory,0.9086864866385552,0.046524064171122995,0.10437980205999793,0.0,0.929539295392954,0.053475935828877004,0.09128980500008765
Dataset_A_CPS-NetFlow-IDS,Cumulative,NonIID_Dirichlet,44,Adaptive_Ultimate,0.9084902817146363,0.04636363636363636,0.11186387032000311,0.0,0.929539295392954,0.053475935828877004,0.10394988000007288
Dataset_A_CPS-NetFlow-IDS,Cumulative,NonIID_Dirichlet,44,FLAME,0.877451697066853,0.05005347593582887,0.10304967949000457,0.0,0.9245266479663394,0.053475935828877004,0.09367458699989584
Dataset_A_CPS-NetFlow-IDS,Cumulative,NonIID_Dirichlet,44,FLTrust,0.9085857185590693,0.0467379679144385,0.11425728988000174,0.0,0.929539295392954,0.053475935828877004,0.09073469199984174
Dataset_A_CPS-NetFlow-IDS,Cumulative,NonIID_Dirichlet,44,FedAvg,0.9151785480960588,0.047754010695187164,0.11318744069999866,0.0,0.929539295392954,0.0427807486631016,0.09592623799994726
Dataset_A_CPS-NetFlow-IDS,Cumulative,NonIID_Dirichlet,44,Krum,0.8475068300350135,0.07855614973262032,0.1056396105600038,0.0,0.9146500130106687,0.053475935828877004,0.1430794309999328
Dataset_A_CPS-NetFlow-IDS,Cumulative,NonIID_Dirichlet,45,Adaptive_FixedCircuitBreaker,0.9333723284355407,0.01925133689839572,0.11194314178998865,0.0,0.9602813977626572,0.0106951871657754,0.09273657099993216
Dataset_A_CPS-NetFlow-IDS,Cumulative,NonIID_Dirichlet,45,Adaptive_NoAdaptiveWeighting,0.9257825241870411,0.023957219251336898,0.10638142334000122,0.04,0.9602813977626572,0.0106951871657754,0.09107227399999829
Dataset_A_CPS-NetFlow-IDS,Cumulative,NonIID_Dirichlet,45,Adaptive_NoCircuitBreaker,0.9333723284355407,0.01925133689839572,0.11096267217999867,0.0,0.9602813977626572,0.0106951871657754,0.09206486200014297
Dataset_A_CPS-NetFlow-IDS,Cumulative,NonIID_Dirichlet,45,Adaptive_NoTemporalMemory,0.9385588166135499,0.020053475935828877,0.10048830194000175,0.0,0.9602813977626572,0.0106951871657754,0.14782096999988426
Dataset_A_CPS-NetFlow-IDS,Cumulative,NonIID_Dirichlet,45,Adaptive_Ultimate,0.9333723284355407,0.01925133689839572,0.1131884712800047,0.0,0.9602813977626572,0.0106951871657754,0.0940104659998724
Dataset_A_CPS-NetFlow-IDS,Cumulative,NonIID_Dirichlet,45,FLAME,0.6591922353045908,0.006737967914438503,0.1049229401700063,0.0,0.6689719918635582,0.0053475935828877,0.15164211499995872
Dataset_A_CPS-NetFlow-IDS,Cumulative,NonIID_Dirichlet,45,FLTrust,0.9385588166135499,0.020053475935828877,0.10254888600999948,0.0,0.9602813977626572,0.0106951871657754,0.10337501000003613
Dataset_A_CPS-NetFlow-IDS,Cumulative,NonIID_Dirichlet,45,FedAvg,0.670040904652278,0.006898395721925133,0.10947887742999,0.0,0.6732034412955465,0.0053475935828877,0.09142945400003555
Dataset_A_CPS-NetFlow-IDS,Cumulative,NonIID_Dirichlet,45,Krum,0.649614367775212,0.01197860962566845,0.11099913529000105,0.0,0.6732034412955465,0.0,0.10141356399981305
Dataset_A_CPS-NetFlow-IDS,Cumulative,NonIID_Dirichlet,46,Adaptive_FixedCircuitBreaker,0.9188696688171999,0.054491978609625666,0.10953956341999174,0.47,0.9237040319007532,0.0481283422459893,0.09015376299998934
Dataset_A_CPS-NetFlow-IDS,Cumulative,NonIID_Dirichlet,46,Adaptive_NoAdaptiveWeighting,0.9184870114012189,0.057807486631016036,0.09519770925999865,0.0,0.9237040319007532,0.0481283422459893,0.08918080500006909
Dataset_A_CPS-NetFlow-IDS,Cumulative,NonIID_Dirichlet,46,Adaptive_NoCircuitBreaker,0.919628180447404,0.05272727272727273,0.108517207100017,0.0,0.928760776102114,0.0427807486631016,0.09714308699994945
Dataset_A_CPS-NetFlow-IDS,Cumulative,NonIID_Dirichlet,46,Adaptive_NoTemporalMemory,0.9191379134003873,0.053957219251336896,0.10550087851999479,0.0,0.9237040319007532,0.0481283422459893,0.14001737699982186
Dataset_A_CPS-NetFlow-IDS,Cumulative,NonIID_Dirichlet,46,Adaptive_Ultimate,0.9188696688171999,0.054491978609625666,0.10646925453000676,0.0,0.9237040319007532,0.0481283422459893,0.09041990800005806
Dataset_A_CPS-NetFlow-IDS,Cumulative,NonIID_Dirichlet,46,FLAME,0.9082903879928597,0.058128342245989305,0.11190044106000414,0.0,0.9237040319007532,0.0481283422459893,0.10927699799981383
Dataset_A_CPS-NetFlow-IDS,Cumulative,NonIID_Dirichlet,46,FLTrust,0.9191379134003873,0.05262032085561497,0.09471436157999732,0.0,0.9237040319007532,0.0427807486631016,0.1348077270001795
Dataset_A_CPS-NetFlow-IDS,Cumulative,NonIID_Dirichlet,46,FedAvg,0.6287550394002982,0.0028342245989304814,0.10042826071997751,0.0,0.6257936507936508,0.0,0.08869112599995788
Dataset_A_CPS-NetFlow-IDS,Cumulative,NonIID_Dirichlet,46,Krum,0.9096676816329573,0.11112299465240642,0.10828538999001011,0.0,0.9237040319007532,0.12299465240641712,0.09226945199998227
Dataset_A_CPS-NetFlow-IDS,Cumulative,NonIID_Dirichlet,47,Adaptive_FixedCircuitBreaker,0.8913435149413175,0.05358288770053476,0.10913944486999298,0.0,0.9669354838709677,0.0213903743315508,0.09810254500007431
Dataset_A_CPS-NetFlow-IDS,Cumulative,NonIID_Dirichlet,47,Adaptive_NoAdaptiveWeighting,0.8971098578515887,0.05647058823529412,0.0937419748100001,0.0,0.9669354838709677,0.0213903743315508,0.08790969000006044
Dataset_A_CPS-NetFlow-IDS,Cumulative,NonIID_Dirichlet,47,Adaptive_NoCircuitBreaker,0.8913435149413175,0.05358288770053476,0.10827866784997696,0.0,0.9669354838709677,0.0213903743315508,0.0904545959999723
Dataset_A_CPS-NetFlow-IDS,Cumulative,NonIID_Dirichlet,47,Adaptive_NoTemporalMemory,0.8957226045818532,0.053636363636363635,0.10516781823002475,0.0,0.9669354838709677,0.0213903743315508,0.13904512400017666
Dataset_A_CPS-NetFlow-IDS,Cumulative,NonIID_Dirichlet,47,Adaptive_Ultimate,0.8913435149413175,0.05358288770053476,0.10360594282000193,0.0,0.9669354838709677,0.0213903743315508,0.08809354899995014
Dataset_A_CPS-NetFlow-IDS,Cumulative,NonIID_Dirichlet,47,FLAME,0.5932683473221481,0.04,0.11076957076999179,0.0,0.6095238095238095,0.0,0.09254895899994153
Dataset_A_CPS-NetFlow-IDS,Cumulative,NonIID_Dirichlet,47,FLTrust,0.8952018027514729,0.05358288770053476,0.09832184091001181,0.0,0.9669354838709677,0.0213903743315508,0.13884885800007396
Dataset_A_CPS-NetFlow-IDS,Cumulative,NonIID_Dirichlet,47,FedAvg,0.6083533284774437,0.023315508021390374,0.09357274960999576,0.0,0.6131946070723628,0.0,0.08953836399996362
Dataset_A_CPS-NetFlow-IDS,Cumulative,NonIID_Dirichlet,47,Krum,0.5919413436889513,0.03443850267379679,0.10858591801999182,0.0,0.6131946070723628,0.0,0.11208292400010578
Dataset_A_CPS-NetFlow-IDS,Cumulative,NonIID_Dirichlet,48,Adaptive_FixedCircuitBreaker,0.5270312953506713,0.37983957219251335,0.11083166246000928,0.98,0.5267516101151477,0.37967914438502676,0.0905016270003216
Dataset_A_CPS-NetFlow-IDS,Cumulative,NonIID_Dirichlet,48,Adaptive_NoAdaptiveWeighting,0.8545435324405947,0.03556149732620321,0.09663130786003421,0.0,0.9442581346868486,0.026737967914438502,0.1404480539999895
Dataset_A_CPS-NetFlow-IDS,Cumulative,NonIID_Dirichlet,48,Adaptive_NoCircuitBreaker,0.8934275286466427,0.03513368983957219,0.10739159351999661,0.0,0.9442581346868486,0.026737967914438502,0.10128367500010427
Dataset_A_CPS-NetFlow-IDS,Cumulative,NonIID_Dirichlet,48,Adaptive_NoTemporalMemory,0.8914659096989106,0.03540106951871658,0.11010615983002481,0.0,0.9442581346868486,0.026737967914438502,0.09615772400002243
Dataset_A_CPS-NetFlow-IDS,Cumulative,NonIID_Dirichlet,48,Adaptive_Ultimate,0.8928579918717763,0.03513368983957219,0.1018014938500005,0.0,0.9442581346868486,0.026737967914438502,0.09287379600004897
Dataset_A_CPS-NetFlow-IDS,Cumulative,NonIID_Dirichlet,48,FLAME,0.890617051813033,0.10139037433155079,0.11034520246000057,0.0,0.9390362042940501,0.03208556149732621,0.09634559699998135
Dataset_A_CPS-NetFlow-IDS,Cumulative,NonIID_Dirichlet,48,FLTrust,0.8919775205687493,0.03566844919786096,0.10545317626998667,0.0,0.9442581346868486,0.026737967914438502,0.1698835509998844
Dataset_A_CPS-NetFlow-IDS,Cumulative,NonIID_Dirichlet,48,FedAvg,0.8242503243633799,0.02219251336898396,0.09411068341999453,0.0,0.9442581346868486,0.026737967914438502,0.100006748999931
Dataset_A_CPS-NetFlow-IDS,Cumulative,NonIID_Dirichlet,48,Krum,0.5596081459158263,0.5760427807486631,0.1106880494600091,0.0,0.5466153054277981,0.5935828877005348,0.09114350599998033
Dataset_A_CPS-NetFlow-IDS,Cumulative,NonIID_Dirichlet,49,Adaptive_FixedCircuitBreaker,0.7737392169895029,0.09342245989304812,0.10872309578001023,0.38,0.9460904628330995,0.0427807486631016,0.0891753690002588
Dataset_A_CPS-NetFlow-IDS,Cumulative,NonIID_Dirichlet,49,Adaptive_NoAdaptiveWeighting,0.6672551467815632,0.09026737967914439,0.09979993503999139,0.0,0.9460904628330995,0.0374331550802139,0.13772790799976065
Dataset_A_CPS-NetFlow-IDS,Cumulative,NonIID_Dirichlet,49,Adaptive_NoCircuitBreaker,0.7737392169895029,0.09342245989304812,0.09999384043000646,0.0,0.9460904628330995,0.0427807486631016,0.08811192999974082
Dataset_A_CPS-NetFlow-IDS,Cumulative,NonIID_Dirichlet,49,Adaptive_NoTemporalMemory,0.7687480250183516,0.0895187165775401,0.10699961425002584,0.0,0.9460904628330995,0.0427807486631016,0.09230311900000743
Dataset_A_CPS-NetFlow-IDS,Cumulative,NonIID_Dirichlet,49,Adaptive_Ultimate,0.7737392169895029,0.09342245989304812,0.0913374441200085,0.0,0.9460904628330995,0.0427807486631016,0.0937849990000359
Dataset_A_CPS-NetFlow-IDS,Cumulative,NonIID_Dirichlet,49,FLAME,0.5847225161404271,0.08818181818181818,0.10933478714999183,0.0,0.6219962729264066,0.0053475935828877,0.0904129020000255
Dataset_A_CPS-NetFlow-IDS,Cumulative,NonIID_Dirichlet,49,FLTrust,0.7665366147973672,0.08919786096256685,0.10832160894997742,0.0,0.9460904628330995,0.0427807486631016,0.08704040500015253
Dataset_A_CPS-NetFlow-IDS,Cumulative,NonIID_Dirichlet,49,FedAvg,0.8697701916853228,0.07101604278074866,0.10052627892001055,0.0,0.9460904628330995,0.016042780748663103,0.13403767599993444
Dataset_A_CPS-NetFlow-IDS,Cumulative,NonIID_Dirichlet,49,Krum,0.5669714061497877,0.11294117647058824,0.10137916725997002,0.0,0.6219962729264066,0.0053475935828877,0.1053504769997744
Dataset_A_CPS-NetFlow-IDS,Cumulative,NonIID_Dirichlet,50,Adaptive_FixedCircuitBreaker,0.6761778100169071,0.059197860962566844,0.1063792067000395,0.0,0.9237040319007532,0.0213903743315508,0.08869773200012787
Dataset_A_CPS-NetFlow-IDS,Cumulative,NonIID_Dirichlet,50,Adaptive_NoAdaptiveWeighting,0.6807239611429888,0.060320855614973266,0.10300258701003258,0.0,0.9338709677419355,0.0213903743315508,0.14720905800004402
Dataset_A_CPS-NetFlow-IDS,Cumulative,NonIID_Dirichlet,50,Adaptive_NoCircuitBreaker,0.6761778100169071,0.059197860962566844,0.09991860828996323,0.0,0.9237040319007532,0.0213903743315508,0.08748659599996245
Dataset_A_CPS-NetFlow-IDS,Cumulative,NonIID_Dirichlet,50,Adaptive_NoTemporalMemory,0.6796348593911994,0.05887700534759358,0.10839304128995991,0.0,0.9237040319007532,0.0213903743315508,0.09145775200022399
Dataset_A_CPS-NetFlow-IDS,Cumulative,NonIID_Dirichlet,50,Adaptive_Ultimate,0.6761778100169071,0.059197860962566844,0.09451981528999567,0.0,0.9237040319007532,0.0213903743315508,0.13463838699999542
Dataset_A_CPS-NetFlow-IDS,Cumulative,NonIID_Dirichlet,50,FLAME,0.7796391156055357,0.06887700534759358,0.10987324953000098,0.0,0.9195640326975476,0.0481283422459893,0.09201162799990925
Dataset_A_CPS-NetFlow-IDS,Cumulative,NonIID_Dirichlet,50,FLTrust,0.6800204122570029,0.058983957219251336,0.10927879538000525,0.0,0.9237040319007532,0.026737967914438502,0.09866634199988766
Dataset_A_CPS-NetFlow-IDS,Cumulative,NonIID_Dirichlet,50,FedAvg,0.6834607513142261,0.025614973262032086,0.10138593783002307,0.0,0.9390362042940501,0.016042780748663103,0.13927075000037803
Dataset_A_CPS-NetFlow-IDS,Cumulative,NonIID_Dirichlet,50,Krum,0.8209984578130158,0.14433155080213905,0.10114098061001187,0.0,0.8907614556680975,0.0962566844919786,0.09757710799976849
Dataset_A_CPS-NetFlow-IDS,Cumulative,NonIID_Dirichlet,51,Adaptive_FixedCircuitBreaker,0.9309724146256059,0.061283422459893044,0.10103629106001791,0.0,0.9455028799291094,0.0374331550802139,0.09981314200013003
Dataset_A_CPS-NetFlow-IDS,Cumulative,NonIID_Dirichlet,51,Adaptive_NoAdaptiveWeighting,0.9199826546503977,0.07834224598930481,0.10649046983999597,0.0,0.9455028799291094,0.0427807486631016,0.1463257679997696
Dataset_A_CPS-NetFlow-IDS,Cumulative,NonIID_Dirichlet,51,Adaptive_NoCircuitBreaker,0.9309724146256059,0.061283422459893044,0.09292896631004169,0.0,0.9455028799291094,0.0374331550802139,0.08884230600006049
Dataset_A_CPS-NetFlow-IDS,Cumulative,NonIID_Dirichlet,51,Adaptive_NoTemporalMemory,0.9331004848728872,0.05983957219251337,0.10816240242000276,0.0,0.9455028799291094,0.0374331550802139,0.09690819100023873
Dataset_A_CPS-NetFlow-IDS,Cumulative,NonIID_Dirichlet,51,Adaptive_Ultimate,0.9309724146256059,0.061283422459893044,0.09925113802000851,0.0,0.9455028799291094,0.0374331550802139,0.1536896729999171
Dataset_A_CPS-NetFlow-IDS,Cumulative,NonIID_Dirichlet,51,FLAME,0.6669642835951793,0.02513368983957219,0.11022331681998367,0.0,0.6800445930880714,0.0053475935828877,0.09118259399974704
Dataset_A_CPS-NetFlow-IDS,Cumulative,NonIID_Dirichlet,51,FLTrust,0.9332541891569395,0.06010695187165775,0.10797382022000875,0.0,0.9455028799291094,0.0374331550802139,0.08766477799963468
Dataset_A_CPS-NetFlow-IDS,Cumulative,NonIID_Dirichlet,51,FedAvg,0.6794544599320522,0.021390374331550804,0.10770490658996551,0.0,0.6800445930880714,0.0106951871657754,0.15211048899982416
Dataset_A_CPS-NetFlow-IDS,Cumulative,NonIID_Dirichlet,51,Krum,0.8142479926252477,0.19363636363636363,0.09382706726000378,0.0,0.81367617641918,0.2727272727272727,0.09492610199959017
Dataset_A_CPS-NetFlow-IDS,Cumulative,NonIID_Dirichlet,52,Adaptive_FixedCircuitBreaker,0.6943367322237193,0.042352941176470586,0.09787430384001254,0.0,0.7059490605939867,0.0,0.1040170669998588
Dataset_A_CPS-NetFlow-IDS,Cumulative,NonIID_Dirichlet,52,Adaptive_NoAdaptiveWeighting,0.6994977253781184,0.05336898395721925,0.10785656911001752,0.0,0.7219512195121951,0.016042780748663103,0.08960748900017279
Dataset_A_CPS-NetFlow-IDS,Cumulative,NonIID_Dirichlet,52,Adaptive_NoCircuitBreaker,0.6943367322237193,0.042352941176470586,0.09477115327002139,0.0,0.7059490605939867,0.0,0.1477032100001452
Dataset_A_CPS-NetFlow-IDS,Cumulative,NonIID_Dirichlet,52,Adaptive_NoTemporalMemory,0.6935994511944327,0.043903743315508025,0.10927800336998189,0.0,0.7059490605939867,0.0053475935828877,0.09214553299989348
Dataset_A_CPS-NetFlow-IDS,Cumulative,NonIID_Dirichlet,52,Adaptive_Ultimate,0.6943367322237193,0.042352941176470586,0.1051066296399722,0.0,0.7059490605939867,0.0,0.14393200599988631
Dataset_A_CPS-NetFlow-IDS,Cumulative,NonIID_Dirichlet,52,FLAME,0.8633496905675796,0.1570053475935829,0.10996066619997691,0.0,0.9186991869918699,0.053475935828877004,0.1107462210002268
Dataset_A_CPS-NetFlow-IDS,Cumulative,NonIID_Dirichlet,52,FLTrust,0.6938221716397208,0.04470588235294118,0.1095364083100094,0.0,0.7059490605939867,0.0106951871657754,0.08921747000022151
Dataset_A_CPS-NetFlow-IDS,Cumulative,NonIID_Dirichlet,52,FedAvg,0.6943225499759245,0.03342245989304813,0.11057551774998955,0.0,0.7059490605939867,0.0,0.08949123200000031
Dataset_A_CPS-NetFlow-IDS,Cumulative,NonIID_Dirichlet,52,Krum,0.7862942706669647,0.24989304812834223,0.09328063185998872,0.0,0.88967903132808,0.1497326203208556,0.09138496300010956
Dataset_A_CPS-NetFlow-IDS,OnOff,IID,43,Adaptive_FixedCircuitBreaker,0.9198917630422027,0.03673796791443851,0.22763655247001224,0.43,0.9506805373014635,0.03208556149732621,0.42327287400075875
Dataset_A_CPS-NetFlow-IDS,OnOff,IID,43,Adaptive_NoAdaptiveWeighting,0.9178504621030047,0.036524064171123,0.1989875359900725,0.09,0.9506805373014635,0.03208556149732621,0.16346251899994968
Dataset_A_CPS-NetFlow-IDS,OnOff,IID,43,Adaptive_NoCircuitBreaker,0.9203104383376555,0.03433155080213904,0.23185250866989007,0.0,0.9559139784946237,0.0213903743315508,0.1530643499991129
Dataset_A_CPS-NetFlow-IDS,OnOff,IID,43,Adaptive_NoTemporalMemory,0.9200322775439633,0.03668449197860963,0.20273120548996304,0.04,0.9506805373014635,0.03208556149732621,0.172050537999894
Dataset_A_CPS-NetFlow-IDS,OnOff,IID,43,Adaptive_Ultimate,0.9198917630422027,0.03673796791443851,0.19881599985968934,0.02,0.9506805373014635,0.03208556149732621,0.17884841799968854
Dataset_A_CPS-NetFlow-IDS,OnOff,IID,43,FLAME,0.8797611751062565,0.09502673796791443,0.2053640237099171,0.0,0.8735478564819574,0.6631016042780749,0.3449636780005676
Dataset_A_CPS-NetFlow-IDS,OnOff,IID,43,FLTrust,0.9200909580060735,0.03668449197860963,0.22968896396010677,0.0,0.9506805373014635,0.03208556149732621,0.15470014099992113
Dataset_A_CPS-NetFlow-IDS,OnOff,IID,43,FedAvg,0.885983344416648,0.04481283422459893,0.23325352407015087,0.0,0.9403794037940378,0.0481283422459893,0.2092206699999224
Dataset_A_CPS-NetFlow-IDS,OnOff,IID,43,Krum,0.8600253051337616,0.055668449197860966,0.1975613606500883,0.0,0.9011651265568501,0.3422459893048128,0.1743205390012008
Dataset_A_CPS-NetFlow-IDS,OnOff,IID,44,Adaptive_FixedCircuitBreaker,0.9110426930503924,0.052994652406417105,0.2061537649499769,0.36,0.929539295392954,0.0481283422459893,0.17102118899856578
Dataset_A_CPS-NetFlow-IDS,OnOff,IID,44,Adaptive_NoAdaptiveWeighting,0.9147604508752507,0.05304812834224599,0.20249369706001744,0.0,0.929539295392954,0.0481283422459893,0.1570066530002805
Dataset_A_CPS-NetFlow-IDS,OnOff,IID,44,Adaptive_NoCircuitBreaker,0.9128236356754652,0.051069518716577535,0.23503540688010616,0.0,0.9397206567017888,0.0374331550802139,0.4821377329990355
Dataset_A_CPS-NetFlow-IDS,OnOff,IID,44,Adaptive_NoTemporalMemory,0.910542404890239,0.05283422459893048,0.2420428989700122,0.0,0.929539295392954,0.0481283422459893,0.16310513200005516
Dataset_A_CPS-NetFlow-IDS,OnOff,IID,44,Adaptive_Ultimate,0.9110426930503924,0.052994652406417105,0.23651116784003534,0.0,0.929539295392954,0.0481283422459893,0.16799375399932615
Dataset_A_CPS-NetFlow-IDS,OnOff,IID,44,FLAME,0.8996261650042476,0.06550802139037433,0.19931610661995364,0.0,0.9001857902492152,0.27807486631016043,0.18571779199919547
Dataset_A_CPS-NetFlow-IDS,OnOff,IID,44,FLTrust,0.911967265070827,0.05122994652406417,0.20562409781001406,0.0,0.9397206567017888,0.0374331550802139,0.3460859530005109
Dataset_A_CPS-NetFlow-IDS,OnOff,IID,44,FedAvg,0.9045160756907639,0.061229946524064174,0.19918131592005012,0.0,0.929539295392954,0.053475935828877004,0.18608942399987427
Dataset_A_CPS-NetFlow-IDS,OnOff,IID,44,Krum,0.8672404510945306,0.1132620320855615,0.22916671106009745,0.0,0.8416096579476862,0.5401069518716578,0.18537941700014926
Dataset_A_CPS-NetFlow-IDS,OnOff,IID,45,Adaptive_FixedCircuitBreaker,0.9333159696990198,0.013796791443850267,0.2508212513399485,0.36,0.9602813977626572,0.0106951871657754,0.18059145900042495
Dataset_A_CPS-NetFlow-IDS,OnOff,IID,45,Adaptive_NoAdaptiveWeighting,0.9263763353107471,0.013636363636363636,0.2547229884899934,0.19,0.9602813977626572,0.0106951871657754,0.1933366829998704
Dataset_A_CPS-NetFlow-IDS,OnOff,IID,45,Adaptive_NoCircuitBreaker,0.9323975524755529,0.014278074866310159,0.2195178130199929,0.0,0.9548789435069699,0.016042780748663103,0.1786236240004655
Dataset_A_CPS-NetFlow-IDS,OnOff,IID,45,Adaptive_NoTemporalMemory,0.9341138599831068,0.013850267379679143,0.2283622919401023,0.18,0.9602813977626572,0.0106951871657754,0.19417011299992737
Dataset_A_CPS-NetFlow-IDS,OnOff,IID,45,Adaptive_Ultimate,0.9333159696990198,0.013796791443850267,0.21718876156999614,0.19,0.9602813977626572,0.0106951871657754,0.21794198200041137
Dataset_A_CPS-NetFlow-IDS,OnOff,IID,45,FLAME,0.8906458768756693,0.09219251336898396,0.2065671739200843,0.0,0.9195640326975476,0.47058823529411764,0.16781054600141943
Dataset_A_CPS-NetFlow-IDS,OnOff,IID,45,FLTrust,0.9337967321062753,0.014064171122994651,0.24718636305002292,0.0,0.9548789435069699,0.016042780748663103,0.17543773500074167
Dataset_A_CPS-NetFlow-IDS,OnOff,IID,45,FedAvg,0.9066901902515606,0.03513368983957219,0.20096169105001535,0.0,0.9495384615384616,0.19786096256684493,0.15818838700033666
Dataset_A_CPS-NetFlow-IDS,OnOff,IID,45,Krum,0.8697760632627489,0.0618716577540107,0.24049221509993005,0.0,0.7880731310424045,0.48663101604278075,0.1818020200007595
Dataset_A_CPS-NetFlow-IDS,OnOff,IID,46,Adaptive_FixedCircuitBreaker,0.9119111281661982,0.04502673796791443,0.25308708412008857,0.4,0.928760776102114,0.0427807486631016,0.17257246500048495
Dataset_A_CPS-NetFlow-IDS,OnOff,IID,46,Adaptive_NoAdaptiveWeighting,0.9115031757410367,0.044973262032085556,0.2553770528799214,0.18,0.928760776102114,0.0427807486631016,0.18131258199900913
Dataset_A_CPS-NetFlow-IDS,OnOff,IID,46,Adaptive_NoCircuitBreaker,0.9114054537460622,0.04566844919786096,0.21714215217003585,0.0,0.928760776102114,0.0427807486631016,0.17385715099953813
Dataset_A_CPS-NetFlow-IDS,OnOff,IID,46,Adaptive_NoTemporalMemory,0.9125514800310878,0.04524064171122994,0.21763102188002448,0.15,0.928760776102114,0.0427807486631016,0.1719244969990541
Dataset_A_CPS-NetFlow-IDS,OnOff,IID,46,Adaptive_Ultimate,0.9119111281661982,0.04502673796791443,0.2231046905000403,0.18,0.928760776102114,0.0427807486631016,0.20894975400005933
Dataset_A_CPS-NetFlow-IDS,OnOff,IID,46,FLAME,0.9115499034236766,0.10037433155080214,0.22150133456998447,0.0,0.8757575757575757,0.5347593582887701,0.18426306800029124
Dataset_A_CPS-NetFlow-IDS,OnOff,IID,46,FLTrust,0.9122480753790062,0.045882352941176464,0.25359163221999553,0.0,0.928760776102114,0.0427807486631016,0.18986222999956226
Dataset_A_CPS-NetFlow-IDS,OnOff,IID,46,FedAvg,0.9052197676678955,0.054866310160427804,0.21843167510991407,0.0,0.928760776102114,0.12834224598930483,0.1771094460000313
Dataset_A_CPS-NetFlow-IDS,OnOff,IID,46,Krum,0.8751304916179724,0.0748663101604278,0.2540989363699555,0.0,0.8317102615694165,0.2727272727272727,0.1909503049992054
Dataset_A_CPS-NetFlow-IDS,OnOff,IID,47,Adaptive_FixedCircuitBreaker,0.9319343380338928,0.01962566844919786,0.23849330441995334,0.35,0.9669354838709677,0.0213903743315508,0.18795631600005436
Dataset_A_CPS-NetFlow-IDS,OnOff,IID,47,Adaptive_NoAdaptiveWeighting,0.9301640961370868,0.019411764705882354,0.22893544918008046,0.19,0.9669354838709677,0.0213903743315508,0.18520044599972607
Dataset_A_CPS-NetFlow-IDS,OnOff,IID,47,Adaptive_NoCircuitBreaker,0.9319343380338928,0.01909090909090909,0.2621434085399778,0.0,0.9669354838709677,0.016042780748663103,0.18623941199984984
Dataset_A_CPS-NetFlow-IDS,OnOff,IID,47,Adaptive_NoTemporalMemory,0.9325871418557864,0.01962566844919786,0.2564701409398367,0.18,0.9669354838709677,0.0213903743315508,0.18177816299976257
Dataset_A_CPS-NetFlow-IDS,OnOff,IID,47,Adaptive_Ultimate,0.9319343380338928,0.01962566844919786,0.24561730836991047,0.19,0.9669354838709677,0.0213903743315508,0.6369351909997931
Dataset_A_CPS-NetFlow-IDS,OnOff,IID,47,FLAME,0.8977605472481391,0.047700534759358294,0.22728475429988976,0.0,0.9260817307692308,0.40106951871657753,0.19568495000021358
Dataset_A_CPS-NetFlow-IDS,OnOff,IID,47,FLTrust,0.9325871418557864,0.01962566844919786,0.2592538210099519,0.0,0.9669354838709677,0.0213903743315508,0.1906196629988699
Dataset_A_CPS-NetFlow-IDS,OnOff,IID,47,FedAvg,0.9036282908018508,0.019411764705882354,0.21908021037992512,0.0,0.9616404179011383,0.0374331550802139,0.1733252119993267
Dataset_A_CPS-NetFlow-IDS,OnOff,IID,47,Krum,0.9125586223834354,0.03689839572192513,0.2550019446699662,0.0,0.9021090330282531,0.3689839572192513,0.18278581000049599
Dataset_A_CPS-NetFlow-IDS,OnOff,IID,48,Adaptive_FixedCircuitBreaker,0.9208652101228897,0.03786096256684492,0.2585069069999918,0.4,0.9442581346868486,0.026737967914438502,0.19237409100060177
Dataset_A_CPS-NetFlow-IDS,OnOff,IID,48,Adaptive_NoAdaptiveWeighting,0.9198338168421938,0.03786096256684492,0.2390518897098991,0.11,0.9442581346868486,0.026737967914438502,0.17361756500031333
Dataset_A_CPS-NetFlow-IDS,OnOff,IID,48,Adaptive_NoCircuitBreaker,0.9208652101228897,0.03786096256684492,0.24702425318006135,0.0,0.9442581346868486,0.026737967914438502,0.8229171959992527
Dataset_A_CPS-NetFlow-IDS,OnOff,IID,48,Adaptive_NoTemporalMemory,0.9208652101228897,0.03786096256684492,0.2418419656099286,0.0,0.9442581346868486,0.026737967914438502,0.49315194900009374
Dataset_A_CPS-NetFlow-IDS,OnOff,IID,48,Adaptive_Ultimate,0.9208652101228897,0.03786096256684492,0.22559551001002545,0.0,0.9442581346868486,0.026737967914438502,0.20170248499925947
Dataset_A_CPS-NetFlow-IDS,OnOff,IID,48,FLAME,0.9033932220681331,0.15454545454545454,0.26228880767013835,0.0,0.9186991869918699,0.5133689839572193,0.17985430500084476
Dataset_A_CPS-NetFlow-IDS,OnOff,IID,48,FLTrust,0.9208652101228897,0.03786096256684492,0.2603909713800203,0.0,0.9442581346868486,0.026737967914438502,0.18457472999944002
Dataset_A_CPS-NetFlow-IDS,OnOff,IID,48,FedAvg,0.903667639206408,0.0683957219251337,0.25930797756000173,0.0,0.9338709677419355,0.1711229946524064,0.19036620099905122
Dataset_A_CPS-NetFlow-IDS,OnOff,IID,48,Krum,0.898781457487617,0.11759358288770054,0.22988865787016038,0.0,0.8190996720659843,0.5187165775401069,0.27890064799976244
Dataset_A_CPS-NetFlow-IDS,OnOff,IID,49,Adaptive_FixedCircuitBreaker,0.9087456910171011,0.04609625668449198,0.21744874249006899,0.3,0.9460904628330995,0.0427807486631016,0.20065954299934674
Dataset_A_CPS-NetFlow-IDS,OnOff,IID,49,Adaptive_NoAdaptiveWeighting,0.9058239261365268,0.04609625668449198,0.2272760503300924,0.0,0.9460904628330995,0.0427807486631016,0.18535456900099234
Dataset_A_CPS-NetFlow-IDS,OnOff,IID,49,Adaptive_NoCircuitBreaker,0.9087456910171011,0.04609625668449198,0.25718105152984205,0.0,0.9460904628330995,0.0427807486631016,0.2018489869988116
Dataset_A_CPS-NetFlow-IDS,OnOff,IID,49,Adaptive_NoTemporalMemory,0.9088624479493019,0.04620320855614973,0.25173816328988324,0.0,0.9460904628330995,0.0427807486631016,0.2089852070002962
Dataset_A_CPS-NetFlow-IDS,OnOff,IID,49,Adaptive_Ultimate,0.9087456910171011,0.04609625668449198,0.2537960195600317,0.1,0.9460904628330995,0.0427807486631016,0.1795736019994365
Dataset_A_CPS-NetFlow-IDS,OnOff,IID,49,FLAME,0.8718015499878807,0.09379679144385027,0.23962799771999926,0.0,0.8836640279634008,0.45454545454545453,0.3689349630003562
Dataset_A_CPS-NetFlow-IDS,OnOff,IID,49,FLTrust,0.9088624479493019,0.04620320855614973,0.23243191285004286,0.0,0.9460904628330995,0.0427807486631016,0.20990756100036378
Dataset_A_CPS-NetFlow-IDS,OnOff,IID,49,FedAvg,0.8799317689480465,0.05240641711229946,0.23088785930003725,0.0,0.9410136239782017,0.06951871657754011,0.6741504849997
Dataset_A_CPS-NetFlow-IDS,OnOff,IID,49,Krum,0.8296326497059364,0.10641711229946522,0.2384635182699276,0.0,0.8357165304839724,0.6042780748663101,0.18204735899962543
Dataset_A_CPS-NetFlow-IDS,OnOff,IID,50,Adaptive_FixedCircuitBreaker,0.9256174818917176,0.04433155080213904,0.2563023533999512,0.34,0.9346034559149313,0.03208556149732621,0.1759404149997863
Dataset_A_CPS-NetFlow-IDS,OnOff,IID,50,Adaptive_NoAdaptiveWeighting,0.9256774683968486,0.04278074866310161,0.25759782474986426,0.0,0.9346034559149313,0.03208556149732621,0.18605471400042006
Dataset_A_CPS-NetFlow-IDS,OnOff,IID,50,Adaptive_NoCircuitBreaker,0.927365522503694,0.04288770053475936,0.22353175985002963,0.0,0.9448924731182795,0.03208556149732621,0.17945603000043775
Dataset_A_CPS-NetFlow-IDS,OnOff,IID,50,Adaptive_NoTemporalMemory,0.9254952578755204,0.04385026737967914,0.21917071509014932,0.0,0.9346034559149313,0.03208556149732621,0.18576872700032254
Dataset_A_CPS-NetFlow-IDS,OnOff,IID,50,Adaptive_Ultimate,0.9256174818917176,0.04331550802139038,0.24597477942004844,0.0,0.9346034559149313,0.03208556149732621,0.18583377300092252
Dataset_A_CPS-NetFlow-IDS,OnOff,IID,50,FLAME,0.8607724666266015,0.166524064171123,0.26297881889002384,0.0,0.7266218505765972,0.5614973262032086,0.20024395499967795
Dataset_A_CPS-NetFlow-IDS,OnOff,IID,50,FLTrust,0.9269863461355615,0.043048128342245986,0.23461293198008207,0.0,0.9448924731182795,0.03208556149732621,0.4843969979992835
Dataset_A_CPS-NetFlow-IDS,OnOff,IID,50,FedAvg,0.909591461066049,0.06379679144385027,0.2552907606799272,0.0,0.9146500130106687,0.20320855614973263,0.18110603500099387
Dataset_A_CPS-NetFlow-IDS,OnOff,IID,50,Krum,0.8670998797306191,0.16475935828877006,0.22391505502002473,0.0,0.6897194933470714,0.5668449197860963,0.18730927199976577
Dataset_A_CPS-NetFlow-IDS,OnOff,IID,51,Adaptive_FixedCircuitBreaker,0.9165944387426128,0.06251336898395722,0.23632482316997994,0.42,0.9455028799291094,0.03208556149732621,0.17992945900004997
Dataset_A_CPS-NetFlow-IDS,OnOff,IID,51,Adaptive_NoAdaptiveWeighting,0.9135486087114245,0.06352941176470588,0.20916805522001597,0.12,0.9455028799291094,0.03208556149732621,0.17388341399964702
Dataset_A_CPS-NetFlow-IDS,OnOff,IID,51,Adaptive_NoCircuitBreaker,0.9171078699808658,0.06005347593582888,0.21302905963009836,0.0,0.9455028799291094,0.03208556149732621,0.7345594029993663
Dataset_A_CPS-NetFlow-IDS,OnOff,IID,51,Adaptive_NoTemporalMemory,0.9174446872693577,0.06080213903743315,0.24821599801001867,0.0,0.9506805373014635,0.03208556149732621,0.33366786999977194
Dataset_A_CPS-NetFlow-IDS,OnOff,IID,51,Adaptive_Ultimate,0.9167999196003886,0.061069518716577544,0.23051167330004319,0.12,0.9455028799291094,0.03208556149732621,0.2990417310011253
Dataset_A_CPS-NetFlow-IDS,OnOff,IID,51,FLAME,0.8662801334871447,0.15641711229946526,0.22274200591995397,0.0,0.8602272727272727,0.6577540106951871,0.3552699530009704
Dataset_A_CPS-NetFlow-IDS,OnOff,IID,51,FLTrust,0.9167715918109516,0.060534759358288774,0.24981479481011776,0.0,0.9455028799291094,0.03208556149732621,0.19170434099942213
Dataset_A_CPS-NetFlow-IDS,OnOff,IID,51,FedAvg,0.8881638656874461,0.09497326203208557,0.22390446536996023,0.0,0.9253187613843351,0.0748663101604278,0.18485610300012922
Dataset_A_CPS-NetFlow-IDS,OnOff,IID,51,Krum,0.8594702493283584,0.10374331550802139,0.2568077753601028,0.0,0.9011651265568501,0.40641711229946526,0.1833773630005453
Dataset_A_CPS-NetFlow-IDS,OnOff,IID,52,Adaptive_FixedCircuitBreaker,0.881779324946786,0.08074866310160428,0.20563118606003628,0.34,0.9186991869918699,0.053475935828877004,0.16039421700043022
Dataset_A_CPS-NetFlow-IDS,OnOff,IID,52,Adaptive_NoAdaptiveWeighting,0.8815873695912777,0.07855614973262032,0.20212099611006124,0.0,0.928760776102114,0.0427807486631016,0.16165148400068574
Dataset_A_CPS-NetFlow-IDS,OnOff,IID,52,Adaptive_NoCircuitBreaker,0.884944833069577,0.07716577540106952,0.20784121952990972,0.0,0.928760776102114,0.0427807486631016,0.40586462300052517
Dataset_A_CPS-NetFlow-IDS,OnOff,IID,52,Adaptive_NoTemporalMemory,0.8809941833802252,0.08032085561497325,0.23674478275010188,0.0,0.9237040319007532,0.0481283422459893,0.15976495200084173
Dataset_A_CPS-NetFlow-IDS,OnOff,IID,52,Adaptive_Ultimate,0.8827813319144121,0.07946524064171123,0.233210803819984,0.0,0.928760776102114,0.0427807486631016,0.21085372000015923
Dataset_A_CPS-NetFlow-IDS,OnOff,IID,52,FLAME,0.8495310040553332,0.1695187165775401,0.20383616182001787,0.0,0.9088392370572207,0.44385026737967914,0.16162548799911747
Dataset_A_CPS-NetFlow-IDS,OnOff,IID,52,FLTrust,0.8828553178691579,0.07834224598930481,0.19845497982996677,0.0,0.928760776102114,0.0427807486631016,0.1620964659996389
Dataset_A_CPS-NetFlow-IDS,OnOff,IID,52,FedAvg,0.847950249342859,0.11770053475935828,0.20157726490984715,0.0,0.9137447405329593,0.06417112299465241,0.15967234699928667
Dataset_A_CPS-NetFlow-IDS,OnOff,IID,52,Krum,0.8724725242672919,0.1793582887700535,0.23550955275994057,0.0,0.8757575757575757,0.45454545454545453,0.1584244249988842
Dataset_A_CPS-NetFlow-IDS,OnOff,NonIID_Dirichlet,43,Adaptive_FixedCircuitBreaker,0.9241814862297235,0.038877005347593585,0.2055500013200981,0.49,0.9506805373014635,0.03208556149732621,0.17182613700060756
Dataset_A_CPS-NetFlow-IDS,OnOff,NonIID_Dirichlet,43,Adaptive_NoAdaptiveWeighting,0.9195896301785794,0.03823529411764706,0.20482873149005174,0.13,0.9506805373014635,0.03208556149732621,0.1695715919995564
Dataset_A_CPS-NetFlow-IDS,OnOff,NonIID_Dirichlet,43,Adaptive_NoCircuitBreaker,0.9241814862297235,0.03877005347593583,0.24029635505996338,0.0,0.9506805373014635,0.03208556149732621,0.19133099100145046
Dataset_A_CPS-NetFlow-IDS,OnOff,NonIID_Dirichlet,43,Adaptive_NoTemporalMemory,0.9250208385609957,0.03877005347593583,0.23840928614003132,0.16,0.9506805373014635,0.03208556149732621,0.16573030799918342
Dataset_A_CPS-NetFlow-IDS,OnOff,NonIID_Dirichlet,43,Adaptive_Ultimate,0.9241814862297235,0.038877005347593585,0.23827164596990769,0.15,0.9506805373014635,0.03208556149732621,0.16499381799985713
Dataset_A_CPS-NetFlow-IDS,OnOff,NonIID_Dirichlet,43,FLAME,0.8728449088667355,0.06957219251336898,0.22721483036017162,0.0,0.9059073523161921,0.35294117647058826,0.22196151299976918
Dataset_A_CPS-NetFlow-IDS,OnOff,NonIID_Dirichlet,43,FLTrust,0.9252443865816723,0.03877005347593583,0.20290362437990553,0.0,0.9506805373014635,0.03208556149732621,0.19238838799901714
Dataset_A_CPS-NetFlow-IDS,OnOff,NonIID_Dirichlet,43,FedAvg,0.8402447803422228,0.06689839572192513,0.20552533166001014,0.0,0.9059073523161921,0.5989304812834224,0.16554697200081137
Dataset_A_CPS-NetFlow-IDS,OnOff,NonIID_Dirichlet,43,Krum,0.8801921704710703,0.11898395721925134,0.21720993807992273,0.0,0.8780568407138136,0.43315508021390375,0.33191959200121346
Dataset_A_CPS-NetFlow-IDS,OnOff,NonIID_Dirichlet,44,Adaptive_FixedCircuitBreaker,0.9102312926894979,0.06331550802139037,0.21708011523993265,0.53,0.929539295392954,0.053475935828877004,0.5009066879993043
Dataset_A_CPS-NetFlow-IDS,OnOff,NonIID_Dirichlet,44,Adaptive_NoAdaptiveWeighting,0.9132584980820568,0.0688235294117647,0.21999843173003683,0.05,0.929539295392954,0.053475935828877004,0.6067234319998533
Dataset_A_CPS-NetFlow-IDS,OnOff,NonIID_Dirichlet,44,Adaptive_NoCircuitBreaker,0.9102312926894979,0.06331550802139037,0.2312463660698995,0.0,0.929539295392954,0.053475935828877004,0.18874362599854067
Dataset_A_CPS-NetFlow-IDS,OnOff,NonIID_Dirichlet,44,Adaptive_NoTemporalMemory,0.9112977515775303,0.0632620320855615,0.23084887645996788,0.0,0.929539295392954,0.053475935828877004,0.19250006999936886
Dataset_A_CPS-NetFlow-IDS,OnOff,NonIID_Dirichlet,44,Adaptive_Ultimate,0.9102312926894979,0.06331550802139037,0.2051346533099786,0.0,0.929539295392954,0.053475935828877004,0.19216519300061918
Dataset_A_CPS-NetFlow-IDS,OnOff,NonIID_Dirichlet,44,FLAME,0.9016601522892549,0.16737967914438504,0.20958981436986504,0.0,0.8907614556680975,0.5454545454545454,0.19682814500083623
Dataset_A_CPS-NetFlow-IDS,OnOff,NonIID_Dirichlet,44,FLTrust,0.911419172743297,0.0632620320855615,0.2379290720800418,0.0,0.929539295392954,0.053475935828877004,0.1669039939988579
Dataset_A_CPS-NetFlow-IDS,OnOff,NonIID_Dirichlet,44,FedAvg,0.9124690479638641,0.45042780748663097,0.20408802472995377,0.0,0.9097831949088555,0.946524064171123,0.20255562199963606
Dataset_A_CPS-NetFlow-IDS,OnOff,NonIID_Dirichlet,44,Krum,0.8932792303295994,0.11459893048128343,0.2369553413498579,0.0,0.9146500130106687,0.13368983957219252,0.17305483900054242
Dataset_A_CPS-NetFlow-IDS,OnOff,NonIID_Dirichlet,45,Adaptive_FixedCircuitBreaker,0.9367894825548535,0.014331550802139038,0.21928996029982956,0.4,0.9602813977626572,0.0106951871657754,0.16961623300085193
Dataset_A_CPS-NetFlow-IDS,OnOff,NonIID_Dirichlet,45,Adaptive_NoAdaptiveWeighting,0.9269720522262171,0.013903743315508022,0.21020409268992807,0.16,0.9602813977626572,0.0106951871657754,0.19679490999988047
Dataset_A_CPS-NetFlow-IDS,OnOff,NonIID_Dirichlet,45,Adaptive_NoCircuitBreaker,0.9357085539746015,0.015080213903743317,0.24300185078005598,0.0,0.9602813977626572,0.0106951871657754,0.1824743050001416
Dataset_A_CPS-NetFlow-IDS,OnOff,NonIID_Dirichlet,45,Adaptive_NoTemporalMemory,0.9386030475435638,0.014278074866310159,0.24762129617005485,0.0,0.9602813977626572,0.0106951871657754,0.2023818929992558
Dataset_A_CPS-NetFlow-IDS,OnOff,NonIID_Dirichlet,45,Adaptive_Ultimate,0.9367894825548535,0.014331550802139038,0.2536659376000716,0.15,0.9602813977626572,0.0106951871657754,0.17683516300166957
Dataset_A_CPS-NetFlow-IDS,OnOff,NonIID_Dirichlet,45,FLAME,0.7388842574033596,0.13919786096256684,0.23626923809997608,0.0,0.9146500130106687,0.5721925133689839,0.7488896550003119
Dataset_A_CPS-NetFlow-IDS,OnOff,NonIID_Dirichlet,45,FLTrust,0.9379198754627126,0.014491978609625669,0.22750196851999135,0.0,0.9548789435069699,0.016042780748663103,0.19596174999969662
Dataset_A_CPS-NetFlow-IDS,OnOff,NonIID_Dirichlet,45,FedAvg,0.8242192201663028,0.3586096256684492,0.23797867143990514,0.0,0.9245266479663394,0.9144385026737968,0.1717897320013435
Dataset_A_CPS-NetFlow-IDS,OnOff,NonIID_Dirichlet,45,Krum,0.7562389532473466,0.06989304812834224,0.20828176411008825,0.0,0.796055295274452,0.35294117647058826,0.17757316200004425
Dataset_A_CPS-NetFlow-IDS,OnOff,NonIID_Dirichlet,46,Adaptive_FixedCircuitBreaker,0.8937235536801221,0.051336898395721926,0.23763597782002763,0.74,0.9237040319007532,0.053475935828877004,0.16599515699999756
Dataset_A_CPS-NetFlow-IDS,OnOff,NonIID_Dirichlet,46,Adaptive_NoAdaptiveWeighting,0.8951798376266695,0.05240641711229946,0.23853182768007172,0.28,0.9237040319007532,0.0481283422459893,0.24305333300071652
Dataset_A_CPS-NetFlow-IDS,OnOff,NonIID_Dirichlet,46,Adaptive_NoCircuitBreaker,0.8952989292764155,0.0481283422459893,0.20315426240998932,0.0,0.928760776102114,0.0427807486631016,0.16411663200051407
Dataset_A_CPS-NetFlow-IDS,OnOff,NonIID_Dirichlet,46,Adaptive_NoTemporalMemory,0.8973654813738766,0.0448663101604278,0.2063509814399913,0.0,0.928760776102114,0.0427807486631016,0.1740420690002793
Dataset_A_CPS-NetFlow-IDS,OnOff,NonIID_Dirichlet,46,Adaptive_Ultimate,0.8956508253988118,0.047914438502673795,0.20671676642006787,0.03,0.928760776102114,0.0427807486631016,0.17162904099859588
Dataset_A_CPS-NetFlow-IDS,OnOff,NonIID_Dirichlet,46,FLAME,0.8472092007582193,0.19074866310160427,0.214150686129924,0.0,0.8944024725274725,0.45454545454545453,0.18469312100023672
Dataset_A_CPS-NetFlow-IDS,OnOff,NonIID_Dirichlet,46,FLTrust,0.8966851793905231,0.04331550802139037,0.2427146045498921,0.0,0.928760776102114,0.0427807486631016,0.16903556299985212
Dataset_A_CPS-NetFlow-IDS,OnOff,NonIID_Dirichlet,46,FedAvg,0.6756378909477694,0.08679144385026738,0.20874346623006204,0.0,0.9039812646370022,0.7754010695187166,0.20352567300142255
Dataset_A_CPS-NetFlow-IDS,OnOff,NonIID_Dirichlet,46,Krum,0.7480287594328935,0.3931016042780749,0.24169827075995273,0.0,0.5956119162640902,0.5561497326203209,0.18135025099945778
Dataset_A_CPS-NetFlow-IDS,OnOff,NonIID_Dirichlet,47,Adaptive_FixedCircuitBreaker,0.9206185088246418,0.019518716577540104,0.20269446010994216,0.36,0.9669354838709677,0.0213903743315508,0.17185560700090718
Dataset_A_CPS-NetFlow-IDS,OnOff,NonIID_Dirichlet,47,Adaptive_NoAdaptiveWeighting,0.9046465723669462,0.018609625668449196,0.20068640238998342,0.17,0.9669354838709677,0.0213903743315508,0.18470855099985783
Dataset_A_CPS-NetFlow-IDS,OnOff,NonIID_Dirichlet,47,Adaptive_NoCircuitBreaker,0.9206185088246418,0.019518716577540104,0.20292986117012332,0.0,0.9669354838709677,0.0213903743315508,0.16392750200066075
Dataset_A_CPS-NetFlow-IDS,OnOff,NonIID_Dirichlet,47,Adaptive_NoTemporalMemory,0.9212237804751925,0.019732620320855612,0.23682344469998498,0.11,0.9669354838709677,0.0213903743315508,0.47529517299881263
Dataset_A_CPS-NetFlow-IDS,OnOff,NonIID_Dirichlet,47,Adaptive_Ultimate,0.9206185088246418,0.019518716577540104,0.24770408260998011,0.15,0.9669354838709677,0.0213903743315508,0.1693129939994833
Dataset_A_CPS-NetFlow-IDS,OnOff,NonIID_Dirichlet,47,FLAME,0.6993103602197107,0.07181818181818182,0.24118686457995864,0.0,0.9115687974456028,0.6524064171122995,0.18489333700017596
Dataset_A_CPS-NetFlow-IDS,OnOff,NonIID_Dirichlet,47,FLTrust,0.9210329302244924,0.019732620320855612,0.22344309708003493,0.0,0.9669354838709677,0.0213903743315508,0.1796306669984915
Dataset_A_CPS-NetFlow-IDS,OnOff,NonIID_Dirichlet,47,FedAvg,0.7680591810177924,0.22379679144385026,0.24740674377990218,0.0,0.9211993080914858,0.893048128342246,0.17852051299996674
Dataset_A_CPS-NetFlow-IDS,OnOff,NonIID_Dirichlet,47,Krum,0.6664350530721874,0.09417112299465241,0.20934337897006117,0.0,0.929539295392954,0.49732620320855614,0.1735654340009205
Dataset_A_CPS-NetFlow-IDS,OnOff,NonIID_Dirichlet,48,Adaptive_FixedCircuitBreaker,0.8735880964137909,0.03732620320855615,0.20401926085000013,0.87,0.9011137121373343,0.026737967914438502,0.17667425500076206
Dataset_A_CPS-NetFlow-IDS,OnOff,NonIID_Dirichlet,48,Adaptive_NoAdaptiveWeighting,0.8892735719483754,0.03935828877005347,0.20718944599007955,0.28,0.9442581346868486,0.026737967914438502,0.16197238099994138
Dataset_A_CPS-NetFlow-IDS,OnOff,NonIID_Dirichlet,48,Adaptive_NoCircuitBreaker,0.910943531500592,0.03732620320855615,0.2363505073799388,0.0,0.9442581346868486,0.026737967914438502,0.6390227259998937
Dataset_A_CPS-NetFlow-IDS,OnOff,NonIID_Dirichlet,48,Adaptive_NoTemporalMemory,0.9101122824137861,0.03443850267379679,0.23549153858006322,0.31,0.9442581346868486,0.026737967914438502,0.16703867799878935
Dataset_A_CPS-NetFlow-IDS,OnOff,NonIID_Dirichlet,48,Adaptive_Ultimate,0.9105800106738856,0.03732620320855615,0.23589376546004132,0.31,0.9442581346868486,0.026737967914438502,0.16903285599983064
Dataset_A_CPS-NetFlow-IDS,OnOff,NonIID_Dirichlet,48,FLAME,0.8696103324961971,0.17497326203208555,0.21505050802992629,0.0,0.8489314664701548,0.42780748663101603,0.1662323139989894
Dataset_A_CPS-NetFlow-IDS,OnOff,NonIID_Dirichlet,48,FLTrust,0.9115087023567056,0.0346524064171123,0.20276605991017277,0.0,0.9442581346868486,0.026737967914438502,0.16887925700029882
Dataset_A_CPS-NetFlow-IDS,OnOff,NonIID_Dirichlet,48,FedAvg,0.8860315777303753,0.27395721925133687,0.2045306636499663,0.0,0.8944024725274725,0.9197860962566845,0.1717001260003599
Dataset_A_CPS-NetFlow-IDS,OnOff,NonIID_Dirichlet,48,Krum,0.4776692932531368,0.6777005347593582,0.2320971786899827,0.0,0.19344262295081968,1.0,0.5260108490001585
Dataset_A_CPS-NetFlow-IDS,OnOff,NonIID_Dirichlet,49,Adaptive_FixedCircuitBreaker,0.9006952441123499,0.044919786096256686,0.2220206143800169,0.51,0.9460904628330995,0.0427807486631016,0.5589325540004211
Dataset_A_CPS-NetFlow-IDS,OnOff,NonIID_Dirichlet,49,Adaptive_NoAdaptiveWeighting,0.8894206605674677,0.04593582887700535,0.20100484146996678,0.26,0.9460904628330995,0.0427807486631016,0.161250386001484
Dataset_A_CPS-NetFlow-IDS,OnOff,NonIID_Dirichlet,49,Adaptive_NoCircuitBreaker,0.9006952441123499,0.0448663101604278,0.23238888554998993,0.0,0.9460904628330995,0.0427807486631016,0.1686715979994915
Dataset_A_CPS-NetFlow-IDS,OnOff,NonIID_Dirichlet,49,Adaptive_NoTemporalMemory,0.8996506896591857,0.044919786096256686,0.21274625758998808,0.1,0.9460904628330995,0.0427807486631016,0.16417666599954828
Dataset_A_CPS-NetFlow-IDS,OnOff,NonIID_Dirichlet,49,Adaptive_Ultimate,0.9006952441123499,0.044919786096256686,0.20278535307004858,0.2,0.9460904628330995,0.0427807486631016,0.1683122899994487
Dataset_A_CPS-NetFlow-IDS,OnOff,NonIID_Dirichlet,49,FLAME,0.8581408879938165,0.15754010695187165,0.20651262453999153,0.0,0.9410136239782017,0.8502673796791443,0.18599708300098428
Dataset_A_CPS-NetFlow-IDS,OnOff,NonIID_Dirichlet,49,FLTrust,0.8996491296319888,0.044919786096256686,0.23559092340006826,0.0,0.9460904628330995,0.0427807486631016,0.16516390700053307
Dataset_A_CPS-NetFlow-IDS,OnOff,NonIID_Dirichlet,49,FedAvg,0.9140305165131508,0.12545454545454546,0.20667886630002613,0.0,0.8882187706543292,0.8449197860962567,0.168553167999562
Dataset_A_CPS-NetFlow-IDS,OnOff,NonIID_Dirichlet,49,Krum,0.8197217761033473,0.05475935828877005,0.23812996727012434,0.0,0.9260817307692308,0.06417112299465241,0.16778037199946993
Dataset_A_CPS-NetFlow-IDS,OnOff,NonIID_Dirichlet,50,Adaptive_FixedCircuitBreaker,0.8900840617926356,0.04160427807486631,0.2382863418099987,0.35,0.9346034559149313,0.0427807486631016,0.16608258499945805
Dataset_A_CPS-NetFlow-IDS,OnOff,NonIID_Dirichlet,50,Adaptive_NoAdaptiveWeighting,0.8908558717936547,0.043262032085561494,0.2266767174299275,0.0,0.9346034559149313,0.0427807486631016,0.32187360399984755
Dataset_A_CPS-NetFlow-IDS,OnOff,NonIID_Dirichlet,50,Adaptive_NoCircuitBreaker,0.8900840617926356,0.04058823529411765,0.21910171892011931,0.0,0.9346034559149313,0.0374331550802139,0.16905942400080676
Dataset_A_CPS-NetFlow-IDS,OnOff,NonIID_Dirichlet,50,Adaptive_NoTemporalMemory,0.8923447989115009,0.04155080213903743,0.20655446116992607,0.0,0.9346034559149313,0.0427807486631016,0.17286589900140825
Dataset_A_CPS-NetFlow-IDS,OnOff,NonIID_Dirichlet,50,Adaptive_Ultimate,0.8900840617926356,0.04160427807486631,0.21006940297989785,0.0,0.9346034559149313,0.0427807486631016,0.17845437899995886
Dataset_A_CPS-NetFlow-IDS,OnOff,NonIID_Dirichlet,50,FLAME,0.8407692074575915,0.1581283422459893,0.20546704710988706,0.0,0.8288780681705257,0.7112299465240641,0.17703206399892224
Dataset_A_CPS-NetFlow-IDS,OnOff,NonIID_Dirichlet,50,FLTrust,0.8923447989115009,0.040427807486631016,0.23968825654996181,0.0,0.9346034559149313,0.0427807486631016,0.17174757500106352
Dataset_A_CPS-NetFlow-IDS,OnOff,NonIID_Dirichlet,50,FedAvg,0.8444149857161668,0.3762032085561497,0.20502782897017824,0.0,0.8815004084026221,0.9572192513368984,0.2458812709992344
Dataset_A_CPS-NetFlow-IDS,OnOff,NonIID_Dirichlet,50,Krum,0.8928041172185526,0.08080213903743315,0.2379143752299933,0.0,0.7530487804878049,0.3048128342245989,0.16448957300053735
Dataset_A_CPS-NetFlow-IDS,OnOff,NonIID_Dirichlet,51,Adaptive_FixedCircuitBreaker,0.8753790111481861,0.12267379679144386,0.2333890409300511,0.6,0.9203969366842844,0.06417112299465241,0.16282336800031771
Dataset_A_CPS-NetFlow-IDS,OnOff,NonIID_Dirichlet,51,Adaptive_NoAdaptiveWeighting,0.873151945032253,0.1420855614973262,0.23652707953988283,0.28,0.9253187613843351,0.058823529411764705,0.19746707500053162
Dataset_A_CPS-NetFlow-IDS,OnOff,NonIID_Dirichlet,51,Adaptive_NoCircuitBreaker,0.8791609311361985,0.11818181818181818,0.20170655203992283,0.0,0.9353085553997195,0.0481283422459893,0.16030207500079996
Dataset_A_CPS-NetFlow-IDS,OnOff,NonIID_Dirichlet,51,Adaptive_NoTemporalMemory,0.8772754175252883,0.11631016042780748,0.20118892263993984,0.0,0.9253187613843351,0.058823529411764705,0.19254385299973364
Dataset_A_CPS-NetFlow-IDS,OnOff,NonIID_Dirichlet,51,Adaptive_Ultimate,0.8778399234982115,0.11994652406417111,0.2006332811500033,0.02,0.9253187613843351,0.058823529411764705,0.16969162199893617
Dataset_A_CPS-NetFlow-IDS,OnOff,NonIID_Dirichlet,51,FLAME,0.7819801278359287,0.20427807486631017,0.22516837179993673,0.0,0.9203969366842844,0.45989304812834225,0.5921267270005046
Dataset_A_CPS-NetFlow-IDS,OnOff,NonIID_Dirichlet,51,FLTrust,0.8779740864267144,0.11475935828877006,0.2130026122799609,0.0,0.9253187613843351,0.058823529411764705,0.16527298199980578
Dataset_A_CPS-NetFlow-IDS,OnOff,NonIID_Dirichlet,51,FedAvg,0.8433356914874729,0.12529411764705883,0.23412901796986263,0.0,0.9203969366842844,0.7165775401069518,0.16953747700063104
Dataset_A_CPS-NetFlow-IDS,OnOff,NonIID_Dirichlet,51,Krum,0.5383689751254234,0.6240641711229946,0.20146648744015694,0.0,0.491794337845208,0.6684491978609626,0.1603335670006345
Dataset_A_CPS-NetFlow-IDS,OnOff,NonIID_Dirichlet,52,Adaptive_FixedCircuitBreaker,0.7967860509265242,0.0835294117647059,0.23270143856998401,0.48,0.9068410149027645,0.053475935828877004,0.1649397390010563
Dataset_A_CPS-NetFlow-IDS,OnOff,NonIID_Dirichlet,52,Adaptive_NoAdaptiveWeighting,0.7485516372678469,0.0918716577540107,0.23895828498993069,0.24,0.7819756400192449,0.053475935828877004,0.20274675099972228
Dataset_A_CPS-NetFlow-IDS,OnOff,NonIID_Dirichlet,52,Adaptive_NoCircuitBreaker,0.8107198293709977,0.0816577540106952,0.20766217462998612,0.0,0.928760776102114,0.0427807486631016,0.18778895899959025
Dataset_A_CPS-NetFlow-IDS,OnOff,NonIID_Dirichlet,52,Adaptive_NoTemporalMemory,0.8239760046220043,0.08235294117647057,0.20506409542000256,0.0,0.9186991869918699,0.053475935828877004,0.1652703769996151
Dataset_A_CPS-NetFlow-IDS,OnOff,NonIID_Dirichlet,52,Adaptive_Ultimate,0.7999915224910837,0.0835294117647059,0.20465755788009118,0.22,0.9186991869918699,0.053475935828877004,0.29030061199955526
Dataset_A_CPS-NetFlow-IDS,OnOff,NonIID_Dirichlet,52,FLAME,0.8382017629840859,0.3624064171122995,0.23906083667996428,0.0,0.8149497189009423,0.6470588235294118,0.1900608830001147
Dataset_A_CPS-NetFlow-IDS,OnOff,NonIID_Dirichlet,52,FLTrust,0.824159970546141,0.08283422459893047,0.2035525832300118,0.0,0.9237040319007532,0.0481283422459893,0.1697248889995535
Dataset_A_CPS-NetFlow-IDS,OnOff,NonIID_Dirichlet,52,FedAvg,0.7033949020392949,0.04058823529411765,0.23447874959007095,0.0,0.8318097794434175,0.06417112299465241,0.16133276100117655
Dataset_A_CPS-NetFlow-IDS,OnOff,NonIID_Dirichlet,52,Krum,0.789884471610058,0.5015508021390375,0.20448492877005264,0.0,0.7630460649328574,0.6096256684491979,0.17385345899856475
Dataset_A_CPS-NetFlow-IDS,Scaling,IID,43,Adaptive_FixedCircuitBreaker,0.9198917630422027,0.03673796791443851,0.19719445293997068,0.43,0.9506805373014635,0.03208556149732621,0.15309366799965574
Dataset_A_CPS-NetFlow-IDS,Scaling,IID,43,Adaptive_NoAdaptiveWeighting,0.9178504621030047,0.03657754010695188,0.19868214720001107,0.22,0.9506805373014635,0.03208556149732621,0.17684215300005235
Dataset_A_CPS-NetFlow-IDS,Scaling,IID,43,Adaptive_NoCircuitBreaker,0.9197898834093797,0.036096256684491984,0.19747612115998892,0.0,0.9506805373014635,0.03208556149732621,0.15894349200016222
Dataset_A_CPS-NetFlow-IDS,Scaling,IID,43,Adaptive_NoTemporalMemory,0.9200322775439633,0.03673796791443851,0.2319669800699876,0.13,0.9506805373014635,0.03208556149732621,0.49550948099977177
Dataset_A_CPS-NetFlow-IDS,Scaling,IID,43,Adaptive_Ultimate,0.9198917630422027,0.03673796791443851,0.19817357352996623,0.16,0.9506805373014635,0.03208556149732621,0.1535816129999148
Dataset_A_CPS-NetFlow-IDS,Scaling,IID,43,FLAME,0.6414599237545069,0.37406417112299467,0.2017575752000039,0.0,0.4715097831835008,0.7593582887700535,0.16778261000035855
Dataset_A_CPS-NetFlow-IDS,Scaling,IID,43,FLTrust,0.9200909580060735,0.036791443850267384,0.23368059999001162,0.0,0.9506805373014635,0.03208556149732621,0.3269672390001688
Dataset_A_CPS-NetFlow-IDS,Scaling,IID,43,FedAvg,0.6369357648853908,0.7909625668449197,0.23575101088001701,0.0,0.67651442096958,1.0,0.15798818600023878
Dataset_A_CPS-NetFlow-IDS,Scaling,IID,43,Krum,0.872175524458878,0.04272727272727273,0.200848475139951,0.0,0.9506805373014635,0.03208556149732621,0.16559674500012989
Dataset_A_CPS-NetFlow-IDS,Scaling,IID,44,Adaptive_FixedCircuitBreaker,0.9110426930503924,0.052994652406417105,0.19834804888999316,0.44,0.929539295392954,0.0481283422459893,0.1533911490000719
Dataset_A_CPS-NetFlow-IDS,Scaling,IID,44,Adaptive_NoAdaptiveWeighting,0.9147604508752507,0.05310160427807486,0.19629935262000345,0.0,0.929539295392954,0.0481283422459893,0.1556024830001661
Dataset_A_CPS-NetFlow-IDS,Scaling,IID,44,Adaptive_NoCircuitBreaker,0.9128236356754652,0.05096256684491978,0.19689037598001505,0.0,0.9397206567017888,0.0374331550802139,0.15773437699999704
Dataset_A_CPS-NetFlow-IDS,Scaling,IID,44,Adaptive_NoTemporalMemory,0.910542404890239,0.05283422459893048,0.23284797437000634,0.0,0.929539295392954,0.0481283422459893,0.15359785900000134
Dataset_A_CPS-NetFlow-IDS,Scaling,IID,44,Adaptive_Ultimate,0.9110426930503924,0.052994652406417105,0.19651373094000063,0.0,0.929539295392954,0.0481283422459893,0.15282642700003635
Dataset_A_CPS-NetFlow-IDS,Scaling,IID,44,FLAME,0.6815025689271522,0.376096256684492,0.20021143365000627,0.0,0.5477941176470589,0.9946524064171123,0.16092241400019702
Dataset_A_CPS-NetFlow-IDS,Scaling,IID,44,FLTrust,0.9119160930629584,0.05144385026737968,0.23287850716004413,0.0,0.9397206567017888,0.0374331550802139,0.15728176699985852
Dataset_A_CPS-NetFlow-IDS,Scaling,IID,44,FedAvg,0.6325745650436846,0.7778074866310161,0.2326244985899848,0.0,0.7118140037848066,0.6310160427807486,0.1756408599999304
Dataset_A_CPS-NetFlow-IDS,Scaling,IID,44,Krum,0.8788028944892966,0.05732620320855615,0.198853235029992,0.0,0.9245266479663394,0.0481283422459893,0.1573390149997067
Dataset_A_CPS-NetFlow-IDS,Scaling,IID,45,Adaptive_FixedCircuitBreaker,0.9333159696990198,0.013796791443850267,0.22942381908998868,0.58,0.9602813977626572,0.0106951871657754,0.3869271060002575
Dataset_A_CPS-NetFlow-IDS,Scaling,IID,45,Adaptive_NoAdaptiveWeighting,0.9263763353107471,0.013636363636363636,0.20097376317001361,0.24,0.9602813977626572,0.0106951871657754,0.1638475049999215
Dataset_A_CPS-NetFlow-IDS,Scaling,IID,45,Adaptive_NoCircuitBreaker,0.9322354788478823,0.014545454545454545,0.23735977244999049,0.0,0.9548789435069699,0.016042780748663103,0.16116980499964484
Dataset_A_CPS-NetFlow-IDS,Scaling,IID,45,Adaptive_NoTemporalMemory,0.9341138599831068,0.013850267379679143,0.20433770123000614,0.24,0.9602813977626572,0.0106951871657754,0.15875137300008646
Dataset_A_CPS-NetFlow-IDS,Scaling,IID,45,Adaptive_Ultimate,0.9333159696990198,0.013796791443850267,0.19644713045002846,0.24,0.9602813977626572,0.0106951871657754,0.15399864500022886
Dataset_A_CPS-NetFlow-IDS,Scaling,IID,45,FLAME,0.64048776162708,0.3189304812834225,0.23247538018001707,0.0,0.43405266660328934,0.6470588235294118,0.39186627600020074
Dataset_A_CPS-NetFlow-IDS,Scaling,IID,45,FLTrust,0.9335806339360478,0.014385026737967915,0.19487771280001653,0.0,0.9548789435069699,0.016042780748663103,0.17366672400021343
Dataset_A_CPS-NetFlow-IDS,Scaling,IID,45,FedAvg,0.5028625913852498,0.6928877005347595,0.2031175835799877,0.0,0.44715447154471544,1.0,0.2015264369997567
Dataset_A_CPS-NetFlow-IDS,Scaling,IID,45,Krum,0.898043189430056,0.016256684491978608,0.19658536581000136,0.0,0.9602813977626572,0.0106951871657754,0.1545795150000231
Dataset_A_CPS-NetFlow-IDS,Scaling,IID,46,Adaptive_FixedCircuitBreaker,0.9119111281661982,0.04502673796791443,0.19658697366004163,0.6,0.928760776102114,0.0427807486631016,0.15500938300010603
Dataset_A_CPS-NetFlow-IDS,Scaling,IID,46,Adaptive_NoAdaptiveWeighting,0.9115031757410367,0.044973262032085556,0.22338233071998276,0.24,0.928760776102114,0.0427807486631016,0.15401062299997648
Dataset_A_CPS-NetFlow-IDS,Scaling,IID,46,Adaptive_NoCircuitBreaker,0.911304318862035,0.045828877005347594,0.19688093283999478,0.0,0.928760776102114,0.0427807486631016,0.15267203900020831
Dataset_A_CPS-NetFlow-IDS,Scaling,IID,46,Adaptive_NoTemporalMemory,0.9125514800310878,0.04524064171122994,0.2065908191499966,0.24,0.928760776102114,0.0427807486631016,0.7220496590002767
Dataset_A_CPS-NetFlow-IDS,Scaling,IID,46,Adaptive_Ultimate,0.9119111281661982,0.04502673796791443,0.23860816608999813,0.24,0.928760776102114,0.0427807486631016,0.15353992100017422
Dataset_A_CPS-NetFlow-IDS,Scaling,IID,46,FLAME,0.7316360901907533,0.37336898395721924,0.2076842845700412,0.0,0.19344262295081968,1.0,0.15649405400017713
Dataset_A_CPS-NetFlow-IDS,Scaling,IID,46,FLTrust,0.9118435358428972,0.0462566844919786,0.20369258866999643,0.0,0.928760776102114,0.0427807486631016,0.19158807799976785
Dataset_A_CPS-NetFlow-IDS,Scaling,IID,46,FedAvg,0.6240018706192797,0.7316577540106952,0.2002161599900046,0.0,0.7102578505807527,0.7700534759358288,0.1678421469996465
Dataset_A_CPS-NetFlow-IDS,Scaling,IID,46,Krum,0.8811080754759518,0.04358288770053476,0.23630324656995527,0.0,0.9237040319007532,0.0481283422459893,0.29512183099996037
Dataset_A_CPS-NetFlow-IDS,Scaling,IID,47,Adaptive_FixedCircuitBreaker,0.9319343380338928,0.01962566844919786,0.19912233259000003,0.44,0.9669354838709677,0.0213903743315508,0.1603160080003363
Dataset_A_CPS-NetFlow-IDS,Scaling,IID,47,Adaptive_NoAdaptiveWeighting,0.9301640961370868,0.019411764705882354,0.19644513868001467,0.23,0.9669354838709677,0.0213903743315508,0.16742804399973465
Dataset_A_CPS-NetFlow-IDS,Scaling,IID,47,Adaptive_NoCircuitBreaker,0.9319343380338928,0.019358288770053477,0.1966849896299982,0.0,0.9669354838709677,0.016042780748663103,0.1734105380000983
Dataset_A_CPS-NetFlow-IDS,Scaling,IID,47,Adaptive_NoTemporalMemory,0.9325871418557864,0.01962566844919786,0.23299189060998743,0.24,0.9669354838709677,0.0213903743315508,0.157176273999994
Dataset_A_CPS-NetFlow-IDS,Scaling,IID,47,Adaptive_Ultimate,0.9319343380338928,0.01962566844919786,0.19719093131000137,0.23,0.9669354838709677,0.0213903743315508,0.15865269000005355
Dataset_A_CPS-NetFlow-IDS,Scaling,IID,47,FLAME,0.6628292051150333,0.34909090909090906,0.19963675202000103,0.0,0.19344262295081968,1.0,0.2012111060003008
Dataset_A_CPS-NetFlow-IDS,Scaling,IID,47,FLTrust,0.9325871418557864,0.01962566844919786,0.23641048789997968,0.0,0.9669354838709677,0.0213903743315508,0.1736181569999644
Dataset_A_CPS-NetFlow-IDS,Scaling,IID,47,FedAvg,0.578684696160635,0.752620320855615,0.2338434997200011,0.0,0.6595862450702277,0.8181818181818182,0.31331842899999174
Dataset_A_CPS-NetFlow-IDS,Scaling,IID,47,Krum,0.9208916233252473,0.01983957219251337,0.19710511605997,0.0,0.9669354838709677,0.0213903743315508,0.17577723699969283
Dataset_A_CPS-NetFlow-IDS,Scaling,IID,48,Adaptive_FixedCircuitBreaker,0.9208652101228897,0.03786096256684492,0.2295322895100071,0.69,0.9442581346868486,0.026737967914438502,0.22594151200019041
Dataset_A_CPS-NetFlow-IDS,Scaling,IID,48,Adaptive_NoAdaptiveWeighting,0.9198860361461219,0.03786096256684492,0.20096829343002354,0.0,0.9442581346868486,0.026737967914438502,0.18323186300040106
Dataset_A_CPS-NetFlow-IDS,Scaling,IID,48,Adaptive_NoCircuitBreaker,0.9208652101228897,0.03786096256684492,0.23483355012998344,0.0,0.9442581346868486,0.026737967914438502,0.1549528890000147
Dataset_A_CPS-NetFlow-IDS,Scaling,IID,48,Adaptive_NoTemporalMemory,0.9208652101228897,0.03786096256684492,0.20283956125998429,0.0,0.9442581346868486,0.026737967914438502,0.16735061999997924
Dataset_A_CPS-NetFlow-IDS,Scaling,IID,48,Adaptive_Ultimate,0.9208652101228897,0.03786096256684492,0.19905067691000566,0.0,0.9442581346868486,0.026737967914438502,0.18691920499986736
Dataset_A_CPS-NetFlow-IDS,Scaling,IID,48,FLAME,0.6939222860097278,0.3804812834224599,0.22977360608005257,0.0,0.19344262295081968,1.0,0.29402354000012565
Dataset_A_CPS-NetFlow-IDS,Scaling,IID,48,FLTrust,0.9208652101228897,0.03786096256684492,0.20583239633997436,0.0,0.9442581346868486,0.026737967914438502,0.15414963099965462
Dataset_A_CPS-NetFlow-IDS,Scaling,IID,48,FedAvg,0.609977305974478,0.7283422459893047,0.20608301367002696,0.0,0.6160666815305196,0.6470588235294118,0.1520914350003295
Dataset_A_CPS-NetFlow-IDS,Scaling,IID,48,Krum,0.9099894972449037,0.052566844919786096,0.19848541532003763,0.0,0.9442581346868486,0.026737967914438502,0.15523488600001656
Dataset_A_CPS-NetFlow-IDS,Scaling,IID,49,Adaptive_FixedCircuitBreaker,0.9087456910171011,0.04609625668449198,0.2024379949399963,0.39,0.9460904628330995,0.0427807486631016,0.15273175900028946
Dataset_A_CPS-NetFlow-IDS,Scaling,IID,49,Adaptive_NoAdaptiveWeighting,0.9058239261365268,0.04609625668449198,0.23215093602000705,0.0,0.9460904628330995,0.0427807486631016,0.22914779300026566
Dataset_A_CPS-NetFlow-IDS,Scaling,IID,49,Adaptive_NoCircuitBreaker,0.9087456910171011,0.04609625668449198,0.1972456094899826,0.0,0.9460904628330995,0.0427807486631016,0.15944326299995737
Dataset_A_CPS-NetFlow-IDS,Scaling,IID,49,Adaptive_NoTemporalMemory,0.9089773180184837,0.04620320855614973,0.19750784406003277,0.0,0.9460904628330995,0.0427807486631016,0.15323881799986339
Dataset_A_CPS-NetFlow-IDS,Scaling,IID,49,Adaptive_Ultimate,0.9087456910171011,0.04609625668449198,0.22518676447999497,0.09,0.9460904628330995,0.0427807486631016,0.3291824960001577
Dataset_A_CPS-NetFlow-IDS,Scaling,IID,49,FLAME,0.6177550923028235,0.3825668449197861,0.21850324007996277,0.0,0.5716868680104467,1.0,0.1584979909998765
Dataset_A_CPS-NetFlow-IDS,Scaling,IID,49,FLTrust,0.9089773180184837,0.04620320855614973,0.19773198999998384,0.0,0.9460904628330995,0.0427807486631016,0.15449793400011913
Dataset_A_CPS-NetFlow-IDS,Scaling,IID,49,FedAvg,0.5977127541546864,0.7805882352941177,0.19815082700998574,0.0,0.6219962729264066,0.7058823529411765,0.1505438519998279
Dataset_A_CPS-NetFlow-IDS,Scaling,IID,49,Krum,0.8280167852937892,0.0493048128342246,0.21197926028000438,0.0,0.9410136239782017,0.0481283422459893,0.5489062500000728
Dataset_A_CPS-NetFlow-IDS,Scaling,IID,50,Adaptive_FixedCircuitBreaker,0.9256174818917176,0.04737967914438502,0.19587850274005178,0.44,0.9346034559149313,0.0427807486631016,0.15473991299950285
Dataset_A_CPS-NetFlow-IDS,Scaling,IID,50,Adaptive_NoAdaptiveWeighting,0.9256774683968486,0.042727272727272725,0.20186151212998993,0.0,0.9346034559149313,0.03208556149732621,0.15961319300004106
Dataset_A_CPS-NetFlow-IDS,Scaling,IID,50,Adaptive_NoCircuitBreaker,0.9276230210119258,0.04283422459893048,0.2036135778800417,0.0,0.9448924731182795,0.03208556149732621,0.16696820800007117
Dataset_A_CPS-NetFlow-IDS,Scaling,IID,50,Adaptive_NoTemporalMemory,0.9254952578755204,0.043208556149732624,0.23771138861001417,0.0,0.9346034559149313,0.03208556149732621,0.1552232060003007
Dataset_A_CPS-NetFlow-IDS,Scaling,IID,50,Adaptive_Ultimate,0.9256174818917176,0.04315508021390374,0.2124518969300243,0.0,0.9346034559149313,0.03208556149732621,0.1652797790002296
Dataset_A_CPS-NetFlow-IDS,Scaling,IID,50,FLAME,0.6194878742512608,0.4128342245989305,0.2002392003499881,0.0,0.36327878207349135,0.45989304812834225,0.20409093399985068
Dataset_A_CPS-NetFlow-IDS,Scaling,IID,50,FLTrust,0.9274496249878603,0.04283422459893048,0.22394714436999494,0.0,0.9448924731182795,0.03208556149732621,0.6918449389995658
Dataset_A_CPS-NetFlow-IDS,Scaling,IID,50,FedAvg,0.5755138767132215,0.7494652406417113,0.2071153416800098,0.0,0.6751474601637468,0.679144385026738,0.45712041300021156
Dataset_A_CPS-NetFlow-IDS,Scaling,IID,50,Krum,0.8131817830892895,0.19893048128342247,0.2241356073299994,0.0,0.19344262295081968,1.0,0.1526454320000994
Dataset_A_CPS-NetFlow-IDS,Scaling,IID,51,Adaptive_FixedCircuitBreaker,0.9129966273882334,0.06566844919786095,0.20359288465004283,0.65,0.9403794037940378,0.0427807486631016,0.1833602830001837
Dataset_A_CPS-NetFlow-IDS,Scaling,IID,51,Adaptive_NoAdaptiveWeighting,0.9120316503981135,0.06566844919786095,0.20096712319996185,0.21,0.9403794037940378,0.0427807486631016,0.16035293600089062
Dataset_A_CPS-NetFlow-IDS,Scaling,IID,51,Adaptive_NoCircuitBreaker,0.916330137750267,0.05994652406417113,0.20149728798999603,0.0,0.9455028799291094,0.03208556149732621,0.17840554600024916
Dataset_A_CPS-NetFlow-IDS,Scaling,IID,51,Adaptive_NoTemporalMemory,0.9149825115183086,0.06112299465240642,0.2375724720999915,0.02,0.9455028799291094,0.03208556149732621,0.17145556200011924
Dataset_A_CPS-NetFlow-IDS,Scaling,IID,51,Adaptive_Ultimate,0.9136626792857928,0.06406417112299465,0.2403938282499803,0.21,0.9403794037940378,0.0374331550802139,0.1720522039995558
Dataset_A_CPS-NetFlow-IDS,Scaling,IID,51,FLAME,0.6770114610503919,0.38524064171122996,0.20757664916001886,0.0,0.6800445930880714,0.0213903743315508,0.1689706209999713
Dataset_A_CPS-NetFlow-IDS,Scaling,IID,51,FLTrust,0.9154943328544082,0.06042780748663102,0.20306560140003968,0.0,0.9455028799291094,0.03208556149732621,0.15878510099992127
Dataset_A_CPS-NetFlow-IDS,Scaling,IID,51,FedAvg,0.629430457422053,0.7842780748663101,0.205416539379994,0.0,0.6800445930880714,0.6042780748663101,0.17209284999989904
Dataset_A_CPS-NetFlow-IDS,Scaling,IID,51,Krum,0.8678285283706433,0.06689839572192513,0.2329235154300477,0.0,0.9302888283378747,0.0374331550802139,0.26659326900062297
Dataset_A_CPS-NetFlow-IDS,Scaling,IID,52,Adaptive_FixedCircuitBreaker,0.8822423660839462,0.08074866310160428,0.20379884896005024,0.44,0.9186991869918699,0.053475935828877004,0.177447605999987
Dataset_A_CPS-NetFlow-IDS,Scaling,IID,52,Adaptive_NoAdaptiveWeighting,0.8836027883470337,0.07844919786096256,0.21908930634998797,0.0,0.928760776102114,0.0427807486631016,0.16488801099967532
Dataset_A_CPS-NetFlow-IDS,Scaling,IID,52,Adaptive_NoCircuitBreaker,0.885711278858819,0.07695187165775401,0.20596174833000988,0.0,0.928760776102114,0.0427807486631016,0.17009419199985132
Dataset_A_CPS-NetFlow-IDS,Scaling,IID,52,Adaptive_NoTemporalMemory,0.8834041382515708,0.07935828877005348,0.2218594995699732,0.0,0.9237040319007532,0.0481283422459893,0.5168595800005278
Dataset_A_CPS-NetFlow-IDS,Scaling,IID,52,Adaptive_Ultimate,0.8834435288620781,0.07903743315508022,0.23616056564997961,0.0,0.9237040319007532,0.0427807486631016,0.19727653300014936
Dataset_A_CPS-NetFlow-IDS,Scaling,IID,52,FLAME,0.6522592065246953,0.3729411764705883,0.2247532351600512,0.0,0.6600331674958541,0.6470588235294118,0.15926352600035898
Dataset_A_CPS-NetFlow-IDS,Scaling,IID,52,FLTrust,0.8852178192560387,0.07737967914438502,0.200471954440045,0.0,0.928760776102114,0.0427807486631016,0.18890417700004036
Dataset_A_CPS-NetFlow-IDS,Scaling,IID,52,FedAvg,0.6526031588445521,0.7727272727272727,0.20279514551996727,0.0,0.7213737668980635,0.8074866310160428,0.15459985599954962
Dataset_A_CPS-NetFlow-IDS,Scaling,IID,52,Krum,0.8825848694139544,0.11021390374331551,0.20800974328006305,0.0,0.9186991869918699,0.053475935828877004,0.4379591460001393
Dataset_A_CPS-NetFlow-IDS,Scaling,NonIID_Dirichlet,43,Adaptive_FixedCircuitBreaker,0.9241814862297235,0.038716577540106954,0.21045938034003484,0.67,0.9506805373014635,0.03208556149732621,0.27417839099962293
Dataset_A_CPS-NetFlow-IDS,Scaling,NonIID_Dirichlet,43,Adaptive_NoAdaptiveWeighting,0.919108883527612,0.03759358288770054,0.2102847080999618,0.19,0.9506805373014635,0.03208556149732621,0.1805643930001679
Dataset_A_CPS-NetFlow-IDS,Scaling,NonIID_Dirichlet,43,Adaptive_NoCircuitBreaker,0.9241814862297235,0.03796791443850268,0.24967357004004043,0.0,0.9506805373014635,0.03208556149732621,0.1720417370006544
Dataset_A_CPS-NetFlow-IDS,Scaling,NonIID_Dirichlet,43,Adaptive_NoTemporalMemory,0.9248137322661016,0.03855614973262032,0.2413067599498936,0.21,0.9506805373014635,0.03208556149732621,0.17324210700007825
Dataset_A_CPS-NetFlow-IDS,Scaling,NonIID_Dirichlet,43,Adaptive_Ultimate,0.9241814862297235,0.038716577540106954,0.22804339842005902,0.17,0.9506805373014635,0.03208556149732621,0.16661443800057896
Dataset_A_CPS-NetFlow-IDS,Scaling,NonIID_Dirichlet,43,FLAME,0.6859607728621612,0.2677540106951872,0.22225544815996728,0.0,0.5310392022680613,0.22459893048128343,0.17124794600022142
Dataset_A_CPS-NetFlow-IDS,Scaling,NonIID_Dirichlet,43,FLTrust,0.9251408334342252,0.038502673796791446,0.2217144439799358,0.0,0.9506805373014635,0.03208556149732621,0.3092049020006016
Dataset_A_CPS-NetFlow-IDS,Scaling,NonIID_Dirichlet,43,FedAvg,0.6235622912791982,0.7441176470588234,0.22971044564000295,0.0,0.705820408017563,0.8823529411764706,0.17384600700006558
Dataset_A_CPS-NetFlow-IDS,Scaling,NonIID_Dirichlet,43,Krum,0.9192685318838998,0.059144385026737974,0.23825142026999857,0.0,0.9455028799291094,0.03208556149732621,0.666924867000489
Dataset_A_CPS-NetFlow-IDS,Scaling,NonIID_Dirichlet,44,Adaptive_FixedCircuitBreaker,0.9102312926894979,0.06331550802139037,0.21306567663999887,0.64,0.929539295392954,0.053475935828877004,0.17332701699979225
Dataset_A_CPS-NetFlow-IDS,Scaling,NonIID_Dirichlet,44,Adaptive_NoAdaptiveWeighting,0.9137096363504521,0.0688235294117647,0.21427542910003466,0.0,0.929539295392954,0.053475935828877004,0.16991659799987247
Dataset_A_CPS-NetFlow-IDS,Scaling,NonIID_Dirichlet,44,Adaptive_NoCircuitBreaker,0.9102312926894979,0.06315508021390374,0.24567706506997639,0.0,0.929539295392954,0.0481283422459893,0.17562322100002348
Dataset_A_CPS-NetFlow-IDS,Scaling,NonIID_Dirichlet,44,Adaptive_NoTemporalMemory,0.9112977515775303,0.0632620320855615,0.24365144739001152,0.0,0.929539295392954,0.053475935828877004,0.17744467400007125
Dataset_A_CPS-NetFlow-IDS,Scaling,NonIID_Dirichlet,44,Adaptive_Ultimate,0.9102312926894979,0.06331550802139037,0.24769913102996724,0.0,0.929539295392954,0.053475935828877004,0.1728986249991067
Dataset_A_CPS-NetFlow-IDS,Scaling,NonIID_Dirichlet,44,FLAME,0.7072297820069197,0.23711229946524065,0.24859346423996612,0.0,0.329700272479564,0.40641711229946526,0.18516611399991234
Dataset_A_CPS-NetFlow-IDS,Scaling,NonIID_Dirichlet,44,FLTrust,0.911419172743297,0.06320855614973261,0.21109683093003695,0.0,0.929539295392954,0.053475935828877004,0.18724186800045572
Dataset_A_CPS-NetFlow-IDS,Scaling,NonIID_Dirichlet,44,FedAvg,0.5416212564357097,0.6883957219251338,0.24732770661996256,0.0,0.7073170731707317,0.7005347593582888,0.2059394619991508
Dataset_A_CPS-NetFlow-IDS,Scaling,NonIID_Dirichlet,44,Krum,0.8912873945358801,0.11347593582887701,0.21809356770003432,0.0,0.9195640326975476,0.058823529411764705,0.1746136169995225
Dataset_A_CPS-NetFlow-IDS,Scaling,NonIID_Dirichlet,45,Adaptive_FixedCircuitBreaker,0.9367894825548535,0.014331550802139038,0.2430636686100206,0.44,0.9602813977626572,0.0106951871657754,0.17671953100034443
Dataset_A_CPS-NetFlow-IDS,Scaling,NonIID_Dirichlet,45,Adaptive_NoAdaptiveWeighting,0.926850619382826,0.01352941176470588,0.24118387436001285,0.24,0.9602813977626572,0.0106951871657754,0.1873377319998326
Dataset_A_CPS-NetFlow-IDS,Scaling,NonIID_Dirichlet,45,Adaptive_NoCircuitBreaker,0.9338212020300047,0.017433155080213904,0.2044906792499569,0.0,0.9495384615384616,0.03208556149732621,0.18448580600033893
Dataset_A_CPS-NetFlow-IDS,Scaling,NonIID_Dirichlet,45,Adaptive_NoTemporalMemory,0.9386030475435638,0.014278074866310159,0.21104850268997324,0.0,0.9602813977626572,0.016042780748663103,0.2011884639996424
Dataset_A_CPS-NetFlow-IDS,Scaling,NonIID_Dirichlet,45,Adaptive_Ultimate,0.9367894825548535,0.014331550802139038,0.2115668621799614,0.09,0.9602813977626572,0.0106951871657754,0.16807220800001232
Dataset_A_CPS-NetFlow-IDS,Scaling,NonIID_Dirichlet,45,FLAME,0.5859721718592824,0.2655614973262032,0.21957117134999862,0.0,0.5156118143459916,0.7272727272727273,0.2719645449997188
Dataset_A_CPS-NetFlow-IDS,Scaling,NonIID_Dirichlet,45,FLTrust,0.9367909375748644,0.017807486631016042,0.24511489479001283,0.0,0.9495384615384616,0.03208556149732621,0.16889380199972948
Dataset_A_CPS-NetFlow-IDS,Scaling,NonIID_Dirichlet,45,FedAvg,0.519834086558877,0.6696791443850267,0.2083331416400142,0.0,0.449537037037037,0.679144385026738,0.19811613900037628
Dataset_A_CPS-NetFlow-IDS,Scaling,NonIID_Dirichlet,45,Krum,0.7167292722766685,0.0937433155080214,0.24630541554003685,0.0,0.7945660406673011,0.23529411764705882,0.17041343599976244
Dataset_A_CPS-NetFlow-IDS,Scaling,NonIID_Dirichlet,46,Adaptive_FixedCircuitBreaker,0.8968225814562448,0.04593582887700535,0.20780780219996814,0.77,0.928760776102114,0.0427807486631016,0.20892222299971763
Dataset_A_CPS-NetFlow-IDS,Scaling,NonIID_Dirichlet,46,Adaptive_NoAdaptiveWeighting,0.8902761386671442,0.051390374331550796,0.21034154062002927,0.41,0.928760776102114,0.0427807486631016,0.16964354699939577
Dataset_A_CPS-NetFlow-IDS,Scaling,NonIID_Dirichlet,46,Adaptive_NoCircuitBreaker,0.8953102291321596,0.04780748663101604,0.21054241088997513,0.0,0.928760776102114,0.0427807486631016,0.2664521529995909
Dataset_A_CPS-NetFlow-IDS,Scaling,NonIID_Dirichlet,46,Adaptive_NoTemporalMemory,0.8942395735000014,0.04502673796791443,0.23703587392998998,0.0,0.928760776102114,0.0427807486631016,0.3977089950003574
Dataset_A_CPS-NetFlow-IDS,Scaling,NonIID_Dirichlet,46,Adaptive_Ultimate,0.8930455930929675,0.050695187165775396,0.23969485632001125,0.0,0.928760776102114,0.0427807486631016,0.174327675999848
Dataset_A_CPS-NetFlow-IDS,Scaling,NonIID_Dirichlet,46,FLAME,0.5351995201164162,0.613903743315508,0.24049638168999082,0.0,0.43187066974595845,0.0,0.20788059999995312
Dataset_A_CPS-NetFlow-IDS,Scaling,NonIID_Dirichlet,46,FLTrust,0.894530515322182,0.043262032085561494,0.20605591475001347,0.0,0.928760776102114,0.0427807486631016,0.16118914400067297
Dataset_A_CPS-NetFlow-IDS,Scaling,NonIID_Dirichlet,46,FedAvg,0.563245399583549,0.6609090909090909,0.23455365927003186,0.0,0.42657342657342656,0.679144385026738,0.17121414699977322
Dataset_A_CPS-NetFlow-IDS,Scaling,NonIID_Dirichlet,46,Krum,0.8528724329269981,0.18128342245989304,0.2062143120899691,0.0,0.928760776102114,0.0427807486631016,0.17945888800022658
Dataset_A_CPS-NetFlow-IDS,Scaling,NonIID_Dirichlet,47,Adaptive_FixedCircuitBreaker,0.9206185088246418,0.019518716577540104,0.2048471605000941,0.44,0.9669354838709677,0.0213903743315508,0.20717045900073572
Dataset_A_CPS-NetFlow-IDS,Scaling,NonIID_Dirichlet,47,Adaptive_NoAdaptiveWeighting,0.9046465723669462,0.018609625668449196,0.20919906819000972,0.23,0.9669354838709677,0.0213903743315508,0.1957617959997151
Dataset_A_CPS-NetFlow-IDS,Scaling,NonIID_Dirichlet,47,Adaptive_NoCircuitBreaker,0.9206185088246418,0.019518716577540104,0.24136801826994086,0.0,0.9669354838709677,0.0213903743315508,0.16600833299980877
Dataset_A_CPS-NetFlow-IDS,Scaling,NonIID_Dirichlet,47,Adaptive_NoTemporalMemory,0.9212237804751925,0.019732620320855612,0.24021774906005702,0.17,0.9669354838709677,0.0213903743315508,0.16579148799974064
Dataset_A_CPS-NetFlow-IDS,Scaling,NonIID_Dirichlet,47,Adaptive_Ultimate,0.9206185088246418,0.019518716577540104,0.2247925999000381,0.22,0.9669354838709677,0.0213903743315508,0.16796832900035952
Dataset_A_CPS-NetFlow-IDS,Scaling,NonIID_Dirichlet,47,FLAME,0.5576184102621634,0.39786096256684494,0.22034505942006036,0.0,0.43093192333113023,0.8288770053475936,0.17324125499999354
Dataset_A_CPS-NetFlow-IDS,Scaling,NonIID_Dirichlet,47,FLTrust,0.9210329302244924,0.019732620320855612,0.2256131699100024,0.0,0.9669354838709677,0.0213903743315508,0.4962735689996407
Dataset_A_CPS-NetFlow-IDS,Scaling,NonIID_Dirichlet,47,FedAvg,0.5053376152156331,0.6829411764705883,0.20625157909998962,0.0,0.4832708177044261,0.7593582887700535,0.19198091699945508
Dataset_A_CPS-NetFlow-IDS,Scaling,NonIID_Dirichlet,47,Krum,0.7324898504060662,0.1270053475935829,0.22605366406999564,0.0,0.8399290150842946,0.2994652406417112,0.3497265489995698
Dataset_A_CPS-NetFlow-IDS,Scaling,NonIID_Dirichlet,48,Adaptive_FixedCircuitBreaker,0.8735880964137909,0.03732620320855615,0.23840651539996544,0.87,0.9011137121373343,0.026737967914438502,0.16555567700015672
Dataset_A_CPS-NetFlow-IDS,Scaling,NonIID_Dirichlet,48,Adaptive_NoAdaptiveWeighting,0.8892735719483754,0.03935828877005347,0.24437268263995976,0.42,0.9442581346868486,0.026737967914438502,0.19192890300018917
Dataset_A_CPS-NetFlow-IDS,Scaling,NonIID_Dirichlet,48,Adaptive_NoCircuitBreaker,0.910943531500592,0.03732620320855615,0.20812101305003125,0.0,0.9442581346868486,0.026737967914438502,0.17087077399992268
Dataset_A_CPS-NetFlow-IDS,Scaling,NonIID_Dirichlet,48,Adaptive_NoTemporalMemory,0.9101122824137861,0.03443850267379679,0.20974226965005982,0.3,0.9442581346868486,0.026737967914438502,0.18595769999956246
Dataset_A_CPS-NetFlow-IDS,Scaling,NonIID_Dirichlet,48,Adaptive_Ultimate,0.9105800106738856,0.03732620320855615,0.20494810645998768,0.14,0.9442581346868486,0.026737967914438502,0.1711417469996377
Dataset_A_CPS-NetFlow-IDS,Scaling,NonIID_Dirichlet,48,FLAME,0.6030958695242529,0.3663101604278075,0.20790243677000944,0.0,0.6698179271708683,0.10160427807486631,0.17326917199989111
Dataset_A_CPS-NetFlow-IDS,Scaling,NonIID_Dirichlet,48,FLTrust,0.9115087023567056,0.0346524064171123,0.2429157357100121,0.0,0.9442581346868486,0.026737967914438502,0.16887368400057312
Dataset_A_CPS-NetFlow-IDS,Scaling,NonIID_Dirichlet,48,FedAvg,0.4942183162933291,0.6296256684491979,0.20670941631997267,0.0,0.646043165467626,0.7058823529411765,0.1702647590000197
Dataset_A_CPS-NetFlow-IDS,Scaling,NonIID_Dirichlet,48,Krum,0.5309164906346598,0.6174866310160428,0.23898300934998587,0.0,0.42953687139733654,0.7486631016042781,0.18200590000014927
Dataset_A_CPS-NetFlow-IDS,Scaling,NonIID_Dirichlet,49,Adaptive_FixedCircuitBreaker,0.9008152072780895,0.044919786096256686,0.22196727908993125,0.59,0.9460904628330995,0.0427807486631016,0.1936143839993747
Dataset_A_CPS-NetFlow-IDS,Scaling,NonIID_Dirichlet,49,Adaptive_NoAdaptiveWeighting,0.890074068143775,0.04593582887700535,0.23498386929000845,0.4,0.9460904628330995,0.0427807486631016,0.17002283100009663
Dataset_A_CPS-NetFlow-IDS,Scaling,NonIID_Dirichlet,49,Adaptive_NoCircuitBreaker,0.9008152072780895,0.044919786096256686,0.20289917231998517,0.0,0.9460904628330995,0.0427807486631016,0.22137525900052424
Dataset_A_CPS-NetFlow-IDS,Scaling,NonIID_Dirichlet,49,Adaptive_NoTemporalMemory,0.9006344972259213,0.044919786096256686,0.20373603329001524,0.22,0.9460904628330995,0.0427807486631016,0.20633015699968382
Dataset_A_CPS-NetFlow-IDS,Scaling,NonIID_Dirichlet,49,Adaptive_Ultimate,0.9008152072780895,0.044919786096256686,0.21352371405003395,0.3,0.9460904628330995,0.0427807486631016,0.6183973819997846
Dataset_A_CPS-NetFlow-IDS,Scaling,NonIID_Dirichlet,49,FLAME,0.5643809951759976,0.4152941176470588,0.23671587380000347,0.0,0.43187066974595845,0.0,0.16664224699979968
Dataset_A_CPS-NetFlow-IDS,Scaling,NonIID_Dirichlet,49,FLTrust,0.9006344972259213,0.044919786096256686,0.20430083147002734,0.0,0.9460904628330995,0.0427807486631016,0.19001609200040548
Dataset_A_CPS-NetFlow-IDS,Scaling,NonIID_Dirichlet,49,FedAvg,0.7047132346792453,0.6632620320855616,0.23622833571006596,0.0,0.5492404051172708,0.7272727272727273,0.17171544399934646
Dataset_A_CPS-NetFlow-IDS,Scaling,NonIID_Dirichlet,49,Krum,0.8207109645116952,0.053957219251336896,0.2053518129099848,0.0,0.9359875097580015,0.053475935828877004,0.20192040900019492
Dataset_A_CPS-NetFlow-IDS,Scaling,NonIID_Dirichlet,50,Adaptive_FixedCircuitBreaker,0.8900759693738058,0.04160427807486631,0.2057430127500811,0.44,0.9346034559149313,0.0427807486631016,0.17295433100025548
Dataset_A_CPS-NetFlow-IDS,Scaling,NonIID_Dirichlet,50,Adaptive_NoAdaptiveWeighting,0.8901932776297933,0.04262032085561497,0.20662931729001685,0.24,0.9346034559149313,0.0427807486631016,0.18657933700069407
Dataset_A_CPS-NetFlow-IDS,Scaling,NonIID_Dirichlet,50,Adaptive_NoCircuitBreaker,0.8900759693738058,0.040802139037433155,0.2178584923699691,0.0,0.9346034559149313,0.0427807486631016,0.2644347170007677
Dataset_A_CPS-NetFlow-IDS,Scaling,NonIID_Dirichlet,50,Adaptive_NoTemporalMemory,0.8920217971989861,0.041336898395721924,0.2399770884800364,0.0,0.9346034559149313,0.0427807486631016,0.25258543899963115
Dataset_A_CPS-NetFlow-IDS,Scaling,NonIID_Dirichlet,50,Adaptive_Ultimate,0.8900759693738058,0.04160427807486631,0.24188662937999653,0.0,0.9346034559149313,0.0427807486631016,0.19988797000041814
Dataset_A_CPS-NetFlow-IDS,Scaling,NonIID_Dirichlet,50,FLAME,0.5793324871060821,0.27497326203208555,0.2414070293799614,0.0,0.3955773955773956,0.1443850267379679,0.17193663299985928
Dataset_A_CPS-NetFlow-IDS,Scaling,NonIID_Dirichlet,50,FLTrust,0.8920217971989861,0.04058823529411765,0.20478885216995876,0.0,0.9346034559149313,0.0427807486631016,0.16612585399980162
Dataset_A_CPS-NetFlow-IDS,Scaling,NonIID_Dirichlet,50,FedAvg,0.5610018728339071,0.47903743315508024,0.22722002208997766,0.0,0.4756010906386846,1.0,0.1664831910002249
Dataset_A_CPS-NetFlow-IDS,Scaling,NonIID_Dirichlet,50,Krum,0.8770762617609311,0.083048128342246,0.20556652793002286,0.0,0.8330938697318007,0.1443850267379679,0.165533881000556
Dataset_A_CPS-NetFlow-IDS,Scaling,NonIID_Dirichlet,51,Adaptive_FixedCircuitBreaker,0.8753790111481861,0.12267379679144386,0.20507935354999063,0.69,0.9203969366842844,0.06417112299465241,0.1789750420002747
Dataset_A_CPS-NetFlow-IDS,Scaling,NonIID_Dirichlet,51,Adaptive_NoAdaptiveWeighting,0.8737557080243553,0.14294117647058824,0.20756717258997015,0.44,0.9203969366842844,0.06417112299465241,0.21757786899979692
Dataset_A_CPS-NetFlow-IDS,Scaling,NonIID_Dirichlet,51,Adaptive_NoCircuitBreaker,0.8806490704492086,0.11711229946524064,0.23862111267999353,0.0,0.9302888283378747,0.058823529411764705,0.17212804999962827
Dataset_A_CPS-NetFlow-IDS,Scaling,NonIID_Dirichlet,51,Adaptive_NoTemporalMemory,0.8777906947597904,0.11721925133689841,0.23918751858998802,0.0,0.9253187613843351,0.058823529411764705,0.17526694599928305
Dataset_A_CPS-NetFlow-IDS,Scaling,NonIID_Dirichlet,51,Adaptive_Ultimate,0.8773969592752069,0.1202139037433155,0.22674872517003677,0.06,0.9253187613843351,0.058823529411764705,0.18550166200020612
Dataset_A_CPS-NetFlow-IDS,Scaling,NonIID_Dirichlet,51,FLAME,0.5771047353730943,0.3762566844919786,0.20768546037997113,0.0,0.9155219780219781,0.5668449197860963,0.16616987099951075
Dataset_A_CPS-NetFlow-IDS,Scaling,NonIID_Dirichlet,51,FLTrust,0.879109650358498,0.11497326203208556,0.21730664636004804,0.0,0.9253187613843351,0.058823529411764705,0.3146991800003889
Dataset_A_CPS-NetFlow-IDS,Scaling,NonIID_Dirichlet,51,FedAvg,0.5249766934535463,0.6754545454545454,0.20736445420998278,0.0,0.43187066974595845,0.44919786096256686,0.18322526100018877
Dataset_A_CPS-NetFlow-IDS,Scaling,NonIID_Dirichlet,51,Krum,0.5939407348484801,0.5970588235294118,0.23831266834999043,0.0,0.535079575596817,0.6684491978609626,0.1744611829999485
Dataset_A_CPS-NetFlow-IDS,Scaling,NonIID_Dirichlet,52,Adaptive_FixedCircuitBreaker,0.717285844083083,0.08347593582887701,0.23945282669997142,0.61,0.7236030802115591,0.053475935828877004,0.1658609569994951
Dataset_A_CPS-NetFlow-IDS,Scaling,NonIID_Dirichlet,52,Adaptive_NoAdaptiveWeighting,0.7313561317767743,0.0916042780748663,0.23965710619001585,0.33,0.7773755656108597,0.053475935828877004,0.3081446770002003
Dataset_A_CPS-NetFlow-IDS,Scaling,NonIID_Dirichlet,52,Adaptive_NoCircuitBreaker,0.816762104675635,0.08122994652406418,0.20844999846995052,0.0,0.928760776102114,0.0427807486631016,0.17191313599960267
Dataset_A_CPS-NetFlow-IDS,Scaling,NonIID_Dirichlet,52,Adaptive_NoTemporalMemory,0.8071683615791391,0.08229946524064172,0.20816092233003475,0.0,0.9186991869918699,0.053475935828877004,0.16637452299983124
Dataset_A_CPS-NetFlow-IDS,Scaling,NonIID_Dirichlet,52,Adaptive_Ultimate,0.7686092534874333,0.08347593582887701,0.20864298999995298,0.04,0.8497180451127819,0.053475935828877004,0.19273306200011575
Dataset_A_CPS-NetFlow-IDS,Scaling,NonIID_Dirichlet,52,FLAME,0.5910612504466074,0.4904812834224599,0.20804569052998886,0.0,0.4560823370575459,0.5775401069518716,0.176636832999975
Dataset_A_CPS-NetFlow-IDS,Scaling,NonIID_Dirichlet,52,FLTrust,0.816501440217672,0.0825668449197861,0.23681015007997303,0.0,0.9186991869918699,0.053475935828877004,0.17093783600012102
Dataset_A_CPS-NetFlow-IDS,Scaling,NonIID_Dirichlet,52,FedAvg,0.6989937805287637,0.5905347593582888,0.21777633677997074,0.0,0.43187066974595845,0.5508021390374331,0.7520127699999648
Dataset_A_CPS-NetFlow-IDS,Scaling,NonIID_Dirichlet,52,Krum,0.7230197245479555,0.2581283422459893,0.2333442118799485,0.0,0.695007595997695,0.43315508021390375,0.17226830499930657
Dataset_A_CPS-NetFlow-IDS,Sybil,IID,43,Adaptive_FixedCircuitBreaker,0.9152348487949037,0.03588235294117647,0.23671904245999031,0.45,0.9506805373014635,0.03208556149732621,0.1566513620000478
Dataset_A_CPS-NetFlow-IDS,Sybil,IID,43,Adaptive_NoAdaptiveWeighting,0.9137206472347686,0.03566844919786097,0.21136881432006704,0.36,0.9506805373014635,0.03208556149732621,0.650012451999828
Dataset_A_CPS-NetFlow-IDS,Sybil,IID,43,Adaptive_NoCircuitBreaker,0.9152348487949037,0.03588235294117647,0.22664210984996316,0.0,0.9506805373014635,0.03208556149732621,0.16274731999965297
Dataset_A_CPS-NetFlow-IDS,Sybil,IID,43,Adaptive_NoTemporalMemory,0.9155777488746939,0.035935828877005346,0.20063027873003192,0.1,0.9506805373014635,0.03208556149732621,0.16151049100062664
Dataset_A_CPS-NetFlow-IDS,Sybil,IID,43,Adaptive_Ultimate,0.9152348487949037,0.03588235294117647,0.20041653063995,0.22,0.9506805373014635,0.03208556149732621,0.16696682900055748
Dataset_A_CPS-NetFlow-IDS,Sybil,IID,43,FLAME,0.8694837758908109,0.09042780748663101,0.2132210574200417,0.0,0.8690739376074674,0.5401069518716578,0.6655836640002235
Dataset_A_CPS-NetFlow-IDS,Sybil,IID,43,FLTrust,0.9155168523902197,0.035935828877005346,0.22458860923995416,0.0,0.9506805373014635,0.03208556149732621,0.1656028450006488
Dataset_A_CPS-NetFlow-IDS,Sybil,IID,43,FedAvg,0.8726683456997755,0.13058823529411764,0.23573520993001693,0.0,0.9106925491703504,0.7112299465240641,0.16858986599982018
Dataset_A_CPS-NetFlow-IDS,Sybil,IID,43,Krum,0.7560898915834237,0.2439572192513369,0.2026199880599688,0.0,0.8095975232198143,0.8877005347593583,0.16136081500008004
Dataset_A_CPS-NetFlow-IDS,Sybil,IID,44,Adaptive_FixedCircuitBreaker,0.9104236551487503,0.05053475935828877,0.23558346435000202,0.44,0.929539295392954,0.0427807486631016,0.16368953300025169
Dataset_A_CPS-NetFlow-IDS,Sybil,IID,44,Adaptive_NoAdaptiveWeighting,0.9171522751788537,0.04796791443850267,0.21750718409999537,0.0,0.9397206567017888,0.0374331550802139,0.6487262809996537
Dataset_A_CPS-NetFlow-IDS,Sybil,IID,44,Adaptive_NoCircuitBreaker,0.9149772879484728,0.047593582887700527,0.22589405123003417,0.0,0.9607521367521368,0.03208556149732621,0.1771586840004602
Dataset_A_CPS-NetFlow-IDS,Sybil,IID,44,Adaptive_NoTemporalMemory,0.9127677207992687,0.04893048128342246,0.2030291740300072,0.0,0.9397206567017888,0.0374331550802139,0.16366388000005827
Dataset_A_CPS-NetFlow-IDS,Sybil,IID,44,Adaptive_Ultimate,0.9127653682497824,0.04839572192513368,0.20140986685006282,0.0,0.9397206567017888,0.0374331550802139,0.1637831059997552
Dataset_A_CPS-NetFlow-IDS,Sybil,IID,44,FLAME,0.8874889663102975,0.126524064171123,0.2070265635999931,0.0,0.8416096579476862,0.7754010695187166,0.19447980599943548
Dataset_A_CPS-NetFlow-IDS,Sybil,IID,44,FLTrust,0.9129713480254453,0.0488235294117647,0.23652132133999657,0.0,0.9397206567017888,0.0374331550802139,0.166153134000524
Dataset_A_CPS-NetFlow-IDS,Sybil,IID,44,FedAvg,0.8990836601831441,0.12443850267379679,0.23559237125996332,0.0,0.8815004084026221,0.7807486631016043,0.32924530699983734
Dataset_A_CPS-NetFlow-IDS,Sybil,IID,44,Krum,0.8725018737527392,0.17133689839572191,0.20463178253004116,0.0,0.7801692176062363,0.8449197860962567,0.2569919520001349
Dataset_A_CPS-NetFlow-IDS,Sybil,IID,45,Adaptive_FixedCircuitBreaker,0.9363728735896357,0.013903743315508022,0.23369656226998814,0.44,0.9602813977626572,0.0106951871657754,0.15831505599999218
Dataset_A_CPS-NetFlow-IDS,Sybil,IID,45,Adaptive_NoAdaptiveWeighting,0.9303715653524905,0.01374331550802139,0.19788631753001026,0.0,0.9602813977626572,0.0106951871657754,0.15713593300006323
Dataset_A_CPS-NetFlow-IDS,Sybil,IID,45,Adaptive_NoCircuitBreaker,0.9363728735896357,0.013903743315508022,0.23334098319005533,0.0,0.9602813977626572,0.0106951871657754,0.19541112699971563
Dataset_A_CPS-NetFlow-IDS,Sybil,IID,45,Adaptive_NoTemporalMemory,0.9371482642620922,0.014010695187165776,0.2019794262099913,0.0,0.9602813977626572,0.0106951871657754,0.15360393799983285
Dataset_A_CPS-NetFlow-IDS,Sybil,IID,45,Adaptive_Ultimate,0.9363728735896357,0.013903743315508022,0.20218807357002333,0.0,0.9602813977626572,0.0106951871657754,0.20028776199978893
Dataset_A_CPS-NetFlow-IDS,Sybil,IID,45,FLAME,0.8944736115186792,0.11909090909090908,0.20417106704990146,0.0,0.8678949107732981,0.5561497326203209,0.183822964000683
Dataset_A_CPS-NetFlow-IDS,Sybil,IID,45,FLTrust,0.9371482642620922,0.014438502673796792,0.2345988034199945,0.0,0.9602813977626572,0.016042780748663103,0.19954352600052516
Dataset_A_CPS-NetFlow-IDS,Sybil,IID,45,FedAvg,0.8928117693724238,0.14133689839572194,0.23399702677999812,0.0,0.8590027020388111,0.5935828877005348,0.33229594499971427
Dataset_A_CPS-NetFlow-IDS,Sybil,IID,45,Krum,0.8660732013235051,0.1728342245989305,0.20163471281005513,0.0,0.7645756319078267,0.6898395721925134,0.18365149100009148
Dataset_A_CPS-NetFlow-IDS,Sybil,IID,46,Adaptive_FixedCircuitBreaker,0.911659114350562,0.04502673796791443,0.23641471710997394,0.65,0.928760776102114,0.0427807486631016,0.179643753000164
Dataset_A_CPS-NetFlow-IDS,Sybil,IID,46,Adaptive_NoAdaptiveWeighting,0.9110156297097555,0.044973262032085556,0.19913015775998247,0.1,0.928760776102114,0.0427807486631016,0.16058269499990274
Dataset_A_CPS-NetFlow-IDS,Sybil,IID,46,Adaptive_NoCircuitBreaker,0.9126811526785263,0.04422459893048128,0.23468929714003933,0.0,0.9338709677419355,0.0374331550802139,0.1629224449998219
Dataset_A_CPS-NetFlow-IDS,Sybil,IID,46,Adaptive_NoTemporalMemory,0.9123624702146383,0.04524064171122994,0.19910512741000275,0.0,0.928760776102114,0.0427807486631016,0.20728575299926888
Dataset_A_CPS-NetFlow-IDS,Sybil,IID,46,Adaptive_Ultimate,0.911659114350562,0.04502673796791443,0.2007276826499947,0.0,0.928760776102114,0.0427807486631016,0.16114617099992756
Dataset_A_CPS-NetFlow-IDS,Sybil,IID,46,FLAME,0.9085001742179775,0.12545454545454546,0.20369375553997998,0.0,0.8803577847793449,0.5294117647058824,0.16475747100048466
Dataset_A_CPS-NetFlow-IDS,Sybil,IID,46,FLTrust,0.9133845085426026,0.04443850267379679,0.2359464376699816,0.0,0.9338709677419355,0.0374331550802139,0.15957585199976165
Dataset_A_CPS-NetFlow-IDS,Sybil,IID,46,FedAvg,0.8978050459533946,0.13577540106951871,0.2208699638498638,0.0,0.8849978750531238,0.5935828877005348,0.3758600759992987
Dataset_A_CPS-NetFlow-IDS,Sybil,IID,46,Krum,0.8573766496620198,0.20058823529411765,0.22019447881000814,0.0,0.8067253299811439,0.6096256684491979,0.16512762799993652
Dataset_A_CPS-NetFlow-IDS,Sybil,IID,47,Adaptive_FixedCircuitBreaker,0.9317924712554202,0.01962566844919786,0.2159524098899783,0.5,0.9669354838709677,0.0213903743315508,0.6659326620001593
Dataset_A_CPS-NetFlow-IDS,Sybil,IID,47,Adaptive_NoAdaptiveWeighting,0.9296021906508432,0.019358288770053477,0.20583389951005301,0.24,0.9669354838709677,0.0213903743315508,0.17077242199957254
Dataset_A_CPS-NetFlow-IDS,Sybil,IID,47,Adaptive_NoCircuitBreaker,0.9326575867878364,0.018449197860962566,0.24002783758007354,0.0,0.9831794871794872,0.0053475935828877,0.16418743099984567
Dataset_A_CPS-NetFlow-IDS,Sybil,IID,47,Adaptive_NoTemporalMemory,0.9324232885324836,0.01962566844919786,0.22189368039001237,0.23,0.9669354838709677,0.0213903743315508,0.17744928400043136
Dataset_A_CPS-NetFlow-IDS,Sybil,IID,47,Adaptive_Ultimate,0.9317924712554202,0.01962566844919786,0.20230357115000516,0.24,0.9669354838709677,0.0213903743315508,0.16634075500041945
Dataset_A_CPS-NetFlow-IDS,Sybil,IID,47,FLAME,0.8874731676253386,0.0713903743315508,0.20462763448004806,0.0,0.8527298850574713,0.45454545454545453,0.17212330799975462
Dataset_A_CPS-NetFlow-IDS,Sybil,IID,47,FLTrust,0.9324232885324836,0.01962566844919786,0.2350230624899541,0.0,0.9669354838709677,0.0213903743315508,0.16144395699939196
Dataset_A_CPS-NetFlow-IDS,Sybil,IID,47,FedAvg,0.8946433716140965,0.09475935828877007,0.20380981341003462,0.0,0.8657937806873977,0.6042780748663101,0.4379846709998674
Dataset_A_CPS-NetFlow-IDS,Sybil,IID,47,Krum,0.8522611979247463,0.1811764705882353,0.23362940736999008,0.0,0.7108974358974358,0.6737967914438503,0.17243116100053157
Dataset_A_CPS-NetFlow-IDS,Sybil,IID,48,Adaptive_FixedCircuitBreaker,0.9214780968977828,0.03786096256684492,0.2395325177799714,0.44,0.9442581346868486,0.026737967914438502,0.1600178999997297
Dataset_A_CPS-NetFlow-IDS,Sybil,IID,48,Adaptive_NoAdaptiveWeighting,0.9205999244309389,0.03786096256684492,0.22036396692995366,0.0,0.9442581346868486,0.026737967914438502,0.6506167799998366
Dataset_A_CPS-NetFlow-IDS,Sybil,IID,48,Adaptive_NoCircuitBreaker,0.9220061295829441,0.037112299465240646,0.22155839123010082,0.0,0.9495384615384616,0.0213903743315508,0.1809413900009531
Dataset_A_CPS-NetFlow-IDS,Sybil,IID,48,Adaptive_NoTemporalMemory,0.9214780968977828,0.03786096256684492,0.20612577191001946,0.0,0.9442581346868486,0.026737967914438502,0.16768375500032562
Dataset_A_CPS-NetFlow-IDS,Sybil,IID,48,Adaptive_Ultimate,0.9214780968977828,0.03786096256684492,0.20385957865999443,0.0,0.9442581346868486,0.026737967914438502,0.1983790139993289
Dataset_A_CPS-NetFlow-IDS,Sybil,IID,48,FLAME,0.9023811200783967,0.12663101604278076,0.20563404709005226,0.0,0.8803577847793449,0.6470588235294118,0.1668365610003093
Dataset_A_CPS-NetFlow-IDS,Sybil,IID,48,FLTrust,0.9217949165088796,0.03727272727272727,0.23731945787003497,0.0,0.9495384615384616,0.0213903743315508,0.1626291519996812
Dataset_A_CPS-NetFlow-IDS,Sybil,IID,48,FedAvg,0.897881713121353,0.16385026737967917,0.20134812062000493,0.0,0.9039812646370022,0.7272727272727273,0.17746553100005258
Dataset_A_CPS-NetFlow-IDS,Sybil,IID,48,Krum,0.8771826786121728,0.21438502673796792,0.23957287775003352,0.0,0.8149497189009423,0.7219251336898396,0.16557213099986257
Dataset_A_CPS-NetFlow-IDS,Sybil,IID,49,Adaptive_FixedCircuitBreaker,0.9079683785652948,0.04609625668449198,0.22042461929000637,0.28,0.9460904628330995,0.0427807486631016,0.18930027799979143
Dataset_A_CPS-NetFlow-IDS,Sybil,IID,49,Adaptive_NoAdaptiveWeighting,0.9049561193537988,0.04609625668449198,0.2480692706398804,0.0,0.9460904628330995,0.0427807486631016,0.18827760800013493
Dataset_A_CPS-NetFlow-IDS,Sybil,IID,49,Adaptive_NoCircuitBreaker,0.9079683785652948,0.04609625668449198,0.2578078923398971,0.0,0.9460904628330995,0.0427807486631016,0.17071647500051768
Dataset_A_CPS-NetFlow-IDS,Sybil,IID,49,Adaptive_NoTemporalMemory,0.9084236562355333,0.04620320855614973,0.2472690096199585,0.0,0.9460904628330995,0.0427807486631016,0.5614160120003362
Dataset_A_CPS-NetFlow-IDS,Sybil,IID,49,Adaptive_Ultimate,0.9079683785652948,0.04609625668449198,0.21589712689001317,0.0,0.9460904628330995,0.0427807486631016,0.2653184009996039
Dataset_A_CPS-NetFlow-IDS,Sybil,IID,49,FLAME,0.870745640472299,0.11470588235294117,0.2535640457299087,0.0,0.8746611775735219,0.6096256684491979,0.1677076619998843
Dataset_A_CPS-NetFlow-IDS,Sybil,IID,49,FLTrust,0.9084236562355333,0.04620320855614973,0.19879033350995087,0.0,0.9460904628330995,0.0427807486631016,0.1587019220005459
Dataset_A_CPS-NetFlow-IDS,Sybil,IID,49,FedAvg,0.8772998893797346,0.1281283422459893,0.24921563023011914,0.0,0.9359875097580015,0.7433155080213903,0.15406661399902077
Dataset_A_CPS-NetFlow-IDS,Sybil,IID,49,Krum,0.8361881824872025,0.2094652406417112,0.20144824775012238,0.0,0.8357165304839724,0.8502673796791443,0.1695374119990447
Dataset_A_CPS-NetFlow-IDS,Sybil,IID,50,Adaptive_FixedCircuitBreaker,0.9256174818917176,0.04732620320855615,0.23248866509000435,0.44,0.9346034559149313,0.0427807486631016,0.649140844001522
Dataset_A_CPS-NetFlow-IDS,Sybil,IID,50,Adaptive_NoAdaptiveWeighting,0.9240415180492597,0.04058823529411765,0.20218346339986965,0.0,0.928760776102114,0.026737967914438502,0.17243567799960147
Dataset_A_CPS-NetFlow-IDS,Sybil,IID,50,Adaptive_NoCircuitBreaker,0.924347670738892,0.03834224598930481,0.23710756799999216,0.0,0.9390362042940501,0.0053475935828877,0.16041661700000986
Dataset_A_CPS-NetFlow-IDS,Sybil,IID,50,Adaptive_NoTemporalMemory,0.9254952578755204,0.042032085561497325,0.2325836871100364,0.0,0.9346034559149313,0.026737967914438502,0.16453713899863942
Dataset_A_CPS-NetFlow-IDS,Sybil,IID,50,Adaptive_Ultimate,0.9256174818917176,0.04192513368983957,0.2887443578000057,0.0,0.9346034559149313,0.026737967914438502,0.25232078099907085
Dataset_A_CPS-NetFlow-IDS,Sybil,IID,50,FLAME,0.8732344148809876,0.12796791443850267,0.2635255566300293,0.0,0.7266218505765972,0.5026737967914439,0.17709759199897235
Dataset_A_CPS-NetFlow-IDS,Sybil,IID,50,FLTrust,0.9240131637262492,0.038395721925133686,0.21063810961000853,0.0,0.9390362042940501,0.0053475935828877,0.1745069099997636
Dataset_A_CPS-NetFlow-IDS,Sybil,IID,50,FedAvg,0.8733164289569291,0.166096256684492,0.2509968540200134,0.0,0.745435730652672,0.7112299465240641,0.18733254200014926
Dataset_A_CPS-NetFlow-IDS,Sybil,IID,50,Krum,0.8253831086250384,0.19711229946524064,0.21517566063008417,0.0,0.5552132860108485,0.7540106951871658,0.1662221269998554
Dataset_A_CPS-NetFlow-IDS,Sybil,IID,51,Adaptive_FixedCircuitBreaker,0.9182813098059944,0.06267379679144386,0.2335123853898949,0.44,0.9506805373014635,0.0374331550802139,0.5713274999998248
Dataset_A_CPS-NetFlow-IDS,Sybil,IID,51,Adaptive_NoAdaptiveWeighting,0.9162028566444812,0.0611764705882353,0.19983891042007598,0.0,0.9455028799291094,0.03208556149732621,0.1796325120012625
Dataset_A_CPS-NetFlow-IDS,Sybil,IID,51,Adaptive_NoCircuitBreaker,0.9175046612001414,0.060374331550802136,0.2379011583600186,0.0,0.9455028799291094,0.03208556149732621,0.18666293100068287
Dataset_A_CPS-NetFlow-IDS,Sybil,IID,51,Adaptive_NoTemporalMemory,0.9166074495690242,0.060320855614973266,0.20429942194003162,0.0,0.9455028799291094,0.03208556149732621,0.1981383599995752
Dataset_A_CPS-NetFlow-IDS,Sybil,IID,51,Adaptive_Ultimate,0.9169868954629059,0.06048128342245989,0.2042170690699095,0.0,0.9455028799291094,0.03208556149732621,0.19292146200132265
Dataset_A_CPS-NetFlow-IDS,Sybil,IID,51,FLAME,0.8526417546295835,0.16406417112299465,0.20309865713996259,0.0,0.7583541840422574,0.6898395721925134,0.15866621600071085
Dataset_A_CPS-NetFlow-IDS,Sybil,IID,51,FLTrust,0.9168663324376419,0.06042780748663102,0.23374852556000406,0.0,0.9455028799291094,0.03208556149732621,0.16769155899964971
Dataset_A_CPS-NetFlow-IDS,Sybil,IID,51,FedAvg,0.8748972261030779,0.19657754010695186,0.2163462331199662,0.0,0.8344286958587378,0.7005347593582888,0.6936162549991423
Dataset_A_CPS-NetFlow-IDS,Sybil,IID,51,Krum,0.8373302697737469,0.20689839572192514,0.22473906489996806,0.0,0.7895237189846943,0.7647058823529411,0.16379218899965053
Dataset_A_CPS-NetFlow-IDS,Sybil,IID,52,Adaptive_FixedCircuitBreaker,0.8773400760038504,0.07695187165775401,0.23677863508990413,0.44,0.9237040319007532,0.0481283422459893,0.18954035800015845
Dataset_A_CPS-NetFlow-IDS,Sybil,IID,52,Adaptive_NoAdaptiveWeighting,0.8795445857950743,0.07737967914438502,0.22059426153995446,0.0,0.9237040319007532,0.0481283422459893,0.5081412099989393
Dataset_A_CPS-NetFlow-IDS,Sybil,IID,52,Adaptive_NoCircuitBreaker,0.8788811984761028,0.07684491978609626,0.21541928540009395,0.0,0.9495384615384616,0.0427807486631016,0.1653661939999438
Dataset_A_CPS-NetFlow-IDS,Sybil,IID,52,Adaptive_NoTemporalMemory,0.8772440107204481,0.07700534759358288,0.19913655003008898,0.0,0.9237040319007532,0.0481283422459893,0.1781201890007651
Dataset_A_CPS-NetFlow-IDS,Sybil,IID,52,Adaptive_Ultimate,0.8773400760038504,0.07695187165775401,0.20209039056997427,0.0,0.9237040319007532,0.0481283422459893,0.16140173799976765
Dataset_A_CPS-NetFlow-IDS,Sybil,IID,52,FLAME,0.8440474252456842,0.17320855614973263,0.2077990068600593,0.0,0.8803577847793449,0.45454545454545453,0.25450575400100206
Dataset_A_CPS-NetFlow-IDS,Sybil,IID,52,FLTrust,0.8776631721674826,0.07711229946524063,0.2347812857099052,0.0,0.9442581346868486,0.0481283422459893,0.20180766800149286
Dataset_A_CPS-NetFlow-IDS,Sybil,IID,52,FedAvg,0.8413347579143153,0.1859893048128342,0.22943288113014204,0.0,0.8849978750531238,0.47593582887700536,0.6635025380001025
Dataset_A_CPS-NetFlow-IDS,Sybil,IID,52,Krum,0.8630356042765608,0.22385026737967917,0.21012819209994632,0.0,0.8317102615694165,0.6951871657754011,0.18334556499939936
Dataset_A_CPS-NetFlow-IDS,Sybil,NonIID_Dirichlet,43,Adaptive_FixedCircuitBreaker,0.9262680337803326,0.03914438502673797,0.24420654485997148,0.48,0.9506805373014635,0.03208556149732621,0.1925538220002636
Dataset_A_CPS-NetFlow-IDS,Sybil,NonIID_Dirichlet,43,Adaptive_NoAdaptiveWeighting,0.918871242611585,0.038342245989304816,0.24435856532007164,0.21,0.9506805373014635,0.03208556149732621,0.17239400400103477
Dataset_A_CPS-NetFlow-IDS,Sybil,NonIID_Dirichlet,43,Adaptive_NoCircuitBreaker,0.9262680337803326,0.03914438502673797,0.20907710271003452,0.0,0.9506805373014635,0.03208556149732621,0.18385929699979897
Dataset_A_CPS-NetFlow-IDS,Sybil,NonIID_Dirichlet,43,Adaptive_NoTemporalMemory,0.9262194459853477,0.03893048128342246,0.21140111805991182,0.04,0.9506805373014635,0.03208556149732621,0.18313730299996678
Dataset_A_CPS-NetFlow-IDS,Sybil,NonIID_Dirichlet,43,Adaptive_Ultimate,0.9262680337803326,0.03914438502673797,0.2129847995000273,0.0,0.9506805373014635,0.03208556149732621,0.21306250899942825
Dataset_A_CPS-NetFlow-IDS,Sybil,NonIID_Dirichlet,43,FLAME,0.8539589079651293,0.11101604278074867,0.20853952472996753,0.0,0.8690739376074674,0.5989304812834224,0.17220200700103305
Dataset_A_CPS-NetFlow-IDS,Sybil,NonIID_Dirichlet,43,FLTrust,0.9263912174323007,0.039037433155080216,0.23993986387995392,0.0,0.9506805373014635,0.03208556149732621,0.18287787200097227
Dataset_A_CPS-NetFlow-IDS,Sybil,NonIID_Dirichlet,43,FedAvg,0.8381163519708363,0.386524064171123,0.20328679473001102,0.0,0.8918047207154376,0.946524064171123,0.1660292769993248
Dataset_A_CPS-NetFlow-IDS,Sybil,NonIID_Dirichlet,43,Krum,0.8991892042273251,0.08716577540106953,0.23703244562006148,0.0,0.8515090543259557,0.48128342245989303,0.1667290299992601
Dataset_A_CPS-NetFlow-IDS,Sybil,NonIID_Dirichlet,44,Adaptive_FixedCircuitBreaker,0.9083939650910203,0.06331550802139037,0.21485005474012722,0.43,0.929539295392954,0.053475935828877004,0.17404416499994113
Dataset_A_CPS-NetFlow-IDS,Sybil,NonIID_Dirichlet,44,Adaptive_NoAdaptiveWeighting,0.9070023975581641,0.0688235294117647,0.21093635339000685,0.0,0.929539295392954,0.053475935828877004,0.18114865999996255
Dataset_A_CPS-NetFlow-IDS,Sybil,NonIID_Dirichlet,44,Adaptive_NoCircuitBreaker,0.9076420679770281,0.06331550802139037,0.24881431114992666,0.0,0.9245266479663394,0.053475935828877004,0.19326372700015781
Dataset_A_CPS-NetFlow-IDS,Sybil,NonIID_Dirichlet,44,Adaptive_NoTemporalMemory,0.9097188225711739,0.0632620320855615,0.24680127991998232,0.0,0.929539295392954,0.053475935828877004,0.17184032300065155
Dataset_A_CPS-NetFlow-IDS,Sybil,NonIID_Dirichlet,44,Adaptive_Ultimate,0.9083939650910203,0.06331550802139037,0.25007240791019286,0.0,0.929539295392954,0.053475935828877004,0.1826975929998298
Dataset_A_CPS-NetFlow-IDS,Sybil,NonIID_Dirichlet,44,FLAME,0.902665341785668,0.14363636363636365,0.24436920109999846,0.0,0.8861111111111111,0.4919786096256685,0.18077939300019352
Dataset_A_CPS-NetFlow-IDS,Sybil,NonIID_Dirichlet,44,FLTrust,0.9099704577138124,0.061550802139037436,0.21366228562006653,0.0,0.929539295392954,0.0481283422459893,0.1715155940000841
Dataset_A_CPS-NetFlow-IDS,Sybil,NonIID_Dirichlet,44,FedAvg,0.9275068612035808,0.05026737967914438,0.23574835143002928,0.0,0.9397206567017888,0.0374331550802139,0.17449758400107385
Dataset_A_CPS-NetFlow-IDS,Sybil,NonIID_Dirichlet,44,Krum,0.7979534686937039,0.3335828877005348,0.21153343539999697,0.0,0.6787831733483907,0.8074866310160428,0.16534314300042752
Dataset_A_CPS-NetFlow-IDS,Sybil,NonIID_Dirichlet,45,Adaptive_FixedCircuitBreaker,0.9369564529583855,0.015080213903743317,0.21541259184001318,0.25,0.9602813977626572,0.0106951871657754,0.17641825999999128
Dataset_A_CPS-NetFlow-IDS,Sybil,NonIID_Dirichlet,45,Adaptive_NoAdaptiveWeighting,0.9302950406018821,0.015026737967914438,0.21729300125007284,0.0,0.9602813977626572,0.0106951871657754,0.18046625500028313
Dataset_A_CPS-NetFlow-IDS,Sybil,NonIID_Dirichlet,45,Adaptive_NoCircuitBreaker,0.9369564529583855,0.015080213903743317,0.22321799232999184,0.0,0.9602813977626572,0.0106951871657754,0.45772302799923636
Dataset_A_CPS-NetFlow-IDS,Sybil,NonIID_Dirichlet,45,Adaptive_NoTemporalMemory,0.9386030475435638,0.015026737967914438,0.23877172736993088,0.0,0.9602813977626572,0.0106951871657754,0.7390693569996074
Dataset_A_CPS-NetFlow-IDS,Sybil,NonIID_Dirichlet,45,Adaptive_Ultimate,0.9369564529583855,0.015080213903743317,0.24180224824995095,0.0,0.9602813977626572,0.0106951871657754,0.24023232000035932
Dataset_A_CPS-NetFlow-IDS,Sybil,NonIID_Dirichlet,45,FLAME,0.8323886105205783,0.1383957219251337,0.24294027617012035,0.0,0.7228924418604652,0.6149732620320856,0.17837887600035174
Dataset_A_CPS-NetFlow-IDS,Sybil,NonIID_Dirichlet,45,FLTrust,0.9381408704088013,0.015026737967914438,0.21010033869006292,0.0,0.9602813977626572,0.0106951871657754,0.17124313000022084
Dataset_A_CPS-NetFlow-IDS,Sybil,NonIID_Dirichlet,45,FedAvg,0.8655365257128481,0.007326203208556149,0.25240726064999763,0.0,0.9602813977626572,0.0106951871657754,0.1905213680001907
Dataset_A_CPS-NetFlow-IDS,Sybil,NonIID_Dirichlet,45,Krum,0.7497536985901683,0.3618716577540107,0.21254734243999338,0.0,0.7303617099013519,0.8609625668449198,0.1912300710009731
Dataset_A_CPS-NetFlow-IDS,Sybil,NonIID_Dirichlet,46,Adaptive_FixedCircuitBreaker,0.9028348766001736,0.04668449197860962,0.20174100791991806,0.81,0.928760776102114,0.0427807486631016,0.16395429100157344
Dataset_A_CPS-NetFlow-IDS,Sybil,NonIID_Dirichlet,46,Adaptive_NoAdaptiveWeighting,0.9010668616437707,0.052780748663101604,0.20515507215997786,0.24,0.928760776102114,0.0427807486631016,0.17973082800017437
Dataset_A_CPS-NetFlow-IDS,Sybil,NonIID_Dirichlet,46,Adaptive_NoCircuitBreaker,0.9002183444385853,0.0495187165775401,0.23444969643001967,0.0,0.928760776102114,0.0427807486631016,0.29781357899992145
Dataset_A_CPS-NetFlow-IDS,Sybil,NonIID_Dirichlet,46,Adaptive_NoTemporalMemory,0.8940537310201083,0.052299465240641704,0.23155824568013486,0.24,0.9186991869918699,0.053475935828877004,0.1591917559999274
Dataset_A_CPS-NetFlow-IDS,Sybil,NonIID_Dirichlet,46,Adaptive_Ultimate,0.8948356537610671,0.055133689839572196,0.23009132285998932,0.24,0.9186991869918699,0.053475935828877004,0.17760839899892744
Dataset_A_CPS-NetFlow-IDS,Sybil,NonIID_Dirichlet,46,FLAME,0.8281097937742186,0.30058823529411766,0.20730190019996372,0.0,0.8445798601911672,0.8823529411764706,0.17108240699963062
Dataset_A_CPS-NetFlow-IDS,Sybil,NonIID_Dirichlet,46,FLTrust,0.9000405564582549,0.04732620320855615,0.2111593008001364,0.0,0.9237040319007532,0.0481283422459893,0.6179182100004255
Dataset_A_CPS-NetFlow-IDS,Sybil,NonIID_Dirichlet,46,FedAvg,0.6642448663704387,0.7314973262032086,0.20394576783002777,0.0,0.6502077118242395,0.9572192513368984,0.17376773599971784
Dataset_A_CPS-NetFlow-IDS,Sybil,NonIID_Dirichlet,46,Krum,0.6553955973949585,0.4819786096256684,0.23929467664989715,0.0,0.7363441496045532,0.5775401069518716,0.1825154369998927
Dataset_A_CPS-NetFlow-IDS,Sybil,NonIID_Dirichlet,47,Adaptive_FixedCircuitBreaker,0.9248992987552443,0.019999999999999997,0.23283952648987907,0.69,0.9669354838709677,0.0213903743315508,0.2879800270002306
Dataset_A_CPS-NetFlow-IDS,Sybil,NonIID_Dirichlet,47,Adaptive_NoAdaptiveWeighting,0.9160064490130505,0.01962566844919786,0.20966459545998078,0.24,0.9669354838709677,0.0213903743315508,0.3030680569991091
Dataset_A_CPS-NetFlow-IDS,Sybil,NonIID_Dirichlet,47,Adaptive_NoCircuitBreaker,0.9247267027281002,0.019999999999999997,0.23560298551001324,0.0,0.9669354838709677,0.0213903743315508,0.1681880039996031
Dataset_A_CPS-NetFlow-IDS,Sybil,NonIID_Dirichlet,47,Adaptive_NoTemporalMemory,0.9249068171189566,0.02016042780748663,0.20777369067998733,0.07,0.9669354838709677,0.0213903743315508,0.17157572699943557
Dataset_A_CPS-NetFlow-IDS,Sybil,NonIID_Dirichlet,47,Adaptive_Ultimate,0.9248992987552443,0.019999999999999997,0.2092696508300469,0.21,0.9669354838709677,0.0213903743315508,0.17833726800017757
Dataset_A_CPS-NetFlow-IDS,Sybil,NonIID_Dirichlet,47,FLAME,0.7148547538246866,0.1916042780748663,0.20782262953996905,0.0,0.8527298850574713,0.6898395721925134,0.16929187499954423
Dataset_A_CPS-NetFlow-IDS,Sybil,NonIID_Dirichlet,47,FLTrust,0.9248495108530272,0.02016042780748663,0.24193071628000326,0.0,0.9669354838709677,0.0213903743315508,0.22040085299886414
Dataset_A_CPS-NetFlow-IDS,Sybil,NonIID_Dirichlet,47,FedAvg,0.806043005786156,0.03224598930481284,0.20517596220995984,0.0,0.9669354838709677,0.24064171122994651,0.18017943499944522
Dataset_A_CPS-NetFlow-IDS,Sybil,NonIID_Dirichlet,47,Krum,0.7140393526593669,0.3431016042780749,0.2376225617799355,0.0,0.8527298850574713,0.9251336898395722,0.16294186800041643
Dataset_A_CPS-NetFlow-IDS,Sybil,NonIID_Dirichlet,48,Adaptive_FixedCircuitBreaker,0.6837744625909987,0.03711229946524064,0.21701087240995548,0.88,0.6865291262135922,0.026737967914438502,0.1713367410011415
Dataset_A_CPS-NetFlow-IDS,Sybil,NonIID_Dirichlet,48,Adaptive_NoAdaptiveWeighting,0.8182324744338091,0.03818181818181818,0.22681379654999545,0.58,0.9075187969924812,0.026737967914438502,0.17866878400127462
Dataset_A_CPS-NetFlow-IDS,Sybil,NonIID_Dirichlet,48,Adaptive_NoCircuitBreaker,0.9033495820190354,0.03374331550802139,0.2030611978199886,0.0,0.9442581346868486,0.016042780748663103,0.16800210300061735
Dataset_A_CPS-NetFlow-IDS,Sybil,NonIID_Dirichlet,48,Adaptive_NoTemporalMemory,0.8960646432468784,0.03417112299465241,0.22130028970999774,0.43,0.9442581346868486,0.026737967914438502,0.4498664290003944
Dataset_A_CPS-NetFlow-IDS,Sybil,NonIID_Dirichlet,48,Adaptive_Ultimate,0.8908366232379734,0.03711229946524064,0.23784231961999466,0.43,0.9442581346868486,0.026737967914438502,0.7209917210002459
Dataset_A_CPS-NetFlow-IDS,Sybil,NonIID_Dirichlet,48,FLAME,0.8140489371723949,0.5336898395721925,0.24138065921006274,0.0,0.8666722254648545,0.8074866310160428,0.413867630999448
Dataset_A_CPS-NetFlow-IDS,Sybil,NonIID_Dirichlet,48,FLTrust,0.9018938873909552,0.03427807486631016,0.2087277429700589,0.0,0.9442581346868486,0.026737967914438502,0.17426077399977657
Dataset_A_CPS-NetFlow-IDS,Sybil,NonIID_Dirichlet,48,FedAvg,0.8707163704515958,0.26037433155080214,0.2370271100698301,0.0,0.9338709677419355,0.6844919786096256,0.16160440100065898
Dataset_A_CPS-NetFlow-IDS,Sybil,NonIID_Dirichlet,48,Krum,0.4781600580670957,0.6772727272727274,0.20839388068008702,0.0,0.19344262295081968,1.0,0.16673454699957801
Dataset_A_CPS-NetFlow-IDS,Sybil,NonIID_Dirichlet,49,Adaptive_FixedCircuitBreaker,0.8989853854117246,0.04481283422459893,0.20298743861005278,0.59,0.9460904628330995,0.0427807486631016,0.1703177430008509
Dataset_A_CPS-NetFlow-IDS,Sybil,NonIID_Dirichlet,49,Adaptive_NoAdaptiveWeighting,0.8884414821813542,0.045882352941176464,0.2049981375099378,0.12,0.9460904628330995,0.0427807486631016,0.16921267999896372
Dataset_A_CPS-NetFlow-IDS,Sybil,NonIID_Dirichlet,49,Adaptive_NoCircuitBreaker,0.9009675516052126,0.04475935828877005,0.22545924673988338,0.0,0.9512195121951219,0.0427807486631016,0.42502407399842923
Dataset_A_CPS-NetFlow-IDS,Sybil,NonIID_Dirichlet,49,Adaptive_NoTemporalMemory,0.8989470123986512,0.044919786096256686,0.23340972345004046,0.02,0.9460904628330995,0.0427807486631016,0.16251980099877983
Dataset_A_CPS-NetFlow-IDS,Sybil,NonIID_Dirichlet,49,Adaptive_Ultimate,0.8989853854117246,0.04481283422459893,0.23589246077001008,0.04,0.9460904628330995,0.0427807486631016,0.1676975409991428
Dataset_A_CPS-NetFlow-IDS,Sybil,NonIID_Dirichlet,49,FLAME,0.8330834169964342,0.16529411764705884,0.22521886691993132,0.0,0.9115687974456028,0.8342245989304813,0.17672126399884291
Dataset_A_CPS-NetFlow-IDS,Sybil,NonIID_Dirichlet,49,FLTrust,0.8991388349487796,0.044117647058823525,0.2010766644099749,0.0,0.9460904628330995,0.0427807486631016,0.1661825699993642
Dataset_A_CPS-NetFlow-IDS,Sybil,NonIID_Dirichlet,49,FedAvg,0.9068517142684184,0.3811764705882353,0.2057649920598851,0.0,0.8791451731761237,0.9358288770053476,0.17627052500029095
Dataset_A_CPS-NetFlow-IDS,Sybil,NonIID_Dirichlet,49,Krum,0.7959958109960895,0.10786096256684491,0.21578371693991358,0.0,0.7183138910756459,0.5561497326203209,0.2741651029991772
Dataset_A_CPS-NetFlow-IDS,Sybil,NonIID_Dirichlet,50,Adaptive_FixedCircuitBreaker,0.8966056877579995,0.04213903743315508,0.20385759762015368,0.44,0.9346034559149313,0.0427807486631016,0.1981830530003208
Dataset_A_CPS-NetFlow-IDS,Sybil,NonIID_Dirichlet,50,Adaptive_NoAdaptiveWeighting,0.8968334302075425,0.04331550802139037,0.20502796560000205,0.0,0.9346034559149313,0.0427807486631016,0.16116456499912601
Dataset_A_CPS-NetFlow-IDS,Sybil,NonIID_Dirichlet,50,Adaptive_NoCircuitBreaker,0.8966056877579995,0.04101604278074866,0.2359774444700088,0.0,0.9346034559149313,0.03208556149732621,0.16562285500003782
Dataset_A_CPS-NetFlow-IDS,Sybil,NonIID_Dirichlet,50,Adaptive_NoTemporalMemory,0.8973305755416614,0.04171122994652406,0.2352820550499746,0.0,0.9346034559149313,0.0427807486631016,0.16929944299954514
Dataset_A_CPS-NetFlow-IDS,Sybil,NonIID_Dirichlet,50,Adaptive_Ultimate,0.8966056877579995,0.04213903743315508,0.21680137768003988,0.0,0.9346034559149313,0.0427807486631016,0.16388529700088839
Dataset_A_CPS-NetFlow-IDS,Sybil,NonIID_Dirichlet,50,FLAME,0.8386802648717339,0.22877005347593585,0.20781489774990405,0.0,0.9001857902492152,0.6310160427807486,0.16598604499995417
Dataset_A_CPS-NetFlow-IDS,Sybil,NonIID_Dirichlet,50,FLTrust,0.8973305755416614,0.04112299465240642,0.22757824132004317,0.0,0.9346034559149313,0.03208556149732621,0.7409042509989376
Dataset_A_CPS-NetFlow-IDS,Sybil,NonIID_Dirichlet,50,FedAvg,0.8671232213677019,0.027486631016042783,0.20429823230013425,0.0,0.9448924731182795,0.03208556149732621,0.16388977200040244
Dataset_A_CPS-NetFlow-IDS,Sybil,NonIID_Dirichlet,50,Krum,0.8216004081794247,0.23101604278074866,0.2371229653599403,0.0,0.6678881388621023,0.7219251336898396,0.16871358699972916
Dataset_A_CPS-NetFlow-IDS,Sybil,NonIID_Dirichlet,51,Adaptive_FixedCircuitBreaker,0.8784479915410317,0.12037433155080214,0.22636508922993015,0.57,0.9253187613843351,0.058823529411764705,0.6639945099996112
Dataset_A_CPS-NetFlow-IDS,Sybil,NonIID_Dirichlet,51,Adaptive_NoAdaptiveWeighting,0.8762468344153522,0.14171122994652408,0.20466858790008702,0.04,0.9253187613843351,0.058823529411764705,0.17024024500096857
Dataset_A_CPS-NetFlow-IDS,Sybil,NonIID_Dirichlet,51,Adaptive_NoCircuitBreaker,0.8784976922105672,0.12042780748663101,0.2367604448799466,0.0,0.9253187613843351,0.058823529411764705,0.16622022499905142
Dataset_A_CPS-NetFlow-IDS,Sybil,NonIID_Dirichlet,51,Adaptive_NoTemporalMemory,0.878670468388473,0.11903743315508022,0.21553515896006503,0.0,0.9253187613843351,0.058823529411764705,0.17568687600032717
Dataset_A_CPS-NetFlow-IDS,Sybil,NonIID_Dirichlet,51,Adaptive_Ultimate,0.8784479915410317,0.12037433155080214,0.20433272795007723,0.0,0.9253187613843351,0.058823529411764705,0.16242266700101027
Dataset_A_CPS-NetFlow-IDS,Sybil,NonIID_Dirichlet,51,FLAME,0.7636442127547381,0.19491978609625668,0.2064302159599356,0.0,0.665597769257581,0.6363636363636364,0.16255442900001071
Dataset_A_CPS-NetFlow-IDS,Sybil,NonIID_Dirichlet,51,FLTrust,0.8782768492829116,0.11946524064171124,0.23604188089000672,0.0,0.9253187613843351,0.058823529411764705,0.19148352200136287
Dataset_A_CPS-NetFlow-IDS,Sybil,NonIID_Dirichlet,51,FedAvg,0.8506179278373597,0.0360427807486631,0.20389381955994396,0.0,0.9403794037940378,0.0481283422459893,0.1821344189993397
Dataset_A_CPS-NetFlow-IDS,Sybil,NonIID_Dirichlet,51,Krum,0.48074235553378614,0.7,0.236742063790025,0.0,0.4380958686440678,0.8449197860962567,0.16283613500127103
Dataset_A_CPS-NetFlow-IDS,Sybil,NonIID_Dirichlet,52,Adaptive_FixedCircuitBreaker,0.7568846472792414,0.08754010695187166,0.24234324125003695,0.66,0.7944341748752881,0.058823529411764705,0.17536753799868166
Dataset_A_CPS-NetFlow-IDS,Sybil,NonIID_Dirichlet,52,Adaptive_NoAdaptiveWeighting,0.7652174689142592,0.0897326203208556,0.24082207865010788,0.38,0.845775462962963,0.058823529411764705,0.18320039600075688
Dataset_A_CPS-NetFlow-IDS,Sybil,NonIID_Dirichlet,52,Adaptive_NoCircuitBreaker,0.8335263001063931,0.08379679144385026,0.2062346603099286,0.0,0.9237040319007532,0.0481283422459893,0.16450181000072917
Dataset_A_CPS-NetFlow-IDS,Sybil,NonIID_Dirichlet,52,Adaptive_NoTemporalMemory,0.831286531594612,0.08636363636363636,0.20567782208006974,0.27,0.9186991869918699,0.058823529411764705,0.1720399890000408
Dataset_A_CPS-NetFlow-IDS,Sybil,NonIID_Dirichlet,52,Adaptive_Ultimate,0.8220134651654076,0.08754010695187166,0.20977408307006043,0.24,0.9186991869918699,0.058823529411764705,0.2131419620000088
Dataset_A_CPS-NetFlow-IDS,Sybil,NonIID_Dirichlet,52,FLAME,0.8167163179403454,0.5913368983957219,0.22800820332997318,0.0,0.8489314664701548,0.9251336898395722,0.4818810400010989
Dataset_A_CPS-NetFlow-IDS,Sybil,NonIID_Dirichlet,52,FLTrust,0.8406094642080856,0.08540106951871657,0.2178302101000736,0.0,0.9186991869918699,0.053475935828877004,0.1833117919995857
Dataset_A_CPS-NetFlow-IDS,Sybil,NonIID_Dirichlet,52,FedAvg,0.7770089542245543,0.5214438502673797,0.2408701750599539,0.0,0.8410817313047159,0.9251336898395722,0.4827507889986009
Dataset_A_CPS-NetFlow-IDS,Sybil,NonIID_Dirichlet,52,Krum,0.8176692118751383,0.36101604278074867,0.20746046404978188,0.0,0.7708147162277783,0.7593582887700535,0.16801450899947667
