Dataset,Attack,Partition_Mode,Metric,Method_A,Method_B,N_Seeds_Paired,Mean_A,Mean_B,Mean_Difference_A_minus_B,Wilcoxon_Statistic,P_Value_Raw,Cliffs_Delta_A_vs_B,Cohen_dz_A_minus_B,Status,P_Value_Holm,Significant_Holm_0_05
Dataset_A_CPS-NetFlow-IDS,Cumulative,IID,F1_Mean_Over_Rounds,Adaptive_FixedCircuitBreaker,Adaptive_NoAdaptiveWeighting,10,0.8889891801294743,0.883370327879455,0.005618852250019302,20.0,0.4921875,0.04,0.27771435745477235,ok,1.0,False
Dataset_A_CPS-NetFlow-IDS,Cumulative,IID,F1_Mean_Over_Rounds,Adaptive_FixedCircuitBreaker,Adaptive_NoCircuitBreaker,10,0.8889891801294743,0.8889943036056094,-5.123476135082683e-06,0.0,1.0,-0.01,-0.3162277660168379,ok,1.0,False
Dataset_A_CPS-NetFlow-IDS,Cumulative,IID,F1_Mean_Over_Rounds,Adaptive_FixedCircuitBreaker,Adaptive_NoTemporalMemory,10,0.8889891801294743,0.8890106484962066,-2.146836673222463e-05,23.0,0.6953125,-0.02,-0.01265453320945817,ok,1.0,False
Dataset_A_CPS-NetFlow-IDS,Cumulative,IID,F1_Mean_Over_Rounds,Adaptive_FixedCircuitBreaker,Adaptive_Ultimate,10,0.8889891801294743,0.8890506618430951,-6.148171362087007e-05,0.0,1.0,-0.01,-0.31622776601683794,ok,1.0,False
Dataset_A_CPS-NetFlow-IDS,Cumulative,IID,F1_Mean_Over_Rounds,Adaptive_FixedCircuitBreaker,FLAME,10,0.8889891801294743,0.8078601303672318,0.08112904976224236,0.0,0.001953125,0.68,0.8935881906352224,ok,0.0703125,False
Dataset_A_CPS-NetFlow-IDS,Cumulative,IID,F1_Mean_Over_Rounds,Adaptive_FixedCircuitBreaker,FLTrust,10,0.8889891801294743,0.8889294155465175,5.976458295680054e-05,26.0,0.921875,0.0,0.03500272018175524,ok,1.0,False
Dataset_A_CPS-NetFlow-IDS,Cumulative,IID,F1_Mean_Over_Rounds,Adaptive_FixedCircuitBreaker,FedAvg,10,0.8889891801294743,0.8306468953331994,0.05834228479627496,0.0,0.001953125,0.5,0.8666745612465265,ok,0.0703125,False
Dataset_A_CPS-NetFlow-IDS,Cumulative,IID,F1_Mean_Over_Rounds,Adaptive_FixedCircuitBreaker,Krum,10,0.8889891801294743,0.8125530813444113,0.07643609878506293,0.0,0.001953125,0.66,0.8683608109982894,ok,0.0703125,False
Dataset_A_CPS-NetFlow-IDS,Cumulative,IID,F1_Mean_Over_Rounds,Adaptive_NoAdaptiveWeighting,Adaptive_NoCircuitBreaker,10,0.883370327879455,0.8889943036056094,-0.005623975726154385,20.0,0.4921875,-0.04,-0.27798144902885713,ok,1.0,False
Dataset_A_CPS-NetFlow-IDS,Cumulative,IID,F1_Mean_Over_Rounds,Adaptive_NoAdaptiveWeighting,Adaptive_NoTemporalMemory,10,0.883370327879455,0.8890106484962066,-0.0056403206167515265,21.0,0.556640625,-0.02,-0.2662138989483299,ok,1.0,False
Dataset_A_CPS-NetFlow-IDS,Cumulative,IID,F1_Mean_Over_Rounds,Adaptive_NoAdaptiveWeighting,Adaptive_Ultimate,10,0.883370327879455,0.8890506618430951,-0.005680333963640172,20.0,0.4921875,-0.04,-0.28090935870570655,ok,1.0,False
Dataset_A_CPS-NetFlow-IDS,Cumulative,IID,F1_Mean_Over_Rounds,Adaptive_NoAdaptiveWeighting,FLAME,10,0.883370327879455,0.8078601303672318,0.07551019751222307,0.0,0.001953125,0.58,1.013997878517947,ok,0.0703125,False
Dataset_A_CPS-NetFlow-IDS,Cumulative,IID,F1_Mean_Over_Rounds,Adaptive_NoAdaptiveWeighting,FLTrust,10,0.883370327879455,0.8889294155465175,-0.0055590876670625015,22.0,0.625,-0.04,-0.2629071649651566,ok,1.0,False
Dataset_A_CPS-NetFlow-IDS,Cumulative,IID,F1_Mean_Over_Rounds,Adaptive_NoAdaptiveWeighting,FedAvg,10,0.883370327879455,0.8306468953331994,0.05272343254625565,0.0,0.001953125,0.4,0.9726373944567874,ok,0.0703125,False
Dataset_A_CPS-NetFlow-IDS,Cumulative,IID,F1_Mean_Over_Rounds,Adaptive_NoAdaptiveWeighting,Krum,10,0.883370327879455,0.8125530813444113,0.07081724653504362,4.0,0.013671875,0.56,0.7839826136397137,ok,0.259765625,False
Dataset_A_CPS-NetFlow-IDS,Cumulative,IID,F1_Mean_Over_Rounds,Adaptive_NoCircuitBreaker,Adaptive_NoTemporalMemory,10,0.8889943036056094,0.8890106484962066,-1.6344890597141947e-05,23.0,0.6953125,-0.02,-0.009657988959406462,ok,1.0,False
Dataset_A_CPS-NetFlow-IDS,Cumulative,IID,F1_Mean_Over_Rounds,Adaptive_NoCircuitBreaker,Adaptive_Ultimate,10,0.8889943036056094,0.8890506618430951,-5.635823748578739e-05,0.0,1.0,-0.01,-0.31622776601683794,ok,1.0,False
Dataset_A_CPS-NetFlow-IDS,Cumulative,IID,F1_Mean_Over_Rounds,Adaptive_NoCircuitBreaker,FLAME,10,0.8889943036056094,0.8078601303672318,0.08113417323837745,0.0,0.001953125,0.68,0.8936545928695309,ok,0.0703125,False
Dataset_A_CPS-NetFlow-IDS,Cumulative,IID,F1_Mean_Over_Rounds,Adaptive_NoCircuitBreaker,FLTrust,10,0.8889943036056094,0.8889294155465175,6.488805909188322e-05,26.0,0.921875,0.0,0.0380627059576646,ok,1.0,False
Dataset_A_CPS-NetFlow-IDS,Cumulative,IID,F1_Mean_Over_Rounds,Adaptive_NoCircuitBreaker,FedAvg,10,0.8889943036056094,0.8306468953331994,0.05834740827241004,0.0,0.001953125,0.5,0.8667990955874707,ok,0.0703125,False
Dataset_A_CPS-NetFlow-IDS,Cumulative,IID,F1_Mean_Over_Rounds,Adaptive_NoCircuitBreaker,Krum,10,0.8889943036056094,0.8125530813444113,0.07644122226119801,0.0,0.001953125,0.66,0.8684121539634336,ok,0.0703125,False
Dataset_A_CPS-NetFlow-IDS,Cumulative,IID,F1_Mean_Over_Rounds,Adaptive_NoTemporalMemory,Adaptive_Ultimate,10,0.8890106484962066,0.8890506618430951,-4.001334688864544e-05,24.0,0.76953125,0.02,-0.024151127235030385,ok,1.0,False
Dataset_A_CPS-NetFlow-IDS,Cumulative,IID,F1_Mean_Over_Rounds,Adaptive_NoTemporalMemory,FLAME,10,0.8890106484962066,0.8078601303672318,0.08115051812897459,0.0,0.001953125,0.68,0.8876603199614533,ok,0.0703125,False
Dataset_A_CPS-NetFlow-IDS,Cumulative,IID,F1_Mean_Over_Rounds,Adaptive_NoTemporalMemory,FLTrust,10,0.8890106484962066,0.8889294155465175,8.123294968902517e-05,3.0,0.625,0.02,0.2373046551722967,ok,1.0,False
Dataset_A_CPS-NetFlow-IDS,Cumulative,IID,F1_Mean_Over_Rounds,Adaptive_NoTemporalMemory,FedAvg,10,0.8890106484962066,0.8306468953331994,0.05836375316300718,0.0,0.001953125,0.52,0.8579076256042603,ok,0.0703125,False
Dataset_A_CPS-NetFlow-IDS,Cumulative,IID,F1_Mean_Over_Rounds,Adaptive_NoTemporalMemory,Krum,10,0.8890106484962066,0.8125530813444113,0.07645756715179515,0.0,0.001953125,0.64,0.8770800396870476,ok,0.0703125,False
Dataset_A_CPS-NetFlow-IDS,Cumulative,IID,F1_Mean_Over_Rounds,Adaptive_Ultimate,FLAME,10,0.8890506618430951,0.8078601303672318,0.08119053147586323,0.0,0.001953125,0.68,0.8943832422648436,ok,0.0703125,False
Dataset_A_CPS-NetFlow-IDS,Cumulative,IID,F1_Mean_Over_Rounds,Adaptive_Ultimate,FLTrust,10,0.8890506618430951,0.8889294155465175,0.00012124629657767061,27.0,1.0,0.0,0.07193299391929973,ok,1.0,False
Dataset_A_CPS-NetFlow-IDS,Cumulative,IID,F1_Mean_Over_Rounds,Adaptive_Ultimate,FedAvg,10,0.8890506618430951,0.8306468953331994,0.05840376650989583,0.0,0.001953125,0.5,0.8681667478334459,ok,0.0703125,False
Dataset_A_CPS-NetFlow-IDS,Cumulative,IID,F1_Mean_Over_Rounds,Adaptive_Ultimate,Krum,10,0.8890506618430951,0.8125530813444113,0.0764975804986838,0.0,0.001953125,0.66,0.8689749339275337,ok,0.0703125,False
Dataset_A_CPS-NetFlow-IDS,Cumulative,IID,F1_Mean_Over_Rounds,FLAME,FLTrust,10,0.8078601303672318,0.8889294155465175,-0.08106928517928556,0.0,0.001953125,-0.68,-0.8879755793877362,ok,0.0703125,False
Dataset_A_CPS-NetFlow-IDS,Cumulative,IID,F1_Mean_Over_Rounds,FLAME,FedAvg,10,0.8078601303672318,0.8306468953331994,-0.02278676496596741,20.0,0.4921875,-0.14,-0.43482228445965543,ok,1.0,False
Dataset_A_CPS-NetFlow-IDS,Cumulative,IID,F1_Mean_Over_Rounds,FLAME,Krum,10,0.8078601303672318,0.8125530813444113,-0.0046929509771794446,23.0,0.6953125,-0.02,-0.04578129587267789,ok,1.0,False
Dataset_A_CPS-NetFlow-IDS,Cumulative,IID,F1_Mean_Over_Rounds,FLTrust,FedAvg,10,0.8889294155465175,0.8306468953331994,0.05828252021331816,0.0,0.001953125,0.52,0.8584633518753133,ok,0.0703125,False
Dataset_A_CPS-NetFlow-IDS,Cumulative,IID,F1_Mean_Over_Rounds,FLTrust,Krum,10,0.8889294155465175,0.8125530813444113,0.07637633420210613,0.0,0.001953125,0.64,0.8779220460896138,ok,0.0703125,False
Dataset_A_CPS-NetFlow-IDS,Cumulative,IID,F1_Mean_Over_Rounds,FedAvg,Krum,10,0.8306468953331994,0.8125530813444113,0.018093813988787965,20.0,0.4921875,0.14,0.19162063741829344,ok,1.0,False
Dataset_A_CPS-NetFlow-IDS,Cumulative,IID,ASR_Mean_Over_Rounds,Adaptive_FixedCircuitBreaker,Adaptive_NoAdaptiveWeighting,10,0.05023529411764706,0.04970588235294118,0.0005294117647058813,17.0,0.5703125,0.03,0.1985971304269451,ok,1.0,False
Dataset_A_CPS-NetFlow-IDS,Cumulative,IID,ASR_Mean_Over_Rounds,Adaptive_FixedCircuitBreaker,Adaptive_NoCircuitBreaker,10,0.05023529411764706,0.05002139037433155,0.00021390374331550777,0.0,1.0,0.01,0.31622776601683794,ok,1.0,False
Dataset_A_CPS-NetFlow-IDS,Cumulative,IID,ASR_Mean_Over_Rounds,Adaptive_FixedCircuitBreaker,Adaptive_NoTemporalMemory,10,0.05023529411764706,0.050117647058823524,0.00011764705882352962,13.5,0.5703125,0.0,0.22696633686520387,ok,1.0,False
Dataset_A_CPS-NetFlow-IDS,Cumulative,IID,ASR_Mean_Over_Rounds,Adaptive_FixedCircuitBreaker,Adaptive_Ultimate,10,0.05023529411764706,0.05017112299465241,6.417112299465163e-05,0.0,1.0,0.01,0.3162277660168379,ok,1.0,False
Dataset_A_CPS-NetFlow-IDS,Cumulative,IID,ASR_Mean_Over_Rounds,Adaptive_FixedCircuitBreaker,FLAME,10,0.05023529411764706,0.06757219251336898,-0.017336898395721924,7.0,0.037109375,-0.34,-0.9293720550690036,ok,0.9296875,False
Dataset_A_CPS-NetFlow-IDS,Cumulative,IID,ASR_Mean_Over_Rounds,Adaptive_FixedCircuitBreaker,FLTrust,10,0.05023529411764706,0.04996791443850267,0.0002673796791443837,13.5,0.5703125,0.0,0.3190767223586369,ok,1.0,False
Dataset_A_CPS-NetFlow-IDS,Cumulative,IID,ASR_Mean_Over_Rounds,Adaptive_FixedCircuitBreaker,FedAvg,10,0.05023529411764706,0.06587700534759358,-0.015641711229946526,6.0,0.02734375,-0.28,-0.9116183247203592,ok,0.9296875,False
Dataset_A_CPS-NetFlow-IDS,Cumulative,IID,ASR_Mean_Over_Rounds,Adaptive_FixedCircuitBreaker,Krum,10,0.05023529411764706,0.07043850267379678,-0.02020320855614973,6.0,0.02734375,-0.4,-0.8206058116449669,ok,0.9296875,False
Dataset_A_CPS-NetFlow-IDS,Cumulative,IID,ASR_Mean_Over_Rounds,Adaptive_NoAdaptiveWeighting,Adaptive_NoCircuitBreaker,10,0.04970588235294118,0.05002139037433155,-0.0003155080213903736,24.0,0.76953125,0.0,-0.11285818941972936,ok,1.0,False
Dataset_A_CPS-NetFlow-IDS,Cumulative,IID,ASR_Mean_Over_Rounds,Adaptive_NoAdaptiveWeighting,Adaptive_NoTemporalMemory,10,0.04970588235294118,0.050117647058823524,-0.00041176470588235177,23.0,0.6953125,0.0,-0.13386840000457867,ok,1.0,False
Dataset_A_CPS-NetFlow-IDS,Cumulative,IID,ASR_Mean_Over_Rounds,Adaptive_NoAdaptiveWeighting,Adaptive_Ultimate,10,0.04970588235294118,0.05017112299465241,-0.00046524064171122974,22.0,0.625,-0.02,-0.17310943081109822,ok,1.0,False
Dataset_A_CPS-NetFlow-IDS,Cumulative,IID,ASR_Mean_Over_Rounds,Adaptive_NoAdaptiveWeighting,FLAME,10,0.04970588235294118,0.06757219251336898,-0.017866310160427806,4.0,0.013671875,-0.36,-0.9447562873485793,ok,0.4921875,False
Dataset_A_CPS-NetFlow-IDS,Cumulative,IID,ASR_Mean_Over_Rounds,Adaptive_NoAdaptiveWeighting,FLTrust,10,0.04970588235294118,0.04996791443850267,-0.0002620320855614977,25.0,0.845703125,0.0,-0.08354309230482544,ok,1.0,False
Dataset_A_CPS-NetFlow-IDS,Cumulative,IID,ASR_Mean_Over_Rounds,Adaptive_NoAdaptiveWeighting,FedAvg,10,0.04970588235294118,0.06587700534759358,-0.01617112299465241,5.0,0.01953125,-0.3,-0.9603133001920034,ok,0.68359375,False
Dataset_A_CPS-NetFlow-IDS,Cumulative,IID,ASR_Mean_Over_Rounds,Adaptive_NoAdaptiveWeighting,Krum,10,0.04970588235294118,0.07043850267379678,-0.020732620320855617,6.0,0.02734375,-0.34,-0.8246845583369589,ok,0.9296875,False
Dataset_A_CPS-NetFlow-IDS,Cumulative,IID,ASR_Mean_Over_Rounds,Adaptive_NoCircuitBreaker,Adaptive_NoTemporalMemory,10,0.05002139037433155,0.050117647058823524,-9.625668449197815e-05,14.5,0.671875,-0.02,-0.17597887414725008,ok,1.0,False
Dataset_A_CPS-NetFlow-IDS,Cumulative,IID,ASR_Mean_Over_Rounds,Adaptive_NoCircuitBreaker,Adaptive_Ultimate,10,0.05002139037433155,0.05017112299465241,-0.00014973262032085612,0.0,1.0,-0.01,-0.31622776601683794,ok,1.0,False
Dataset_A_CPS-NetFlow-IDS,Cumulative,IID,ASR_Mean_Over_Rounds,Adaptive_NoCircuitBreaker,FLAME,10,0.05002139037433155,0.06757219251336898,-0.01755080213903743,7.0,0.037109375,-0.36,-0.94934400869329,ok,0.9296875,False
Dataset_A_CPS-NetFlow-IDS,Cumulative,IID,ASR_Mean_Over_Rounds,Adaptive_NoCircuitBreaker,FLTrust,10,0.05002139037433155,0.04996791443850267,5.34759358288759e-05,15.5,0.7734375,0.0,0.14142135623730603,ok,1.0,False
Dataset_A_CPS-NetFlow-IDS,Cumulative,IID,ASR_Mean_Over_Rounds,Adaptive_NoCircuitBreaker,FedAvg,10,0.05002139037433155,0.06587700534759358,-0.015855614973262034,6.0,0.02734375,-0.28,-0.9282013418861312,ok,0.9296875,False
Dataset_A_CPS-NetFlow-IDS,Cumulative,IID,ASR_Mean_Over_Rounds,Adaptive_NoCircuitBreaker,Krum,10,0.05002139037433155,0.07043850267379678,-0.02041711229946524,6.0,0.02734375,-0.4,-0.8251314256937019,ok,0.9296875,False
Dataset_A_CPS-NetFlow-IDS,Cumulative,IID,ASR_Mean_Over_Rounds,Adaptive_NoTemporalMemory,Adaptive_Ultimate,10,0.050117647058823524,0.05017112299465241,-5.3475935828877985e-05,15.0,0.734375,0.0,-0.12543630150106483,ok,1.0,False
Dataset_A_CPS-NetFlow-IDS,Cumulative,IID,ASR_Mean_Over_Rounds,Adaptive_NoTemporalMemory,FLAME,10,0.050117647058823524,0.06757219251336898,-0.017454545454545452,7.0,0.037109375,-0.36,-0.9363994228870997,ok,0.9296875,False
Dataset_A_CPS-NetFlow-IDS,Cumulative,IID,ASR_Mean_Over_Rounds,Adaptive_NoTemporalMemory,FLTrust,10,0.050117647058823524,0.04996791443850267,0.00014973262032085406,1.0,0.5,0.01,0.3407771005482372,ok,1.0,False
Dataset_A_CPS-NetFlow-IDS,Cumulative,IID,ASR_Mean_Over_Rounds,Adaptive_NoTemporalMemory,FedAvg,10,0.050117647058823524,0.06587700534759358,-0.015759358288770058,7.0,0.037109375,-0.28,-0.9110347369398967,ok,0.9296875,False
Dataset_A_CPS-NetFlow-IDS,Cumulative,IID,ASR_Mean_Over_Rounds,Adaptive_NoTemporalMemory,Krum,10,0.050117647058823524,0.07043850267379678,-0.020320855614973262,6.0,0.02734375,-0.4,-0.8230993294800684,ok,0.9296875,False
Dataset_A_CPS-NetFlow-IDS,Cumulative,IID,ASR_Mean_Over_Rounds,Adaptive_Ultimate,FLAME,10,0.05017112299465241,0.06757219251336898,-0.01740106951871658,7.0,0.037109375,-0.36,-0.9354478891416905,ok,0.9296875,False
Dataset_A_CPS-NetFlow-IDS,Cumulative,IID,ASR_Mean_Over_Rounds,Adaptive_Ultimate,FLTrust,10,0.05017112299465241,0.04996791443850267,0.00020320855614973203,13.5,0.5703125,0.0,0.306922168870665,ok,1.0,False
Dataset_A_CPS-NetFlow-IDS,Cumulative,IID,ASR_Mean_Over_Rounds,Adaptive_Ultimate,FedAvg,10,0.05017112299465241,0.06587700534759358,-0.01570588235294118,6.0,0.02734375,-0.28,-0.9167258748898471,ok,0.9296875,False
Dataset_A_CPS-NetFlow-IDS,Cumulative,IID,ASR_Mean_Over_Rounds,Adaptive_Ultimate,Krum,10,0.05017112299465241,0.07043850267379678,-0.02026737967914439,6.0,0.02734375,-0.4,-0.822031052931017,ok,0.9296875,False
Dataset_A_CPS-NetFlow-IDS,Cumulative,IID,ASR_Mean_Over_Rounds,FLAME,FLTrust,10,0.06757219251336898,0.04996791443850267,0.017604278074866312,7.0,0.037109375,0.36,0.9496743898868706,ok,0.9296875,False
Dataset_A_CPS-NetFlow-IDS,Cumulative,IID,ASR_Mean_Over_Rounds,FLAME,FedAvg,10,0.06757219251336898,0.06587700534759358,0.0016951871657753972,27.0,1.0,-0.02,0.1961620893690469,ok,1.0,False
Dataset_A_CPS-NetFlow-IDS,Cumulative,IID,ASR_Mean_Over_Rounds,FLAME,Krum,10,0.06757219251336898,0.07043850267379678,-0.0028663101604278077,20.0,0.4921875,-0.1,-0.19899947676107796,ok,1.0,False
Dataset_A_CPS-NetFlow-IDS,Cumulative,IID,ASR_Mean_Over_Rounds,FLTrust,FedAvg,10,0.04996791443850267,0.06587700534759358,-0.01590909090909091,7.0,0.037109375,-0.28,-0.9230990248688472,ok,0.9296875,False
Dataset_A_CPS-NetFlow-IDS,Cumulative,IID,ASR_Mean_Over_Rounds,FLTrust,Krum,10,0.04996791443850267,0.07043850267379678,-0.020470588235294115,6.0,0.02734375,-0.4,-0.8261516464517177,ok,0.9296875,False
Dataset_A_CPS-NetFlow-IDS,Cumulative,IID,ASR_Mean_Over_Rounds,FedAvg,Krum,10,0.06587700534759358,0.07043850267379678,-0.004561497326203205,20.0,0.4921875,-0.06,-0.2716701191001623,ok,1.0,False
Dataset_A_CPS-NetFlow-IDS,Cumulative,IID,F1_Final_Round,Adaptive_FixedCircuitBreaker,Adaptive_NoAdaptiveWeighting,10,0.9425299711493539,0.9425299711493539,0.0,0.0,1.0,0.0,0.0,identical_values,1.0,False
Dataset_A_CPS-NetFlow-IDS,Cumulative,IID,F1_Final_Round,Adaptive_FixedCircuitBreaker,Adaptive_NoCircuitBreaker,10,0.9425299711493539,0.9420176235358466,0.0005123476135071581,0.0,1.0,0.03,0.31622776601683794,ok,1.0,False
Dataset_A_CPS-NetFlow-IDS,Cumulative,IID,F1_Final_Round,Adaptive_FixedCircuitBreaker,Adaptive_NoTemporalMemory,10,0.9425299711493539,0.9425299711493539,0.0,0.0,1.0,0.0,0.0,identical_values,1.0,False
Dataset_A_CPS-NetFlow-IDS,Cumulative,IID,F1_Final_Round,Adaptive_FixedCircuitBreaker,Adaptive_Ultimate,10,0.9425299711493539,0.9425299711493539,0.0,0.0,1.0,0.0,0.0,identical_values,1.0,False
Dataset_A_CPS-NetFlow-IDS,Cumulative,IID,F1_Final_Round,Adaptive_FixedCircuitBreaker,FLAME,10,0.9425299711493539,0.8939943198076529,0.04853565134170094,1.0,0.25,0.38,0.45074779800474424,ok,1.0,False
Dataset_A_CPS-NetFlow-IDS,Cumulative,IID,F1_Final_Round,Adaptive_FixedCircuitBreaker,FLTrust,10,0.9425299711493539,0.9420176235358466,0.0005123476135071581,0.0,1.0,0.03,0.31622776601683794,ok,1.0,False
Dataset_A_CPS-NetFlow-IDS,Cumulative,IID,F1_Final_Round,Adaptive_FixedCircuitBreaker,FedAvg,10,0.9425299711493539,0.9088130727161315,0.033716898433222176,1.0,1.0,0.11,0.31101108034960634,ok,1.0,False
Dataset_A_CPS-NetFlow-IDS,Cumulative,IID,F1_Final_Round,Adaptive_FixedCircuitBreaker,Krum,10,0.9425299711493539,0.879397659777959,0.06313231137139477,1.0,0.03125,0.41,0.5286348319191425,ok,1.0,False
Dataset_A_CPS-NetFlow-IDS,Cumulative,IID,F1_Final_Round,Adaptive_NoAdaptiveWeighting,Adaptive_NoCircuitBreaker,10,0.9425299711493539,0.9420176235358466,0.0005123476135071581,0.0,1.0,0.03,0.31622776601683794,ok,1.0,False
Dataset_A_CPS-NetFlow-IDS,Cumulative,IID,F1_Final_Round,Adaptive_NoAdaptiveWeighting,Adaptive_NoTemporalMemory,10,0.9425299711493539,0.9425299711493539,0.0,0.0,1.0,0.0,0.0,identical_values,1.0,False
Dataset_A_CPS-NetFlow-IDS,Cumulative,IID,F1_Final_Round,Adaptive_NoAdaptiveWeighting,Adaptive_Ultimate,10,0.9425299711493539,0.9425299711493539,0.0,0.0,1.0,0.0,0.0,identical_values,1.0,False
Dataset_A_CPS-NetFlow-IDS,Cumulative,IID,F1_Final_Round,Adaptive_NoAdaptiveWeighting,FLAME,10,0.9425299711493539,0.8939943198076529,0.04853565134170094,1.0,0.25,0.38,0.45074779800474424,ok,1.0,False
Dataset_A_CPS-NetFlow-IDS,Cumulative,IID,F1_Final_Round,Adaptive_NoAdaptiveWeighting,FLTrust,10,0.9425299711493539,0.9420176235358466,0.0005123476135071581,0.0,1.0,0.03,0.31622776601683794,ok,1.0,False
Dataset_A_CPS-NetFlow-IDS,Cumulative,IID,F1_Final_Round,Adaptive_NoAdaptiveWeighting,FedAvg,10,0.9425299711493539,0.9088130727161315,0.033716898433222176,1.0,1.0,0.11,0.31101108034960634,ok,1.0,False
Dataset_A_CPS-NetFlow-IDS,Cumulative,IID,F1_Final_Round,Adaptive_NoAdaptiveWeighting,Krum,10,0.9425299711493539,0.879397659777959,0.06313231137139477,1.0,0.03125,0.41,0.5286348319191425,ok,1.0,False
Dataset_A_CPS-NetFlow-IDS,Cumulative,IID,F1_Final_Round,Adaptive_NoCircuitBreaker,Adaptive_NoTemporalMemory,10,0.9420176235358466,0.9425299711493539,-0.0005123476135071581,0.0,1.0,-0.03,-0.31622776601683794,ok,1.0,False
Dataset_A_CPS-NetFlow-IDS,Cumulative,IID,F1_Final_Round,Adaptive_NoCircuitBreaker,Adaptive_Ultimate,10,0.9420176235358466,0.9425299711493539,-0.0005123476135071581,0.0,1.0,-0.03,-0.31622776601683794,ok,1.0,False
Dataset_A_CPS-NetFlow-IDS,Cumulative,IID,F1_Final_Round,Adaptive_NoCircuitBreaker,FLAME,10,0.9420176235358466,0.8939943198076529,0.04802330372819378,3.0,0.3125,0.33,0.4448805162058913,ok,1.0,False
Dataset_A_CPS-NetFlow-IDS,Cumulative,IID,F1_Final_Round,Adaptive_NoCircuitBreaker,FLTrust,10,0.9420176235358466,0.9420176235358466,0.0,0.0,1.0,0.0,0.0,identical_values,1.0,False
Dataset_A_CPS-NetFlow-IDS,Cumulative,IID,F1_Final_Round,Adaptive_NoCircuitBreaker,FedAvg,10,0.9420176235358466,0.9088130727161315,0.03320455081971502,3.0,1.0,0.08,0.30575206905324775,ok,1.0,False
Dataset_A_CPS-NetFlow-IDS,Cumulative,IID,F1_Final_Round,Adaptive_NoCircuitBreaker,Krum,10,0.9420176235358466,0.879397659777959,0.06261996375788761,1.0,0.03125,0.37,0.5237048891255692,ok,1.0,False
Dataset_A_CPS-NetFlow-IDS,Cumulative,IID,F1_Final_Round,Adaptive_NoTemporalMemory,Adaptive_Ultimate,10,0.9425299711493539,0.9425299711493539,0.0,0.0,1.0,0.0,0.0,identical_values,1.0,False
Dataset_A_CPS-NetFlow-IDS,Cumulative,IID,F1_Final_Round,Adaptive_NoTemporalMemory,FLAME,10,0.9425299711493539,0.8939943198076529,0.04853565134170094,1.0,0.25,0.38,0.45074779800474424,ok,1.0,False
Dataset_A_CPS-NetFlow-IDS,Cumulative,IID,F1_Final_Round,Adaptive_NoTemporalMemory,FLTrust,10,0.9425299711493539,0.9420176235358466,0.0005123476135071581,0.0,1.0,0.03,0.31622776601683794,ok,1.0,False
Dataset_A_CPS-NetFlow-IDS,Cumulative,IID,F1_Final_Round,Adaptive_NoTemporalMemory,FedAvg,10,0.9425299711493539,0.9088130727161315,0.033716898433222176,1.0,1.0,0.11,0.31101108034960634,ok,1.0,False
Dataset_A_CPS-NetFlow-IDS,Cumulative,IID,F1_Final_Round,Adaptive_NoTemporalMemory,Krum,10,0.9425299711493539,0.879397659777959,0.06313231137139477,1.0,0.03125,0.41,0.5286348319191425,ok,1.0,False
Dataset_A_CPS-NetFlow-IDS,Cumulative,IID,F1_Final_Round,Adaptive_Ultimate,FLAME,10,0.9425299711493539,0.8939943198076529,0.04853565134170094,1.0,0.25,0.38,0.45074779800474424,ok,1.0,False
Dataset_A_CPS-NetFlow-IDS,Cumulative,IID,F1_Final_Round,Adaptive_Ultimate,FLTrust,10,0.9425299711493539,0.9420176235358466,0.0005123476135071581,0.0,1.0,0.03,0.31622776601683794,ok,1.0,False
Dataset_A_CPS-NetFlow-IDS,Cumulative,IID,F1_Final_Round,Adaptive_Ultimate,FedAvg,10,0.9425299711493539,0.9088130727161315,0.033716898433222176,1.0,1.0,0.11,0.31101108034960634,ok,1.0,False
Dataset_A_CPS-NetFlow-IDS,Cumulative,IID,F1_Final_Round,Adaptive_Ultimate,Krum,10,0.9425299711493539,0.879397659777959,0.06313231137139477,1.0,0.03125,0.41,0.5286348319191425,ok,1.0,False
Dataset_A_CPS-NetFlow-IDS,Cumulative,IID,F1_Final_Round,FLAME,FLTrust,10,0.8939943198076529,0.9420176235358466,-0.04802330372819378,3.0,0.3125,-0.33,-0.4448805162058913,ok,1.0,False
Dataset_A_CPS-NetFlow-IDS,Cumulative,IID,F1_Final_Round,FLAME,FedAvg,10,0.8939943198076529,0.9088130727161315,-0.01481875290847876,2.0,0.75,-0.22,-0.306935427067822,ok,1.0,False
Dataset_A_CPS-NetFlow-IDS,Cumulative,IID,F1_Final_Round,FLAME,Krum,10,0.8939943198076529,0.879397659777959,0.014596660029693832,4.0,0.4375,0.09,0.1675681595008334,ok,1.0,False
Dataset_A_CPS-NetFlow-IDS,Cumulative,IID,F1_Final_Round,FLTrust,FedAvg,10,0.9420176235358466,0.9088130727161315,0.03320455081971502,3.0,1.0,0.08,0.30575206905324775,ok,1.0,False
Dataset_A_CPS-NetFlow-IDS,Cumulative,IID,F1_Final_Round,FLTrust,Krum,10,0.9420176235358466,0.879397659777959,0.06261996375788761,1.0,0.03125,0.37,0.5237048891255692,ok,1.0,False
Dataset_A_CPS-NetFlow-IDS,Cumulative,IID,F1_Final_Round,FedAvg,Krum,10,0.9088130727161315,0.879397659777959,0.02941541293817259,0.0,0.0625,0.3,0.4284526491079434,ok,1.0,False
Dataset_A_CPS-NetFlow-IDS,Cumulative,IID,ASR_Final_Round,Adaptive_FixedCircuitBreaker,Adaptive_NoAdaptiveWeighting,10,0.033689839572192515,0.034224598930481284,-0.0005347593582887701,0.0,1.0,-0.04,-0.31622776601683794,ok,1.0,False
Dataset_A_CPS-NetFlow-IDS,Cumulative,IID,ASR_Final_Round,Adaptive_FixedCircuitBreaker,Adaptive_NoCircuitBreaker,10,0.033689839572192515,0.03208556149732621,0.00160427807486631,0.0,1.0,0.08,0.31622776601683794,ok,1.0,False
Dataset_A_CPS-NetFlow-IDS,Cumulative,IID,ASR_Final_Round,Adaptive_FixedCircuitBreaker,Adaptive_NoTemporalMemory,10,0.033689839572192515,0.033689839572192515,-6.938893903907229e-19,1.0,1.0,-0.01,-2.752568341629995e-16,ok,1.0,False
Dataset_A_CPS-NetFlow-IDS,Cumulative,IID,ASR_Final_Round,Adaptive_FixedCircuitBreaker,Adaptive_Ultimate,10,0.033689839572192515,0.033155080213903745,0.0005347593582887694,0.0,1.0,0.03,0.31622776601683794,ok,1.0,False
Dataset_A_CPS-NetFlow-IDS,Cumulative,IID,ASR_Final_Round,Adaptive_FixedCircuitBreaker,FLAME,10,0.033689839572192515,0.033155080213903745,0.0005347593582887701,4.0,0.875,0.0,0.03782648023955171,ok,1.0,False
Dataset_A_CPS-NetFlow-IDS,Cumulative,IID,ASR_Final_Round,Adaptive_FixedCircuitBreaker,FLTrust,10,0.033689839572192515,0.03262032085561497,0.00106951871657754,1.0,1.0,0.04,0.19364916731037085,ok,1.0,False
Dataset_A_CPS-NetFlow-IDS,Cumulative,IID,ASR_Final_Round,Adaptive_FixedCircuitBreaker,FedAvg,10,0.033689839572192515,0.03048128342245989,0.00320855614973262,1.0,1.0,0.11,0.2642490987816165,ok,1.0,False
Dataset_A_CPS-NetFlow-IDS,Cumulative,IID,ASR_Final_Round,Adaptive_FixedCircuitBreaker,Krum,10,0.033689839572192515,0.03636363636363636,-0.0026737967914438514,11.0,0.671875,0.02,-0.10056022847309867,ok,1.0,False
Dataset_A_CPS-NetFlow-IDS,Cumulative,IID,ASR_Final_Round,Adaptive_NoAdaptiveWeighting,Adaptive_NoCircuitBreaker,10,0.034224598930481284,0.03208556149732621,0.0021390374331550803,0.0,0.5,0.12,0.4140393356054127,ok,1.0,False
Dataset_A_CPS-NetFlow-IDS,Cumulative,IID,ASR_Final_Round,Adaptive_NoAdaptiveWeighting,Adaptive_NoTemporalMemory,10,0.034224598930481284,0.033689839572192515,0.0005347593582887694,0.0,1.0,0.03,0.31622776601683794,ok,1.0,False
Dataset_A_CPS-NetFlow-IDS,Cumulative,IID,ASR_Final_Round,Adaptive_NoAdaptiveWeighting,Adaptive_Ultimate,10,0.034224598930481284,0.033155080213903745,0.0010695187165775395,0.0,0.5,0.07,0.4743416490252569,ok,1.0,False
Dataset_A_CPS-NetFlow-IDS,Cumulative,IID,ASR_Final_Round,Adaptive_NoAdaptiveWeighting,FLAME,10,0.034224598930481284,0.033155080213903745,0.0010695187165775401,3.0,1.0,0.04,0.07644707871564384,ok,1.0,False
Dataset_A_CPS-NetFlow-IDS,Cumulative,IID,ASR_Final_Round,Adaptive_NoAdaptiveWeighting,FLTrust,10,0.034224598930481284,0.03262032085561497,0.00160427807486631,0.0,1.0,0.08,0.31622776601683794,ok,1.0,False
Dataset_A_CPS-NetFlow-IDS,Cumulative,IID,ASR_Final_Round,Adaptive_NoAdaptiveWeighting,FedAvg,10,0.034224598930481284,0.03048128342245989,0.0037433155080213902,0.0,1.0,0.14,0.316227766016838,ok,1.0,False
Dataset_A_CPS-NetFlow-IDS,Cumulative,IID,ASR_Final_Round,Adaptive_NoAdaptiveWeighting,Krum,10,0.034224598930481284,0.03636363636363636,-0.002139037433155081,9.0,0.8125,0.04,-0.08046626711787305,ok,1.0,False
Dataset_A_CPS-NetFlow-IDS,Cumulative,IID,ASR_Final_Round,Adaptive_NoCircuitBreaker,Adaptive_NoTemporalMemory,10,0.03208556149732621,0.033689839572192515,-0.0016042780748663106,0.0,0.5,-0.1,-0.4444783184923153,ok,1.0,False
Dataset_A_CPS-NetFlow-IDS,Cumulative,IID,ASR_Final_Round,Adaptive_NoCircuitBreaker,Adaptive_Ultimate,10,0.03208556149732621,0.033155080213903745,-0.0010695187165775406,0.0,1.0,-0.06,-0.31622776601683794,ok,1.0,False
Dataset_A_CPS-NetFlow-IDS,Cumulative,IID,ASR_Final_Round,Adaptive_NoCircuitBreaker,FLAME,10,0.03208556149732621,0.033155080213903745,-0.00106951871657754,5.0,0.625,-0.08,-0.07090791888705981,ok,1.0,False
Dataset_A_CPS-NetFlow-IDS,Cumulative,IID,ASR_Final_Round,Adaptive_NoCircuitBreaker,FLTrust,10,0.03208556149732621,0.03262032085561497,-0.0005347593582887701,0.0,1.0,-0.04,-0.31622776601683794,ok,1.0,False
Dataset_A_CPS-NetFlow-IDS,Cumulative,IID,ASR_Final_Round,Adaptive_NoCircuitBreaker,FedAvg,10,0.03208556149732621,0.03048128342245989,0.00160427807486631,3.0,1.0,0.03,0.11807404543988677,ok,1.0,False
Dataset_A_CPS-NetFlow-IDS,Cumulative,IID,ASR_Final_Round,Adaptive_NoCircuitBreaker,Krum,10,0.03208556149732621,0.03636363636363636,-0.0042780748663101605,11.0,0.671875,-0.06,-0.141519667932351,ok,1.0,False
Dataset_A_CPS-NetFlow-IDS,Cumulative,IID,ASR_Final_Round,Adaptive_NoTemporalMemory,Adaptive_Ultimate,10,0.033689839572192515,0.033155080213903745,0.0005347593582887701,0.0,1.0,0.04,0.31622776601683794,ok,1.0,False
Dataset_A_CPS-NetFlow-IDS,Cumulative,IID,ASR_Final_Round,Adaptive_NoTemporalMemory,FLAME,10,0.033689839572192515,0.033155080213903745,0.0005347593582887708,4.0,0.875,0.02,0.03782648023955176,ok,1.0,False
Dataset_A_CPS-NetFlow-IDS,Cumulative,IID,ASR_Final_Round,Adaptive_NoTemporalMemory,FLTrust,10,0.033689839572192515,0.03262032085561497,0.0010695187165775406,0.0,1.0,0.06,0.31622776601683794,ok,1.0,False
Dataset_A_CPS-NetFlow-IDS,Cumulative,IID,ASR_Final_Round,Adaptive_NoTemporalMemory,FedAvg,10,0.033689839572192515,0.03048128342245989,0.003208556149732621,1.0,1.0,0.11,0.2642490987816167,ok,1.0,False
Dataset_A_CPS-NetFlow-IDS,Cumulative,IID,ASR_Final_Round,Adaptive_NoTemporalMemory,Krum,10,0.033689839572192515,0.03636363636363636,-0.0026737967914438505,9.0,0.8125,0.03,-0.09632419486019034,ok,1.0,False
Dataset_A_CPS-NetFlow-IDS,Cumulative,IID,ASR_Final_Round,Adaptive_Ultimate,FLAME,10,0.033155080213903745,0.033155080213903745,6.938893903907229e-19,5.0,0.625,-0.02,4.865899350114945e-17,ok,1.0,False
Dataset_A_CPS-NetFlow-IDS,Cumulative,IID,ASR_Final_Round,Adaptive_Ultimate,FLTrust,10,0.033155080213903745,0.03262032085561497,0.0005347593582887705,1.0,1.0,0.02,0.13552618543578776,ok,1.0,False
Dataset_A_CPS-NetFlow-IDS,Cumulative,IID,ASR_Final_Round,Adaptive_Ultimate,FedAvg,10,0.033155080213903745,0.03048128342245989,0.0026737967914438505,3.0,1.0,0.08,0.21538744758532147,ok,1.0,False
Dataset_A_CPS-NetFlow-IDS,Cumulative,IID,ASR_Final_Round,Adaptive_Ultimate,Krum,10,0.033155080213903745,0.03636363636363636,-0.003208556149732621,11.0,0.671875,0.01,-0.11561287399620931,ok,1.0,False
Dataset_A_CPS-NetFlow-IDS,Cumulative,IID,ASR_Final_Round,FLAME,FLTrust,10,0.033155080213903745,0.03262032085561497,0.0005347593582887697,4.0,0.875,0.04,0.03562854911428075,ok,1.0,False
Dataset_A_CPS-NetFlow-IDS,Cumulative,IID,ASR_Final_Round,FLAME,FedAvg,10,0.033155080213903745,0.03048128342245989,0.0026737967914438497,0.0,0.5,0.09,0.46291004988627565,ok,1.0,False
Dataset_A_CPS-NetFlow-IDS,Cumulative,IID,ASR_Final_Round,FLAME,Krum,10,0.033155080213903745,0.03636363636363636,-0.0032085561497326213,3.0,0.625,-0.02,-0.14677381643702453,ok,1.0,False
Dataset_A_CPS-NetFlow-IDS,Cumulative,IID,ASR_Final_Round,FLTrust,FedAvg,10,0.03262032085561497,0.03048128342245989,0.0021390374331550803,1.0,1.0,0.06,0.15978709238739225,ok,1.0,False
Dataset_A_CPS-NetFlow-IDS,Cumulative,IID,ASR_Final_Round,FLTrust,Krum,10,0.03262032085561497,0.03636363636363636,-0.0037433155080213907,9.0,0.8125,-0.04,-0.1237222090216891,ok,1.0,False
Dataset_A_CPS-NetFlow-IDS,Cumulative,IID,ASR_Final_Round,FedAvg,Krum,10,0.03048128342245989,0.03636363636363636,-0.005882352941176471,4.0,0.4375,-0.08,-0.25855527209724766,ok,1.0,False
Dataset_A_CPS-NetFlow-IDS,Cumulative,NonIID_Dirichlet,F1_Mean_Over_Rounds,Adaptive_FixedCircuitBreaker,Adaptive_NoAdaptiveWeighting,10,0.8175165099203815,0.8370634658200325,-0.019546955899651174,19.0,0.431640625,0.08,-0.1726821719514719,ok,1.0,False
Dataset_A_CPS-NetFlow-IDS,Cumulative,NonIID_Dirichlet,F1_Mean_Over_Rounds,Adaptive_FixedCircuitBreaker,Adaptive_NoCircuitBreaker,10,0.8175165099203815,0.854231984412999,-0.03671547449261755,0.0,0.5,-0.1,-0.31695465461964867,ok,1.0,False
Dataset_A_CPS-NetFlow-IDS,Cumulative,NonIID_Dirichlet,F1_Mean_Over_Rounds,Adaptive_FixedCircuitBreaker,Adaptive_NoTemporalMemory,10,0.8175165099203815,0.8549943258305422,-0.037477815910160826,12.0,0.130859375,-0.14,-0.32612696221953597,ok,1.0,False
Dataset_A_CPS-NetFlow-IDS,Cumulative,NonIID_Dirichlet,F1_Mean_Over_Rounds,Adaptive_FixedCircuitBreaker,Adaptive_Ultimate,10,0.8175165099203815,0.8540991795724919,-0.0365826696521105,0.0,1.0,-0.09,-0.31622776601683794,ok,1.0,False
Dataset_A_CPS-NetFlow-IDS,Cumulative,NonIID_Dirichlet,F1_Mean_Over_Rounds,Adaptive_FixedCircuitBreaker,FLAME,10,0.8175165099203815,0.7688160362333079,0.04870047368707353,19.0,0.431640625,0.42,0.22505710859558822,ok,1.0,False
Dataset_A_CPS-NetFlow-IDS,Cumulative,NonIID_Dirichlet,F1_Mean_Over_Rounds,Adaptive_FixedCircuitBreaker,FLTrust,10,0.8175165099203815,0.8548383866639554,-0.037321876743574046,13.0,0.16015625,-0.14,-0.32406776630926004,ok,1.0,False
Dataset_A_CPS-NetFlow-IDS,Cumulative,NonIID_Dirichlet,F1_Mean_Over_Rounds,Adaptive_FixedCircuitBreaker,FedAvg,10,0.8175165099203815,0.7320272156741042,0.08548929424627728,19.0,0.431640625,0.48,0.4324263707082725,ok,1.0,False
Dataset_A_CPS-NetFlow-IDS,Cumulative,NonIID_Dirichlet,F1_Mean_Over_Rounds,Adaptive_FixedCircuitBreaker,Krum,10,0.8175165099203815,0.7434696017510122,0.07404690816936925,14.0,0.193359375,0.4,0.4881441249141991,ok,1.0,False
Dataset_A_CPS-NetFlow-IDS,Cumulative,NonIID_Dirichlet,F1_Mean_Over_Rounds,Adaptive_NoAdaptiveWeighting,Adaptive_NoCircuitBreaker,10,0.8370634658200325,0.854231984412999,-0.017168518592966375,9.0,0.064453125,-0.16,-0.5040268415653231,ok,1.0,False
Dataset_A_CPS-NetFlow-IDS,Cumulative,NonIID_Dirichlet,F1_Mean_Over_Rounds,Adaptive_NoAdaptiveWeighting,Adaptive_NoTemporalMemory,10,0.8370634658200325,0.8549943258305422,-0.017930860010509652,9.0,0.064453125,-0.16,-0.5633323497453794,ok,1.0,False
Dataset_A_CPS-NetFlow-IDS,Cumulative,NonIID_Dirichlet,F1_Mean_Over_Rounds,Adaptive_NoAdaptiveWeighting,Adaptive_Ultimate,10,0.8370634658200325,0.8540991795724919,-0.017035713752459325,9.0,0.064453125,-0.16,-0.5001207834666181,ok,1.0,False
Dataset_A_CPS-NetFlow-IDS,Cumulative,NonIID_Dirichlet,F1_Mean_Over_Rounds,Adaptive_NoAdaptiveWeighting,FLAME,10,0.8370634658200325,0.7688160362333079,0.06824742958672471,16.0,0.275390625,0.48,0.4288412059210756,ok,1.0,False
Dataset_A_CPS-NetFlow-IDS,Cumulative,NonIID_Dirichlet,F1_Mean_Over_Rounds,Adaptive_NoAdaptiveWeighting,FLTrust,10,0.8370634658200325,0.8548383866639554,-0.01777492084392287,9.0,0.064453125,-0.16,-0.5694427154283433,ok,1.0,False
Dataset_A_CPS-NetFlow-IDS,Cumulative,NonIID_Dirichlet,F1_Mean_Over_Rounds,Adaptive_NoAdaptiveWeighting,FedAvg,10,0.8370634658200325,0.7320272156741042,0.10503625014592846,10.0,0.083984375,0.54,0.6331956020895166,ok,1.0,False
Dataset_A_CPS-NetFlow-IDS,Cumulative,NonIID_Dirichlet,F1_Mean_Over_Rounds,Adaptive_NoAdaptiveWeighting,Krum,10,0.8370634658200325,0.7434696017510122,0.09359386406902043,11.0,0.10546875,0.54,0.5978704876090721,ok,1.0,False
Dataset_A_CPS-NetFlow-IDS,Cumulative,NonIID_Dirichlet,F1_Mean_Over_Rounds,Adaptive_NoCircuitBreaker,Adaptive_NoTemporalMemory,10,0.854231984412999,0.8549943258305422,-0.0007623414175432774,21.0,0.556640625,-0.04,-0.245852021639622,ok,1.0,False
Dataset_A_CPS-NetFlow-IDS,Cumulative,NonIID_Dirichlet,F1_Mean_Over_Rounds,Adaptive_NoCircuitBreaker,Adaptive_Ultimate,10,0.854231984412999,0.8540991795724919,0.00013280484050705034,0.0,0.5,0.02,0.46845047744414275,ok,1.0,False
Dataset_A_CPS-NetFlow-IDS,Cumulative,NonIID_Dirichlet,F1_Mean_Over_Rounds,Adaptive_NoCircuitBreaker,FLAME,10,0.854231984412999,0.7688160362333079,0.08541594817969109,11.0,0.10546875,0.6,0.5230457836364568,ok,1.0,False
Dataset_A_CPS-NetFlow-IDS,Cumulative,NonIID_Dirichlet,F1_Mean_Over_Rounds,Adaptive_NoCircuitBreaker,FLTrust,10,0.854231984412999,0.8548383866639554,-0.0006064022509564948,22.0,0.625,-0.04,-0.17130047353757824,ok,1.0,False
Dataset_A_CPS-NetFlow-IDS,Cumulative,NonIID_Dirichlet,F1_Mean_Over_Rounds,Adaptive_NoCircuitBreaker,FedAvg,10,0.854231984412999,0.7320272156741042,0.12220476873889483,10.0,0.083984375,0.66,0.8358363594759117,ok,1.0,False
Dataset_A_CPS-NetFlow-IDS,Cumulative,NonIID_Dirichlet,F1_Mean_Over_Rounds,Adaptive_NoCircuitBreaker,Krum,10,0.854231984412999,0.7434696017510122,0.11076238266198679,10.0,0.083984375,0.58,0.6650725106571008,ok,1.0,False
Dataset_A_CPS-NetFlow-IDS,Cumulative,NonIID_Dirichlet,F1_Mean_Over_Rounds,Adaptive_NoTemporalMemory,Adaptive_Ultimate,10,0.8549943258305422,0.8540991795724919,0.0008951462580503277,18.0,0.375,0.06,0.296095720658123,ok,1.0,False
Dataset_A_CPS-NetFlow-IDS,Cumulative,NonIID_Dirichlet,F1_Mean_Over_Rounds,Adaptive_NoTemporalMemory,FLAME,10,0.8549943258305422,0.7688160362333079,0.08617828959723435,11.0,0.10546875,0.6,0.5243916596436775,ok,1.0,False
Dataset_A_CPS-NetFlow-IDS,Cumulative,NonIID_Dirichlet,F1_Mean_Over_Rounds,Adaptive_NoTemporalMemory,FLTrust,10,0.8549943258305422,0.8548383866639554,0.00015593916658678263,14.0,1.0,-0.01,0.2010899454753968,ok,1.0,False
Dataset_A_CPS-NetFlow-IDS,Cumulative,NonIID_Dirichlet,F1_Mean_Over_Rounds,Adaptive_NoTemporalMemory,FedAvg,10,0.8549943258305422,0.7320272156741042,0.1229671101564381,11.0,0.10546875,0.66,0.8303047752104865,ok,1.0,False
Dataset_A_CPS-NetFlow-IDS,Cumulative,NonIID_Dirichlet,F1_Mean_Over_Rounds,Adaptive_NoTemporalMemory,Krum,10,0.8549943258305422,0.7434696017510122,0.11152472407953007,10.0,0.083984375,0.58,0.6692946933971138,ok,1.0,False
Dataset_A_CPS-NetFlow-IDS,Cumulative,NonIID_Dirichlet,F1_Mean_Over_Rounds,Adaptive_Ultimate,FLAME,10,0.8540991795724919,0.7688160362333079,0.08528314333918402,11.0,0.10546875,0.6,0.5220072872799358,ok,1.0,False
Dataset_A_CPS-NetFlow-IDS,Cumulative,NonIID_Dirichlet,F1_Mean_Over_Rounds,Adaptive_Ultimate,FLTrust,10,0.8540991795724919,0.8548383866639554,-0.0007392070914635452,19.0,0.431640625,-0.06,-0.21192298800907575,ok,1.0,False
Dataset_A_CPS-NetFlow-IDS,Cumulative,NonIID_Dirichlet,F1_Mean_Over_Rounds,Adaptive_Ultimate,FedAvg,10,0.8540991795724919,0.7320272156741042,0.12207196389838777,10.0,0.083984375,0.66,0.835350930642686,ok,1.0,False
Dataset_A_CPS-NetFlow-IDS,Cumulative,NonIID_Dirichlet,F1_Mean_Over_Rounds,Adaptive_Ultimate,Krum,10,0.8540991795724919,0.7434696017510122,0.11062957782147978,10.0,0.083984375,0.58,0.6644087592417948,ok,1.0,False
Dataset_A_CPS-NetFlow-IDS,Cumulative,NonIID_Dirichlet,F1_Mean_Over_Rounds,FLAME,FLTrust,10,0.7688160362333079,0.8548383866639554,-0.08602235043064757,11.0,0.10546875,-0.6,-0.5244482292777373,ok,1.0,False
Dataset_A_CPS-NetFlow-IDS,Cumulative,NonIID_Dirichlet,F1_Mean_Over_Rounds,FLAME,FedAvg,10,0.7688160362333079,0.7320272156741042,0.03678882055920375,20.0,0.4921875,0.08,0.24439941373901286,ok,1.0,False
Dataset_A_CPS-NetFlow-IDS,Cumulative,NonIID_Dirichlet,F1_Mean_Over_Rounds,FLAME,Krum,10,0.7688160362333079,0.7434696017510122,0.025346434482295722,23.0,0.6953125,0.18,0.2074700720488738,ok,1.0,False
Dataset_A_CPS-NetFlow-IDS,Cumulative,NonIID_Dirichlet,F1_Mean_Over_Rounds,FLTrust,FedAvg,10,0.8548383866639554,0.7320272156741042,0.12281117098985132,11.0,0.10546875,0.66,0.8278247395571976,ok,1.0,False
Dataset_A_CPS-NetFlow-IDS,Cumulative,NonIID_Dirichlet,F1_Mean_Over_Rounds,FLTrust,Krum,10,0.8548383866639554,0.7434696017510122,0.1113687849129433,10.0,0.083984375,0.58,0.6692192392834849,ok,1.0,False
Dataset_A_CPS-NetFlow-IDS,Cumulative,NonIID_Dirichlet,F1_Mean_Over_Rounds,FedAvg,Krum,10,0.7320272156741042,0.7434696017510122,-0.011442386076908029,24.0,0.76953125,0.02,-0.0616472333756822,ok,1.0,False
Dataset_A_CPS-NetFlow-IDS,Cumulative,NonIID_Dirichlet,ASR_Mean_Over_Rounds,Adaptive_FixedCircuitBreaker,Adaptive_NoAdaptiveWeighting,10,0.08399999999999999,0.053374331550802144,0.03062566844919786,16.0,0.275390625,0.06,0.2775016268704725,ok,1.0,False
Dataset_A_CPS-NetFlow-IDS,Cumulative,NonIID_Dirichlet,ASR_Mean_Over_Rounds,Adaptive_FixedCircuitBreaker,Adaptive_NoCircuitBreaker,10,0.08399999999999999,0.049352941176470586,0.034647058823529406,0.0,0.5,0.18,0.3180234618392418,ok,1.0,False
Dataset_A_CPS-NetFlow-IDS,Cumulative,NonIID_Dirichlet,ASR_Mean_Over_Rounds,Adaptive_FixedCircuitBreaker,Adaptive_NoTemporalMemory,10,0.08399999999999999,0.0492139037433155,0.03478609625668448,20.0,0.4921875,0.14,0.31969359362024435,ok,1.0,False
Dataset_A_CPS-NetFlow-IDS,Cumulative,NonIID_Dirichlet,ASR_Mean_Over_Rounds,Adaptive_FixedCircuitBreaker,Adaptive_Ultimate,10,0.08399999999999999,0.04952941176470588,0.034470588235294114,0.0,1.0,0.15,0.3162277660168379,ok,1.0,False
Dataset_A_CPS-NetFlow-IDS,Cumulative,NonIID_Dirichlet,ASR_Mean_Over_Rounds,Adaptive_FixedCircuitBreaker,FLAME,10,0.08399999999999999,0.062219251336898394,0.021780748663101597,19.0,0.431640625,0.04,0.22059045251817477,ok,1.0,False
Dataset_A_CPS-NetFlow-IDS,Cumulative,NonIID_Dirichlet,ASR_Mean_Over_Rounds,Adaptive_FixedCircuitBreaker,FLTrust,10,0.08399999999999999,0.049208556149732616,0.034791443850267376,15.5,0.44140625,0.17,0.320012434299044,ok,1.0,False
Dataset_A_CPS-NetFlow-IDS,Cumulative,NonIID_Dirichlet,ASR_Mean_Over_Rounds,Adaptive_FixedCircuitBreaker,FedAvg,10,0.08399999999999999,0.02653475935828877,0.05746524064171123,1.0,0.00390625,0.64,0.5389951674137928,ok,0.1328125,False
Dataset_A_CPS-NetFlow-IDS,Cumulative,NonIID_Dirichlet,ASR_Mean_Over_Rounds,Adaptive_FixedCircuitBreaker,Krum,10,0.08399999999999999,0.15608556149732622,-0.0720855614973262,4.0,0.013671875,-0.38,-0.8848760682184102,ok,0.35546875,False
Dataset_A_CPS-NetFlow-IDS,Cumulative,NonIID_Dirichlet,ASR_Mean_Over_Rounds,Adaptive_NoAdaptiveWeighting,Adaptive_NoCircuitBreaker,10,0.053374331550802144,0.049352941176470586,0.004021390374331553,8.0,0.048828125,0.12,0.6708654747075672,ok,0.927734375,False
Dataset_A_CPS-NetFlow-IDS,Cumulative,NonIID_Dirichlet,ASR_Mean_Over_Rounds,Adaptive_NoAdaptiveWeighting,Adaptive_NoTemporalMemory,10,0.053374331550802144,0.0492139037433155,0.004160427807486633,3.0,0.009765625,0.14,0.7152593893474428,ok,0.263671875,False
Dataset_A_CPS-NetFlow-IDS,Cumulative,NonIID_Dirichlet,ASR_Mean_Over_Rounds,Adaptive_NoAdaptiveWeighting,Adaptive_Ultimate,10,0.053374331550802144,0.04952941176470588,0.0038449197860962597,8.0,0.048828125,0.1,0.6423544392483814,ok,0.927734375,False
Dataset_A_CPS-NetFlow-IDS,Cumulative,NonIID_Dirichlet,ASR_Mean_Over_Rounds,Adaptive_NoAdaptiveWeighting,FLAME,10,0.053374331550802144,0.062219251336898394,-0.008844919786096255,27.0,1.0,-0.06,-0.19901201908332877,ok,1.0,False
Dataset_A_CPS-NetFlow-IDS,Cumulative,NonIID_Dirichlet,ASR_Mean_Over_Rounds,Adaptive_NoAdaptiveWeighting,FLTrust,10,0.053374331550802144,0.049208556149732616,0.004165775401069519,4.0,0.013671875,0.14,0.7318546646000443,ok,0.35546875,False
Dataset_A_CPS-NetFlow-IDS,Cumulative,NonIID_Dirichlet,ASR_Mean_Over_Rounds,Adaptive_NoAdaptiveWeighting,FedAvg,10,0.053374331550802144,0.02653475935828877,0.026839572192513365,0.0,0.001953125,0.72,1.4847950710850344,ok,0.0703125,False
Dataset_A_CPS-NetFlow-IDS,Cumulative,NonIID_Dirichlet,ASR_Mean_Over_Rounds,Adaptive_NoAdaptiveWeighting,Krum,10,0.053374331550802144,0.15608556149732622,-0.10271122994652408,4.0,0.013671875,-0.48,-0.615234902974771,ok,0.35546875,False
Dataset_A_CPS-NetFlow-IDS,Cumulative,NonIID_Dirichlet,ASR_Mean_Over_Rounds,Adaptive_NoCircuitBreaker,Adaptive_NoTemporalMemory,10,0.049352941176470586,0.0492139037433155,0.000139037433155079,23.0,0.6953125,-0.06,0.08904898719720851,ok,1.0,False
Dataset_A_CPS-NetFlow-IDS,Cumulative,NonIID_Dirichlet,ASR_Mean_Over_Rounds,Adaptive_NoCircuitBreaker,Adaptive_Ultimate,10,0.049352941176470586,0.04952941176470588,-0.0001764705882352939,0.0,1.0,-0.03,-0.316227766016838,ok,1.0,False
Dataset_A_CPS-NetFlow-IDS,Cumulative,NonIID_Dirichlet,ASR_Mean_Over_Rounds,Adaptive_NoCircuitBreaker,FLAME,10,0.049352941176470586,0.062219251336898394,-0.01286631016042781,25.0,0.845703125,-0.1,-0.29009472305866013,ok,1.0,False
Dataset_A_CPS-NetFlow-IDS,Cumulative,NonIID_Dirichlet,ASR_Mean_Over_Rounds,Adaptive_NoCircuitBreaker,FLTrust,10,0.049352941176470586,0.049208556149732616,0.00014438502673796532,19.5,0.75390625,-0.01,0.08539051074310519,ok,1.0,False
Dataset_A_CPS-NetFlow-IDS,Cumulative,NonIID_Dirichlet,ASR_Mean_Over_Rounds,Adaptive_NoCircuitBreaker,FedAvg,10,0.049352941176470586,0.02653475935828877,0.022818181818181814,1.0,0.00390625,0.6,1.4612898490847548,ok,0.1328125,False
Dataset_A_CPS-NetFlow-IDS,Cumulative,NonIID_Dirichlet,ASR_Mean_Over_Rounds,Adaptive_NoCircuitBreaker,Krum,10,0.049352941176470586,0.15608556149732622,-0.10673262032085562,4.0,0.013671875,-0.52,-0.6377707381559137,ok,0.35546875,False
Dataset_A_CPS-NetFlow-IDS,Cumulative,NonIID_Dirichlet,ASR_Mean_Over_Rounds,Adaptive_NoTemporalMemory,Adaptive_Ultimate,10,0.0492139037433155,0.04952941176470588,-0.0003155080213903729,26.0,0.921875,0.02,-0.21211832419204477,ok,1.0,False
Dataset_A_CPS-NetFlow-IDS,Cumulative,NonIID_Dirichlet,ASR_Mean_Over_Rounds,Adaptive_NoTemporalMemory,FLAME,10,0.0492139037433155,0.062219251336898394,-0.013005347593582888,25.0,0.845703125,-0.1,-0.2977666615327688,ok,1.0,False
Dataset_A_CPS-NetFlow-IDS,Cumulative,NonIID_Dirichlet,ASR_Mean_Over_Rounds,Adaptive_NoTemporalMemory,FLTrust,10,0.0492139037433155,0.049208556149732616,5.3475935828863065e-06,15.0,0.7109375,0.0,0.00969812946509268,ok,1.0,False
Dataset_A_CPS-NetFlow-IDS,Cumulative,NonIID_Dirichlet,ASR_Mean_Over_Rounds,Adaptive_NoTemporalMemory,FedAvg,10,0.0492139037433155,0.02653475935828877,0.022679144385026738,1.0,0.00390625,0.6,1.465152601389661,ok,0.1328125,False
Dataset_A_CPS-NetFlow-IDS,Cumulative,NonIID_Dirichlet,ASR_Mean_Over_Rounds,Adaptive_NoTemporalMemory,Krum,10,0.0492139037433155,0.15608556149732622,-0.10687165775401071,4.0,0.013671875,-0.52,-0.6395746466827625,ok,0.35546875,False
Dataset_A_CPS-NetFlow-IDS,Cumulative,NonIID_Dirichlet,ASR_Mean_Over_Rounds,Adaptive_Ultimate,FLAME,10,0.04952941176470588,0.062219251336898394,-0.012689839572192515,26.0,0.921875,-0.1,-0.28588060467178344,ok,1.0,False
Dataset_A_CPS-NetFlow-IDS,Cumulative,NonIID_Dirichlet,ASR_Mean_Over_Rounds,Adaptive_Ultimate,FLTrust,10,0.04952941176470588,0.049208556149732616,0.0003208556149732592,21.5,0.93359375,0.01,0.18061513899268317,ok,1.0,False
Dataset_A_CPS-NetFlow-IDS,Cumulative,NonIID_Dirichlet,ASR_Mean_Over_Rounds,Adaptive_Ultimate,FedAvg,10,0.04952941176470588,0.02653475935828877,0.02299465240641711,1.0,0.00390625,0.6,1.4406584058989322,ok,0.1328125,False
Dataset_A_CPS-NetFlow-IDS,Cumulative,NonIID_Dirichlet,ASR_Mean_Over_Rounds,Adaptive_Ultimate,Krum,10,0.04952941176470588,0.15608556149732622,-0.10655614973262031,4.0,0.013671875,-0.52,-0.6364973564734563,ok,0.35546875,False
Dataset_A_CPS-NetFlow-IDS,Cumulative,NonIID_Dirichlet,ASR_Mean_Over_Rounds,FLAME,FLTrust,10,0.062219251336898394,0.049208556149732616,0.013010695187165775,25.0,0.845703125,0.1,0.29956572732154874,ok,1.0,False
Dataset_A_CPS-NetFlow-IDS,Cumulative,NonIID_Dirichlet,ASR_Mean_Over_Rounds,FLAME,FedAvg,10,0.062219251336898394,0.02653475935828877,0.03568449197860963,1.0,0.00390625,0.58,0.8865436528418554,ok,0.1328125,False
Dataset_A_CPS-NetFlow-IDS,Cumulative,NonIID_Dirichlet,ASR_Mean_Over_Rounds,FLAME,Krum,10,0.062219251336898394,0.15608556149732622,-0.0938663101604278,2.0,0.005859375,-0.44,-0.6553355962965428,ok,0.1640625,False
Dataset_A_CPS-NetFlow-IDS,Cumulative,NonIID_Dirichlet,ASR_Mean_Over_Rounds,FLTrust,FedAvg,10,0.049208556149732616,0.02653475935828877,0.02267379679144385,1.0,0.00390625,0.6,1.4984047267764642,ok,0.1328125,False
Dataset_A_CPS-NetFlow-IDS,Cumulative,NonIID_Dirichlet,ASR_Mean_Over_Rounds,FLTrust,Krum,10,0.049208556149732616,0.15608556149732622,-0.10687700534759359,4.0,0.013671875,-0.52,-0.6403281390916832,ok,0.35546875,False
Dataset_A_CPS-NetFlow-IDS,Cumulative,NonIID_Dirichlet,ASR_Mean_Over_Rounds,FedAvg,Krum,10,0.02653475935828877,0.15608556149732622,-0.12955080213903744,0.0,0.001953125,-0.8,-0.7844128786200252,ok,0.0703125,False
Dataset_A_CPS-NetFlow-IDS,Cumulative,NonIID_Dirichlet,F1_Final_Round,Adaptive_FixedCircuitBreaker,Adaptive_NoAdaptiveWeighting,10,0.8779138791600893,0.9222814410931985,-0.04436756193310916,0.0,0.25,-0.14,-0.3380960712327821,ok,1.0,False
Dataset_A_CPS-NetFlow-IDS,Cumulative,NonIID_Dirichlet,F1_Final_Round,Adaptive_FixedCircuitBreaker,Adaptive_NoCircuitBreaker,10,0.8779138791600893,0.9201702060373954,-0.04225632687730617,0.0,0.5,-0.11,-0.3204658670253894,ok,1.0,False
Dataset_A_CPS-NetFlow-IDS,Cumulative,NonIID_Dirichlet,F1_Final_Round,Adaptive_FixedCircuitBreaker,Adaptive_NoTemporalMemory,10,0.8779138791600893,0.9196645316172593,-0.04175065245717009,0.0,1.0,-0.09,-0.31622776601683794,ok,1.0,False
Dataset_A_CPS-NetFlow-IDS,Cumulative,NonIID_Dirichlet,F1_Final_Round,Adaptive_FixedCircuitBreaker,Adaptive_Ultimate,10,0.8779138791600893,0.9196645316172593,-0.04175065245717009,0.0,1.0,-0.09,-0.31622776601683794,ok,1.0,False
Dataset_A_CPS-NetFlow-IDS,Cumulative,NonIID_Dirichlet,F1_Final_Round,Adaptive_FixedCircuitBreaker,FLAME,10,0.8779138791600893,0.815674730855387,0.06223914830470227,11.0,0.3828125,0.45,0.24848089859181455,ok,1.0,False
Dataset_A_CPS-NetFlow-IDS,Cumulative,NonIID_Dirichlet,F1_Final_Round,Adaptive_FixedCircuitBreaker,FLTrust,10,0.8779138791600893,0.9196645316172593,-0.04175065245717009,0.0,1.0,-0.09,-0.31622776601683794,ok,1.0,False
Dataset_A_CPS-NetFlow-IDS,Cumulative,NonIID_Dirichlet,F1_Final_Round,Adaptive_FixedCircuitBreaker,FedAvg,10,0.8779138791600893,0.7996145654344622,0.07829931372562716,9.0,0.46875,0.37,0.33899668280382855,ok,1.0,False
Dataset_A_CPS-NetFlow-IDS,Cumulative,NonIID_Dirichlet,F1_Final_Round,Adaptive_FixedCircuitBreaker,Krum,10,0.8779138791600893,0.7817769163386767,0.09613696282141238,8.0,0.09765625,0.6,0.5515723044478155,ok,1.0,False
Dataset_A_CPS-NetFlow-IDS,Cumulative,NonIID_Dirichlet,F1_Final_Round,Adaptive_NoAdaptiveWeighting,Adaptive_NoCircuitBreaker,10,0.9222814410931985,0.9201702060373954,0.0021112350558029846,1.0,0.5,0.04,0.3432747729205008,ok,1.0,False
Dataset_A_CPS-NetFlow-IDS,Cumulative,NonIID_Dirichlet,F1_Final_Round,Adaptive_NoAdaptiveWeighting,Adaptive_NoTemporalMemory,10,0.9222814410931985,0.9196645316172593,0.0026169094759390665,0.0,0.5,0.05,0.4602546075581772,ok,1.0,False
Dataset_A_CPS-NetFlow-IDS,Cumulative,NonIID_Dirichlet,F1_Final_Round,Adaptive_NoAdaptiveWeighting,Adaptive_Ultimate,10,0.9222814410931985,0.9196645316172593,0.0026169094759390665,0.0,0.5,0.05,0.4602546075581772,ok,1.0,False
Dataset_A_CPS-NetFlow-IDS,Cumulative,NonIID_Dirichlet,F1_Final_Round,Adaptive_NoAdaptiveWeighting,FLAME,10,0.9222814410931985,0.815674730855387,0.10660671023781143,4.0,0.0546875,0.66,0.5712655522750409,ok,1.0,False
Dataset_A_CPS-NetFlow-IDS,Cumulative,NonIID_Dirichlet,F1_Final_Round,Adaptive_NoAdaptiveWeighting,FLTrust,10,0.9222814410931985,0.9196645316172593,0.0026169094759390665,0.0,0.5,0.05,0.4602546075581772,ok,1.0,False
Dataset_A_CPS-NetFlow-IDS,Cumulative,NonIID_Dirichlet,F1_Final_Round,Adaptive_NoAdaptiveWeighting,FedAvg,10,0.9222814410931985,0.7996145654344622,0.12266687565873632,1.0,0.03125,0.57,0.790509885620268,ok,1.0,False
Dataset_A_CPS-NetFlow-IDS,Cumulative,NonIID_Dirichlet,F1_Final_Round,Adaptive_NoAdaptiveWeighting,Krum,10,0.9222814410931985,0.7817769163386767,0.14050452475452152,5.0,0.0390625,0.83,0.7436347603803878,ok,1.0,False
Dataset_A_CPS-NetFlow-IDS,Cumulative,NonIID_Dirichlet,F1_Final_Round,Adaptive_NoCircuitBreaker,Adaptive_NoTemporalMemory,10,0.9201702060373954,0.9196645316172593,0.0005056744201360819,0.0,1.0,0.02,0.3162277660168379,ok,1.0,False
Dataset_A_CPS-NetFlow-IDS,Cumulative,NonIID_Dirichlet,F1_Final_Round,Adaptive_NoCircuitBreaker,Adaptive_Ultimate,10,0.9201702060373954,0.9196645316172593,0.0005056744201360819,0.0,1.0,0.02,0.3162277660168379,ok,1.0,False
Dataset_A_CPS-NetFlow-IDS,Cumulative,NonIID_Dirichlet,F1_Final_Round,Adaptive_NoCircuitBreaker,FLAME,10,0.9201702060373954,0.815674730855387,0.10449547518200844,5.0,0.0390625,0.66,0.5505067001461011,ok,1.0,False
Dataset_A_CPS-NetFlow-IDS,Cumulative,NonIID_Dirichlet,F1_Final_Round,Adaptive_NoCircuitBreaker,FLTrust,10,0.9201702060373954,0.9196645316172593,0.0005056744201360819,0.0,1.0,0.02,0.3162277660168379,ok,1.0,False
Dataset_A_CPS-NetFlow-IDS,Cumulative,NonIID_Dirichlet,F1_Final_Round,Adaptive_NoCircuitBreaker,FedAvg,10,0.9201702060373954,0.7996145654344622,0.12055564060293333,2.0,0.09375,0.54,0.7627361592358717,ok,1.0,False
Dataset_A_CPS-NetFlow-IDS,Cumulative,NonIID_Dirichlet,F1_Final_Round,Adaptive_NoCircuitBreaker,Krum,10,0.9201702060373954,0.7817769163386767,0.13839328969871856,6.0,0.02734375,0.81,0.7204906480703555,ok,0.984375,False
Dataset_A_CPS-NetFlow-IDS,Cumulative,NonIID_Dirichlet,F1_Final_Round,Adaptive_NoTemporalMemory,Adaptive_Ultimate,10,0.9196645316172593,0.9196645316172593,0.0,0.0,1.0,0.0,0.0,identical_values,1.0,False
Dataset_A_CPS-NetFlow-IDS,Cumulative,NonIID_Dirichlet,F1_Final_Round,Adaptive_NoTemporalMemory,FLAME,10,0.9196645316172593,0.815674730855387,0.10398980076187236,4.0,0.0546875,0.63,0.5469757971789518,ok,1.0,False
Dataset_A_CPS-NetFlow-IDS,Cumulative,NonIID_Dirichlet,F1_Final_Round,Adaptive_NoTemporalMemory,FLTrust,10,0.9196645316172593,0.9196645316172593,0.0,0.0,1.0,0.0,0.0,identical_values,1.0,False
Dataset_A_CPS-NetFlow-IDS,Cumulative,NonIID_Dirichlet,F1_Final_Round,Adaptive_NoTemporalMemory,FedAvg,10,0.9196645316172593,0.7996145654344622,0.12004996618279726,2.0,0.09375,0.54,0.7626328345308666,ok,1.0,False
Dataset_A_CPS-NetFlow-IDS,Cumulative,NonIID_Dirichlet,F1_Final_Round,Adaptive_NoTemporalMemory,Krum,10,0.9196645316172593,0.7817769163386767,0.13788761527858245,5.0,0.0390625,0.8,0.7163801372036195,ok,1.0,False
Dataset_A_CPS-NetFlow-IDS,Cumulative,NonIID_Dirichlet,F1_Final_Round,Adaptive_Ultimate,FLAME,10,0.9196645316172593,0.815674730855387,0.10398980076187236,4.0,0.0546875,0.63,0.5469757971789518,ok,1.0,False
Dataset_A_CPS-NetFlow-IDS,Cumulative,NonIID_Dirichlet,F1_Final_Round,Adaptive_Ultimate,FLTrust,10,0.9196645316172593,0.9196645316172593,0.0,0.0,1.0,0.0,0.0,identical_values,1.0,False
Dataset_A_CPS-NetFlow-IDS,Cumulative,NonIID_Dirichlet,F1_Final_Round,Adaptive_Ultimate,FedAvg,10,0.9196645316172593,0.7996145654344622,0.12004996618279726,2.0,0.09375,0.54,0.7626328345308666,ok,1.0,False
Dataset_A_CPS-NetFlow-IDS,Cumulative,NonIID_Dirichlet,F1_Final_Round,Adaptive_Ultimate,Krum,10,0.9196645316172593,0.7817769163386767,0.13788761527858245,5.0,0.0390625,0.8,0.7163801372036195,ok,1.0,False
Dataset_A_CPS-NetFlow-IDS,Cumulative,NonIID_Dirichlet,F1_Final_Round,FLAME,FLTrust,10,0.815674730855387,0.9196645316172593,-0.10398980076187236,4.0,0.0546875,-0.63,-0.5469757971789518,ok,1.0,False
Dataset_A_CPS-NetFlow-IDS,Cumulative,NonIID_Dirichlet,F1_Final_Round,FLAME,FedAvg,10,0.815674730855387,0.7996145654344622,0.016060165420924886,20.0,0.8203125,-0.13,0.09895401714142973,ok,1.0,False
Dataset_A_CPS-NetFlow-IDS,Cumulative,NonIID_Dirichlet,F1_Final_Round,FLAME,Krum,10,0.815674730855387,0.7817769163386767,0.03389781451671011,10.0,0.3125,0.28,0.25221028821978586,ok,1.0,False
Dataset_A_CPS-NetFlow-IDS,Cumulative,NonIID_Dirichlet,F1_Final_Round,FLTrust,FedAvg,10,0.9196645316172593,0.7996145654344622,0.12004996618279726,2.0,0.09375,0.54,0.7626328345308666,ok,1.0,False
Dataset_A_CPS-NetFlow-IDS,Cumulative,NonIID_Dirichlet,F1_Final_Round,FLTrust,Krum,10,0.9196645316172593,0.7817769163386767,0.13788761527858245,5.0,0.0390625,0.8,0.7163801372036195,ok,1.0,False
Dataset_A_CPS-NetFlow-IDS,Cumulative,NonIID_Dirichlet,F1_Final_Round,FedAvg,Krum,10,0.7996145654344622,0.7817769163386767,0.017837649095785224,15.0,0.7421875,0.3,0.08429918465683234,ok,1.0,False
Dataset_A_CPS-NetFlow-IDS,Cumulative,NonIID_Dirichlet,ASR_Final_Round,Adaptive_FixedCircuitBreaker,Adaptive_NoAdaptiveWeighting,10,0.06470588235294118,0.031016042780748664,0.033689839572192515,4.5,1.0,0.08,0.29995843645480796,ok,1.0,False
Dataset_A_CPS-NetFlow-IDS,Cumulative,NonIID_Dirichlet,ASR_Final_Round,Adaptive_FixedCircuitBreaker,Adaptive_NoCircuitBreaker,10,0.06470588235294118,0.028877005347593583,0.0358288770053476,0.0,0.5,0.13,0.32152387215954203,ok,1.0,False
Dataset_A_CPS-NetFlow-IDS,Cumulative,NonIID_Dirichlet,ASR_Final_Round,Adaptive_FixedCircuitBreaker,Adaptive_NoTemporalMemory,10,0.06470588235294118,0.029946524064171125,0.034759358288770054,1.0,1.0,0.1,0.3108778906662076,ok,1.0,False
Dataset_A_CPS-NetFlow-IDS,Cumulative,NonIID_Dirichlet,ASR_Final_Round,Adaptive_FixedCircuitBreaker,Adaptive_Ultimate,10,0.06470588235294118,0.029411764705882353,0.03529411764705882,0.0,1.0,0.11,0.3162277660168379,ok,1.0,False
Dataset_A_CPS-NetFlow-IDS,Cumulative,NonIID_Dirichlet,ASR_Final_Round,Adaptive_FixedCircuitBreaker,FLAME,10,0.06470588235294118,0.028342245989304814,0.03636363636363636,9.0,0.46875,0.11,0.32297245880070613,ok,1.0,False
Dataset_A_CPS-NetFlow-IDS,Cumulative,NonIID_Dirichlet,ASR_Final_Round,Adaptive_FixedCircuitBreaker,FLTrust,10,0.06470588235294118,0.03048128342245989,0.034224598930481284,4.5,1.0,0.09,0.30540123109154543,ok,1.0,False
Dataset_A_CPS-NetFlow-IDS,Cumulative,NonIID_Dirichlet,ASR_Final_Round,Adaptive_FixedCircuitBreaker,FedAvg,10,0.06470588235294118,0.011764705882352941,0.052941176470588235,0.0,0.00390625,0.62,0.4974309155841076,ok,0.140625,False
Dataset_A_CPS-NetFlow-IDS,Cumulative,NonIID_Dirichlet,ASR_Final_Round,Adaptive_FixedCircuitBreaker,Krum,10,0.06470588235294118,0.13475935828877003,-0.07005347593582886,8.0,0.09765625,-0.3,-0.7080334067952646,ok,1.0,False
Dataset_A_CPS-NetFlow-IDS,Cumulative,NonIID_Dirichlet,ASR_Final_Round,Adaptive_NoAdaptiveWeighting,Adaptive_NoCircuitBreaker,10,0.031016042780748664,0.028877005347593583,0.0021390374331550803,2.0,0.5,0.05,0.3721042037676254,ok,1.0,False
Dataset_A_CPS-NetFlow-IDS,Cumulative,NonIID_Dirichlet,ASR_Final_Round,Adaptive_NoAdaptiveWeighting,Adaptive_NoTemporalMemory,10,0.031016042780748664,0.029946524064171125,0.0010695187165775401,1.5,0.75,0.03,0.253546276418555,ok,1.0,False
Dataset_A_CPS-NetFlow-IDS,Cumulative,NonIID_Dirichlet,ASR_Final_Round,Adaptive_NoAdaptiveWeighting,Adaptive_Ultimate,10,0.031016042780748664,0.029411764705882353,0.0016042780748663104,1.5,0.75,0.03,0.28319254898739865,ok,1.0,False
Dataset_A_CPS-NetFlow-IDS,Cumulative,NonIID_Dirichlet,ASR_Final_Round,Adaptive_NoAdaptiveWeighting,FLAME,10,0.031016042780748664,0.028342245989304814,0.0026737967914438497,12.5,0.859375,0.06,0.11355167461566966,ok,1.0,False
Dataset_A_CPS-NetFlow-IDS,Cumulative,NonIID_Dirichlet,ASR_Final_Round,Adaptive_NoAdaptiveWeighting,FLTrust,10,0.031016042780748664,0.03048128342245989,0.0005347593582887703,5.0,0.75,0.01,0.13552618543578773,ok,1.0,False
Dataset_A_CPS-NetFlow-IDS,Cumulative,NonIID_Dirichlet,ASR_Final_Round,Adaptive_NoAdaptiveWeighting,FedAvg,10,0.031016042780748664,0.011764705882352941,0.01925133689839572,0.0,0.00390625,0.69,1.2871744954815494,ok,0.140625,False
Dataset_A_CPS-NetFlow-IDS,Cumulative,NonIID_Dirichlet,ASR_Final_Round,Adaptive_NoAdaptiveWeighting,Krum,10,0.031016042780748664,0.13475935828877003,-0.1037433155080214,8.0,0.09765625,-0.38,-0.5704128181090348,ok,1.0,False
Dataset_A_CPS-NetFlow-IDS,Cumulative,NonIID_Dirichlet,ASR_Final_Round,Adaptive_NoCircuitBreaker,Adaptive_NoTemporalMemory,10,0.028877005347593583,0.029946524064171125,-0.0010695187165775401,0.0,0.5,-0.03,-0.4743416490252569,ok,1.0,False
Dataset_A_CPS-NetFlow-IDS,Cumulative,NonIID_Dirichlet,ASR_Final_Round,Adaptive_NoCircuitBreaker,Adaptive_Ultimate,10,0.028877005347593583,0.029411764705882353,-0.0005347593582887701,0.0,1.0,-0.02,-0.31622776601683794,ok,1.0,False
Dataset_A_CPS-NetFlow-IDS,Cumulative,NonIID_Dirichlet,ASR_Final_Round,Adaptive_NoCircuitBreaker,FLAME,10,0.028877005347593583,0.028342245989304814,0.0005347593582887688,18.0,1.0,-0.03,0.019828887937918246,ok,1.0,False
Dataset_A_CPS-NetFlow-IDS,Cumulative,NonIID_Dirichlet,ASR_Final_Round,Adaptive_NoCircuitBreaker,FLTrust,10,0.028877005347593583,0.03048128342245989,-0.0016042780748663104,0.0,0.5,-0.05,-0.4444783184923154,ok,1.0,False
Dataset_A_CPS-NetFlow-IDS,Cumulative,NonIID_Dirichlet,ASR_Final_Round,Adaptive_NoCircuitBreaker,FedAvg,10,0.028877005347593583,0.011764705882352941,0.017112299465240642,0.0,0.0078125,0.58,1.1507119235649221,ok,0.25,False
Dataset_A_CPS-NetFlow-IDS,Cumulative,NonIID_Dirichlet,ASR_Final_Round,Adaptive_NoCircuitBreaker,Krum,10,0.028877005347593583,0.13475935828877003,-0.10588235294117647,8.0,0.09765625,-0.42,-0.5785397166040069,ok,1.0,False
Dataset_A_CPS-NetFlow-IDS,Cumulative,NonIID_Dirichlet,ASR_Final_Round,Adaptive_NoTemporalMemory,Adaptive_Ultimate,10,0.029946524064171125,0.029411764705882353,0.0005347593582887701,0.0,1.0,0.01,0.316227766016838,ok,1.0,False
Dataset_A_CPS-NetFlow-IDS,Cumulative,NonIID_Dirichlet,ASR_Final_Round,Adaptive_NoTemporalMemory,FLAME,10,0.029946524064171125,0.028342245989304814,0.0016042780748663082,13.0,0.9375,0.03,0.06238877657540397,ok,1.0,False
Dataset_A_CPS-NetFlow-IDS,Cumulative,NonIID_Dirichlet,ASR_Final_Round,Adaptive_NoTemporalMemory,FLTrust,10,0.029946524064171125,0.03048128342245989,-0.0005347593582887701,2.5,1.0,-0.03,-0.17616606585441105,ok,1.0,False
Dataset_A_CPS-NetFlow-IDS,Cumulative,NonIID_Dirichlet,ASR_Final_Round,Adaptive_NoTemporalMemory,FedAvg,10,0.029946524064171125,0.011764705882352941,0.01818181818181818,0.0,0.00390625,0.64,1.1825341841884291,ok,0.140625,False
Dataset_A_CPS-NetFlow-IDS,Cumulative,NonIID_Dirichlet,ASR_Final_Round,Adaptive_NoTemporalMemory,Krum,10,0.029946524064171125,0.13475935828877003,-0.10481283422459893,8.0,0.09765625,-0.39,-0.572837184148269,ok,1.0,False
Dataset_A_CPS-NetFlow-IDS,Cumulative,NonIID_Dirichlet,ASR_Final_Round,Adaptive_Ultimate,FLAME,10,0.029411764705882353,0.028342245989304814,0.0010695187165775382,13.0,0.9375,-0.01,0.039770872757074326,ok,1.0,False
Dataset_A_CPS-NetFlow-IDS,Cumulative,NonIID_Dirichlet,ASR_Final_Round,Adaptive_Ultimate,FLTrust,10,0.029411764705882353,0.03048128342245989,-0.0010695187165775401,1.5,0.75,-0.03,-0.253546276418555,ok,1.0,False
Dataset_A_CPS-NetFlow-IDS,Cumulative,NonIID_Dirichlet,ASR_Final_Round,Adaptive_Ultimate,FedAvg,10,0.029411764705882353,0.011764705882352941,0.01764705882352941,0.0,0.0078125,0.59,1.1061625132040849,ok,0.25,False
Dataset_A_CPS-NetFlow-IDS,Cumulative,NonIID_Dirichlet,ASR_Final_Round,Adaptive_Ultimate,Krum,10,0.029411764705882353,0.13475935828877003,-0.1053475935828877,8.0,0.09765625,-0.42,-0.5753313396943631,ok,1.0,False
Dataset_A_CPS-NetFlow-IDS,Cumulative,NonIID_Dirichlet,ASR_Final_Round,FLAME,FLTrust,10,0.028342245989304814,0.03048128342245989,-0.0021390374331550785,17.5,0.96875,-0.04,-0.08885233166386379,ok,1.0,False
Dataset_A_CPS-NetFlow-IDS,Cumulative,NonIID_Dirichlet,ASR_Final_Round,FLAME,FedAvg,10,0.028342245989304814,0.011764705882352941,0.016577540106951873,4.5,0.0625,0.47,0.7198711688214909,ok,1.0,False
Dataset_A_CPS-NetFlow-IDS,Cumulative,NonIID_Dirichlet,ASR_Final_Round,FLAME,Krum,10,0.028342245989304814,0.13475935828877003,-0.10641711229946524,1.0,0.03125,-0.43,-0.5916142030824366,ok,0.90625,False
Dataset_A_CPS-NetFlow-IDS,Cumulative,NonIID_Dirichlet,ASR_Final_Round,FLTrust,FedAvg,10,0.03048128342245989,0.011764705882352941,0.01871657754010695,0.0,0.00390625,0.66,1.3968992209992526,ok,0.140625,False
Dataset_A_CPS-NetFlow-IDS,Cumulative,NonIID_Dirichlet,ASR_Final_Round,FLTrust,Krum,10,0.03048128342245989,0.13475935828877003,-0.10427807486631017,8.0,0.09765625,-0.38,-0.5702366542039454,ok,1.0,False
Dataset_A_CPS-NetFlow-IDS,Cumulative,NonIID_Dirichlet,ASR_Final_Round,FedAvg,Krum,10,0.011764705882352941,0.13475935828877003,-0.12299465240641709,3.5,0.0234375,-0.57,-0.6902070931965993,ok,0.703125,False
Dataset_A_CPS-NetFlow-IDS,OnOff,IID,F1_Mean_Over_Rounds,Adaptive_FixedCircuitBreaker,Adaptive_NoAdaptiveWeighting,10,0.9161698038712812,0.91471257098454,0.0014572328867415551,10.0,0.083984375,0.08,0.5335703224167522,ok,1.0,False
Dataset_A_CPS-NetFlow-IDS,OnOff,IID,F1_Mean_Over_Rounds,Adaptive_FixedCircuitBreaker,Adaptive_NoCircuitBreaker,10,0.9161698038712812,0.9167900544962757,-0.0006202506249943119,6.0,0.21875,-0.05,-0.49839680790214225,ok,1.0,False
Dataset_A_CPS-NetFlow-IDS,OnOff,IID,F1_Mean_Over_Rounds,Adaptive_FixedCircuitBreaker,Adaptive_NoTemporalMemory,10,0.9161698038712812,0.9163488950901479,-0.0001790912188665117,13.0,0.30078125,-0.03,-0.32165335313669285,ok,1.0,False
Dataset_A_CPS-NetFlow-IDS,OnOff,IID,F1_Mean_Over_Rounds,Adaptive_FixedCircuitBreaker,Adaptive_Ultimate,10,0.9161698038712812,0.9162905526538214,-0.00012074878254019206,0.0,0.5,-0.02,-0.3817483685443066,ok,1.0,False
Dataset_A_CPS-NetFlow-IDS,OnOff,IID,F1_Mean_Over_Rounds,Adaptive_FixedCircuitBreaker,FLAME,10,0.9161698038712812,0.8831122043883083,0.033057599482973064,0.0,0.001953125,0.86,1.7401502906187054,ok,0.0703125,False
Dataset_A_CPS-NetFlow-IDS,OnOff,IID,F1_Mean_Over_Rounds,Adaptive_FixedCircuitBreaker,FLTrust,10,0.9161698038712812,0.9167031086305831,-0.0005333047593018114,0.0,0.00390625,-0.11,-1.1613856538964538,ok,0.078125,False
Dataset_A_CPS-NetFlow-IDS,OnOff,IID,F1_Mean_Over_Rounds,Adaptive_FixedCircuitBreaker,FedAvg,10,0.9161698038712812,0.8935342653079527,0.02263553856332856,0.0,0.001953125,0.82,2.1926177883979747,ok,0.0703125,False
Dataset_A_CPS-NetFlow-IDS,OnOff,IID,F1_Mean_Over_Rounds,Adaptive_FixedCircuitBreaker,Krum,10,0.9161698038712812,0.8712187694012272,0.04495103447005413,0.0,0.001953125,0.9,1.9920082060863864,ok,0.0703125,False
Dataset_A_CPS-NetFlow-IDS,OnOff,IID,F1_Mean_Over_Rounds,Adaptive_NoAdaptiveWeighting,Adaptive_NoCircuitBreaker,10,0.91471257098454,0.9167900544962757,-0.002077483511735867,6.0,0.02734375,-0.12,-0.956772882267404,ok,0.41015625,False
Dataset_A_CPS-NetFlow-IDS,OnOff,IID,F1_Mean_Over_Rounds,Adaptive_NoAdaptiveWeighting,Adaptive_NoTemporalMemory,10,0.91471257098454,0.9163488950901479,-0.0016363241056080668,12.0,0.130859375,-0.06,-0.5218858939057966,ok,1.0,False
Dataset_A_CPS-NetFlow-IDS,OnOff,IID,F1_Mean_Over_Rounds,Adaptive_NoAdaptiveWeighting,Adaptive_Ultimate,10,0.91471257098454,0.9162905526538214,-0.0015779816692817472,10.0,0.083984375,-0.08,-0.582057306087884,ok,1.0,False
Dataset_A_CPS-NetFlow-IDS,OnOff,IID,F1_Mean_Over_Rounds,Adaptive_NoAdaptiveWeighting,FLAME,10,0.91471257098454,0.8831122043883083,0.03160036659623151,1.0,0.00390625,0.86,1.7534544376830212,ok,0.078125,False
Dataset_A_CPS-NetFlow-IDS,OnOff,IID,F1_Mean_Over_Rounds,Adaptive_NoAdaptiveWeighting,FLTrust,10,0.91471257098454,0.9167031086305831,-0.0019905376460433665,7.0,0.037109375,-0.14,-0.7794718021022482,ok,0.51953125,False
Dataset_A_CPS-NetFlow-IDS,OnOff,IID,F1_Mean_Over_Rounds,Adaptive_NoAdaptiveWeighting,FedAvg,10,0.91471257098454,0.8935342653079527,0.021178305676587007,0.0,0.001953125,0.8,2.34707057753108,ok,0.0703125,False
Dataset_A_CPS-NetFlow-IDS,OnOff,IID,F1_Mean_Over_Rounds,Adaptive_NoAdaptiveWeighting,Krum,10,0.91471257098454,0.8712187694012272,0.04349380158331258,0.0,0.001953125,0.92,2.011336878093226,ok,0.0703125,False
Dataset_A_CPS-NetFlow-IDS,OnOff,IID,F1_Mean_Over_Rounds,Adaptive_NoCircuitBreaker,Adaptive_NoTemporalMemory,10,0.9167900544962757,0.9163488950901479,0.0004411594061278001,19.0,0.734375,-0.01,0.25351843239385563,ok,1.0,False
Dataset_A_CPS-NetFlow-IDS,OnOff,IID,F1_Mean_Over_Rounds,Adaptive_NoCircuitBreaker,Adaptive_Ultimate,10,0.9167900544962757,0.9162905526538214,0.0004995018424541198,7.0,0.296875,0.05,0.47910951117601286,ok,1.0,False
Dataset_A_CPS-NetFlow-IDS,OnOff,IID,F1_Mean_Over_Rounds,Adaptive_NoCircuitBreaker,FLAME,10,0.9167900544962757,0.8831122043883083,0.03367785010796738,1.0,0.00390625,0.86,1.750858433082352,ok,0.078125,False
Dataset_A_CPS-NetFlow-IDS,OnOff,IID,F1_Mean_Over_Rounds,Adaptive_NoCircuitBreaker,FLTrust,10,0.9167900544962757,0.9167031086305831,8.694586569250041e-05,20.0,0.8203125,-0.01,0.0898032763674626,ok,1.0,False
Dataset_A_CPS-NetFlow-IDS,OnOff,IID,F1_Mean_Over_Rounds,Adaptive_NoCircuitBreaker,FedAvg,10,0.9167900544962757,0.8935342653079527,0.023255789188322874,0.0,0.001953125,0.82,2.2199534554516402,ok,0.0703125,False
Dataset_A_CPS-NetFlow-IDS,OnOff,IID,F1_Mean_Over_Rounds,Adaptive_NoCircuitBreaker,Krum,10,0.9167900544962757,0.8712187694012272,0.045571285095048444,0.0,0.001953125,0.92,2.0578580481337543,ok,0.0703125,False
Dataset_A_CPS-NetFlow-IDS,OnOff,IID,F1_Mean_Over_Rounds,Adaptive_NoTemporalMemory,Adaptive_Ultimate,10,0.9163488950901479,0.9162905526538214,5.834243632631964e-05,15.0,0.42578125,0.03,0.07569196995475155,ok,1.0,False
Dataset_A_CPS-NetFlow-IDS,OnOff,IID,F1_Mean_Over_Rounds,Adaptive_NoTemporalMemory,FLAME,10,0.9163488950901479,0.8831122043883083,0.03323669070183958,0.0,0.001953125,0.86,1.7428545112374518,ok,0.0703125,False
Dataset_A_CPS-NetFlow-IDS,OnOff,IID,F1_Mean_Over_Rounds,Adaptive_NoTemporalMemory,FLTrust,10,0.9163488950901479,0.9167031086305831,-0.00035421354043529973,9.0,0.46875,-0.01,-0.39846966169312287,ok,1.0,False
Dataset_A_CPS-NetFlow-IDS,OnOff,IID,F1_Mean_Over_Rounds,Adaptive_NoTemporalMemory,FedAvg,10,0.9163488950901479,0.8935342653079527,0.022814629782195072,0.0,0.001953125,0.82,2.1976695322664543,ok,0.0703125,False
Dataset_A_CPS-NetFlow-IDS,OnOff,IID,F1_Mean_Over_Rounds,Adaptive_NoTemporalMemory,Krum,10,0.9163488950901479,0.8712187694012272,0.04513012568892064,0.0,0.001953125,0.9,1.983719979148282,ok,0.0703125,False
Dataset_A_CPS-NetFlow-IDS,OnOff,IID,F1_Mean_Over_Rounds,Adaptive_Ultimate,FLAME,10,0.9162905526538214,0.8831122043883083,0.03317834826551326,0.0,0.001953125,0.86,1.7447962395569128,ok,0.0703125,False
Dataset_A_CPS-NetFlow-IDS,OnOff,IID,F1_Mean_Over_Rounds,Adaptive_Ultimate,FLTrust,10,0.9162905526538214,0.9167031086305831,-0.0004125559767616194,1.0,0.0078125,-0.09,-0.9082338370080649,ok,0.1328125,False
Dataset_A_CPS-NetFlow-IDS,OnOff,IID,F1_Mean_Over_Rounds,Adaptive_Ultimate,FedAvg,10,0.9162905526538214,0.8935342653079527,0.022756287345868754,0.0,0.001953125,0.82,2.175348299166706,ok,0.0703125,False
Dataset_A_CPS-NetFlow-IDS,OnOff,IID,F1_Mean_Over_Rounds,Adaptive_Ultimate,Krum,10,0.9162905526538214,0.8712187694012272,0.045071783252594325,0.0,0.001953125,0.9,2.0117937794434475,ok,0.0703125,False
Dataset_A_CPS-NetFlow-IDS,OnOff,IID,F1_Mean_Over_Rounds,FLAME,FLTrust,10,0.8831122043883083,0.9167031086305831,-0.03359090424227488,0.0,0.001953125,-0.88,-1.755921520043461,ok,0.0703125,False
Dataset_A_CPS-NetFlow-IDS,OnOff,IID,F1_Mean_Over_Rounds,FLAME,FedAvg,10,0.8831122043883083,0.8935342653079527,-0.010422060919644505,8.0,0.048828125,-0.38,-0.6607336435041161,ok,0.634765625,False
Dataset_A_CPS-NetFlow-IDS,OnOff,IID,F1_Mean_Over_Rounds,FLAME,Krum,10,0.8831122043883083,0.8712187694012272,0.011893434987081064,13.0,0.16015625,0.28,0.5368698568664836,ok,1.0,False
Dataset_A_CPS-NetFlow-IDS,OnOff,IID,F1_Mean_Over_Rounds,FLTrust,FedAvg,10,0.9167031086305831,0.8935342653079527,0.023168843322630372,0.0,0.001953125,0.82,2.2601368342750576,ok,0.0703125,False
Dataset_A_CPS-NetFlow-IDS,OnOff,IID,F1_Mean_Over_Rounds,FLTrust,Krum,10,0.9167031086305831,0.8712187694012272,0.04548433922935594,0.0,0.001953125,0.9,2.02507159015812,ok,0.0703125,False
Dataset_A_CPS-NetFlow-IDS,OnOff,IID,F1_Mean_Over_Rounds,FedAvg,Krum,10,0.8935342653079527,0.8712187694012272,0.022315495906725567,5.0,0.01953125,0.58,0.9270159376589193,ok,0.3125,False
Dataset_A_CPS-NetFlow-IDS,OnOff,IID,ASR_Mean_Over_Rounds,Adaptive_FixedCircuitBreaker,Adaptive_NoAdaptiveWeighting,10,0.043973262032085556,0.04364171122994652,0.0003315508021390374,8.0,0.1953125,0.04,0.36894305816747885,ok,1.0,False
Dataset_A_CPS-NetFlow-IDS,OnOff,IID,ASR_Mean_Over_Rounds,Adaptive_FixedCircuitBreaker,Adaptive_NoCircuitBreaker,10,0.043973262032085556,0.04285026737967914,0.001122994652406417,4.0,0.0546875,0.04,0.7772448707074853,ok,0.765625,False
Dataset_A_CPS-NetFlow-IDS,OnOff,IID,ASR_Mean_Over_Rounds,Adaptive_FixedCircuitBreaker,Adaptive_NoTemporalMemory,10,0.043973262032085556,0.043727272727272726,0.000245989304812836,9.5,0.265625,0.02,0.4389476396474702,ok,1.0,False
Dataset_A_CPS-NetFlow-IDS,OnOff,IID,ASR_Mean_Over_Rounds,Adaptive_FixedCircuitBreaker,Adaptive_Ultimate,10,0.043973262032085556,0.043598930481283424,0.0003743315508021386,0.0,0.25,0.03,0.6123724356957945,ok,1.0,False
Dataset_A_CPS-NetFlow-IDS,OnOff,IID,ASR_Mean_Over_Rounds,Adaptive_FixedCircuitBreaker,FLAME,10,0.043973262032085556,0.11416042780748663,-0.07018716577540106,0.0,0.001953125,-0.92,-1.9376464619988463,ok,0.0703125,False
Dataset_A_CPS-NetFlow-IDS,OnOff,IID,ASR_Mean_Over_Rounds,Adaptive_FixedCircuitBreaker,FLTrust,10,0.043973262032085556,0.0433475935828877,0.0006256684491978609,9.0,0.25,0.02,0.5566451984114879,ok,1.0,False
Dataset_A_CPS-NetFlow-IDS,OnOff,IID,ASR_Mean_Over_Rounds,Adaptive_FixedCircuitBreaker,FedAvg,10,0.043973262032085556,0.06127272727272727,-0.017299465240641708,1.0,0.00390625,-0.38,-1.3570327830396156,ok,0.08203125,False
Dataset_A_CPS-NetFlow-IDS,OnOff,IID,ASR_Mean_Over_Rounds,Adaptive_FixedCircuitBreaker,Krum,10,0.043973262032085556,0.10144385026737968,-0.05747058823529412,0.0,0.001953125,-0.76,-1.6919144110067998,ok,0.0703125,False
Dataset_A_CPS-NetFlow-IDS,OnOff,IID,ASR_Mean_Over_Rounds,Adaptive_NoAdaptiveWeighting,Adaptive_NoCircuitBreaker,10,0.04364171122994652,0.04285026737967914,0.0007914438502673798,8.0,0.1953125,0.02,0.5678510850126698,ok,1.0,False
Dataset_A_CPS-NetFlow-IDS,OnOff,IID,ASR_Mean_Over_Rounds,Adaptive_NoAdaptiveWeighting,Adaptive_NoTemporalMemory,10,0.04364171122994652,0.043727272727272726,-8.556149732620137e-05,13.5,0.3203125,-0.05,-0.07450685986228353,ok,1.0,False
Dataset_A_CPS-NetFlow-IDS,OnOff,IID,ASR_Mean_Over_Rounds,Adaptive_NoAdaptiveWeighting,Adaptive_Ultimate,10,0.04364171122994652,0.043598930481283424,4.2780748663101206e-05,10.0,0.3125,-0.04,0.047605555892577596,ok,1.0,False
Dataset_A_CPS-NetFlow-IDS,OnOff,IID,ASR_Mean_Over_Rounds,Adaptive_NoAdaptiveWeighting,FLAME,10,0.04364171122994652,0.11416042780748663,-0.07051871657754011,0.0,0.001953125,-0.92,-1.931648902916742,ok,0.0703125,False
Dataset_A_CPS-NetFlow-IDS,OnOff,IID,ASR_Mean_Over_Rounds,Adaptive_NoAdaptiveWeighting,FLTrust,10,0.04364171122994652,0.0433475935828877,0.0002941176470588235,21.0,0.91015625,-0.03,0.24839427673334463,ok,1.0,False
Dataset_A_CPS-NetFlow-IDS,OnOff,IID,ASR_Mean_Over_Rounds,Adaptive_NoAdaptiveWeighting,FedAvg,10,0.04364171122994652,0.06127272727272727,-0.01763101604278075,0.0,0.00390625,-0.39,-1.3557915840560884,ok,0.08203125,False
Dataset_A_CPS-NetFlow-IDS,OnOff,IID,ASR_Mean_Over_Rounds,Adaptive_NoAdaptiveWeighting,Krum,10,0.04364171122994652,0.10144385026737968,-0.05780213903743316,0.0,0.001953125,-0.76,-1.6716812076062733,ok,0.0703125,False
Dataset_A_CPS-NetFlow-IDS,OnOff,IID,ASR_Mean_Over_Rounds,Adaptive_NoCircuitBreaker,Adaptive_NoTemporalMemory,10,0.04285026737967914,0.043727272727272726,-0.0008770053475935811,5.0,0.0390625,-0.05,-0.7279189764314529,ok,0.5859375,False
Dataset_A_CPS-NetFlow-IDS,OnOff,IID,ASR_Mean_Over_Rounds,Adaptive_NoCircuitBreaker,Adaptive_Ultimate,10,0.04285026737967914,0.043598930481283424,-0.0007486631016042786,6.0,0.109375,-0.04,-0.6674238124719145,ok,1.0,False
Dataset_A_CPS-NetFlow-IDS,OnOff,IID,ASR_Mean_Over_Rounds,Adaptive_NoCircuitBreaker,FLAME,10,0.04285026737967914,0.11416042780748663,-0.0713101604278075,0.0,0.001953125,-0.92,-1.9599063995120742,ok,0.0703125,False
Dataset_A_CPS-NetFlow-IDS,OnOff,IID,ASR_Mean_Over_Rounds,Adaptive_NoCircuitBreaker,FLTrust,10,0.04285026737967914,0.0433475935828877,-0.0004973262032085563,4.5,0.03125,-0.07,-0.6594252262078507,ok,0.5,False
Dataset_A_CPS-NetFlow-IDS,OnOff,IID,ASR_Mean_Over_Rounds,Adaptive_NoCircuitBreaker,FedAvg,10,0.04285026737967914,0.06127272727272727,-0.01842245989304813,0.0,0.001953125,-0.46,-1.377079194882653,ok,0.0703125,False
Dataset_A_CPS-NetFlow-IDS,OnOff,IID,ASR_Mean_Over_Rounds,Adaptive_NoCircuitBreaker,Krum,10,0.04285026737967914,0.10144385026737968,-0.058593582887700536,0.0,0.001953125,-0.78,-1.7051975785124276,ok,0.0703125,False
Dataset_A_CPS-NetFlow-IDS,OnOff,IID,ASR_Mean_Over_Rounds,Adaptive_NoTemporalMemory,Adaptive_Ultimate,10,0.043727272727272726,0.043598930481283424,0.0001283422459893026,11.5,0.3984375,0.02,0.38245966458420005,ok,1.0,False
Dataset_A_CPS-NetFlow-IDS,OnOff,IID,ASR_Mean_Over_Rounds,Adaptive_NoTemporalMemory,FLAME,10,0.043727272727272726,0.11416042780748663,-0.07043315508021392,0.0,0.001953125,-0.92,-1.932975851859731,ok,0.0703125,False
Dataset_A_CPS-NetFlow-IDS,OnOff,IID,ASR_Mean_Over_Rounds,Adaptive_NoTemporalMemory,FLTrust,10,0.043727272727272726,0.0433475935828877,0.0003796791443850249,4.0,0.21875,0.02,0.45673043951192055,ok,1.0,False
Dataset_A_CPS-NetFlow-IDS,OnOff,IID,ASR_Mean_Over_Rounds,Adaptive_NoTemporalMemory,FedAvg,10,0.043727272727272726,0.06127272727272727,-0.017545454545454548,1.0,0.00390625,-0.4,-1.3424180954900242,ok,0.08203125,False
Dataset_A_CPS-NetFlow-IDS,OnOff,IID,ASR_Mean_Over_Rounds,Adaptive_NoTemporalMemory,Krum,10,0.043727272727272726,0.10144385026737968,-0.05771657754010695,0.0,0.001953125,-0.78,-1.6949150337092285,ok,0.0703125,False
Dataset_A_CPS-NetFlow-IDS,OnOff,IID,ASR_Mean_Over_Rounds,Adaptive_Ultimate,FLAME,10,0.043598930481283424,0.11416042780748663,-0.07056149732620322,0.0,0.001953125,-0.92,-1.9296654661386015,ok,0.0703125,False
Dataset_A_CPS-NetFlow-IDS,OnOff,IID,ASR_Mean_Over_Rounds,Adaptive_Ultimate,FLTrust,10,0.043598930481283424,0.0433475935828877,0.0002513368983957223,11.0,0.3828125,0.02,0.33997130688695604,ok,1.0,False
Dataset_A_CPS-NetFlow-IDS,OnOff,IID,ASR_Mean_Over_Rounds,Adaptive_Ultimate,FedAvg,10,0.043598930481283424,0.06127272727272727,-0.017673796791443853,1.0,0.00390625,-0.4,-1.340449419458216,ok,0.08203125,False
Dataset_A_CPS-NetFlow-IDS,OnOff,IID,ASR_Mean_Over_Rounds,Adaptive_Ultimate,Krum,10,0.043598930481283424,0.10144385026737968,-0.05784491978609626,0.0,0.001953125,-0.78,-1.687566254938327,ok,0.0703125,False
Dataset_A_CPS-NetFlow-IDS,OnOff,IID,ASR_Mean_Over_Rounds,FLAME,FLTrust,10,0.11416042780748663,0.0433475935828877,0.07081283422459893,0.0,0.001953125,0.92,1.9426904958189015,ok,0.0703125,False
Dataset_A_CPS-NetFlow-IDS,OnOff,IID,ASR_Mean_Over_Rounds,FLAME,FedAvg,10,0.11416042780748663,0.06127272727272727,0.052887700534759365,0.0,0.001953125,0.68,1.9178924009079332,ok,0.0703125,False
Dataset_A_CPS-NetFlow-IDS,OnOff,IID,ASR_Mean_Over_Rounds,FLAME,Krum,10,0.11416042780748663,0.10144385026737968,0.012716577540106952,15.0,0.232421875,0.08,0.418791107229437,ok,1.0,False
Dataset_A_CPS-NetFlow-IDS,OnOff,IID,ASR_Mean_Over_Rounds,FLTrust,FedAvg,10,0.0433475935828877,0.06127272727272727,-0.017925133689839574,1.0,0.00390625,-0.42,-1.3385037883227742,ok,0.08203125,False
Dataset_A_CPS-NetFlow-IDS,OnOff,IID,ASR_Mean_Over_Rounds,FLTrust,Krum,10,0.0433475935828877,0.10144385026737968,-0.05809625668449199,0.0,0.001953125,-0.78,-1.6811120565382418,ok,0.0703125,False
Dataset_A_CPS-NetFlow-IDS,OnOff,IID,ASR_Mean_Over_Rounds,FedAvg,Krum,10,0.06127272727272727,0.10144385026737968,-0.04017112299465241,0.0,0.001953125,-0.54,-1.3898730422504055,ok,0.0703125,False
Dataset_A_CPS-NetFlow-IDS,OnOff,IID,F1_Final_Round,Adaptive_FixedCircuitBreaker,Adaptive_NoAdaptiveWeighting,10,0.9425351610786017,0.9435413199896262,-0.0010061589110244129,0.0,1.0,-0.02,-0.3162277660168379,ok,1.0,False
Dataset_A_CPS-NetFlow-IDS,OnOff,IID,F1_Final_Round,Adaptive_FixedCircuitBreaker,Adaptive_NoCircuitBreaker,10,0.9425351610786017,0.9455714565345916,-0.0030362954559900015,2.0,0.1875,-0.08,-0.5491426724385065,ok,1.0,False
Dataset_A_CPS-NetFlow-IDS,OnOff,IID,F1_Final_Round,Adaptive_FixedCircuitBreaker,Adaptive_NoTemporalMemory,10,0.9425351610786017,0.9435534113067254,-0.0010182502281237404,0.0,0.5,-0.05,-0.47425628102398454,ok,1.0,False
Dataset_A_CPS-NetFlow-IDS,OnOff,IID,F1_Final_Round,Adaptive_FixedCircuitBreaker,Adaptive_Ultimate,10,0.9425351610786017,0.9435413199896262,-0.0010061589110244129,0.0,1.0,-0.02,-0.3162277660168379,ok,1.0,False
Dataset_A_CPS-NetFlow-IDS,OnOff,IID,F1_Final_Round,Adaptive_FixedCircuitBreaker,FLAME,10,0.9425351610786017,0.8793188561271889,0.0632163049514127,0.0,0.001953125,0.95,1.130141561771023,ok,0.0703125,False
Dataset_A_CPS-NetFlow-IDS,OnOff,IID,F1_Final_Round,Adaptive_FixedCircuitBreaker,FLTrust,10,0.9425351610786017,0.9450481124152755,-0.0025129513366739854,1.0,0.25,-0.07,-0.4531320410238836,ok,1.0,False
Dataset_A_CPS-NetFlow-IDS,OnOff,IID,F1_Final_Round,Adaptive_FixedCircuitBreaker,FedAvg,10,0.9425351610786017,0.9338456461376806,0.008689514940920929,0.0,0.0078125,0.36,1.217787199265981,ok,0.15625,False
Dataset_A_CPS-NetFlow-IDS,OnOff,IID,F1_Final_Round,Adaptive_FixedCircuitBreaker,Krum,10,0.9425351610786017,0.8386125608356064,0.10392260024299509,0.0,0.001953125,1.0,1.6189165785392625,ok,0.0703125,False
Dataset_A_CPS-NetFlow-IDS,OnOff,IID,F1_Final_Round,Adaptive_NoAdaptiveWeighting,Adaptive_NoCircuitBreaker,10,0.9435413199896262,0.9455714565345916,-0.0020301365449655884,2.0,0.375,-0.06,-0.4061312305971076,ok,1.0,False
Dataset_A_CPS-NetFlow-IDS,OnOff,IID,F1_Final_Round,Adaptive_NoAdaptiveWeighting,Adaptive_NoTemporalMemory,10,0.9435413199896262,0.9435534113067254,-1.2091317099327536e-05,1.0,1.0,-0.02,-0.005012139657655126,ok,1.0,False
Dataset_A_CPS-NetFlow-IDS,OnOff,IID,F1_Final_Round,Adaptive_NoAdaptiveWeighting,Adaptive_Ultimate,10,0.9435413199896262,0.9435413199896262,0.0,0.0,1.0,0.0,0.0,identical_values,1.0,False
Dataset_A_CPS-NetFlow-IDS,OnOff,IID,F1_Final_Round,Adaptive_NoAdaptiveWeighting,FLAME,10,0.9435413199896262,0.8793188561271889,0.06422246386243712,0.0,0.001953125,1.0,1.1686996955542086,ok,0.0703125,False
Dataset_A_CPS-NetFlow-IDS,OnOff,IID,F1_Final_Round,Adaptive_NoAdaptiveWeighting,FLTrust,10,0.9435413199896262,0.9450481124152755,-0.0015067924256495723,1.0,0.5,-0.05,-0.3075682512675272,ok,1.0,False
Dataset_A_CPS-NetFlow-IDS,OnOff,IID,F1_Final_Round,Adaptive_NoAdaptiveWeighting,FedAvg,10,0.9435413199896262,0.9338456461376806,0.00969567385194534,0.0,0.0078125,0.39,1.335745971110259,ok,0.15625,False
Dataset_A_CPS-NetFlow-IDS,OnOff,IID,F1_Final_Round,Adaptive_NoAdaptiveWeighting,Krum,10,0.9435413199896262,0.8386125608356064,0.10492875915401952,0.0,0.001953125,1.0,1.6602160668302348,ok,0.0703125,False
Dataset_A_CPS-NetFlow-IDS,OnOff,IID,F1_Final_Round,Adaptive_NoCircuitBreaker,Adaptive_NoTemporalMemory,10,0.9455714565345916,0.9435534113067254,0.002018045227866261,6.0,0.4375,0.05,0.3632642486793164,ok,1.0,False
Dataset_A_CPS-NetFlow-IDS,OnOff,IID,F1_Final_Round,Adaptive_NoCircuitBreaker,Adaptive_Ultimate,10,0.9455714565345916,0.9435413199896262,0.0020301365449655884,2.0,0.375,0.06,0.4061312305971076,ok,1.0,False
Dataset_A_CPS-NetFlow-IDS,OnOff,IID,F1_Final_Round,Adaptive_NoCircuitBreaker,FLAME,10,0.9455714565345916,0.8793188561271889,0.0662526004074027,0.0,0.001953125,1.0,1.1467681565454688,ok,0.0703125,False
Dataset_A_CPS-NetFlow-IDS,OnOff,IID,F1_Final_Round,Adaptive_NoCircuitBreaker,FLTrust,10,0.9455714565345916,0.9450481124152755,0.000523344119316016,0.0,1.0,0.03,0.3162277660168379,ok,1.0,False
Dataset_A_CPS-NetFlow-IDS,OnOff,IID,F1_Final_Round,Adaptive_NoCircuitBreaker,FedAvg,10,0.9455714565345916,0.9338456461376806,0.01172581039691093,0.0,0.00390625,0.46,1.3222830481015198,ok,0.0859375,False
Dataset_A_CPS-NetFlow-IDS,OnOff,IID,F1_Final_Round,Adaptive_NoCircuitBreaker,Krum,10,0.9455714565345916,0.8386125608356064,0.10695889569898509,0.0,0.001953125,1.0,1.6591678836423704,ok,0.0703125,False
Dataset_A_CPS-NetFlow-IDS,OnOff,IID,F1_Final_Round,Adaptive_NoTemporalMemory,Adaptive_Ultimate,10,0.9435534113067254,0.9435413199896262,1.2091317099327536e-05,1.0,1.0,0.02,0.005012139657655126,ok,1.0,False
Dataset_A_CPS-NetFlow-IDS,OnOff,IID,F1_Final_Round,Adaptive_NoTemporalMemory,FLAME,10,0.9435534113067254,0.8793188561271889,0.06423455517953644,0.0,0.001953125,0.98,1.1537695222110351,ok,0.0703125,False
Dataset_A_CPS-NetFlow-IDS,OnOff,IID,F1_Final_Round,Adaptive_NoTemporalMemory,FLTrust,10,0.9435534113067254,0.9450481124152755,-0.001494701108550245,5.0,0.625,-0.03,-0.27352876201617965,ok,1.0,False
Dataset_A_CPS-NetFlow-IDS,OnOff,IID,F1_Final_Round,Adaptive_NoTemporalMemory,FedAvg,10,0.9435534113067254,0.9338456461376806,0.009707765169044669,0.0,0.0078125,0.38,1.2078540939115099,ok,0.15625,False
Dataset_A_CPS-NetFlow-IDS,OnOff,IID,F1_Final_Round,Adaptive_NoTemporalMemory,Krum,10,0.9435534113067254,0.8386125608356064,0.10494085047111883,0.0,0.001953125,1.0,1.6615612286392338,ok,0.0703125,False
Dataset_A_CPS-NetFlow-IDS,OnOff,IID,F1_Final_Round,Adaptive_Ultimate,FLAME,10,0.9435413199896262,0.8793188561271889,0.06422246386243712,0.0,0.001953125,1.0,1.1686996955542086,ok,0.0703125,False
Dataset_A_CPS-NetFlow-IDS,OnOff,IID,F1_Final_Round,Adaptive_Ultimate,FLTrust,10,0.9435413199896262,0.9450481124152755,-0.0015067924256495723,1.0,0.5,-0.05,-0.3075682512675272,ok,1.0,False
Dataset_A_CPS-NetFlow-IDS,OnOff,IID,F1_Final_Round,Adaptive_Ultimate,FedAvg,10,0.9435413199896262,0.9338456461376806,0.00969567385194534,0.0,0.0078125,0.39,1.335745971110259,ok,0.15625,False
Dataset_A_CPS-NetFlow-IDS,OnOff,IID,F1_Final_Round,Adaptive_Ultimate,Krum,10,0.9435413199896262,0.8386125608356064,0.10492875915401952,0.0,0.001953125,1.0,1.6602160668302348,ok,0.0703125,False
Dataset_A_CPS-NetFlow-IDS,OnOff,IID,F1_Final_Round,FLAME,FLTrust,10,0.8793188561271889,0.9450481124152755,-0.0657292562880867,0.0,0.001953125,-1.0,-1.1404464648079162,ok,0.0703125,False
Dataset_A_CPS-NetFlow-IDS,OnOff,IID,F1_Final_Round,FLAME,FedAvg,10,0.8793188561271889,0.9338456461376806,-0.05452679001049178,0.0,0.001953125,-0.86,-1.0624943508784808,ok,0.0703125,False
Dataset_A_CPS-NetFlow-IDS,OnOff,IID,F1_Final_Round,FLAME,Krum,10,0.8793188561271889,0.8386125608356064,0.04070629529158239,7.0,0.037109375,0.47,0.7919173079562538,ok,0.59375,False
Dataset_A_CPS-NetFlow-IDS,OnOff,IID,F1_Final_Round,FLTrust,FedAvg,10,0.9450481124152755,0.9338456461376806,0.011202466277594914,0.0,0.00390625,0.46,1.277069586630225,ok,0.0859375,False
Dataset_A_CPS-NetFlow-IDS,OnOff,IID,F1_Final_Round,FLTrust,Krum,10,0.9450481124152755,0.8386125608356064,0.10643555157966907,0.0,0.001953125,1.0,1.6385865248686557,ok,0.0703125,False
Dataset_A_CPS-NetFlow-IDS,OnOff,IID,F1_Final_Round,FedAvg,Krum,10,0.9338456461376806,0.8386125608356064,0.09523308530207417,0.0,0.001953125,1.0,1.5383781520048412,ok,0.0703125,False
Dataset_A_CPS-NetFlow-IDS,OnOff,IID,ASR_Final_Round,Adaptive_FixedCircuitBreaker,Adaptive_NoAdaptiveWeighting,10,0.034224598930481284,0.033155080213903745,0.0010695187165775401,0.0,1.0,0.05,0.31622776601683794,ok,1.0,False
Dataset_A_CPS-NetFlow-IDS,OnOff,IID,ASR_Final_Round,Adaptive_FixedCircuitBreaker,Adaptive_NoCircuitBreaker,10,0.034224598930481284,0.031016042780748664,0.003208556149732621,2.0,0.1875,0.16,0.558156305651438,ok,1.0,False
Dataset_A_CPS-NetFlow-IDS,OnOff,IID,ASR_Final_Round,Adaptive_FixedCircuitBreaker,Adaptive_NoTemporalMemory,10,0.034224598930481284,0.033689839572192515,0.0005347593582887701,0.0,1.0,0.02,0.31622776601683794,ok,1.0,False
Dataset_A_CPS-NetFlow-IDS,OnOff,IID,ASR_Final_Round,Adaptive_FixedCircuitBreaker,Adaptive_Ultimate,10,0.034224598930481284,0.033155080213903745,0.0010695187165775401,0.0,1.0,0.05,0.31622776601683794,ok,1.0,False
Dataset_A_CPS-NetFlow-IDS,OnOff,IID,ASR_Final_Round,Adaptive_FixedCircuitBreaker,FLAME,10,0.034224598930481284,0.4978609625668449,-0.4636363636363637,0.0,0.001953125,-1.0,-3.8627340244872603,ok,0.0703125,False
Dataset_A_CPS-NetFlow-IDS,OnOff,IID,ASR_Final_Round,Adaptive_FixedCircuitBreaker,FLTrust,10,0.034224598930481284,0.032620320855614976,0.0016042780748663104,1.0,0.5,0.09,0.31622776601683794,ok,1.0,False
Dataset_A_CPS-NetFlow-IDS,OnOff,IID,ASR_Final_Round,Adaptive_FixedCircuitBreaker,FedAvg,10,0.034224598930481284,0.10481283422459893,-0.07058823529411765,0.0,0.001953125,-0.88,-0.9888881259360742,ok,0.0703125,False
Dataset_A_CPS-NetFlow-IDS,OnOff,IID,ASR_Final_Round,Adaptive_FixedCircuitBreaker,Krum,10,0.034224598930481284,0.45614973262032077,-0.42192513368983964,0.0,0.001953125,-1.0,-3.953299660159626,ok,0.0703125,False
Dataset_A_CPS-NetFlow-IDS,OnOff,IID,ASR_Final_Round,Adaptive_NoAdaptiveWeighting,Adaptive_NoCircuitBreaker,10,0.033155080213903745,0.031016042780748664,0.0021390374331550803,2.0,0.375,0.13,0.4140393356054125,ok,1.0,False
Dataset_A_CPS-NetFlow-IDS,OnOff,IID,ASR_Final_Round,Adaptive_NoAdaptiveWeighting,Adaptive_NoTemporalMemory,10,0.033155080213903745,0.033689839572192515,-0.0005347593582887701,0.0,1.0,-0.04,-0.31622776601683794,ok,1.0,False
Dataset_A_CPS-NetFlow-IDS,OnOff,IID,ASR_Final_Round,Adaptive_NoAdaptiveWeighting,Adaptive_Ultimate,10,0.033155080213903745,0.033155080213903745,0.0,0.0,1.0,0.0,0.0,identical_values,1.0,False
Dataset_A_CPS-NetFlow-IDS,OnOff,IID,ASR_Final_Round,Adaptive_NoAdaptiveWeighting,FLAME,10,0.033155080213903745,0.4978609625668449,-0.4647058823529412,0.0,0.001953125,-1.0,-3.8936911996718395,ok,0.0703125,False
Dataset_A_CPS-NetFlow-IDS,OnOff,IID,ASR_Final_Round,Adaptive_NoAdaptiveWeighting,FLTrust,10,0.033155080213903745,0.032620320855614976,0.00053475935828877,1.0,1.0,0.06,0.13552618543578762,ok,1.0,False
Dataset_A_CPS-NetFlow-IDS,OnOff,IID,ASR_Final_Round,Adaptive_NoAdaptiveWeighting,FedAvg,10,0.033155080213903745,0.10481283422459893,-0.07165775401069517,0.0,0.001953125,-0.91,-1.0170210407041844,ok,0.0703125,False
Dataset_A_CPS-NetFlow-IDS,OnOff,IID,ASR_Final_Round,Adaptive_NoAdaptiveWeighting,Krum,10,0.033155080213903745,0.45614973262032077,-0.42299465240641715,0.0,0.001953125,-1.0,-3.969970756172442,ok,0.0703125,False
Dataset_A_CPS-NetFlow-IDS,OnOff,IID,ASR_Final_Round,Adaptive_NoCircuitBreaker,Adaptive_NoTemporalMemory,10,0.031016042780748664,0.033689839572192515,-0.00267379679144385,3.0,0.3125,-0.16,-0.5144957554275263,ok,1.0,False
Dataset_A_CPS-NetFlow-IDS,OnOff,IID,ASR_Final_Round,Adaptive_NoCircuitBreaker,Adaptive_Ultimate,10,0.031016042780748664,0.033155080213903745,-0.0021390374331550803,2.0,0.375,-0.13,-0.4140393356054125,ok,1.0,False
Dataset_A_CPS-NetFlow-IDS,OnOff,IID,ASR_Final_Round,Adaptive_NoCircuitBreaker,FLAME,10,0.031016042780748664,0.4978609625668449,-0.4668449197860963,0.0,0.001953125,-1.0,-3.9437672825201315,ok,0.0703125,False
Dataset_A_CPS-NetFlow-IDS,OnOff,IID,ASR_Final_Round,Adaptive_NoCircuitBreaker,FLTrust,10,0.031016042780748664,0.032620320855614976,-0.0016042780748663104,0.0,0.5,-0.08,-0.4444783184923153,ok,1.0,False
Dataset_A_CPS-NetFlow-IDS,OnOff,IID,ASR_Final_Round,Adaptive_NoCircuitBreaker,FedAvg,10,0.031016042780748664,0.10481283422459893,-0.07379679144385026,0.0,0.001953125,-0.93,-1.1003480145106734,ok,0.0703125,False
Dataset_A_CPS-NetFlow-IDS,OnOff,IID,ASR_Final_Round,Adaptive_NoCircuitBreaker,Krum,10,0.031016042780748664,0.45614973262032077,-0.42513368983957217,0.0,0.001953125,-1.0,-4.031097869775575,ok,0.0703125,False
Dataset_A_CPS-NetFlow-IDS,OnOff,IID,ASR_Final_Round,Adaptive_NoTemporalMemory,Adaptive_Ultimate,10,0.033689839572192515,0.033155080213903745,0.0005347593582887701,0.0,1.0,0.04,0.31622776601683794,ok,1.0,False
Dataset_A_CPS-NetFlow-IDS,OnOff,IID,ASR_Final_Round,Adaptive_NoTemporalMemory,FLAME,10,0.033689839572192515,0.4978609625668449,-0.4641711229946524,0.0,0.001953125,-1.0,-3.878540178933622,ok,0.0703125,False
Dataset_A_CPS-NetFlow-IDS,OnOff,IID,ASR_Final_Round,Adaptive_NoTemporalMemory,FLTrust,10,0.033689839572192515,0.032620320855614976,0.0010695187165775401,2.0,0.75,0.09,0.25354627641855493,ok,1.0,False
Dataset_A_CPS-NetFlow-IDS,OnOff,IID,ASR_Final_Round,Adaptive_NoTemporalMemory,FedAvg,10,0.033689839572192515,0.10481283422459893,-0.07112299465240642,0.0,0.001953125,-0.9,-1.0031270241398325,ok,0.0703125,False
Dataset_A_CPS-NetFlow-IDS,OnOff,IID,ASR_Final_Round,Adaptive_NoTemporalMemory,Krum,10,0.033689839572192515,0.45614973262032077,-0.42245989304812837,0.0,0.001953125,-1.0,-3.9621250459596964,ok,0.0703125,False
Dataset_A_CPS-NetFlow-IDS,OnOff,IID,ASR_Final_Round,Adaptive_Ultimate,FLAME,10,0.033155080213903745,0.4978609625668449,-0.4647058823529412,0.0,0.001953125,-1.0,-3.8936911996718395,ok,0.0703125,False
Dataset_A_CPS-NetFlow-IDS,OnOff,IID,ASR_Final_Round,Adaptive_Ultimate,FLTrust,10,0.033155080213903745,0.032620320855614976,0.00053475935828877,1.0,1.0,0.06,0.13552618543578762,ok,1.0,False
Dataset_A_CPS-NetFlow-IDS,OnOff,IID,ASR_Final_Round,Adaptive_Ultimate,FedAvg,10,0.033155080213903745,0.10481283422459893,-0.07165775401069517,0.0,0.001953125,-0.91,-1.0170210407041844,ok,0.0703125,False
Dataset_A_CPS-NetFlow-IDS,OnOff,IID,ASR_Final_Round,Adaptive_Ultimate,Krum,10,0.033155080213903745,0.45614973262032077,-0.42299465240641715,0.0,0.001953125,-1.0,-3.969970756172442,ok,0.0703125,False
Dataset_A_CPS-NetFlow-IDS,OnOff,IID,ASR_Final_Round,FLAME,FLTrust,10,0.4978609625668449,0.032620320855614976,0.46524064171123003,0.0,0.001953125,1.0,3.973749048705295,ok,0.0703125,False
Dataset_A_CPS-NetFlow-IDS,OnOff,IID,ASR_Final_Round,FLAME,FedAvg,10,0.4978609625668449,0.10481283422459893,0.393048128342246,0.0,0.001953125,1.0,3.230617519410843,ok,0.0703125,False
Dataset_A_CPS-NetFlow-IDS,OnOff,IID,ASR_Final_Round,FLAME,Krum,10,0.4978609625668449,0.45614973262032077,0.04171122994652407,24.5,0.79296875,0.17,0.22477566878342395,ok,1.0,False
Dataset_A_CPS-NetFlow-IDS,OnOff,IID,ASR_Final_Round,FLTrust,FedAvg,10,0.032620320855614976,0.10481283422459893,-0.07219251336898394,0.0,0.001953125,-0.93,-1.0547089583269773,ok,0.0703125,False
Dataset_A_CPS-NetFlow-IDS,OnOff,IID,ASR_Final_Round,FLTrust,Krum,10,0.032620320855614976,0.45614973262032077,-0.4235294117647059,0.0,0.001953125,-1.0,-3.9547305365879573,ok,0.0703125,False
Dataset_A_CPS-NetFlow-IDS,OnOff,IID,ASR_Final_Round,FedAvg,Krum,10,0.10481283422459893,0.45614973262032077,-0.35133689839572185,0.0,0.001953125,-1.0,-3.2614843125701607,ok,0.0703125,False
Dataset_A_CPS-NetFlow-IDS,OnOff,NonIID_Dirichlet,F1_Mean_Over_Rounds,Adaptive_FixedCircuitBreaker,Adaptive_NoAdaptiveWeighting,10,0.8922076788372326,0.8850900277090068,0.007117651128225854,15.0,0.232421875,0.1,0.42018155522094763,ok,1.0,False
Dataset_A_CPS-NetFlow-IDS,OnOff,NonIID_Dirichlet,F1_Mean_Over_Rounds,Adaptive_FixedCircuitBreaker,Adaptive_NoCircuitBreaker,10,0.8922076788372326,0.8977642368907655,-0.005556558053532857,1.0,0.125,-0.13,-0.4625509424576685,ok,1.0,False
Dataset_A_CPS-NetFlow-IDS,OnOff,NonIID_Dirichlet,F1_Mean_Over_Rounds,Adaptive_FixedCircuitBreaker,Adaptive_NoTemporalMemory,10,0.8922076788372326,0.8996870092662924,-0.007479330429059872,3.0,0.009765625,-0.16,-0.571315879305003,ok,0.244140625,False
Dataset_A_CPS-NetFlow-IDS,OnOff,NonIID_Dirichlet,F1_Mean_Over_Rounds,Adaptive_FixedCircuitBreaker,Adaptive_Ultimate,10,0.8922076788372326,0.8966662358265693,-0.004458556989336937,0.0,0.125,-0.14,-0.38779674535464914,ok,1.0,False
Dataset_A_CPS-NetFlow-IDS,OnOff,NonIID_Dirichlet,F1_Mean_Over_Rounds,Adaptive_FixedCircuitBreaker,FLAME,10,0.8922076788372326,0.82486111983049,0.06734655900674257,3.0,0.009765625,0.76,0.8090787224017394,ok,0.244140625,False
Dataset_A_CPS-NetFlow-IDS,OnOff,NonIID_Dirichlet,F1_Mean_Over_Rounds,Adaptive_FixedCircuitBreaker,FLTrust,10,0.8922076788372326,0.8997938232275748,-0.007586144390342253,2.0,0.005859375,-0.18,-0.5624066914566446,ok,0.181640625,False
Dataset_A_CPS-NetFlow-IDS,OnOff,NonIID_Dirichlet,F1_Mean_Over_Rounds,Adaptive_FixedCircuitBreaker,FedAvg,10,0.8922076788372326,0.8211837793924411,0.07102389944479133,6.0,0.02734375,0.58,0.9318648147078982,ok,0.35546875,False
Dataset_A_CPS-NetFlow-IDS,OnOff,NonIID_Dirichlet,F1_Mean_Over_Rounds,Adaptive_FixedCircuitBreaker,Krum,10,0.8922076788372326,0.7462622799863616,0.14594539885087102,1.0,0.00390625,0.76,1.0190625392762847,ok,0.140625,False
Dataset_A_CPS-NetFlow-IDS,OnOff,NonIID_Dirichlet,F1_Mean_Over_Rounds,Adaptive_NoAdaptiveWeighting,Adaptive_NoCircuitBreaker,10,0.8850900277090068,0.8977642368907655,-0.012674209181758711,5.0,0.01953125,-0.22,-0.6665890704672373,ok,0.33203125,False
Dataset_A_CPS-NetFlow-IDS,OnOff,NonIID_Dirichlet,F1_Mean_Over_Rounds,Adaptive_NoAdaptiveWeighting,Adaptive_NoTemporalMemory,10,0.8850900277090068,0.8996870092662924,-0.014596981557285726,2.0,0.005859375,-0.24,-0.6481720708191097,ok,0.181640625,False
Dataset_A_CPS-NetFlow-IDS,OnOff,NonIID_Dirichlet,F1_Mean_Over_Rounds,Adaptive_NoAdaptiveWeighting,Adaptive_Ultimate,10,0.8850900277090068,0.8966662358265693,-0.011576208117562792,5.0,0.01953125,-0.22,-0.725470247908622,ok,0.33203125,False
Dataset_A_CPS-NetFlow-IDS,OnOff,NonIID_Dirichlet,F1_Mean_Over_Rounds,Adaptive_NoAdaptiveWeighting,FLAME,10,0.8850900277090068,0.82486111983049,0.060228907878516716,7.0,0.037109375,0.74,0.7027435289476133,ok,0.4453125,False
Dataset_A_CPS-NetFlow-IDS,OnOff,NonIID_Dirichlet,F1_Mean_Over_Rounds,Adaptive_NoAdaptiveWeighting,FLTrust,10,0.8850900277090068,0.8997938232275748,-0.014703795518568107,3.0,0.009765625,-0.24,-0.650027405985901,ok,0.244140625,False
Dataset_A_CPS-NetFlow-IDS,OnOff,NonIID_Dirichlet,F1_Mean_Over_Rounds,Adaptive_NoAdaptiveWeighting,FedAvg,10,0.8850900277090068,0.8211837793924411,0.06390624831656547,3.0,0.009765625,0.56,0.8699213474625674,ok,0.244140625,False
Dataset_A_CPS-NetFlow-IDS,OnOff,NonIID_Dirichlet,F1_Mean_Over_Rounds,Adaptive_NoAdaptiveWeighting,Krum,10,0.8850900277090068,0.7462622799863616,0.13882774772264517,5.0,0.01953125,0.7,0.9202264247721711,ok,0.33203125,False
Dataset_A_CPS-NetFlow-IDS,OnOff,NonIID_Dirichlet,F1_Mean_Over_Rounds,Adaptive_NoCircuitBreaker,Adaptive_NoTemporalMemory,10,0.8977642368907655,0.8996870092662924,-0.0019227723755270154,12.0,0.130859375,-0.04,-0.45034650338476084,ok,1.0,False
Dataset_A_CPS-NetFlow-IDS,OnOff,NonIID_Dirichlet,F1_Mean_Over_Rounds,Adaptive_NoCircuitBreaker,Adaptive_Ultimate,10,0.8977642368907655,0.8966662358265693,0.0010980010641959193,4.0,0.4375,0.01,0.3196254931704345,ok,1.0,False
Dataset_A_CPS-NetFlow-IDS,OnOff,NonIID_Dirichlet,F1_Mean_Over_Rounds,Adaptive_NoCircuitBreaker,FLAME,10,0.8977642368907655,0.82486111983049,0.07290311706027543,2.0,0.005859375,0.78,0.9263636017790601,ok,0.181640625,False
Dataset_A_CPS-NetFlow-IDS,OnOff,NonIID_Dirichlet,F1_Mean_Over_Rounds,Adaptive_NoCircuitBreaker,FLTrust,10,0.8977642368907655,0.8997938232275748,-0.002029586336809397,8.0,0.048828125,-0.08,-0.486086538513105,ok,0.537109375,False
Dataset_A_CPS-NetFlow-IDS,OnOff,NonIID_Dirichlet,F1_Mean_Over_Rounds,Adaptive_NoCircuitBreaker,FedAvg,10,0.8977642368907655,0.8211837793924411,0.07658045749832418,3.0,0.009765625,0.6,1.0481179883886313,ok,0.244140625,False
Dataset_A_CPS-NetFlow-IDS,OnOff,NonIID_Dirichlet,F1_Mean_Over_Rounds,Adaptive_NoCircuitBreaker,Krum,10,0.8977642368907655,0.7462622799863616,0.15150195690440388,1.0,0.00390625,0.82,1.0110996039636704,ok,0.140625,False
Dataset_A_CPS-NetFlow-IDS,OnOff,NonIID_Dirichlet,F1_Mean_Over_Rounds,Adaptive_NoTemporalMemory,Adaptive_Ultimate,10,0.8996870092662924,0.8966662358265693,0.0030207734397229347,8.0,0.048828125,0.04,0.40561145971888013,ok,0.537109375,False
Dataset_A_CPS-NetFlow-IDS,OnOff,NonIID_Dirichlet,F1_Mean_Over_Rounds,Adaptive_NoTemporalMemory,FLAME,10,0.8996870092662924,0.82486111983049,0.07482588943580244,2.0,0.005859375,0.78,0.9679542023405914,ok,0.181640625,False
Dataset_A_CPS-NetFlow-IDS,OnOff,NonIID_Dirichlet,F1_Mean_Over_Rounds,Adaptive_NoTemporalMemory,FLTrust,10,0.8996870092662924,0.8997938232275748,-0.00010681396128238152,18.0,0.65234375,-0.03,-0.174077218062081,ok,1.0,False
Dataset_A_CPS-NetFlow-IDS,OnOff,NonIID_Dirichlet,F1_Mean_Over_Rounds,Adaptive_NoTemporalMemory,FedAvg,10,0.8996870092662924,0.8211837793924411,0.0785032298738512,3.0,0.009765625,0.6,1.0527830250327672,ok,0.244140625,False
Dataset_A_CPS-NetFlow-IDS,OnOff,NonIID_Dirichlet,F1_Mean_Over_Rounds,Adaptive_NoTemporalMemory,Krum,10,0.8996870092662924,0.7462622799863616,0.1534247292799309,1.0,0.00390625,0.84,1.0374490439139323,ok,0.140625,False
Dataset_A_CPS-NetFlow-IDS,OnOff,NonIID_Dirichlet,F1_Mean_Over_Rounds,Adaptive_Ultimate,FLAME,10,0.8966662358265693,0.82486111983049,0.0718051159960795,2.0,0.005859375,0.78,0.8928486966258543,ok,0.181640625,False
Dataset_A_CPS-NetFlow-IDS,OnOff,NonIID_Dirichlet,F1_Mean_Over_Rounds,Adaptive_Ultimate,FLTrust,10,0.8966662358265693,0.8997938232275748,-0.003127587401005316,5.0,0.01953125,-0.1,-0.4202652312967572,ok,0.33203125,False
Dataset_A_CPS-NetFlow-IDS,OnOff,NonIID_Dirichlet,F1_Mean_Over_Rounds,Adaptive_Ultimate,FedAvg,10,0.8966662358265693,0.8211837793924411,0.07548245643412826,3.0,0.009765625,0.6,1.0355940990422985,ok,0.244140625,False
Dataset_A_CPS-NetFlow-IDS,OnOff,NonIID_Dirichlet,F1_Mean_Over_Rounds,Adaptive_Ultimate,Krum,10,0.8966662358265693,0.7462622799863616,0.15040395584020794,1.0,0.00390625,0.82,0.99819918633122,ok,0.140625,False
Dataset_A_CPS-NetFlow-IDS,OnOff,NonIID_Dirichlet,F1_Mean_Over_Rounds,FLAME,FLTrust,10,0.82486111983049,0.8997938232275748,-0.07493270339708483,2.0,0.005859375,-0.78,-0.9721936591739684,ok,0.181640625,False
Dataset_A_CPS-NetFlow-IDS,OnOff,NonIID_Dirichlet,F1_Mean_Over_Rounds,FLAME,FedAvg,10,0.82486111983049,0.8211837793924411,0.0036773404380487595,23.0,0.6953125,0.02,0.04235774774279956,ok,1.0,False
Dataset_A_CPS-NetFlow-IDS,OnOff,NonIID_Dirichlet,F1_Mean_Over_Rounds,FLAME,Krum,10,0.82486111983049,0.7462622799863616,0.07859883984412844,11.0,0.10546875,0.26,0.5734993429237788,ok,0.94921875,False
Dataset_A_CPS-NetFlow-IDS,OnOff,NonIID_Dirichlet,F1_Mean_Over_Rounds,FLTrust,FedAvg,10,0.8997938232275748,0.8211837793924411,0.07861004383513358,3.0,0.009765625,0.6,1.059351269629803,ok,0.244140625,False
Dataset_A_CPS-NetFlow-IDS,OnOff,NonIID_Dirichlet,F1_Mean_Over_Rounds,FLTrust,Krum,10,0.8997938232275748,0.7462622799863616,0.15353154324121326,1.0,0.00390625,0.84,1.0359525624742607,ok,0.140625,False
Dataset_A_CPS-NetFlow-IDS,OnOff,NonIID_Dirichlet,F1_Mean_Over_Rounds,FedAvg,Krum,10,0.8211837793924411,0.7462622799863616,0.07492149940607969,16.0,0.275390625,0.34,0.45455553952859645,ok,1.0,False
Dataset_A_CPS-NetFlow-IDS,OnOff,NonIID_Dirichlet,ASR_Mean_Over_Rounds,Adaptive_FixedCircuitBreaker,Adaptive_NoAdaptiveWeighting,10,0.051743315508021394,0.055449197860962564,-0.0037058823529411743,6.0,0.02734375,-0.06,-0.5943589070675462,ok,0.4921875,False
Dataset_A_CPS-NetFlow-IDS,OnOff,NonIID_Dirichlet,ASR_Mean_Over_Rounds,Adaptive_FixedCircuitBreaker,Adaptive_NoCircuitBreaker,10,0.051743315508021394,0.05074331550802138,0.0010000000000000022,3.0,0.078125,0.05,0.5931246684973943,ok,0.81640625,False
Dataset_A_CPS-NetFlow-IDS,OnOff,NonIID_Dirichlet,ASR_Mean_Over_Rounds,Adaptive_FixedCircuitBreaker,Adaptive_NoTemporalMemory,10,0.051743315508021394,0.05004812834224599,0.0016951871657754046,5.0,0.0390625,0.09,0.6386132591169651,ok,0.59375,False
Dataset_A_CPS-NetFlow-IDS,OnOff,NonIID_Dirichlet,ASR_Mean_Over_Rounds,Adaptive_FixedCircuitBreaker,Adaptive_Ultimate,10,0.051743315508021394,0.0511283422459893,0.0006149732620320876,0.0,0.5,0.02,0.47059798302196043,ok,1.0,False
Dataset_A_CPS-NetFlow-IDS,OnOff,NonIID_Dirichlet,ASR_Mean_Over_Rounds,Adaptive_FixedCircuitBreaker,FLAME,10,0.051743315508021394,0.16960427807486633,-0.1178609625668449,0.0,0.001953125,-0.92,-1.762163745151313,ok,0.0703125,False
Dataset_A_CPS-NetFlow-IDS,OnOff,NonIID_Dirichlet,ASR_Mean_Over_Rounds,Adaptive_FixedCircuitBreaker,FLTrust,10,0.051743315508021394,0.04971657754010695,0.0020267379679144402,7.0,0.07421875,0.07,0.62379472110347,ok,0.81640625,False
Dataset_A_CPS-NetFlow-IDS,OnOff,NonIID_Dirichlet,ASR_Mean_Over_Rounds,Adaptive_FixedCircuitBreaker,FedAvg,10,0.051743315508021394,0.21280213903743314,-0.16105882352941175,4.0,0.013671875,-0.82,-1.0095952300136248,ok,0.30078125,False
Dataset_A_CPS-NetFlow-IDS,OnOff,NonIID_Dirichlet,ASR_Mean_Over_Rounds,Adaptive_FixedCircuitBreaker,Krum,10,0.051743315508021394,0.2729625668449197,-0.2212192513368984,0.0,0.001953125,-0.8,-0.9549502165885657,ok,0.0703125,False
Dataset_A_CPS-NetFlow-IDS,OnOff,NonIID_Dirichlet,ASR_Mean_Over_Rounds,Adaptive_NoAdaptiveWeighting,Adaptive_NoCircuitBreaker,10,0.055449197860962564,0.05074331550802138,0.004705882352941176,7.0,0.037109375,0.06,0.6204024164721182,ok,0.59375,False
Dataset_A_CPS-NetFlow-IDS,OnOff,NonIID_Dirichlet,ASR_Mean_Over_Rounds,Adaptive_NoAdaptiveWeighting,Adaptive_NoTemporalMemory,10,0.055449197860962564,0.05004812834224599,0.005401069518716579,7.0,0.037109375,0.08,0.6722817443636128,ok,0.59375,False
Dataset_A_CPS-NetFlow-IDS,OnOff,NonIID_Dirichlet,ASR_Mean_Over_Rounds,Adaptive_NoAdaptiveWeighting,Adaptive_Ultimate,10,0.055449197860962564,0.0511283422459893,0.004320855614973262,6.0,0.02734375,0.06,0.6230279722445426,ok,0.4921875,False
Dataset_A_CPS-NetFlow-IDS,OnOff,NonIID_Dirichlet,ASR_Mean_Over_Rounds,Adaptive_NoAdaptiveWeighting,FLAME,10,0.055449197860962564,0.16960427807486633,-0.11415508021390375,0.0,0.001953125,-0.9,-1.730858945848284,ok,0.0703125,False
Dataset_A_CPS-NetFlow-IDS,OnOff,NonIID_Dirichlet,ASR_Mean_Over_Rounds,Adaptive_NoAdaptiveWeighting,FLTrust,10,0.055449197860962564,0.04971657754010695,0.0057326203208556145,7.0,0.037109375,0.08,0.6764074853641519,ok,0.59375,False
Dataset_A_CPS-NetFlow-IDS,OnOff,NonIID_Dirichlet,ASR_Mean_Over_Rounds,Adaptive_NoAdaptiveWeighting,FedAvg,10,0.055449197860962564,0.21280213903743314,-0.15735294117647056,5.0,0.01953125,-0.74,-0.9715698880096051,ok,0.37109375,False
Dataset_A_CPS-NetFlow-IDS,OnOff,NonIID_Dirichlet,ASR_Mean_Over_Rounds,Adaptive_NoAdaptiveWeighting,Krum,10,0.055449197860962564,0.2729625668449197,-0.21751336898395723,0.0,0.001953125,-0.8,-0.9523130217780201,ok,0.0703125,False
Dataset_A_CPS-NetFlow-IDS,OnOff,NonIID_Dirichlet,ASR_Mean_Over_Rounds,Adaptive_NoCircuitBreaker,Adaptive_NoTemporalMemory,10,0.05074331550802138,0.05004812834224599,0.0006951871657754026,15.0,0.42578125,0.02,0.469232886770138,ok,1.0,False
Dataset_A_CPS-NetFlow-IDS,OnOff,NonIID_Dirichlet,ASR_Mean_Over_Rounds,Adaptive_NoCircuitBreaker,Adaptive_Ultimate,10,0.05074331550802138,0.0511283422459893,-0.0003850267379679145,7.0,0.296875,-0.03,-0.4433533399268212,ok,1.0,False
Dataset_A_CPS-NetFlow-IDS,OnOff,NonIID_Dirichlet,ASR_Mean_Over_Rounds,Adaptive_NoCircuitBreaker,FLAME,10,0.05074331550802138,0.16960427807486633,-0.1188609625668449,0.0,0.001953125,-0.92,-1.7681681657203676,ok,0.0703125,False
Dataset_A_CPS-NetFlow-IDS,OnOff,NonIID_Dirichlet,ASR_Mean_Over_Rounds,Adaptive_NoCircuitBreaker,FLTrust,10,0.05074331550802138,0.04971657754010695,0.001026737967914438,12.0,0.25,0.05,0.5338461891882628,ok,1.0,False
Dataset_A_CPS-NetFlow-IDS,OnOff,NonIID_Dirichlet,ASR_Mean_Over_Rounds,Adaptive_NoCircuitBreaker,FedAvg,10,0.05074331550802138,0.21280213903743314,-0.16205882352941176,4.0,0.013671875,-0.83,-1.022415864439095,ok,0.30078125,False
Dataset_A_CPS-NetFlow-IDS,OnOff,NonIID_Dirichlet,ASR_Mean_Over_Rounds,Adaptive_NoCircuitBreaker,Krum,10,0.05074331550802138,0.2729625668449197,-0.2222192513368984,0.0,0.001953125,-0.82,-0.9554386246896927,ok,0.0703125,False
Dataset_A_CPS-NetFlow-IDS,OnOff,NonIID_Dirichlet,ASR_Mean_Over_Rounds,Adaptive_NoTemporalMemory,Adaptive_Ultimate,10,0.05004812834224599,0.0511283422459893,-0.0010802139037433172,5.0,0.0390625,-0.09,-0.7134054113135136,ok,0.59375,False
Dataset_A_CPS-NetFlow-IDS,OnOff,NonIID_Dirichlet,ASR_Mean_Over_Rounds,Adaptive_NoTemporalMemory,FLAME,10,0.05004812834224599,0.16960427807486633,-0.11955614973262033,0.0,0.001953125,-0.92,-1.7790772445910825,ok,0.0703125,False
Dataset_A_CPS-NetFlow-IDS,OnOff,NonIID_Dirichlet,ASR_Mean_Over_Rounds,Adaptive_NoTemporalMemory,FLTrust,10,0.05004812834224599,0.04971657754010695,0.0003315508021390355,6.0,0.4375,0.0,0.4322543357310155,ok,1.0,False
Dataset_A_CPS-NetFlow-IDS,OnOff,NonIID_Dirichlet,ASR_Mean_Over_Rounds,Adaptive_NoTemporalMemory,FedAvg,10,0.05004812834224599,0.21280213903743314,-0.16275401069518716,3.0,0.009765625,-0.82,-1.0283502317574738,ok,0.234375,False
Dataset_A_CPS-NetFlow-IDS,OnOff,NonIID_Dirichlet,ASR_Mean_Over_Rounds,Adaptive_NoTemporalMemory,Krum,10,0.05004812834224599,0.2729625668449197,-0.22291443850267384,0.0,0.001953125,-0.82,-0.9543472966010403,ok,0.0703125,False
Dataset_A_CPS-NetFlow-IDS,OnOff,NonIID_Dirichlet,ASR_Mean_Over_Rounds,Adaptive_Ultimate,FLAME,10,0.0511283422459893,0.16960427807486633,-0.11847593582887701,0.0,0.001953125,-0.92,-1.7721261528451207,ok,0.0703125,False
Dataset_A_CPS-NetFlow-IDS,OnOff,NonIID_Dirichlet,ASR_Mean_Over_Rounds,Adaptive_Ultimate,FLTrust,10,0.0511283422459893,0.04971657754010695,0.0014117647058823526,7.0,0.07421875,0.07,0.6941388882388225,ok,0.81640625,False
Dataset_A_CPS-NetFlow-IDS,OnOff,NonIID_Dirichlet,ASR_Mean_Over_Rounds,Adaptive_Ultimate,FedAvg,10,0.0511283422459893,0.21280213903743314,-0.16167379679144384,4.0,0.013671875,-0.82,-1.0172514801378723,ok,0.30078125,False
Dataset_A_CPS-NetFlow-IDS,OnOff,NonIID_Dirichlet,ASR_Mean_Over_Rounds,Adaptive_Ultimate,Krum,10,0.0511283422459893,0.2729625668449197,-0.2218342245989305,0.0,0.001953125,-0.8,-0.9552652867332014,ok,0.0703125,False
Dataset_A_CPS-NetFlow-IDS,OnOff,NonIID_Dirichlet,ASR_Mean_Over_Rounds,FLAME,FLTrust,10,0.16960427807486633,0.04971657754010695,0.11988770053475935,0.0,0.001953125,0.92,1.7880513058676626,ok,0.0703125,False
Dataset_A_CPS-NetFlow-IDS,OnOff,NonIID_Dirichlet,ASR_Mean_Over_Rounds,FLAME,FedAvg,10,0.16960427807486633,0.21280213903743314,-0.04319786096256684,21.0,0.556640625,-0.06,-0.23212197769108728,ok,1.0,False
Dataset_A_CPS-NetFlow-IDS,OnOff,NonIID_Dirichlet,ASR_Mean_Over_Rounds,FLAME,Krum,10,0.16960427807486633,0.2729625668449197,-0.10335828877005346,18.0,0.375,0.02,-0.484547015885582,ok,1.0,False
Dataset_A_CPS-NetFlow-IDS,OnOff,NonIID_Dirichlet,ASR_Mean_Over_Rounds,FLTrust,FedAvg,10,0.04971657754010695,0.21280213903743314,-0.16308556149732617,3.0,0.009765625,-0.84,-1.0313008849356633,ok,0.234375,False
Dataset_A_CPS-NetFlow-IDS,OnOff,NonIID_Dirichlet,ASR_Mean_Over_Rounds,FLTrust,Krum,10,0.04971657754010695,0.2729625668449197,-0.22324598930481282,0.0,0.001953125,-0.82,-0.9552146646002861,ok,0.0703125,False
Dataset_A_CPS-NetFlow-IDS,OnOff,NonIID_Dirichlet,ASR_Mean_Over_Rounds,FedAvg,Krum,10,0.21280213903743314,0.2729625668449197,-0.06016042780748663,21.0,0.556640625,-0.06,-0.18140760450704493,ok,1.0,False
Dataset_A_CPS-NetFlow-IDS,OnOff,NonIID_Dirichlet,F1_Final_Round,Adaptive_FixedCircuitBreaker,Adaptive_NoAdaptiveWeighting,10,0.9340186328701211,0.9263387201067257,0.007679912763395446,3.0,1.0,-0.11,0.17729582225397142,ok,1.0,False
Dataset_A_CPS-NetFlow-IDS,OnOff,NonIID_Dirichlet,F1_Final_Round,Adaptive_FixedCircuitBreaker,Adaptive_NoCircuitBreaker,10,0.9340186328701211,0.9425218875366872,-0.008503254666565985,0.0,0.125,-0.24,-0.5904166810195216,ok,1.0,False
Dataset_A_CPS-NetFlow-IDS,OnOff,NonIID_Dirichlet,F1_Final_Round,Adaptive_FixedCircuitBreaker,Adaptive_NoTemporalMemory,10,0.9340186328701211,0.9405167492241242,-0.006498116354003136,0.0,0.125,-0.16,-0.48291265870220956,ok,1.0,False
Dataset_A_CPS-NetFlow-IDS,OnOff,NonIID_Dirichlet,F1_Final_Round,Adaptive_FixedCircuitBreaker,Adaptive_Ultimate,10,0.9340186328701211,0.9405167492241242,-0.006498116354003136,0.0,0.125,-0.16,-0.48291265870220956,ok,1.0,False
Dataset_A_CPS-NetFlow-IDS,OnOff,NonIID_Dirichlet,F1_Final_Round,Adaptive_FixedCircuitBreaker,FLAME,10,0.9340186328701211,0.8871459905172143,0.04687264235290671,0.0,0.00390625,0.73,1.412206970609102,ok,0.0859375,False
Dataset_A_CPS-NetFlow-IDS,OnOff,NonIID_Dirichlet,F1_Final_Round,Adaptive_FixedCircuitBreaker,FLTrust,10,0.9340186328701211,0.9404769882894438,-0.006458355419322737,3.0,0.3125,-0.18,-0.455703492305974,ok,1.0,False
Dataset_A_CPS-NetFlow-IDS,OnOff,NonIID_Dirichlet,F1_Final_Round,Adaptive_FixedCircuitBreaker,FedAvg,10,0.9340186328701211,0.8981726135632002,0.035846019306920884,0.0,0.00390625,0.73,1.4987170863094987,ok,0.0859375,False
Dataset_A_CPS-NetFlow-IDS,OnOff,NonIID_Dirichlet,F1_Final_Round,Adaptive_FixedCircuitBreaker,Krum,10,0.9340186328701211,0.72413268976419,0.209885943105931,0.0,0.001953125,0.79,0.9497566911530069,ok,0.0703125,False
Dataset_A_CPS-NetFlow-IDS,OnOff,NonIID_Dirichlet,F1_Final_Round,Adaptive_NoAdaptiveWeighting,Adaptive_NoCircuitBreaker,10,0.9263387201067257,0.9425218875366872,-0.016183167429961433,0.0,0.25,-0.13,-0.35173140570551176,ok,1.0,False
Dataset_A_CPS-NetFlow-IDS,OnOff,NonIID_Dirichlet,F1_Final_Round,Adaptive_NoAdaptiveWeighting,Adaptive_NoTemporalMemory,10,0.9263387201067257,0.9405167492241242,-0.014178029117398582,0.0,0.5,-0.04,-0.3290526160089073,ok,1.0,False
Dataset_A_CPS-NetFlow-IDS,OnOff,NonIID_Dirichlet,F1_Final_Round,Adaptive_NoAdaptiveWeighting,Adaptive_Ultimate,10,0.9263387201067257,0.9405167492241242,-0.014178029117398582,0.0,0.5,-0.04,-0.3290526160089073,ok,1.0,False
Dataset_A_CPS-NetFlow-IDS,OnOff,NonIID_Dirichlet,F1_Final_Round,Adaptive_NoAdaptiveWeighting,FLAME,10,0.9263387201067257,0.8871459905172143,0.03919272958951127,4.0,0.013671875,0.72,0.9427016537290335,ok,0.2734375,False
Dataset_A_CPS-NetFlow-IDS,OnOff,NonIID_Dirichlet,F1_Final_Round,Adaptive_NoAdaptiveWeighting,FLTrust,10,0.9263387201067257,0.9404769882894438,-0.014138268182718183,2.0,0.75,-0.04,-0.31489477719661796,ok,1.0,False
Dataset_A_CPS-NetFlow-IDS,OnOff,NonIID_Dirichlet,F1_Final_Round,Adaptive_NoAdaptiveWeighting,FedAvg,10,0.9263387201067257,0.8981726135632002,0.028166106543525436,7.0,0.037109375,0.78,0.8723156805511685,ok,0.66796875,False
Dataset_A_CPS-NetFlow-IDS,OnOff,NonIID_Dirichlet,F1_Final_Round,Adaptive_NoAdaptiveWeighting,Krum,10,0.9263387201067257,0.72413268976419,0.20220603034253556,0.0,0.001953125,0.81,0.8428305405600623,ok,0.0703125,False
Dataset_A_CPS-NetFlow-IDS,OnOff,NonIID_Dirichlet,F1_Final_Round,Adaptive_NoCircuitBreaker,Adaptive_NoTemporalMemory,10,0.9425218875366872,0.9405167492241242,0.0020051383125628485,0.0,0.5,0.11,0.47433784829600406,ok,1.0,False
Dataset_A_CPS-NetFlow-IDS,OnOff,NonIID_Dirichlet,F1_Final_Round,Adaptive_NoCircuitBreaker,Adaptive_Ultimate,10,0.9425218875366872,0.9405167492241242,0.0020051383125628485,0.0,0.5,0.11,0.47433784829600406,ok,1.0,False
Dataset_A_CPS-NetFlow-IDS,OnOff,NonIID_Dirichlet,F1_Final_Round,Adaptive_NoCircuitBreaker,FLAME,10,0.9425218875366872,0.8871459905172143,0.055375897019472695,0.0,0.001953125,0.9,1.4777702019510728,ok,0.0703125,False
Dataset_A_CPS-NetFlow-IDS,OnOff,NonIID_Dirichlet,F1_Final_Round,Adaptive_NoCircuitBreaker,FLTrust,10,0.9425218875366872,0.9404769882894438,0.002044899247243248,0.0,0.25,0.12,0.5777765042224386,ok,1.0,False
Dataset_A_CPS-NetFlow-IDS,OnOff,NonIID_Dirichlet,F1_Final_Round,Adaptive_NoCircuitBreaker,FedAvg,10,0.9425218875366872,0.8981726135632002,0.04434927397348687,0.0,0.001953125,1.0,1.8840141267969386,ok,0.0703125,False
Dataset_A_CPS-NetFlow-IDS,OnOff,NonIID_Dirichlet,F1_Final_Round,Adaptive_NoCircuitBreaker,Krum,10,0.9425218875366872,0.72413268976419,0.218389197772497,0.0,0.001953125,0.95,0.9367503440518387,ok,0.0703125,False
Dataset_A_CPS-NetFlow-IDS,OnOff,NonIID_Dirichlet,F1_Final_Round,Adaptive_NoTemporalMemory,Adaptive_Ultimate,10,0.9405167492241242,0.9405167492241242,0.0,0.0,1.0,0.0,0.0,identical_values,1.0,False
Dataset_A_CPS-NetFlow-IDS,OnOff,NonIID_Dirichlet,F1_Final_Round,Adaptive_NoTemporalMemory,FLAME,10,0.9405167492241242,0.8871459905172143,0.05337075870690985,0.0,0.001953125,0.88,1.4360481617460752,ok,0.0703125,False
Dataset_A_CPS-NetFlow-IDS,OnOff,NonIID_Dirichlet,F1_Final_Round,Adaptive_NoTemporalMemory,FLTrust,10,0.9405167492241242,0.9404769882894438,3.976093468039954e-05,1.0,1.0,0.0,0.01619949164903696,ok,1.0,False
Dataset_A_CPS-NetFlow-IDS,OnOff,NonIID_Dirichlet,F1_Final_Round,Adaptive_NoTemporalMemory,FedAvg,10,0.9405167492241242,0.8981726135632002,0.04234413566092402,0.0,0.001953125,0.94,1.857398553876533,ok,0.0703125,False
Dataset_A_CPS-NetFlow-IDS,OnOff,NonIID_Dirichlet,F1_Final_Round,Adaptive_NoTemporalMemory,Krum,10,0.9405167492241242,0.72413268976419,0.21638405945993416,0.0,0.001953125,0.89,0.9312742889499743,ok,0.0703125,False
Dataset_A_CPS-NetFlow-IDS,OnOff,NonIID_Dirichlet,F1_Final_Round,Adaptive_Ultimate,FLAME,10,0.9405167492241242,0.8871459905172143,0.05337075870690985,0.0,0.001953125,0.88,1.4360481617460752,ok,0.0703125,False
Dataset_A_CPS-NetFlow-IDS,OnOff,NonIID_Dirichlet,F1_Final_Round,Adaptive_Ultimate,FLTrust,10,0.9405167492241242,0.9404769882894438,3.976093468039954e-05,1.0,1.0,0.0,0.01619949164903696,ok,1.0,False
Dataset_A_CPS-NetFlow-IDS,OnOff,NonIID_Dirichlet,F1_Final_Round,Adaptive_Ultimate,FedAvg,10,0.9405167492241242,0.8981726135632002,0.04234413566092402,0.0,0.001953125,0.94,1.857398553876533,ok,0.0703125,False
Dataset_A_CPS-NetFlow-IDS,OnOff,NonIID_Dirichlet,F1_Final_Round,Adaptive_Ultimate,Krum,10,0.9405167492241242,0.72413268976419,0.21638405945993416,0.0,0.001953125,0.89,0.9312742889499743,ok,0.0703125,False
Dataset_A_CPS-NetFlow-IDS,OnOff,NonIID_Dirichlet,F1_Final_Round,FLAME,FLTrust,10,0.8871459905172143,0.9404769882894438,-0.05333099777222945,0.0,0.001953125,-0.9,-1.39929381130296,ok,0.0703125,False
Dataset_A_CPS-NetFlow-IDS,OnOff,NonIID_Dirichlet,F1_Final_Round,FLAME,FedAvg,10,0.8871459905172143,0.8981726135632002,-0.011026623045985829,8.0,0.1953125,-0.11,-0.38621175742999336,ok,1.0,False
Dataset_A_CPS-NetFlow-IDS,OnOff,NonIID_Dirichlet,F1_Final_Round,FLAME,Krum,10,0.8871459905172143,0.72413268976419,0.16301330075302428,5.0,0.01953125,0.43,0.7200260684621845,ok,0.37109375,False
Dataset_A_CPS-NetFlow-IDS,OnOff,NonIID_Dirichlet,F1_Final_Round,FLTrust,FedAvg,10,0.9404769882894438,0.8981726135632002,0.04230437472624362,0.0,0.001953125,0.98,1.7517584473032142,ok,0.0703125,False
Dataset_A_CPS-NetFlow-IDS,OnOff,NonIID_Dirichlet,F1_Final_Round,FLTrust,Krum,10,0.9404769882894438,0.72413268976419,0.21634429852525372,0.0,0.001953125,0.89,0.9310936962874654,ok,0.0703125,False
Dataset_A_CPS-NetFlow-IDS,OnOff,NonIID_Dirichlet,F1_Final_Round,FedAvg,Krum,10,0.8981726135632002,0.72413268976419,0.17403992379901015,7.0,0.037109375,0.44,0.7330762605156452,ok,0.66796875,False
Dataset_A_CPS-NetFlow-IDS,OnOff,NonIID_Dirichlet,ASR_Final_Round,Adaptive_FixedCircuitBreaker,Adaptive_NoAdaptiveWeighting,10,0.04010695187165775,0.039037433155080216,0.001069518716577541,0.0,0.5,0.04,0.47434164902525694,ok,1.0,False
Dataset_A_CPS-NetFlow-IDS,OnOff,NonIID_Dirichlet,ASR_Final_Round,Adaptive_FixedCircuitBreaker,Adaptive_NoCircuitBreaker,10,0.04010695187165775,0.035828877005347586,0.004278074866310161,0.0,0.125,0.19,0.7046642634176441,ok,1.0,False
Dataset_A_CPS-NetFlow-IDS,OnOff,NonIID_Dirichlet,ASR_Final_Round,Adaptive_FixedCircuitBreaker,Adaptive_NoTemporalMemory,10,0.04010695187165775,0.03850267379679144,0.001604278074866311,0.0,0.5,0.06,0.44447831849231545,ok,1.0,False
Dataset_A_CPS-NetFlow-IDS,OnOff,NonIID_Dirichlet,ASR_Final_Round,Adaptive_FixedCircuitBreaker,Adaptive_Ultimate,10,0.04010695187165775,0.03850267379679144,0.001604278074866311,0.0,0.5,0.06,0.44447831849231545,ok,1.0,False
Dataset_A_CPS-NetFlow-IDS,OnOff,NonIID_Dirichlet,ASR_Final_Round,Adaptive_FixedCircuitBreaker,FLAME,10,0.04010695187165775,0.567379679144385,-0.5272727272727272,0.0,0.001953125,-1.0,-3.4700722642794926,ok,0.0703125,False
Dataset_A_CPS-NetFlow-IDS,OnOff,NonIID_Dirichlet,ASR_Final_Round,Adaptive_FixedCircuitBreaker,FLTrust,10,0.04010695187165775,0.03850267379679144,0.001604278074866311,2.0,0.375,0.08,0.3643993485805123,ok,1.0,False
Dataset_A_CPS-NetFlow-IDS,OnOff,NonIID_Dirichlet,ASR_Final_Round,Adaptive_FixedCircuitBreaker,FedAvg,10,0.04010695187165775,0.7631016042780749,-0.722994652406417,0.0,0.001953125,-0.99,-2.6068862358998532,ok,0.0703125,False
Dataset_A_CPS-NetFlow-IDS,OnOff,NonIID_Dirichlet,ASR_Final_Round,Adaptive_FixedCircuitBreaker,Krum,10,0.04010695187165775,0.46203208556149733,-0.4219251336898395,0.0,0.001953125,-0.99,-1.541540386478824,ok,0.0703125,False
Dataset_A_CPS-NetFlow-IDS,OnOff,NonIID_Dirichlet,ASR_Final_Round,Adaptive_NoAdaptiveWeighting,Adaptive_NoCircuitBreaker,10,0.039037433155080216,0.035828877005347586,0.003208556149732621,0.0,0.125,0.17,0.7115124735378855,ok,1.0,False
Dataset_A_CPS-NetFlow-IDS,OnOff,NonIID_Dirichlet,ASR_Final_Round,Adaptive_NoAdaptiveWeighting,Adaptive_NoTemporalMemory,10,0.039037433155080216,0.03850267379679144,0.0005347593582887701,0.0,1.0,0.03,0.31622776601683794,ok,1.0,False
Dataset_A_CPS-NetFlow-IDS,OnOff,NonIID_Dirichlet,ASR_Final_Round,Adaptive_NoAdaptiveWeighting,Adaptive_Ultimate,10,0.039037433155080216,0.03850267379679144,0.0005347593582887701,0.0,1.0,0.03,0.31622776601683794,ok,1.0,False
Dataset_A_CPS-NetFlow-IDS,OnOff,NonIID_Dirichlet,ASR_Final_Round,Adaptive_NoAdaptiveWeighting,FLAME,10,0.039037433155080216,0.567379679144385,-0.5283422459893049,0.0,0.001953125,-1.0,-3.5000171310226715,ok,0.0703125,False
Dataset_A_CPS-NetFlow-IDS,OnOff,NonIID_Dirichlet,ASR_Final_Round,Adaptive_NoAdaptiveWeighting,FLTrust,10,0.039037433155080216,0.03850267379679144,0.00053475935828877,3.0,1.0,0.05,0.17616606585441097,ok,1.0,False
Dataset_A_CPS-NetFlow-IDS,OnOff,NonIID_Dirichlet,ASR_Final_Round,Adaptive_NoAdaptiveWeighting,FedAvg,10,0.039037433155080216,0.7631016042780749,-0.7240641711229947,0.0,0.001953125,-1.0,-2.6121025238449986,ok,0.0703125,False
Dataset_A_CPS-NetFlow-IDS,OnOff,NonIID_Dirichlet,ASR_Final_Round,Adaptive_NoAdaptiveWeighting,Krum,10,0.039037433155080216,0.46203208556149733,-0.42299465240641715,0.0,0.001953125,-1.0,-1.5421808936359633,ok,0.0703125,False
Dataset_A_CPS-NetFlow-IDS,OnOff,NonIID_Dirichlet,ASR_Final_Round,Adaptive_NoCircuitBreaker,Adaptive_NoTemporalMemory,10,0.035828877005347586,0.03850267379679144,-0.0026737967914438505,0.0,0.25,-0.13,-0.5883484054145521,ok,1.0,False
Dataset_A_CPS-NetFlow-IDS,OnOff,NonIID_Dirichlet,ASR_Final_Round,Adaptive_NoCircuitBreaker,Adaptive_Ultimate,10,0.035828877005347586,0.03850267379679144,-0.0026737967914438505,0.0,0.25,-0.13,-0.5883484054145521,ok,1.0,False
Dataset_A_CPS-NetFlow-IDS,OnOff,NonIID_Dirichlet,ASR_Final_Round,Adaptive_NoCircuitBreaker,FLAME,10,0.035828877005347586,0.567379679144385,-0.5315508021390375,0.0,0.001953125,-1.0,-3.529451343298794,ok,0.0703125,False
Dataset_A_CPS-NetFlow-IDS,OnOff,NonIID_Dirichlet,ASR_Final_Round,Adaptive_NoCircuitBreaker,FLTrust,10,0.035828877005347586,0.03850267379679144,-0.0026737967914438505,0.0,0.125,-0.12,-0.7071067811865475,ok,1.0,False
Dataset_A_CPS-NetFlow-IDS,OnOff,NonIID_Dirichlet,ASR_Final_Round,Adaptive_NoCircuitBreaker,FedAvg,10,0.035828877005347586,0.7631016042780749,-0.7272727272727273,0.0,0.001953125,-1.0,-2.6514757225086862,ok,0.0703125,False
Dataset_A_CPS-NetFlow-IDS,OnOff,NonIID_Dirichlet,ASR_Final_Round,Adaptive_NoCircuitBreaker,Krum,10,0.035828877005347586,0.46203208556149733,-0.4262032085561497,0.0,0.001953125,-1.0,-1.546800264430937,ok,0.0703125,False
Dataset_A_CPS-NetFlow-IDS,OnOff,NonIID_Dirichlet,ASR_Final_Round,Adaptive_NoTemporalMemory,Adaptive_Ultimate,10,0.03850267379679144,0.03850267379679144,0.0,0.0,1.0,0.0,0.0,identical_values,1.0,False
Dataset_A_CPS-NetFlow-IDS,OnOff,NonIID_Dirichlet,ASR_Final_Round,Adaptive_NoTemporalMemory,FLAME,10,0.03850267379679144,0.567379679144385,-0.5288770053475936,0.0,0.001953125,-1.0,-3.5145296679028326,ok,0.0703125,False
Dataset_A_CPS-NetFlow-IDS,OnOff,NonIID_Dirichlet,ASR_Final_Round,Adaptive_NoTemporalMemory,FLTrust,10,0.03850267379679144,0.03850267379679144,-1.7347234759768072e-19,1.0,1.0,0.01,-6.881420854074982e-17,ok,1.0,False
Dataset_A_CPS-NetFlow-IDS,OnOff,NonIID_Dirichlet,ASR_Final_Round,Adaptive_NoTemporalMemory,FedAvg,10,0.03850267379679144,0.7631016042780749,-0.7245989304812835,0.0,0.001953125,-1.0,-2.613918204644961,ok,0.0703125,False
Dataset_A_CPS-NetFlow-IDS,OnOff,NonIID_Dirichlet,ASR_Final_Round,Adaptive_NoTemporalMemory,Krum,10,0.03850267379679144,0.46203208556149733,-0.4235294117647058,0.0,0.001953125,-1.0,-1.5430653627228443,ok,0.0703125,False
Dataset_A_CPS-NetFlow-IDS,OnOff,NonIID_Dirichlet,ASR_Final_Round,Adaptive_Ultimate,FLAME,10,0.03850267379679144,0.567379679144385,-0.5288770053475936,0.0,0.001953125,-1.0,-3.5145296679028326,ok,0.0703125,False
Dataset_A_CPS-NetFlow-IDS,OnOff,NonIID_Dirichlet,ASR_Final_Round,Adaptive_Ultimate,FLTrust,10,0.03850267379679144,0.03850267379679144,-1.7347234759768072e-19,1.0,1.0,0.01,-6.881420854074982e-17,ok,1.0,False
Dataset_A_CPS-NetFlow-IDS,OnOff,NonIID_Dirichlet,ASR_Final_Round,Adaptive_Ultimate,FedAvg,10,0.03850267379679144,0.7631016042780749,-0.7245989304812835,0.0,0.001953125,-1.0,-2.613918204644961,ok,0.0703125,False
Dataset_A_CPS-NetFlow-IDS,OnOff,NonIID_Dirichlet,ASR_Final_Round,Adaptive_Ultimate,Krum,10,0.03850267379679144,0.46203208556149733,-0.4235294117647058,0.0,0.001953125,-1.0,-1.5430653627228443,ok,0.0703125,False
Dataset_A_CPS-NetFlow-IDS,OnOff,NonIID_Dirichlet,ASR_Final_Round,FLAME,FLTrust,10,0.567379679144385,0.03850267379679144,0.5288770053475936,0.0,0.001953125,1.0,3.511082794588442,ok,0.0703125,False
Dataset_A_CPS-NetFlow-IDS,OnOff,NonIID_Dirichlet,ASR_Final_Round,FLAME,FedAvg,10,0.567379679144385,0.7631016042780749,-0.19572192513368986,11.0,0.10546875,-0.66,-0.6466390725502,ok,1.0,False
Dataset_A_CPS-NetFlow-IDS,OnOff,NonIID_Dirichlet,ASR_Final_Round,FLAME,Krum,10,0.567379679144385,0.46203208556149733,0.10534759358288767,19.0,0.431640625,0.29,0.2768822698255371,ok,1.0,False
Dataset_A_CPS-NetFlow-IDS,OnOff,NonIID_Dirichlet,ASR_Final_Round,FLTrust,FedAvg,10,0.03850267379679144,0.7631016042780749,-0.7245989304812834,0.0,0.001953125,-1.0,-2.632046742660497,ok,0.0703125,False
Dataset_A_CPS-NetFlow-IDS,OnOff,NonIID_Dirichlet,ASR_Final_Round,FLTrust,Krum,10,0.03850267379679144,0.46203208556149733,-0.4235294117647059,0.0,0.001953125,-1.0,-1.540403907133316,ok,0.0703125,False
Dataset_A_CPS-NetFlow-IDS,OnOff,NonIID_Dirichlet,ASR_Final_Round,FedAvg,Krum,10,0.7631016042780749,0.46203208556149733,0.3010695187165775,8.0,0.048828125,0.59,0.704606200825988,ok,0.87890625,False
Dataset_A_CPS-NetFlow-IDS,Scaling,IID,F1_Mean_Over_Rounds,Adaptive_FixedCircuitBreaker,Adaptive_NoAdaptiveWeighting,10,0.9158563268495594,0.9147676389591771,0.001088687890382334,15.0,0.232421875,0.04,0.3907156407900457,ok,1.0,False
Dataset_A_CPS-NetFlow-IDS,Scaling,IID,F1_Mean_Over_Rounds,Adaptive_FixedCircuitBreaker,Adaptive_NoCircuitBreaker,10,0.9158563268495594,0.9167362993589657,-0.0008799725094063681,6.0,0.21875,-0.03,-0.5372823167330937,ok,1.0,False
Dataset_A_CPS-NetFlow-IDS,Scaling,IID,F1_Mean_Over_Rounds,Adaptive_FixedCircuitBreaker,Adaptive_NoTemporalMemory,10,0.9158563268495594,0.9163551600090957,-0.0004988331595362605,5.0,0.0390625,-0.05,-0.6964939373135137,ok,0.4453125,False
Dataset_A_CPS-NetFlow-IDS,Scaling,IID,F1_Mean_Over_Rounds,Adaptive_FixedCircuitBreaker,Adaptive_Ultimate,10,0.9158563268495594,0.9160430483171285,-0.00018672146756912867,0.0,0.5,-0.02,-0.4517207964241457,ok,1.0,False
Dataset_A_CPS-NetFlow-IDS,Scaling,IID,F1_Mean_Over_Rounds,Adaptive_FixedCircuitBreaker,FLAME,10,0.9158563268495594,0.6618351469753425,0.2540211798742169,0.0,0.001953125,1.0,6.421014848322094,ok,0.0703125,False
Dataset_A_CPS-NetFlow-IDS,Scaling,IID,F1_Mean_Over_Rounds,Adaptive_FixedCircuitBreaker,FLTrust,10,0.9158563268495594,0.9168022667943443,-0.0009459399447850125,1.0,0.0078125,-0.09,-0.8612313031621955,ok,0.1171875,False
Dataset_A_CPS-NetFlow-IDS,Scaling,IID,F1_Mean_Over_Rounds,Adaptive_FixedCircuitBreaker,FedAvg,10,0.9158563268495594,0.6040297041203231,0.3118266227292363,0.0,0.001953125,1.0,5.659027597328213,ok,0.0703125,False
Dataset_A_CPS-NetFlow-IDS,Scaling,IID,F1_Mean_Over_Rounds,Adaptive_FixedCircuitBreaker,Krum,10,0.9158563268495594,0.875262277059201,0.0405940497903584,1.0,0.00390625,0.78,1.1901785461012049,ok,0.0703125,False
Dataset_A_CPS-NetFlow-IDS,Scaling,IID,F1_Mean_Over_Rounds,Adaptive_NoAdaptiveWeighting,Adaptive_NoCircuitBreaker,10,0.9147676389591771,0.9167362993589657,-0.001968660399788702,5.0,0.01953125,-0.12,-0.9063347557483319,ok,0.25390625,False
Dataset_A_CPS-NetFlow-IDS,Scaling,IID,F1_Mean_Over_Rounds,Adaptive_NoAdaptiveWeighting,Adaptive_NoTemporalMemory,10,0.9147676389591771,0.9163551600090957,-0.0015875210499185944,12.0,0.130859375,-0.08,-0.5200337221828188,ok,1.0,False
Dataset_A_CPS-NetFlow-IDS,Scaling,IID,F1_Mean_Over_Rounds,Adaptive_NoAdaptiveWeighting,Adaptive_Ultimate,10,0.9147676389591771,0.9160430483171285,-0.0012754093579514624,12.0,0.130859375,-0.04,-0.4732569828692851,ok,1.0,False
Dataset_A_CPS-NetFlow-IDS,Scaling,IID,F1_Mean_Over_Rounds,Adaptive_NoAdaptiveWeighting,FLAME,10,0.9147676389591771,0.6618351469753425,0.2529324919838345,0.0,0.001953125,1.0,6.615875825019638,ok,0.0703125,False
Dataset_A_CPS-NetFlow-IDS,Scaling,IID,F1_Mean_Over_Rounds,Adaptive_NoAdaptiveWeighting,FLTrust,10,0.9147676389591771,0.9168022667943443,-0.0020346278351673465,7.0,0.037109375,-0.14,-0.7998006679172426,ok,0.4453125,False
Dataset_A_CPS-NetFlow-IDS,Scaling,IID,F1_Mean_Over_Rounds,Adaptive_NoAdaptiveWeighting,FedAvg,10,0.9147676389591771,0.6040297041203231,0.310737934838854,0.0,0.001953125,1.0,5.856765321241176,ok,0.0703125,False
Dataset_A_CPS-NetFlow-IDS,Scaling,IID,F1_Mean_Over_Rounds,Adaptive_NoAdaptiveWeighting,Krum,10,0.9147676389591771,0.875262277059201,0.03950536189997607,0.0,0.001953125,0.8,1.1651104624877506,ok,0.0703125,False
Dataset_A_CPS-NetFlow-IDS,Scaling,IID,F1_Mean_Over_Rounds,Adaptive_NoCircuitBreaker,Adaptive_NoTemporalMemory,10,0.9167362993589657,0.9163551600090957,0.00038113934987010767,16.0,0.49609375,-0.01,0.24927699526707955,ok,1.0,False
Dataset_A_CPS-NetFlow-IDS,Scaling,IID,F1_Mean_Over_Rounds,Adaptive_NoCircuitBreaker,Adaptive_Ultimate,10,0.9167362993589657,0.9160430483171285,0.0006932510418372395,6.0,0.21875,0.03,0.5168455582784389,ok,1.0,False
Dataset_A_CPS-NetFlow-IDS,Scaling,IID,F1_Mean_Over_Rounds,Adaptive_NoCircuitBreaker,FLAME,10,0.9167362993589657,0.6618351469753425,0.25490115238362326,0.0,0.001953125,1.0,6.4756122304365515,ok,0.0703125,False
Dataset_A_CPS-NetFlow-IDS,Scaling,IID,F1_Mean_Over_Rounds,Adaptive_NoCircuitBreaker,FLTrust,10,0.9167362993589657,0.9168022667943443,-6.596743537864435e-05,20.0,0.8203125,-0.03,-0.09410164171808072,ok,1.0,False
Dataset_A_CPS-NetFlow-IDS,Scaling,IID,F1_Mean_Over_Rounds,Adaptive_NoCircuitBreaker,FedAvg,10,0.9167362993589657,0.6040297041203231,0.31270659523864264,0.0,0.001953125,1.0,5.7731401485827805,ok,0.0703125,False
Dataset_A_CPS-NetFlow-IDS,Scaling,IID,F1_Mean_Over_Rounds,Adaptive_NoCircuitBreaker,Krum,10,0.9167362993589657,0.875262277059201,0.04147402229976477,0.0,0.001953125,0.8,1.2130298363650807,ok,0.0703125,False
Dataset_A_CPS-NetFlow-IDS,Scaling,IID,F1_Mean_Over_Rounds,Adaptive_NoTemporalMemory,Adaptive_Ultimate,10,0.9163551600090957,0.9160430483171285,0.0003121116919671318,8.0,0.09765625,0.03,0.5828434347719396,ok,0.9765625,False
Dataset_A_CPS-NetFlow-IDS,Scaling,IID,F1_Mean_Over_Rounds,Adaptive_NoTemporalMemory,FLAME,10,0.9163551600090957,0.6618351469753425,0.25452001303375316,0.0,0.001953125,1.0,6.456573352188814,ok,0.0703125,False
Dataset_A_CPS-NetFlow-IDS,Scaling,IID,F1_Mean_Over_Rounds,Adaptive_NoTemporalMemory,FLTrust,10,0.9163551600090957,0.9168022667943443,-0.00044710678524875205,7.0,0.296875,-0.03,-0.47281546741266656,ok,1.0,False
Dataset_A_CPS-NetFlow-IDS,Scaling,IID,F1_Mean_Over_Rounds,Adaptive_NoTemporalMemory,FedAvg,10,0.9163551600090957,0.6040297041203231,0.3123254558887726,0.0,0.001953125,1.0,5.6753853580971985,ok,0.0703125,False
Dataset_A_CPS-NetFlow-IDS,Scaling,IID,F1_Mean_Over_Rounds,Adaptive_NoTemporalMemory,Krum,10,0.9163551600090957,0.875262277059201,0.04109288294989466,0.0,0.001953125,0.8,1.2118007044801016,ok,0.0703125,False
Dataset_A_CPS-NetFlow-IDS,Scaling,IID,F1_Mean_Over_Rounds,Adaptive_Ultimate,FLAME,10,0.9160430483171285,0.6618351469753425,0.25420790134178606,0.0,0.001953125,1.0,6.444114594360658,ok,0.0703125,False
Dataset_A_CPS-NetFlow-IDS,Scaling,IID,F1_Mean_Over_Rounds,Adaptive_Ultimate,FLTrust,10,0.9160430483171285,0.9168022667943443,-0.0007592184772158839,1.0,0.0078125,-0.09,-0.9754069898590515,ok,0.1171875,False
Dataset_A_CPS-NetFlow-IDS,Scaling,IID,F1_Mean_Over_Rounds,Adaptive_Ultimate,FedAvg,10,0.9160430483171285,0.6040297041203231,0.3120133441968055,0.0,0.001953125,1.0,5.68676960241134,ok,0.0703125,False
Dataset_A_CPS-NetFlow-IDS,Scaling,IID,F1_Mean_Over_Rounds,Adaptive_Ultimate,Krum,10,0.9160430483171285,0.875262277059201,0.04078077125792753,0.0,0.001953125,0.8,1.2008665532478606,ok,0.0703125,False
Dataset_A_CPS-NetFlow-IDS,Scaling,IID,F1_Mean_Over_Rounds,FLAME,FLTrust,10,0.6618351469753425,0.9168022667943443,-0.2549671198190019,0.0,0.001953125,-1.0,-6.444252224870634,ok,0.0703125,False
Dataset_A_CPS-NetFlow-IDS,Scaling,IID,F1_Mean_Over_Rounds,FLAME,FedAvg,10,0.6618351469753425,0.6040297041203231,0.057805442855019415,1.0,0.00390625,0.74,1.2836123173480027,ok,0.0703125,False
Dataset_A_CPS-NetFlow-IDS,Scaling,IID,F1_Mean_Over_Rounds,FLAME,Krum,10,0.6618351469753425,0.875262277059201,-0.21342713008385852,0.0,0.001953125,-1.0,-6.470458124411411,ok,0.0703125,False
Dataset_A_CPS-NetFlow-IDS,Scaling,IID,F1_Mean_Over_Rounds,FLTrust,FedAvg,10,0.9168022667943443,0.6040297041203231,0.3127725626740213,0.0,0.001953125,1.0,5.721300396480504,ok,0.0703125,False
Dataset_A_CPS-NetFlow-IDS,Scaling,IID,F1_Mean_Over_Rounds,FLTrust,Krum,10,0.9168022667943443,0.875262277059201,0.04153998973514341,0.0,0.001953125,0.8,1.2167448160725347,ok,0.0703125,False
Dataset_A_CPS-NetFlow-IDS,Scaling,IID,F1_Mean_Over_Rounds,FedAvg,Krum,10,0.6040297041203231,0.875262277059201,-0.2712325729388779,0.0,0.001953125,-1.0,-4.783936918679915,ok,0.0703125,False
Dataset_A_CPS-NetFlow-IDS,Scaling,IID,ASR_Mean_Over_Rounds,Adaptive_FixedCircuitBreaker,Adaptive_NoAdaptiveWeighting,10,0.04459358288770053,0.04385026737967915,0.0007433155080213899,2.0,0.046875,0.09,0.48071280248094356,ok,0.65625,False
Dataset_A_CPS-NetFlow-IDS,Scaling,IID,ASR_Mean_Over_Rounds,Adaptive_FixedCircuitBreaker,Adaptive_NoCircuitBreaker,10,0.04459358288770053,0.043048128342245986,0.0015454545454545424,7.0,0.1484375,0.08,0.6573295616107727,ok,1.0,False
Dataset_A_CPS-NetFlow-IDS,Scaling,IID,ASR_Mean_Over_Rounds,Adaptive_FixedCircuitBreaker,Adaptive_NoTemporalMemory,10,0.04459358288770053,0.04360427807486631,0.0009893048128342212,7.0,0.296875,0.05,0.5392544613495908,ok,1.0,False
Dataset_A_CPS-NetFlow-IDS,Scaling,IID,ASR_Mean_Over_Rounds,Adaptive_FixedCircuitBreaker,Adaptive_Ultimate,10,0.04459358288770053,0.043839572192513374,0.0007540106951871648,0.0,0.25,0.07,0.5382141136745915,ok,1.0,False
Dataset_A_CPS-NetFlow-IDS,Scaling,IID,ASR_Mean_Over_Rounds,Adaptive_FixedCircuitBreaker,FLAME,10,0.04459358288770053,0.37256149732620325,-0.32796791443850265,0.0,0.001953125,-1.0,-16.22436306963082,ok,0.0703125,False
Dataset_A_CPS-NetFlow-IDS,Scaling,IID,ASR_Mean_Over_Rounds,Adaptive_FixedCircuitBreaker,FLTrust,10,0.04459358288770053,0.043320855614973265,0.0012727272727272704,10.0,0.3125,0.02,0.5536780545398993,ok,1.0,False
Dataset_A_CPS-NetFlow-IDS,Scaling,IID,ASR_Mean_Over_Rounds,Adaptive_FixedCircuitBreaker,FedAvg,10,0.04459358288770053,0.7561336898395722,-0.7115401069518716,0.0,0.001953125,-1.0,-28.463823074165607,ok,0.0703125,False
Dataset_A_CPS-NetFlow-IDS,Scaling,IID,ASR_Mean_Over_Rounds,Adaptive_FixedCircuitBreaker,Krum,10,0.04459358288770053,0.06576470588235295,-0.021171122994652413,3.0,0.009765625,-0.24,-0.4531520105394426,ok,0.185546875,False
Dataset_A_CPS-NetFlow-IDS,Scaling,IID,ASR_Mean_Over_Rounds,Adaptive_NoAdaptiveWeighting,Adaptive_NoCircuitBreaker,10,0.04385026737967915,0.043048128342245986,0.0008021390374331526,11.0,0.3828125,0.02,0.40717729785840445,ok,1.0,False
Dataset_A_CPS-NetFlow-IDS,Scaling,IID,ASR_Mean_Over_Rounds,Adaptive_NoAdaptiveWeighting,Adaptive_NoTemporalMemory,10,0.04385026737967915,0.04360427807486631,0.0002459893048128315,14.0,0.359375,-0.05,0.1595786332179754,ok,1.0,False
Dataset_A_CPS-NetFlow-IDS,Scaling,IID,ASR_Mean_Over_Rounds,Adaptive_NoAdaptiveWeighting,Adaptive_Ultimate,10,0.04385026737967915,0.043839572192513374,1.069518716577504e-05,10.0,0.2890625,-0.04,0.017899684868877018,ok,1.0,False
Dataset_A_CPS-NetFlow-IDS,Scaling,IID,ASR_Mean_Over_Rounds,Adaptive_NoAdaptiveWeighting,FLAME,10,0.04385026737967915,0.37256149732620325,-0.32871122994652413,0.0,0.001953125,-1.0,-15.829709081554327,ok,0.0703125,False
Dataset_A_CPS-NetFlow-IDS,Scaling,IID,ASR_Mean_Over_Rounds,Adaptive_NoAdaptiveWeighting,FLTrust,10,0.04385026737967915,0.043320855614973265,0.0005294117647058805,22.0,0.9765625,-0.05,0.285829408006168,ok,1.0,False
Dataset_A_CPS-NetFlow-IDS,Scaling,IID,ASR_Mean_Over_Rounds,Adaptive_NoAdaptiveWeighting,FedAvg,10,0.04385026737967915,0.7561336898395722,-0.7122834224598932,0.0,0.001953125,-1.0,-28.879871765023527,ok,0.0703125,False
Dataset_A_CPS-NetFlow-IDS,Scaling,IID,ASR_Mean_Over_Rounds,Adaptive_NoAdaptiveWeighting,Krum,10,0.04385026737967915,0.06576470588235295,-0.021914438502673803,3.0,0.009765625,-0.28,-0.45476981779782016,ok,0.185546875,False
Dataset_A_CPS-NetFlow-IDS,Scaling,IID,ASR_Mean_Over_Rounds,Adaptive_NoCircuitBreaker,Adaptive_NoTemporalMemory,10,0.043048128342245986,0.04360427807486631,-0.0005561497326203211,10.0,0.1640625,-0.05,-0.5546370868108108,ok,1.0,False
Dataset_A_CPS-NetFlow-IDS,Scaling,IID,ASR_Mean_Over_Rounds,Adaptive_NoCircuitBreaker,Adaptive_Ultimate,10,0.043048128342245986,0.043839572192513374,-0.0007914438502673775,9.0,0.25,-0.04,-0.5186123240269287,ok,1.0,False
Dataset_A_CPS-NetFlow-IDS,Scaling,IID,ASR_Mean_Over_Rounds,Adaptive_NoCircuitBreaker,FLAME,10,0.043048128342245986,0.37256149732620325,-0.3295133689839572,0.0,0.001953125,-1.0,-16.192387460276912,ok,0.0703125,False
Dataset_A_CPS-NetFlow-IDS,Scaling,IID,ASR_Mean_Over_Rounds,Adaptive_NoCircuitBreaker,FLTrust,10,0.043048128342245986,0.043320855614973265,-0.00027272727272727203,2.0,0.0234375,-0.08,-0.9940515354066501,ok,0.3515625,False
Dataset_A_CPS-NetFlow-IDS,Scaling,IID,ASR_Mean_Over_Rounds,Adaptive_NoCircuitBreaker,FedAvg,10,0.043048128342245986,0.7561336898395722,-0.7130855614973262,0.0,0.001953125,-1.0,-28.263269059345227,ok,0.0703125,False
Dataset_A_CPS-NetFlow-IDS,Scaling,IID,ASR_Mean_Over_Rounds,Adaptive_NoCircuitBreaker,Krum,10,0.043048128342245986,0.06576470588235295,-0.022716577540106954,3.0,0.009765625,-0.28,-0.4739077398188058,ok,0.185546875,False
Dataset_A_CPS-NetFlow-IDS,Scaling,IID,ASR_Mean_Over_Rounds,Adaptive_NoTemporalMemory,Adaptive_Ultimate,10,0.04360427807486631,0.043839572192513374,-0.00023529411764705647,11.0,0.6875,0.03,-0.2451854931029824,ok,1.0,False
Dataset_A_CPS-NetFlow-IDS,Scaling,IID,ASR_Mean_Over_Rounds,Adaptive_NoTemporalMemory,FLAME,10,0.04360427807486631,0.37256149732620325,-0.3289572192513369,0.0,0.001953125,-1.0,-15.917793177371369,ok,0.0703125,False
Dataset_A_CPS-NetFlow-IDS,Scaling,IID,ASR_Mean_Over_Rounds,Adaptive_NoTemporalMemory,FLTrust,10,0.04360427807486631,0.043320855614973265,0.000283422459893049,9.0,0.46875,-0.01,0.32161599450195266,ok,1.0,False
Dataset_A_CPS-NetFlow-IDS,Scaling,IID,ASR_Mean_Over_Rounds,Adaptive_NoTemporalMemory,FedAvg,10,0.04360427807486631,0.7561336898395722,-0.7125294117647059,0.0,0.001953125,-1.0,-28.567553845311526,ok,0.0703125,False
Dataset_A_CPS-NetFlow-IDS,Scaling,IID,ASR_Mean_Over_Rounds,Adaptive_NoTemporalMemory,Krum,10,0.04360427807486631,0.06576470588235295,-0.022160427807486633,2.0,0.005859375,-0.26,-0.4630350844263635,ok,0.123046875,False
Dataset_A_CPS-NetFlow-IDS,Scaling,IID,ASR_Mean_Over_Rounds,Adaptive_Ultimate,FLAME,10,0.043839572192513374,0.37256149732620325,-0.32872192513368986,0.0,0.001953125,-1.0,-15.867425661063182,ok,0.0703125,False
Dataset_A_CPS-NetFlow-IDS,Scaling,IID,ASR_Mean_Over_Rounds,Adaptive_Ultimate,FLTrust,10,0.043839572192513374,0.043320855614973265,0.0005187165775401055,12.0,0.4609375,-0.02,0.3702847526923784,ok,1.0,False
Dataset_A_CPS-NetFlow-IDS,Scaling,IID,ASR_Mean_Over_Rounds,Adaptive_Ultimate,FedAvg,10,0.043839572192513374,0.7561336898395722,-0.7122941176470587,0.0,0.001953125,-1.0,-28.76762460708322,ok,0.0703125,False
Dataset_A_CPS-NetFlow-IDS,Scaling,IID,ASR_Mean_Over_Rounds,Adaptive_Ultimate,Krum,10,0.043839572192513374,0.06576470588235295,-0.021925133689839577,2.0,0.005859375,-0.26,-0.4568591191034354,ok,0.123046875,False
Dataset_A_CPS-NetFlow-IDS,Scaling,IID,ASR_Mean_Over_Rounds,FLAME,FLTrust,10,0.37256149732620325,0.043320855614973265,0.3292406417112299,0.0,0.001953125,1.0,16.140265773772946,ok,0.0703125,False
Dataset_A_CPS-NetFlow-IDS,Scaling,IID,ASR_Mean_Over_Rounds,FLAME,FedAvg,10,0.37256149732620325,0.7561336898395722,-0.383572192513369,0.0,0.001953125,-1.0,-13.99647898109672,ok,0.0703125,False
Dataset_A_CPS-NetFlow-IDS,Scaling,IID,ASR_Mean_Over_Rounds,FLAME,Krum,10,0.37256149732620325,0.06576470588235295,0.3067967914438503,0.0,0.001953125,1.0,7.878913425982888,ok,0.0703125,False
Dataset_A_CPS-NetFlow-IDS,Scaling,IID,ASR_Mean_Over_Rounds,FLTrust,FedAvg,10,0.043320855614973265,0.7561336898395722,-0.712812834224599,0.0,0.001953125,-1.0,-28.42632373703291,ok,0.0703125,False
Dataset_A_CPS-NetFlow-IDS,Scaling,IID,ASR_Mean_Over_Rounds,FLTrust,Krum,10,0.043320855614973265,0.06576470588235295,-0.022443850267379682,3.0,0.009765625,-0.28,-0.4673644645153763,ok,0.185546875,False
Dataset_A_CPS-NetFlow-IDS,Scaling,IID,ASR_Mean_Over_Rounds,FedAvg,Krum,10,0.7561336898395722,0.06576470588235295,0.6903689839572191,0.0,0.001953125,1.0,12.12146130005198,ok,0.0703125,False
Dataset_A_CPS-NetFlow-IDS,Scaling,IID,F1_Final_Round,Adaptive_FixedCircuitBreaker,Adaptive_NoAdaptiveWeighting,10,0.9420228134650944,0.9430289723761189,-0.0010061589110244129,0.0,1.0,-0.02,-0.3162277660168379,ok,1.0,False
Dataset_A_CPS-NetFlow-IDS,Scaling,IID,F1_Final_Round,Adaptive_FixedCircuitBreaker,Adaptive_NoCircuitBreaker,10,0.9420228134650944,0.9450481124152755,-0.0030252989501811435,2.0,0.1875,-0.12,-0.5476241012958073,ok,1.0,False
Dataset_A_CPS-NetFlow-IDS,Scaling,IID,F1_Final_Round,Adaptive_FixedCircuitBreaker,Adaptive_NoTemporalMemory,10,0.9420228134650944,0.94303564556949,-0.0010128321043954892,0.0,0.5,-0.04,-0.47430098236155066,ok,1.0,False
Dataset_A_CPS-NetFlow-IDS,Scaling,IID,F1_Final_Round,Adaptive_FixedCircuitBreaker,Adaptive_Ultimate,10,0.9420228134650944,0.9425232979559828,-0.000500484490888331,0.0,1.0,-0.01,-0.3162277660168379,ok,1.0,False
Dataset_A_CPS-NetFlow-IDS,Scaling,IID,F1_Final_Round,Adaptive_FixedCircuitBreaker,FLAME,10,0.9420228134650944,0.4308727846954172,0.5111500287696773,0.0,0.001953125,1.0,2.6164610915444784,ok,0.0703125,False
Dataset_A_CPS-NetFlow-IDS,Scaling,IID,F1_Final_Round,Adaptive_FixedCircuitBreaker,FLTrust,10,0.9420228134650944,0.9450481124152755,-0.0030252989501811435,2.0,0.1875,-0.12,-0.5476241012958073,ok,1.0,False
Dataset_A_CPS-NetFlow-IDS,Scaling,IID,F1_Final_Round,Adaptive_FixedCircuitBreaker,FedAvg,10,0.9420228134650944,0.6519955766556891,0.29002723680940534,0.0,0.001953125,1.0,3.205088737920333,ok,0.0703125,False
Dataset_A_CPS-NetFlow-IDS,Scaling,IID,F1_Final_Round,Adaptive_FixedCircuitBreaker,Krum,10,0.9420228134650944,0.8653830495747796,0.0766397638903148,0.0,0.0625,0.17,0.3282013254351171,ok,1.0,False
Dataset_A_CPS-NetFlow-IDS,Scaling,IID,F1_Final_Round,Adaptive_NoAdaptiveWeighting,Adaptive_NoCircuitBreaker,10,0.9430289723761189,0.9450481124152755,-0.0020191400391567304,2.0,0.375,-0.1,-0.40455574089292484,ok,1.0,False
Dataset_A_CPS-NetFlow-IDS,Scaling,IID,F1_Final_Round,Adaptive_NoAdaptiveWeighting,Adaptive_NoTemporalMemory,10,0.9430289723761189,0.94303564556949,-6.673193371076191e-06,1.0,1.0,-0.01,-0.002781027735533469,ok,1.0,False
Dataset_A_CPS-NetFlow-IDS,Scaling,IID,F1_Final_Round,Adaptive_NoAdaptiveWeighting,Adaptive_Ultimate,10,0.9430289723761189,0.9425232979559828,0.0005056744201360819,0.0,1.0,0.02,0.3162277660168379,ok,1.0,False
Dataset_A_CPS-NetFlow-IDS,Scaling,IID,F1_Final_Round,Adaptive_NoAdaptiveWeighting,FLAME,10,0.9430289723761189,0.4308727846954172,0.5121561876807016,0.0,0.001953125,1.0,2.6408628071195235,ok,0.0703125,False
Dataset_A_CPS-NetFlow-IDS,Scaling,IID,F1_Final_Round,Adaptive_NoAdaptiveWeighting,FLTrust,10,0.9430289723761189,0.9450481124152755,-0.0020191400391567304,2.0,0.375,-0.1,-0.40455574089292484,ok,1.0,False
Dataset_A_CPS-NetFlow-IDS,Scaling,IID,F1_Final_Round,Adaptive_NoAdaptiveWeighting,FedAvg,10,0.9430289723761189,0.6519955766556891,0.29103339572042974,0.0,0.001953125,1.0,3.2556391693334663,ok,0.0703125,False
Dataset_A_CPS-NetFlow-IDS,Scaling,IID,F1_Final_Round,Adaptive_NoAdaptiveWeighting,Krum,10,0.9430289723761189,0.8653830495747796,0.07764592280133921,0.0,0.03125,0.22,0.3330027795823811,ok,0.6875,False
Dataset_A_CPS-NetFlow-IDS,Scaling,IID,F1_Final_Round,Adaptive_NoCircuitBreaker,Adaptive_NoTemporalMemory,10,0.9450481124152755,0.94303564556949,0.0020124668457856543,2.0,0.375,0.07,0.4035881844041662,ok,1.0,False
Dataset_A_CPS-NetFlow-IDS,Scaling,IID,F1_Final_Round,Adaptive_NoCircuitBreaker,Adaptive_Ultimate,10,0.9450481124152755,0.9425232979559828,0.0025248144592928123,3.0,0.3125,0.12,0.5029724948003937,ok,1.0,False
Dataset_A_CPS-NetFlow-IDS,Scaling,IID,F1_Final_Round,Adaptive_NoCircuitBreaker,FLAME,10,0.9450481124152755,0.4308727846954172,0.5141753277198584,0.0,0.001953125,1.0,2.6668649894668413,ok,0.0703125,False
Dataset_A_CPS-NetFlow-IDS,Scaling,IID,F1_Final_Round,Adaptive_NoCircuitBreaker,FLTrust,10,0.9450481124152755,0.9450481124152755,0.0,0.0,1.0,0.0,0.0,identical_values,1.0,False
Dataset_A_CPS-NetFlow-IDS,Scaling,IID,F1_Final_Round,Adaptive_NoCircuitBreaker,FedAvg,10,0.9450481124152755,0.6519955766556891,0.2930525357595865,0.0,0.001953125,1.0,3.3891967205269284,ok,0.0703125,False
Dataset_A_CPS-NetFlow-IDS,Scaling,IID,F1_Final_Round,Adaptive_NoCircuitBreaker,Krum,10,0.9450481124152755,0.8653830495747796,0.07966506284049593,3.0,0.078125,0.31,0.33736475306797303,ok,1.0,False
Dataset_A_CPS-NetFlow-IDS,Scaling,IID,F1_Final_Round,Adaptive_NoTemporalMemory,Adaptive_Ultimate,10,0.94303564556949,0.9425232979559828,0.0005123476135071581,0.0,1.0,0.03,0.31622776601683794,ok,1.0,False
Dataset_A_CPS-NetFlow-IDS,Scaling,IID,F1_Final_Round,Adaptive_NoTemporalMemory,FLAME,10,0.94303564556949,0.4308727846954172,0.5121628608740727,0.0,0.001953125,1.0,2.641157325800956,ok,0.0703125,False
Dataset_A_CPS-NetFlow-IDS,Scaling,IID,F1_Final_Round,Adaptive_NoTemporalMemory,FLTrust,10,0.94303564556949,0.9450481124152755,-0.0020124668457856543,2.0,0.375,-0.07,-0.4035881844041662,ok,1.0,False
Dataset_A_CPS-NetFlow-IDS,Scaling,IID,F1_Final_Round,Adaptive_NoTemporalMemory,FedAvg,10,0.94303564556949,0.6519955766556891,0.2910400689138008,0.0,0.001953125,1.0,3.242593207378355,ok,0.0703125,False
Dataset_A_CPS-NetFlow-IDS,Scaling,IID,F1_Final_Round,Adaptive_NoTemporalMemory,Krum,10,0.94303564556949,0.8653830495747796,0.07765259599471028,0.0,0.03125,0.23,0.3330167338298916,ok,0.6875,False
Dataset_A_CPS-NetFlow-IDS,Scaling,IID,F1_Final_Round,Adaptive_Ultimate,FLAME,10,0.9425232979559828,0.4308727846954172,0.5116505132605655,0.0,0.001953125,1.0,2.62862458706584,ok,0.0703125,False
Dataset_A_CPS-NetFlow-IDS,Scaling,IID,F1_Final_Round,Adaptive_Ultimate,FLTrust,10,0.9425232979559828,0.9450481124152755,-0.0025248144592928123,3.0,0.3125,-0.12,-0.5029724948003937,ok,1.0,False
Dataset_A_CPS-NetFlow-IDS,Scaling,IID,F1_Final_Round,Adaptive_Ultimate,FedAvg,10,0.9425232979559828,0.6519955766556891,0.2905277213002937,0.0,0.001953125,1.0,3.230524975893861,ok,0.0703125,False
Dataset_A_CPS-NetFlow-IDS,Scaling,IID,F1_Final_Round,Adaptive_Ultimate,Krum,10,0.9425232979559828,0.8653830495747796,0.07714024838120312,0.0,0.03125,0.19,0.33059548459508903,ok,0.6875,False
Dataset_A_CPS-NetFlow-IDS,Scaling,IID,F1_Final_Round,FLAME,FLTrust,10,0.4308727846954172,0.9450481124152755,-0.5141753277198584,0.0,0.001953125,-1.0,-2.6668649894668413,ok,0.0703125,False
Dataset_A_CPS-NetFlow-IDS,Scaling,IID,F1_Final_Round,FLAME,FedAvg,10,0.4308727846954172,0.6519955766556891,-0.2211227919602719,0.0,0.00390625,-0.73,-1.1266162596114782,ok,0.09375,False
Dataset_A_CPS-NetFlow-IDS,Scaling,IID,F1_Final_Round,FLAME,Krum,10,0.4308727846954172,0.8653830495747796,-0.4345102648793624,1.0,0.00390625,-0.83,-1.504655447235024,ok,0.09375,False
Dataset_A_CPS-NetFlow-IDS,Scaling,IID,F1_Final_Round,FLTrust,FedAvg,10,0.9450481124152755,0.6519955766556891,0.2930525357595865,0.0,0.001953125,1.0,3.3891967205269284,ok,0.0703125,False
Dataset_A_CPS-NetFlow-IDS,Scaling,IID,F1_Final_Round,FLTrust,Krum,10,0.9450481124152755,0.8653830495747796,0.07966506284049593,3.0,0.078125,0.31,0.33736475306797303,ok,1.0,False
Dataset_A_CPS-NetFlow-IDS,Scaling,IID,F1_Final_Round,FedAvg,Krum,10,0.6519955766556891,0.8653830495747796,-0.2133874729190905,9.0,0.064453125,-0.8,-0.8186552124310912,ok,1.0,False
Dataset_A_CPS-NetFlow-IDS,Scaling,IID,ASR_Final_Round,Adaptive_FixedCircuitBreaker,Adaptive_NoAdaptiveWeighting,10,0.03636363636363636,0.034224598930481284,0.00213903743315508,0.0,0.5,0.12,0.4743416490252569,ok,1.0,False
Dataset_A_CPS-NetFlow-IDS,Scaling,IID,ASR_Final_Round,Adaptive_FixedCircuitBreaker,Adaptive_NoCircuitBreaker,10,0.03636363636363636,0.03208556149732621,0.004278074866310159,2.0,0.09375,0.26,0.704664263417644,ok,1.0,False
Dataset_A_CPS-NetFlow-IDS,Scaling,IID,ASR_Final_Round,Adaptive_FixedCircuitBreaker,Adaptive_NoTemporalMemory,10,0.03636363636363636,0.033689839572192515,0.0026737967914438492,0.0,0.25,0.12,0.5883484054145521,ok,1.0,False
Dataset_A_CPS-NetFlow-IDS,Scaling,IID,ASR_Final_Round,Adaptive_FixedCircuitBreaker,Adaptive_Ultimate,10,0.03636363636363636,0.033689839572192515,0.0026737967914438497,0.0,0.25,0.16,0.588348405414552,ok,1.0,False
Dataset_A_CPS-NetFlow-IDS,Scaling,IID,ASR_Final_Round,Adaptive_FixedCircuitBreaker,FLAME,10,0.03636363636363636,0.7529411764705883,-0.7165775401069518,1.0,0.00390625,-0.83,-2.194985096321286,ok,0.1171875,False
Dataset_A_CPS-NetFlow-IDS,Scaling,IID,ASR_Final_Round,Adaptive_FixedCircuitBreaker,FLTrust,10,0.03636363636363636,0.032620320855614976,0.0037433155080213894,1.0,0.125,0.25,0.6037075533048724,ok,1.0,False
Dataset_A_CPS-NetFlow-IDS,Scaling,IID,ASR_Final_Round,Adaptive_FixedCircuitBreaker,FedAvg,10,0.03636363636363636,0.7663101604278075,-0.7299465240641712,0.0,0.001953125,-1.0,-4.846069009723193,ok,0.0703125,False
Dataset_A_CPS-NetFlow-IDS,Scaling,IID,ASR_Final_Round,Adaptive_FixedCircuitBreaker,Krum,10,0.03636363636363636,0.13262032085561498,-0.09625668449197862,2.0,0.5,-0.14,-0.3181759567485479,ok,1.0,False
Dataset_A_CPS-NetFlow-IDS,Scaling,IID,ASR_Final_Round,Adaptive_NoAdaptiveWeighting,Adaptive_NoCircuitBreaker,10,0.034224598930481284,0.03208556149732621,0.002139037433155079,2.0,0.375,0.15,0.41403933560541234,ok,1.0,False
Dataset_A_CPS-NetFlow-IDS,Scaling,IID,ASR_Final_Round,Adaptive_NoAdaptiveWeighting,Adaptive_NoTemporalMemory,10,0.034224598930481284,0.033689839572192515,0.0005347593582887694,1.0,1.0,0.01,0.13552618543578757,ok,1.0,False
Dataset_A_CPS-NetFlow-IDS,Scaling,IID,ASR_Final_Round,Adaptive_NoAdaptiveWeighting,Adaptive_Ultimate,10,0.034224598930481284,0.033689839572192515,0.0005347593582887701,0.0,1.0,0.04,0.31622776601683794,ok,1.0,False
Dataset_A_CPS-NetFlow-IDS,Scaling,IID,ASR_Final_Round,Adaptive_NoAdaptiveWeighting,FLAME,10,0.034224598930481284,0.7529411764705883,-0.718716577540107,1.0,0.00390625,-0.83,-2.2117685081307257,ok,0.1171875,False
Dataset_A_CPS-NetFlow-IDS,Scaling,IID,ASR_Final_Round,Adaptive_NoAdaptiveWeighting,FLTrust,10,0.034224598930481284,0.032620320855614976,0.0016042780748663095,1.0,0.5,0.14,0.3162277660168379,ok,1.0,False
Dataset_A_CPS-NetFlow-IDS,Scaling,IID,ASR_Final_Round,Adaptive_NoAdaptiveWeighting,FedAvg,10,0.034224598930481284,0.7663101604278075,-0.7320855614973263,0.0,0.001953125,-1.0,-4.875863775300353,ok,0.0703125,False
Dataset_A_CPS-NetFlow-IDS,Scaling,IID,ASR_Final_Round,Adaptive_NoAdaptiveWeighting,Krum,10,0.034224598930481284,0.13262032085561498,-0.0983957219251337,2.0,0.25,-0.24,-0.322029341787883,ok,1.0,False
Dataset_A_CPS-NetFlow-IDS,Scaling,IID,ASR_Final_Round,Adaptive_NoCircuitBreaker,Adaptive_NoTemporalMemory,10,0.03208556149732621,0.033689839572192515,-0.0016042780748663095,3.0,0.625,-0.1,-0.36439934858051204,ok,1.0,False
Dataset_A_CPS-NetFlow-IDS,Scaling,IID,ASR_Final_Round,Adaptive_NoCircuitBreaker,Adaptive_Ultimate,10,0.03208556149732621,0.033689839572192515,-0.001604278074866309,3.0,0.625,-0.11,-0.36439934858051193,ok,1.0,False
Dataset_A_CPS-NetFlow-IDS,Scaling,IID,ASR_Final_Round,Adaptive_NoCircuitBreaker,FLAME,10,0.03208556149732621,0.7529411764705883,-0.7208556149732621,1.0,0.00390625,-0.84,-2.2266345972795123,ok,0.1171875,False
Dataset_A_CPS-NetFlow-IDS,Scaling,IID,ASR_Final_Round,Adaptive_NoCircuitBreaker,FLTrust,10,0.03208556149732621,0.032620320855614976,-0.0005347593582887697,0.0,1.0,-0.02,-0.3162277660168379,ok,1.0,False
Dataset_A_CPS-NetFlow-IDS,Scaling,IID,ASR_Final_Round,Adaptive_NoCircuitBreaker,FedAvg,10,0.03208556149732621,0.7663101604278075,-0.7342245989304813,0.0,0.001953125,-1.0,-4.997925247901999,ok,0.0703125,False
Dataset_A_CPS-NetFlow-IDS,Scaling,IID,ASR_Final_Round,Adaptive_NoCircuitBreaker,Krum,10,0.03208556149732621,0.13262032085561498,-0.10053475935828877,5.0,0.0703125,-0.31,-0.3298324573538444,ok,1.0,False
Dataset_A_CPS-NetFlow-IDS,Scaling,IID,ASR_Final_Round,Adaptive_NoTemporalMemory,Adaptive_Ultimate,10,0.033689839572192515,0.033689839572192515,6.938893903907229e-19,1.0,1.0,0.01,2.752568341629995e-16,ok,1.0,False
Dataset_A_CPS-NetFlow-IDS,Scaling,IID,ASR_Final_Round,Adaptive_NoTemporalMemory,FLAME,10,0.033689839572192515,0.7529411764705883,-0.7192513368983957,1.0,0.00390625,-0.83,-2.2304565034476043,ok,0.1171875,False
Dataset_A_CPS-NetFlow-IDS,Scaling,IID,ASR_Final_Round,Adaptive_NoTemporalMemory,FLTrust,10,0.033689839572192515,0.032620320855614976,0.0010695187165775401,2.0,0.75,0.09,0.25354627641855493,ok,1.0,False
Dataset_A_CPS-NetFlow-IDS,Scaling,IID,ASR_Final_Round,Adaptive_NoTemporalMemory,FedAvg,10,0.033689839572192515,0.7663101604278075,-0.732620320855615,0.0,0.001953125,-1.0,-4.9264854227623225,ok,0.0703125,False
Dataset_A_CPS-NetFlow-IDS,Scaling,IID,ASR_Final_Round,Adaptive_NoTemporalMemory,Krum,10,0.033689839572192515,0.13262032085561498,-0.09893048128342247,0.0,0.0625,-0.24,-0.32399956452973117,ok,1.0,False
Dataset_A_CPS-NetFlow-IDS,Scaling,IID,ASR_Final_Round,Adaptive_Ultimate,FLAME,10,0.033689839572192515,0.7529411764705883,-0.7192513368983958,1.0,0.00390625,-0.83,-2.2226598141009855,ok,0.1171875,False
Dataset_A_CPS-NetFlow-IDS,Scaling,IID,ASR_Final_Round,Adaptive_Ultimate,FLTrust,10,0.033689839572192515,0.032620320855614976,0.0010695187165775393,2.0,0.75,0.1,0.25354627641855476,ok,1.0,False
Dataset_A_CPS-NetFlow-IDS,Scaling,IID,ASR_Final_Round,Adaptive_Ultimate,FedAvg,10,0.033689839572192515,0.7663101604278075,-0.732620320855615,0.0,0.001953125,-1.0,-4.901199616336892,ok,0.0703125,False
Dataset_A_CPS-NetFlow-IDS,Scaling,IID,ASR_Final_Round,Adaptive_Ultimate,Krum,10,0.033689839572192515,0.13262032085561498,-0.09893048128342247,0.0,0.125,-0.25,-0.3239885231050916,ok,1.0,False
Dataset_A_CPS-NetFlow-IDS,Scaling,IID,ASR_Final_Round,FLAME,FLTrust,10,0.7529411764705883,0.032620320855614976,0.7203208556149733,1.0,0.00390625,0.83,2.228278440356414,ok,0.1171875,False
Dataset_A_CPS-NetFlow-IDS,Scaling,IID,ASR_Final_Round,FLAME,FedAvg,10,0.7529411764705883,0.7663101604278075,-0.01336898395721926,26.5,0.9453125,0.08,-0.039643992069508104,ok,1.0,False
Dataset_A_CPS-NetFlow-IDS,Scaling,IID,ASR_Final_Round,FLAME,Krum,10,0.7529411764705883,0.13262032085561498,0.6203208556149733,3.0,0.009765625,0.69,1.2157284061897768,ok,0.224609375,False
Dataset_A_CPS-NetFlow-IDS,Scaling,IID,ASR_Final_Round,FLTrust,FedAvg,10,0.032620320855614976,0.7663101604278075,-0.7336898395721925,0.0,0.001953125,-1.0,-5.0033170627214885,ok,0.0703125,False
Dataset_A_CPS-NetFlow-IDS,Scaling,IID,ASR_Final_Round,FLTrust,Krum,10,0.032620320855614976,0.13262032085561498,-0.1,4.0,0.109375,-0.3,-0.3278734498377199,ok,1.0,False
Dataset_A_CPS-NetFlow-IDS,Scaling,IID,ASR_Final_Round,FedAvg,Krum,10,0.7663101604278075,0.13262032085561498,0.6336898395721924,1.0,0.00390625,0.82,1.7311110621547348,ok,0.1171875,False
Dataset_A_CPS-NetFlow-IDS,Scaling,NonIID_Dirichlet,F1_Mean_Over_Rounds,Adaptive_FixedCircuitBreaker,Adaptive_NoAdaptiveWeighting,10,0.8845787480051918,0.8829244607818053,0.001654287223386308,21.0,0.556640625,0.08,0.1594110650942995,ok,1.0,False
Dataset_A_CPS-NetFlow-IDS,Scaling,NonIID_Dirichlet,F1_Mean_Over_Rounds,Adaptive_FixedCircuitBreaker,Adaptive_NoCircuitBreaker,10,0.8845787480051918,0.898340860218336,-0.013762112213144172,3.0,0.3125,-0.11,-0.42502590111292154,ok,1.0,False
Dataset_A_CPS-NetFlow-IDS,Scaling,NonIID_Dirichlet,F1_Mean_Over_Rounds,Adaptive_FixedCircuitBreaker,Adaptive_NoTemporalMemory,10,0.8845787480051918,0.8977905518540013,-0.013211803848809578,9.0,0.064453125,-0.14,-0.45201438303533276,ok,0.64453125,False
Dataset_A_CPS-NetFlow-IDS,Scaling,NonIID_Dirichlet,F1_Mean_Over_Rounds,Adaptive_FixedCircuitBreaker,Adaptive_Ultimate,10,0.8845787480051918,0.8932343763480105,-0.008655628342818845,2.0,0.375,-0.12,-0.4539808959831023,ok,1.0,False
Dataset_A_CPS-NetFlow-IDS,Scaling,NonIID_Dirichlet,F1_Mean_Over_Rounds,Adaptive_FixedCircuitBreaker,FLAME,10,0.8845787480051918,0.5986955994732976,0.28588314853189395,0.0,0.001953125,1.0,3.687466166299408,ok,0.0703125,False
Dataset_A_CPS-NetFlow-IDS,Scaling,NonIID_Dirichlet,F1_Mean_Over_Rounds,Adaptive_FixedCircuitBreaker,FLTrust,10,0.8845787480051918,0.8988690476656844,-0.0142902996604927,9.0,0.064453125,-0.16,-0.4453876347913705,ok,0.64453125,False
Dataset_A_CPS-NetFlow-IDS,Scaling,NonIID_Dirichlet,F1_Mean_Over_Rounds,Adaptive_FixedCircuitBreaker,FedAvg,10,0.8845787480051918,0.5737504546861758,0.31082829331901585,0.0,0.001953125,1.0,2.5717454226285406,ok,0.0703125,False
Dataset_A_CPS-NetFlow-IDS,Scaling,NonIID_Dirichlet,F1_Mean_Over_Rounds,Adaptive_FixedCircuitBreaker,Krum,10,0.8845787480051918,0.7658311658333234,0.11874758217186825,2.0,0.005859375,0.64,0.9248426039763112,ok,0.10546875,False
Dataset_A_CPS-NetFlow-IDS,Scaling,NonIID_Dirichlet,F1_Mean_Over_Rounds,Adaptive_NoAdaptiveWeighting,Adaptive_NoCircuitBreaker,10,0.8829244607818053,0.898340860218336,-0.015416399436530481,3.0,0.009765625,-0.22,-0.6012536937297732,ok,0.126953125,False
Dataset_A_CPS-NetFlow-IDS,Scaling,NonIID_Dirichlet,F1_Mean_Over_Rounds,Adaptive_NoAdaptiveWeighting,Adaptive_NoTemporalMemory,10,0.8829244607818053,0.8977905518540013,-0.014866091072195886,2.0,0.005859375,-0.26,-0.6597290087343044,ok,0.10546875,False
Dataset_A_CPS-NetFlow-IDS,Scaling,NonIID_Dirichlet,F1_Mean_Over_Rounds,Adaptive_NoAdaptiveWeighting,Adaptive_Ultimate,10,0.8829244607818053,0.8932343763480105,-0.010309915566205152,4.0,0.013671875,-0.22,-0.8555875602709402,ok,0.1640625,False
Dataset_A_CPS-NetFlow-IDS,Scaling,NonIID_Dirichlet,F1_Mean_Over_Rounds,Adaptive_NoAdaptiveWeighting,FLAME,10,0.8829244607818053,0.5986955994732976,0.28422886130850766,0.0,0.001953125,1.0,4.05902632362732,ok,0.0703125,False
Dataset_A_CPS-NetFlow-IDS,Scaling,NonIID_Dirichlet,F1_Mean_Over_Rounds,Adaptive_NoAdaptiveWeighting,FLTrust,10,0.8829244607818053,0.8988690476656844,-0.01594458688387901,2.0,0.005859375,-0.26,-0.6295872781464077,ok,0.10546875,False
Dataset_A_CPS-NetFlow-IDS,Scaling,NonIID_Dirichlet,F1_Mean_Over_Rounds,Adaptive_NoAdaptiveWeighting,FedAvg,10,0.8829244607818053,0.5737504546861758,0.3091740060956295,0.0,0.001953125,1.0,2.639745044243623,ok,0.0703125,False
Dataset_A_CPS-NetFlow-IDS,Scaling,NonIID_Dirichlet,F1_Mean_Over_Rounds,Adaptive_NoAdaptiveWeighting,Krum,10,0.8829244607818053,0.7658311658333234,0.11709329494848193,1.0,0.00390625,0.6,0.9059403798943092,ok,0.07421875,False
Dataset_A_CPS-NetFlow-IDS,Scaling,NonIID_Dirichlet,F1_Mean_Over_Rounds,Adaptive_NoCircuitBreaker,Adaptive_NoTemporalMemory,10,0.898340860218336,0.8977905518540013,0.0005503083643345952,26.0,0.921875,0.0,0.14614679972577926,ok,1.0,False
Dataset_A_CPS-NetFlow-IDS,Scaling,NonIID_Dirichlet,F1_Mean_Over_Rounds,Adaptive_NoCircuitBreaker,Adaptive_Ultimate,10,0.898340860218336,0.8932343763480105,0.005106483870325329,3.0,0.3125,0.03,0.33569283027848534,ok,1.0,False
Dataset_A_CPS-NetFlow-IDS,Scaling,NonIID_Dirichlet,F1_Mean_Over_Rounds,Adaptive_NoCircuitBreaker,FLAME,10,0.898340860218336,0.5986955994732976,0.29964526074503817,0.0,0.001953125,1.0,5.1785113659748045,ok,0.0703125,False
Dataset_A_CPS-NetFlow-IDS,Scaling,NonIID_Dirichlet,F1_Mean_Over_Rounds,Adaptive_NoCircuitBreaker,FLTrust,10,0.898340860218336,0.8988690476656844,-0.0005281874473485271,16.0,0.275390625,-0.04,-0.3996950080997597,ok,1.0,False
Dataset_A_CPS-NetFlow-IDS,Scaling,NonIID_Dirichlet,F1_Mean_Over_Rounds,Adaptive_NoCircuitBreaker,FedAvg,10,0.898340860218336,0.5737504546861758,0.32459040553216006,0.0,0.001953125,1.0,3.2911123398578397,ok,0.0703125,False
Dataset_A_CPS-NetFlow-IDS,Scaling,NonIID_Dirichlet,F1_Mean_Over_Rounds,Adaptive_NoCircuitBreaker,Krum,10,0.898340860218336,0.7658311658333234,0.13250969438501242,0.0,0.001953125,0.74,1.0226300261296601,ok,0.0703125,False
Dataset_A_CPS-NetFlow-IDS,Scaling,NonIID_Dirichlet,F1_Mean_Over_Rounds,Adaptive_NoTemporalMemory,Adaptive_Ultimate,10,0.8977905518540013,0.8932343763480105,0.004556175505990734,4.0,0.013671875,0.06,0.38055908882744605,ok,0.1640625,False
Dataset_A_CPS-NetFlow-IDS,Scaling,NonIID_Dirichlet,F1_Mean_Over_Rounds,Adaptive_NoTemporalMemory,FLAME,10,0.8977905518540013,0.5986955994732976,0.29909495238070355,0.0,0.001953125,1.0,5.031869483430814,ok,0.0703125,False
Dataset_A_CPS-NetFlow-IDS,Scaling,NonIID_Dirichlet,F1_Mean_Over_Rounds,Adaptive_NoTemporalMemory,FLTrust,10,0.8977905518540013,0.8988690476656844,-0.0010784958116831223,9.0,0.25,-0.06,-0.3558037916940672,ok,1.0,False
Dataset_A_CPS-NetFlow-IDS,Scaling,NonIID_Dirichlet,F1_Mean_Over_Rounds,Adaptive_NoTemporalMemory,FedAvg,10,0.8977905518540013,0.5737504546861758,0.3240400971678254,0.0,0.001953125,1.0,3.1982873153750897,ok,0.0703125,False
Dataset_A_CPS-NetFlow-IDS,Scaling,NonIID_Dirichlet,F1_Mean_Over_Rounds,Adaptive_NoTemporalMemory,Krum,10,0.8977905518540013,0.7658311658333234,0.1319593860206778,0.0,0.001953125,0.76,1.0190649669858343,ok,0.0703125,False
Dataset_A_CPS-NetFlow-IDS,Scaling,NonIID_Dirichlet,F1_Mean_Over_Rounds,Adaptive_Ultimate,FLAME,10,0.8932343763480105,0.5986955994732976,0.29453877687471286,0.0,0.001953125,1.0,4.456224130807679,ok,0.0703125,False
Dataset_A_CPS-NetFlow-IDS,Scaling,NonIID_Dirichlet,F1_Mean_Over_Rounds,Adaptive_Ultimate,FLTrust,10,0.8932343763480105,0.8988690476656844,-0.005634671317673856,2.0,0.005859375,-0.1,-0.37907769181469825,ok,0.10546875,False
Dataset_A_CPS-NetFlow-IDS,Scaling,NonIID_Dirichlet,F1_Mean_Over_Rounds,Adaptive_Ultimate,FedAvg,10,0.8932343763480105,0.5737504546861758,0.3194839216618347,0.0,0.001953125,1.0,2.892829183729625,ok,0.0703125,False
Dataset_A_CPS-NetFlow-IDS,Scaling,NonIID_Dirichlet,F1_Mean_Over_Rounds,Adaptive_Ultimate,Krum,10,0.8932343763480105,0.7658311658333234,0.1274032105146871,0.0,0.001953125,0.74,0.9656688909692444,ok,0.0703125,False
Dataset_A_CPS-NetFlow-IDS,Scaling,NonIID_Dirichlet,F1_Mean_Over_Rounds,FLAME,FLTrust,10,0.5986955994732976,0.8988690476656844,-0.30017344819238667,0.0,0.001953125,-1.0,-5.189491723534248,ok,0.0703125,False
Dataset_A_CPS-NetFlow-IDS,Scaling,NonIID_Dirichlet,F1_Mean_Over_Rounds,FLAME,FedAvg,10,0.5986955994732976,0.5737504546861758,0.02494514478712187,18.0,0.375,0.38,0.2658465203525607,ok,1.0,False
Dataset_A_CPS-NetFlow-IDS,Scaling,NonIID_Dirichlet,F1_Mean_Over_Rounds,FLAME,Krum,10,0.5986955994732976,0.7658311658333234,-0.16713556636002572,2.0,0.005859375,-0.74,-1.3655515712833457,ok,0.10546875,False
Dataset_A_CPS-NetFlow-IDS,Scaling,NonIID_Dirichlet,F1_Mean_Over_Rounds,FLTrust,FedAvg,10,0.8988690476656844,0.5737504546861758,0.3251185929795085,0.0,0.001953125,1.0,3.280599724457563,ok,0.0703125,False
Dataset_A_CPS-NetFlow-IDS,Scaling,NonIID_Dirichlet,F1_Mean_Over_Rounds,FLTrust,Krum,10,0.8988690476656844,0.7658311658333234,0.13303788183236093,0.0,0.001953125,0.76,1.0281731918313763,ok,0.0703125,False
Dataset_A_CPS-NetFlow-IDS,Scaling,NonIID_Dirichlet,F1_Mean_Over_Rounds,FedAvg,Krum,10,0.5737504546861758,0.7658311658333234,-0.1920807111471476,0.0,0.001953125,-0.82,-1.5680606821926004,ok,0.0703125,False
Dataset_A_CPS-NetFlow-IDS,Scaling,NonIID_Dirichlet,ASR_Mean_Over_Rounds,Adaptive_FixedCircuitBreaker,Adaptive_NoAdaptiveWeighting,10,0.05118181818181818,0.05524064171122994,-0.004058823529411762,8.0,0.046875,-0.07,-0.623728179178264,ok,0.609375,False
Dataset_A_CPS-NetFlow-IDS,Scaling,NonIID_Dirichlet,ASR_Mean_Over_Rounds,Adaptive_FixedCircuitBreaker,Adaptive_NoCircuitBreaker,10,0.05118181818181818,0.05072727272727273,0.00045454545454545433,10.0,0.578125,0.03,0.19629036770198866,ok,1.0,False
Dataset_A_CPS-NetFlow-IDS,Scaling,NonIID_Dirichlet,ASR_Mean_Over_Rounds,Adaptive_FixedCircuitBreaker,Adaptive_NoTemporalMemory,10,0.05118181818181818,0.05010695187165776,0.0010748663101604267,4.0,0.02734375,0.07,0.5998619322781823,ok,0.4375,False
Dataset_A_CPS-NetFlow-IDS,Scaling,NonIID_Dirichlet,ASR_Mean_Over_Rounds,Adaptive_FixedCircuitBreaker,Adaptive_Ultimate,10,0.05118181818181818,0.05141176470588236,-0.00022994652406416947,1.0,1.0,0.0,-0.12996466887642716,ok,1.0,False
Dataset_A_CPS-NetFlow-IDS,Scaling,NonIID_Dirichlet,ASR_Mean_Over_Rounds,Adaptive_FixedCircuitBreaker,FLAME,10,0.05118181818181818,0.3705508021390374,-0.31936898395721924,0.0,0.001953125,-1.0,-2.7501487555519772,ok,0.0703125,False
Dataset_A_CPS-NetFlow-IDS,Scaling,NonIID_Dirichlet,ASR_Mean_Over_Rounds,Adaptive_FixedCircuitBreaker,FLTrust,10,0.05118181818181818,0.05002139037433155,0.0011604278074866321,10.5,0.171875,0.07,0.4042145185626328,ok,1.0,False
Dataset_A_CPS-NetFlow-IDS,Scaling,NonIID_Dirichlet,ASR_Mean_Over_Rounds,Adaptive_FixedCircuitBreaker,FedAvg,10,0.05118181818181818,0.6483957219251338,-0.5972139037433155,0.0,0.001953125,-1.0,-7.526698749002519,ok,0.0703125,False
Dataset_A_CPS-NetFlow-IDS,Scaling,NonIID_Dirichlet,ASR_Mean_Over_Rounds,Adaptive_FixedCircuitBreaker,Krum,10,0.05118181818181818,0.21843315508021394,-0.16725133689839572,0.0,0.001953125,-0.8,-0.8441346965437655,ok,0.0703125,False
Dataset_A_CPS-NetFlow-IDS,Scaling,NonIID_Dirichlet,ASR_Mean_Over_Rounds,Adaptive_NoAdaptiveWeighting,Adaptive_NoCircuitBreaker,10,0.05524064171122994,0.05072727272727273,0.004513368983957216,10.0,0.083984375,0.06,0.5349296305226794,ok,0.923828125,False
Dataset_A_CPS-NetFlow-IDS,Scaling,NonIID_Dirichlet,ASR_Mean_Over_Rounds,Adaptive_NoAdaptiveWeighting,Adaptive_NoTemporalMemory,10,0.05524064171122994,0.05010695187165776,0.005133689839572189,7.0,0.037109375,0.08,0.6363712453016168,ok,0.51953125,False
Dataset_A_CPS-NetFlow-IDS,Scaling,NonIID_Dirichlet,ASR_Mean_Over_Rounds,Adaptive_NoAdaptiveWeighting,Adaptive_Ultimate,10,0.05524064171122994,0.05141176470588236,0.003828877005347593,11.0,0.1015625,0.06,0.526631325419784,ok,1.0,False
Dataset_A_CPS-NetFlow-IDS,Scaling,NonIID_Dirichlet,ASR_Mean_Over_Rounds,Adaptive_NoAdaptiveWeighting,FLAME,10,0.05524064171122994,0.3705508021390374,-0.3153101604278075,0.0,0.001953125,-1.0,-2.711382712698355,ok,0.0703125,False
Dataset_A_CPS-NetFlow-IDS,Scaling,NonIID_Dirichlet,ASR_Mean_Over_Rounds,Adaptive_NoAdaptiveWeighting,FLTrust,10,0.05524064171122994,0.05002139037433155,0.005219251336898394,9.0,0.064453125,0.08,0.5768515846605862,ok,0.7734375,False
Dataset_A_CPS-NetFlow-IDS,Scaling,NonIID_Dirichlet,ASR_Mean_Over_Rounds,Adaptive_NoAdaptiveWeighting,FedAvg,10,0.05524064171122994,0.6483957219251338,-0.5931550802139037,0.0,0.001953125,-1.0,-7.2305142021628495,ok,0.0703125,False
Dataset_A_CPS-NetFlow-IDS,Scaling,NonIID_Dirichlet,ASR_Mean_Over_Rounds,Adaptive_NoAdaptiveWeighting,Krum,10,0.05524064171122994,0.21843315508021394,-0.16319251336898397,0.0,0.001953125,-0.78,-0.838287413780713,ok,0.0703125,False
Dataset_A_CPS-NetFlow-IDS,Scaling,NonIID_Dirichlet,ASR_Mean_Over_Rounds,Adaptive_NoCircuitBreaker,Adaptive_NoTemporalMemory,10,0.05072727272727273,0.05010695187165776,0.0006203208556149724,21.0,0.91015625,-0.03,0.37969008887803396,ok,1.0,False
Dataset_A_CPS-NetFlow-IDS,Scaling,NonIID_Dirichlet,ASR_Mean_Over_Rounds,Adaptive_NoCircuitBreaker,Adaptive_Ultimate,10,0.05072727272727273,0.05141176470588236,-0.0006844919786096239,7.0,0.296875,-0.05,-0.38022411195087963,ok,1.0,False
Dataset_A_CPS-NetFlow-IDS,Scaling,NonIID_Dirichlet,ASR_Mean_Over_Rounds,Adaptive_NoCircuitBreaker,FLAME,10,0.05072727272727273,0.3705508021390374,-0.31982352941176473,0.0,0.001953125,-1.0,-2.766831637181557,ok,0.0703125,False
Dataset_A_CPS-NetFlow-IDS,Scaling,NonIID_Dirichlet,ASR_Mean_Over_Rounds,Adaptive_NoCircuitBreaker,FLTrust,10,0.05072727272727273,0.05002139037433155,0.0007058823529411777,18.5,0.671875,0.01,0.38850424828507574,ok,1.0,False
Dataset_A_CPS-NetFlow-IDS,Scaling,NonIID_Dirichlet,ASR_Mean_Over_Rounds,Adaptive_NoCircuitBreaker,FedAvg,10,0.05072727272727273,0.6483957219251338,-0.597668449197861,0.0,0.001953125,-1.0,-7.624721175071525,ok,0.0703125,False
Dataset_A_CPS-NetFlow-IDS,Scaling,NonIID_Dirichlet,ASR_Mean_Over_Rounds,Adaptive_NoCircuitBreaker,Krum,10,0.05072727272727273,0.21843315508021394,-0.1677058823529412,0.0,0.001953125,-0.82,-0.8420279702660981,ok,0.0703125,False
Dataset_A_CPS-NetFlow-IDS,Scaling,NonIID_Dirichlet,ASR_Mean_Over_Rounds,Adaptive_NoTemporalMemory,Adaptive_Ultimate,10,0.05010695187165776,0.05141176470588236,-0.0013048128342245961,4.0,0.02734375,-0.07,-0.6718594099367672,ok,0.4375,False
Dataset_A_CPS-NetFlow-IDS,Scaling,NonIID_Dirichlet,ASR_Mean_Over_Rounds,Adaptive_NoTemporalMemory,FLAME,10,0.05010695187165776,0.3705508021390374,-0.32044385026737965,0.0,0.001953125,-1.0,-2.7605204446269735,ok,0.0703125,False
Dataset_A_CPS-NetFlow-IDS,Scaling,NonIID_Dirichlet,ASR_Mean_Over_Rounds,Adaptive_NoTemporalMemory,FLTrust,10,0.05010695187165776,0.05002139037433155,8.556149732620537e-05,15.0,0.7421875,0.04,0.05571460550567011,ok,1.0,False
Dataset_A_CPS-NetFlow-IDS,Scaling,NonIID_Dirichlet,ASR_Mean_Over_Rounds,Adaptive_NoTemporalMemory,FedAvg,10,0.05010695187165776,0.6483957219251338,-0.5982887700534759,0.0,0.001953125,-1.0,-7.589556898396661,ok,0.0703125,False
Dataset_A_CPS-NetFlow-IDS,Scaling,NonIID_Dirichlet,ASR_Mean_Over_Rounds,Adaptive_NoTemporalMemory,Krum,10,0.05010695187165776,0.21843315508021394,-0.16832620320855615,0.0,0.001953125,-0.82,-0.8428908124122287,ok,0.0703125,False
Dataset_A_CPS-NetFlow-IDS,Scaling,NonIID_Dirichlet,ASR_Mean_Over_Rounds,Adaptive_Ultimate,FLAME,10,0.05141176470588236,0.3705508021390374,-0.3191390374331551,0.0,0.001953125,-1.0,-2.778808950711123,ok,0.0703125,False
Dataset_A_CPS-NetFlow-IDS,Scaling,NonIID_Dirichlet,ASR_Mean_Over_Rounds,Adaptive_Ultimate,FLTrust,10,0.05141176470588236,0.05002139037433155,0.0013903743315508016,9.5,0.13671875,0.07,0.4535496998872171,ok,1.0,False
Dataset_A_CPS-NetFlow-IDS,Scaling,NonIID_Dirichlet,ASR_Mean_Over_Rounds,Adaptive_Ultimate,FedAvg,10,0.05141176470588236,0.6483957219251338,-0.5969839572192513,0.0,0.001953125,-1.0,-7.547781000032399,ok,0.0703125,False
Dataset_A_CPS-NetFlow-IDS,Scaling,NonIID_Dirichlet,ASR_Mean_Over_Rounds,Adaptive_Ultimate,Krum,10,0.05141176470588236,0.21843315508021394,-0.16702139037433156,0.0,0.001953125,-0.8,-0.8407842029602474,ok,0.0703125,False
Dataset_A_CPS-NetFlow-IDS,Scaling,NonIID_Dirichlet,ASR_Mean_Over_Rounds,FLAME,FLTrust,10,0.3705508021390374,0.05002139037433155,0.32052941176470584,0.0,0.001953125,1.0,2.7510323974336974,ok,0.0703125,False
Dataset_A_CPS-NetFlow-IDS,Scaling,NonIID_Dirichlet,ASR_Mean_Over_Rounds,FLAME,FedAvg,10,0.3705508021390374,0.6483957219251338,-0.27784491978609627,0.0,0.001953125,-0.94,-1.9790734711083064,ok,0.0703125,False
Dataset_A_CPS-NetFlow-IDS,Scaling,NonIID_Dirichlet,ASR_Mean_Over_Rounds,FLAME,Krum,10,0.3705508021390374,0.21843315508021394,0.15211764705882355,12.0,0.130859375,0.6,0.6797762978696338,ok,1.0,False
Dataset_A_CPS-NetFlow-IDS,Scaling,NonIID_Dirichlet,ASR_Mean_Over_Rounds,FLTrust,FedAvg,10,0.05002139037433155,0.6483957219251338,-0.5983743315508022,0.0,0.001953125,-1.0,-7.636961606040169,ok,0.0703125,False
Dataset_A_CPS-NetFlow-IDS,Scaling,NonIID_Dirichlet,ASR_Mean_Over_Rounds,FLTrust,Krum,10,0.05002139037433155,0.21843315508021394,-0.16841176470588237,0.0,0.001953125,-0.82,-0.8415215477922259,ok,0.0703125,False
Dataset_A_CPS-NetFlow-IDS,Scaling,NonIID_Dirichlet,ASR_Mean_Over_Rounds,FedAvg,Krum,10,0.6483957219251338,0.21843315508021394,0.42996256684491974,0.0,0.001953125,0.92,1.8881394639537217,ok,0.0703125,False
Dataset_A_CPS-NetFlow-IDS,Scaling,NonIID_Dirichlet,F1_Final_Round,Adaptive_FixedCircuitBreaker,Adaptive_NoAdaptiveWeighting,10,0.9162005138211364,0.9258922046160182,-0.009691690794881502,0.0,0.5,-0.1,-0.47081617469840825,ok,1.0,False
Dataset_A_CPS-NetFlow-IDS,Scaling,NonIID_Dirichlet,F1_Final_Round,Adaptive_FixedCircuitBreaker,Adaptive_NoCircuitBreaker,10,0.9162005138211364,0.940945621208083,-0.024745107386946408,2.0,0.375,-0.17,-0.38061300027048367,ok,1.0,False
Dataset_A_CPS-NetFlow-IDS,Scaling,NonIID_Dirichlet,F1_Final_Round,Adaptive_FixedCircuitBreaker,Adaptive_NoTemporalMemory,10,0.9162005138211364,0.9405167492241242,-0.024316235402987597,0.0,0.25,-0.13,-0.39541432413430144,ok,1.0,False
Dataset_A_CPS-NetFlow-IDS,Scaling,NonIID_Dirichlet,F1_Final_Round,Adaptive_FixedCircuitBreaker,Adaptive_Ultimate,10,0.9162005138211364,0.9336186350362154,-0.017418121215078797,0.0,0.25,-0.11,-0.43015734578645815,ok,1.0,False
Dataset_A_CPS-NetFlow-IDS,Scaling,NonIID_Dirichlet,F1_Final_Round,Adaptive_FixedCircuitBreaker,FLAME,10,0.9162005138211364,0.5108024189744451,0.4053980948466913,0.0,0.001953125,0.96,2.2042775488045003,ok,0.0703125,False
Dataset_A_CPS-NetFlow-IDS,Scaling,NonIID_Dirichlet,F1_Final_Round,Adaptive_FixedCircuitBreaker,FLTrust,10,0.9162005138211364,0.9394424556017045,-0.023241941780568032,2.0,0.375,-0.1,-0.3745146458321753,ok,1.0,False
Dataset_A_CPS-NetFlow-IDS,Scaling,NonIID_Dirichlet,F1_Final_Round,Adaptive_FixedCircuitBreaker,FedAvg,10,0.9162005138211364,0.5307144763218682,0.38548603749926824,0.0,0.001953125,1.0,3.2409220099603435,ok,0.0703125,False
Dataset_A_CPS-NetFlow-IDS,Scaling,NonIID_Dirichlet,F1_Final_Round,Adaptive_FixedCircuitBreaker,Krum,10,0.9162005138211364,0.7857028166962017,0.13049769712493475,0.0,0.00390625,0.59,0.7745125872581055,ok,0.09375,False
Dataset_A_CPS-NetFlow-IDS,Scaling,NonIID_Dirichlet,F1_Final_Round,Adaptive_NoAdaptiveWeighting,Adaptive_NoCircuitBreaker,10,0.9258922046160182,0.940945621208083,-0.015053416592064906,2.0,0.75,-0.06,-0.3126442034925975,ok,1.0,False
Dataset_A_CPS-NetFlow-IDS,Scaling,NonIID_Dirichlet,F1_Final_Round,Adaptive_NoAdaptiveWeighting,Adaptive_NoTemporalMemory,10,0.9258922046160182,0.9405167492241242,-0.014624544608106093,0.0,0.5,-0.02,-0.3283140125001009,ok,1.0,False
Dataset_A_CPS-NetFlow-IDS,Scaling,NonIID_Dirichlet,F1_Final_Round,Adaptive_NoAdaptiveWeighting,Adaptive_Ultimate,10,0.9258922046160182,0.9336186350362154,-0.007726430420197295,0.0,0.5,-0.02,-0.3395278812576778,ok,1.0,False
Dataset_A_CPS-NetFlow-IDS,Scaling,NonIID_Dirichlet,F1_Final_Round,Adaptive_NoAdaptiveWeighting,FLAME,10,0.9258922046160182,0.5108024189744451,0.41508978564157284,0.0,0.001953125,0.98,2.360164177259338,ok,0.0703125,False
Dataset_A_CPS-NetFlow-IDS,Scaling,NonIID_Dirichlet,F1_Final_Round,Adaptive_NoAdaptiveWeighting,FLTrust,10,0.9258922046160182,0.9394424556017045,-0.013550250985686529,2.0,0.75,0.01,-0.3006970122368414,ok,1.0,False
Dataset_A_CPS-NetFlow-IDS,Scaling,NonIID_Dirichlet,F1_Final_Round,Adaptive_NoAdaptiveWeighting,FedAvg,10,0.9258922046160182,0.5307144763218682,0.39517772829414977,0.0,0.001953125,1.0,3.577687485799379,ok,0.0703125,False
Dataset_A_CPS-NetFlow-IDS,Scaling,NonIID_Dirichlet,F1_Final_Round,Adaptive_NoAdaptiveWeighting,Krum,10,0.9258922046160182,0.7857028166962017,0.14018938791981625,0.0,0.00390625,0.65,0.7979600496969406,ok,0.09375,False
Dataset_A_CPS-NetFlow-IDS,Scaling,NonIID_Dirichlet,F1_Final_Round,Adaptive_NoCircuitBreaker,Adaptive_NoTemporalMemory,10,0.940945621208083,0.9405167492241242,0.0004288719839588118,3.0,1.0,0.06,0.08313587250842028,ok,1.0,False
Dataset_A_CPS-NetFlow-IDS,Scaling,NonIID_Dirichlet,F1_Final_Round,Adaptive_NoCircuitBreaker,Adaptive_Ultimate,10,0.940945621208083,0.9336186350362154,0.007326986171867611,2.0,0.75,0.06,0.2873630326572414,ok,1.0,False
Dataset_A_CPS-NetFlow-IDS,Scaling,NonIID_Dirichlet,F1_Final_Round,Adaptive_NoCircuitBreaker,FLAME,10,0.940945621208083,0.5108024189744451,0.4301432022336377,0.0,0.001953125,1.0,2.5205945044556195,ok,0.0703125,False
Dataset_A_CPS-NetFlow-IDS,Scaling,NonIID_Dirichlet,F1_Final_Round,Adaptive_NoCircuitBreaker,FLTrust,10,0.940945621208083,0.9394424556017045,0.001503165606378376,0.0,0.5,0.09,0.44359792024773154,ok,1.0,False
Dataset_A_CPS-NetFlow-IDS,Scaling,NonIID_Dirichlet,F1_Final_Round,Adaptive_NoCircuitBreaker,FedAvg,10,0.940945621208083,0.5307144763218682,0.4102311448862147,0.0,0.001953125,1.0,3.6292101959879837,ok,0.0703125,False
Dataset_A_CPS-NetFlow-IDS,Scaling,NonIID_Dirichlet,F1_Final_Round,Adaptive_NoCircuitBreaker,Krum,10,0.940945621208083,0.7857028166962017,0.15524280451188116,0.0,0.00390625,0.76,0.8717085535655231,ok,0.09375,False
Dataset_A_CPS-NetFlow-IDS,Scaling,NonIID_Dirichlet,F1_Final_Round,Adaptive_NoTemporalMemory,Adaptive_Ultimate,10,0.9405167492241242,0.9336186350362154,0.006898114187908799,0.0,1.0,0.01,0.3162277660168379,ok,1.0,False
Dataset_A_CPS-NetFlow-IDS,Scaling,NonIID_Dirichlet,F1_Final_Round,Adaptive_NoTemporalMemory,FLAME,10,0.9405167492241242,0.5108024189744451,0.42971433024967887,0.0,0.001953125,1.0,2.500993532050318,ok,0.0703125,False
Dataset_A_CPS-NetFlow-IDS,Scaling,NonIID_Dirichlet,F1_Final_Round,Adaptive_NoTemporalMemory,FLTrust,10,0.9405167492241242,0.9394424556017045,0.0010742936224195643,0.0,1.0,0.03,0.31622776601683794,ok,1.0,False
Dataset_A_CPS-NetFlow-IDS,Scaling,NonIID_Dirichlet,F1_Final_Round,Adaptive_NoTemporalMemory,FedAvg,10,0.9405167492241242,0.5307144763218682,0.4098022729022558,0.0,0.001953125,1.0,3.6325645157340767,ok,0.0703125,False
Dataset_A_CPS-NetFlow-IDS,Scaling,NonIID_Dirichlet,F1_Final_Round,Adaptive_NoTemporalMemory,Krum,10,0.9405167492241242,0.7857028166962017,0.15481393252792236,0.0,0.00390625,0.71,0.8750386596526379,ok,0.09375,False
Dataset_A_CPS-NetFlow-IDS,Scaling,NonIID_Dirichlet,F1_Final_Round,Adaptive_Ultimate,FLAME,10,0.9336186350362154,0.5108024189744451,0.42281621606177006,0.0,0.001953125,0.98,2.4620354786754746,ok,0.0703125,False
Dataset_A_CPS-NetFlow-IDS,Scaling,NonIID_Dirichlet,F1_Final_Round,Adaptive_Ultimate,FLTrust,10,0.9336186350362154,0.9394424556017045,-0.005823820565489235,1.0,1.0,0.02,-0.25945249111826374,ok,1.0,False
Dataset_A_CPS-NetFlow-IDS,Scaling,NonIID_Dirichlet,F1_Final_Round,Adaptive_Ultimate,FedAvg,10,0.9336186350362154,0.5307144763218682,0.4029041587143471,0.0,0.001953125,1.0,3.67463165450231,ok,0.0703125,False
Dataset_A_CPS-NetFlow-IDS,Scaling,NonIID_Dirichlet,F1_Final_Round,Adaptive_Ultimate,Krum,10,0.9336186350362154,0.7857028166962017,0.14791581834001355,0.0,0.00390625,0.71,0.8439042041720688,ok,0.09375,False
Dataset_A_CPS-NetFlow-IDS,Scaling,NonIID_Dirichlet,F1_Final_Round,FLAME,FLTrust,10,0.5108024189744451,0.9394424556017045,-0.4286400366272593,0.0,0.001953125,-1.0,-2.4957625504389838,ok,0.0703125,False
Dataset_A_CPS-NetFlow-IDS,Scaling,NonIID_Dirichlet,F1_Final_Round,FLAME,FedAvg,10,0.5108024189744451,0.5307144763218682,-0.019912057347423056,21.0,0.556640625,-0.22,-0.09093192765332123,ok,1.0,False
Dataset_A_CPS-NetFlow-IDS,Scaling,NonIID_Dirichlet,F1_Final_Round,FLAME,Krum,10,0.5108024189744451,0.7857028166962017,-0.2749003977217565,6.0,0.02734375,-0.72,-0.8412156412801963,ok,0.46484375,False
Dataset_A_CPS-NetFlow-IDS,Scaling,NonIID_Dirichlet,F1_Final_Round,FLTrust,FedAvg,10,0.9394424556017045,0.5307144763218682,0.4087279792798363,0.0,0.001953125,1.0,3.6561481347050995,ok,0.0703125,False
Dataset_A_CPS-NetFlow-IDS,Scaling,NonIID_Dirichlet,F1_Final_Round,FLTrust,Krum,10,0.9394424556017045,0.7857028166962017,0.1537396389055028,0.0,0.00390625,0.71,0.8691676593494561,ok,0.09375,False
Dataset_A_CPS-NetFlow-IDS,Scaling,NonIID_Dirichlet,F1_Final_Round,FedAvg,Krum,10,0.5307144763218682,0.7857028166962017,-0.2549883403743335,3.0,0.009765625,-0.7,-1.2840865632578629,ok,0.17578125,False
Dataset_A_CPS-NetFlow-IDS,Scaling,NonIID_Dirichlet,ASR_Final_Round,Adaptive_FixedCircuitBreaker,Adaptive_NoAdaptiveWeighting,10,0.039037433155080216,0.039037433155080216,0.0,0.0,1.0,0.0,0.0,identical_values,1.0,False
Dataset_A_CPS-NetFlow-IDS,Scaling,NonIID_Dirichlet,ASR_Final_Round,Adaptive_FixedCircuitBreaker,Adaptive_NoCircuitBreaker,10,0.039037433155080216,0.039037433155080216,6.938893903907229e-19,4.0,0.875,0.02,8.299305817270441e-17,ok,1.0,False
Dataset_A_CPS-NetFlow-IDS,Scaling,NonIID_Dirichlet,ASR_Final_Round,Adaptive_FixedCircuitBreaker,Adaptive_NoTemporalMemory,10,0.039037433155080216,0.039037433155080216,5.204170427930421e-19,1.0,1.0,0.0,2.064426256222493e-16,ok,1.0,False
Dataset_A_CPS-NetFlow-IDS,Scaling,NonIID_Dirichlet,ASR_Final_Round,Adaptive_FixedCircuitBreaker,Adaptive_Ultimate,10,0.039037433155080216,0.03850267379679144,0.0005347593582887708,0.0,1.0,0.01,0.316227766016838,ok,1.0,False
Dataset_A_CPS-NetFlow-IDS,Scaling,NonIID_Dirichlet,ASR_Final_Round,Adaptive_FixedCircuitBreaker,FLAME,10,0.039037433155080216,0.3577540106951872,-0.31871657754010696,3.0,0.009765625,-0.6,-1.032089004952974,ok,0.234375,False
Dataset_A_CPS-NetFlow-IDS,Scaling,NonIID_Dirichlet,ASR_Final_Round,Adaptive_FixedCircuitBreaker,FLTrust,10,0.039037433155080216,0.04064171122994652,-0.0016042780748663095,1.0,1.0,-0.05,-0.22430015382565194,ok,1.0,False
Dataset_A_CPS-NetFlow-IDS,Scaling,NonIID_Dirichlet,ASR_Final_Round,Adaptive_FixedCircuitBreaker,FedAvg,10,0.039037433155080216,0.7133689839572193,-0.674331550802139,0.0,0.001953125,-1.0,-4.196371060704708,ok,0.0703125,False
Dataset_A_CPS-NetFlow-IDS,Scaling,NonIID_Dirichlet,ASR_Final_Round,Adaptive_FixedCircuitBreaker,Krum,10,0.039037433155080216,0.27165775401069514,-0.23262032085561496,0.0,0.0078125,-0.72,-0.8809025699290512,ok,0.234375,False
Dataset_A_CPS-NetFlow-IDS,Scaling,NonIID_Dirichlet,ASR_Final_Round,Adaptive_NoAdaptiveWeighting,Adaptive_NoCircuitBreaker,10,0.039037433155080216,0.039037433155080216,6.938893903907229e-19,4.0,0.875,0.02,8.299305817270441e-17,ok,1.0,False
Dataset_A_CPS-NetFlow-IDS,Scaling,NonIID_Dirichlet,ASR_Final_Round,Adaptive_NoAdaptiveWeighting,Adaptive_NoTemporalMemory,10,0.039037433155080216,0.039037433155080216,5.204170427930421e-19,1.0,1.0,0.0,2.064426256222493e-16,ok,1.0,False
Dataset_A_CPS-NetFlow-IDS,Scaling,NonIID_Dirichlet,ASR_Final_Round,Adaptive_NoAdaptiveWeighting,Adaptive_Ultimate,10,0.039037433155080216,0.03850267379679144,0.0005347593582887708,0.0,1.0,0.01,0.316227766016838,ok,1.0,False
Dataset_A_CPS-NetFlow-IDS,Scaling,NonIID_Dirichlet,ASR_Final_Round,Adaptive_NoAdaptiveWeighting,FLAME,10,0.039037433155080216,0.3577540106951872,-0.31871657754010696,3.0,0.009765625,-0.6,-1.032089004952974,ok,0.234375,False
Dataset_A_CPS-NetFlow-IDS,Scaling,NonIID_Dirichlet,ASR_Final_Round,Adaptive_NoAdaptiveWeighting,FLTrust,10,0.039037433155080216,0.04064171122994652,-0.0016042780748663095,1.0,1.0,-0.05,-0.22430015382565194,ok,1.0,False
Dataset_A_CPS-NetFlow-IDS,Scaling,NonIID_Dirichlet,ASR_Final_Round,Adaptive_NoAdaptiveWeighting,FedAvg,10,0.039037433155080216,0.7133689839572193,-0.674331550802139,0.0,0.001953125,-1.0,-4.196371060704708,ok,0.0703125,False
Dataset_A_CPS-NetFlow-IDS,Scaling,NonIID_Dirichlet,ASR_Final_Round,Adaptive_NoAdaptiveWeighting,Krum,10,0.039037433155080216,0.27165775401069514,-0.23262032085561496,0.0,0.0078125,-0.72,-0.8809025699290512,ok,0.234375,False
Dataset_A_CPS-NetFlow-IDS,Scaling,NonIID_Dirichlet,ASR_Final_Round,Adaptive_NoCircuitBreaker,Adaptive_NoTemporalMemory,10,0.039037433155080216,0.039037433155080216,0.0,3.0,1.0,-0.01,0.0,ok,1.0,False
Dataset_A_CPS-NetFlow-IDS,Scaling,NonIID_Dirichlet,ASR_Final_Round,Adaptive_NoCircuitBreaker,Adaptive_Ultimate,10,0.039037433155080216,0.03850267379679144,0.0005347593582887701,3.0,1.0,-0.01,0.06562179588897106,ok,1.0,False
Dataset_A_CPS-NetFlow-IDS,Scaling,NonIID_Dirichlet,ASR_Final_Round,Adaptive_NoCircuitBreaker,FLAME,10,0.039037433155080216,0.3577540106951872,-0.31871657754010696,3.0,0.009765625,-0.6,-1.0379502580300577,ok,0.234375,False
Dataset_A_CPS-NetFlow-IDS,Scaling,NonIID_Dirichlet,ASR_Final_Round,Adaptive_NoCircuitBreaker,FLTrust,10,0.039037433155080216,0.04064171122994652,-0.0016042780748663104,0.0,0.5,-0.07,-0.44447831849231534,ok,1.0,False
Dataset_A_CPS-NetFlow-IDS,Scaling,NonIID_Dirichlet,ASR_Final_Round,Adaptive_NoCircuitBreaker,FedAvg,10,0.039037433155080216,0.7133689839572193,-0.6743315508021391,0.0,0.001953125,-1.0,-4.254350022357937,ok,0.0703125,False
Dataset_A_CPS-NetFlow-IDS,Scaling,NonIID_Dirichlet,ASR_Final_Round,Adaptive_NoCircuitBreaker,Krum,10,0.039037433155080216,0.27165775401069514,-0.23262032085561496,0.0,0.0078125,-0.75,-0.8769555324491153,ok,0.234375,False
Dataset_A_CPS-NetFlow-IDS,Scaling,NonIID_Dirichlet,ASR_Final_Round,Adaptive_NoTemporalMemory,Adaptive_Ultimate,10,0.039037433155080216,0.03850267379679144,0.0005347593582887703,0.0,1.0,0.01,0.31622776601683794,ok,1.0,False
Dataset_A_CPS-NetFlow-IDS,Scaling,NonIID_Dirichlet,ASR_Final_Round,Adaptive_NoTemporalMemory,FLAME,10,0.039037433155080216,0.3577540106951872,-0.31871657754010696,3.0,0.009765625,-0.6,-1.0334327861714703,ok,0.234375,False
Dataset_A_CPS-NetFlow-IDS,Scaling,NonIID_Dirichlet,ASR_Final_Round,Adaptive_NoTemporalMemory,FLTrust,10,0.039037433155080216,0.04064171122994652,-0.0016042780748663104,0.0,1.0,-0.06,-0.31622776601683794,ok,1.0,False
Dataset_A_CPS-NetFlow-IDS,Scaling,NonIID_Dirichlet,ASR_Final_Round,Adaptive_NoTemporalMemory,FedAvg,10,0.039037433155080216,0.7133689839572193,-0.674331550802139,0.0,0.001953125,-1.0,-4.223482040442134,ok,0.0703125,False
Dataset_A_CPS-NetFlow-IDS,Scaling,NonIID_Dirichlet,ASR_Final_Round,Adaptive_NoTemporalMemory,Krum,10,0.039037433155080216,0.27165775401069514,-0.23262032085561496,0.0,0.0078125,-0.73,-0.8780267326030649,ok,0.234375,False
Dataset_A_CPS-NetFlow-IDS,Scaling,NonIID_Dirichlet,ASR_Final_Round,Adaptive_Ultimate,FLAME,10,0.03850267379679144,0.3577540106951872,-0.3192513368983957,3.0,0.009765625,-0.6,-1.032622325956783,ok,0.234375,False
Dataset_A_CPS-NetFlow-IDS,Scaling,NonIID_Dirichlet,ASR_Final_Round,Adaptive_Ultimate,FLTrust,10,0.03850267379679144,0.04064171122994652,-0.0021390374331550803,0.0,1.0,-0.06,-0.31622776601683794,ok,1.0,False
Dataset_A_CPS-NetFlow-IDS,Scaling,NonIID_Dirichlet,ASR_Final_Round,Adaptive_Ultimate,FedAvg,10,0.03850267379679144,0.7133689839572193,-0.6748663101604279,0.0,0.001953125,-1.0,-4.2277009160019645,ok,0.0703125,False
Dataset_A_CPS-NetFlow-IDS,Scaling,NonIID_Dirichlet,ASR_Final_Round,Adaptive_Ultimate,Krum,10,0.03850267379679144,0.27165775401069514,-0.23315508021390374,0.0,0.0078125,-0.73,-0.8801268644888077,ok,0.234375,False
Dataset_A_CPS-NetFlow-IDS,Scaling,NonIID_Dirichlet,ASR_Final_Round,FLAME,FLTrust,10,0.3577540106951872,0.04064171122994652,0.31711229946524055,3.0,0.009765625,0.6,1.0357369802682166,ok,0.234375,False
Dataset_A_CPS-NetFlow-IDS,Scaling,NonIID_Dirichlet,ASR_Final_Round,FLAME,FedAvg,10,0.3577540106951872,0.7133689839572193,-0.3556149732620321,10.0,0.083984375,-0.63,-0.9135961977601122,ok,1.0,False
Dataset_A_CPS-NetFlow-IDS,Scaling,NonIID_Dirichlet,ASR_Final_Round,FLAME,Krum,10,0.3577540106951872,0.27165775401069514,0.08609625668449197,15.0,0.42578125,0.11,0.2507986267871835,ok,1.0,False
Dataset_A_CPS-NetFlow-IDS,Scaling,NonIID_Dirichlet,ASR_Final_Round,FLTrust,FedAvg,10,0.04064171122994652,0.7133689839572193,-0.6727272727272727,0.0,0.001953125,-1.0,-4.20800903005403,ok,0.0703125,False
Dataset_A_CPS-NetFlow-IDS,Scaling,NonIID_Dirichlet,ASR_Final_Round,FLTrust,Krum,10,0.04064171122994652,0.27165775401069514,-0.23101604278074866,0.0,0.0078125,-0.72,-0.8715158235467814,ok,0.234375,False
Dataset_A_CPS-NetFlow-IDS,Scaling,NonIID_Dirichlet,ASR_Final_Round,FedAvg,Krum,10,0.7133689839572193,0.27165775401069514,0.44171122994652395,4.0,0.013671875,0.82,1.1866868902033363,ok,0.24609375,False
Dataset_A_CPS-NetFlow-IDS,Sybil,IID,F1_Mean_Over_Rounds,Adaptive_FixedCircuitBreaker,Adaptive_NoAdaptiveWeighting,10,0.9156168306303913,0.9147207312400264,0.0008960993903647574,17.0,0.322265625,0.04,0.26582609876630603,ok,1.0,False
Dataset_A_CPS-NetFlow-IDS,Sybil,IID,F1_Mean_Over_Rounds,Adaptive_FixedCircuitBreaker,Adaptive_NoCircuitBreaker,10,0.9156168306303913,0.9162631788362751,-0.0006463482058838066,7.0,0.296875,-0.05,-0.4023955300153323,ok,1.0,False
Dataset_A_CPS-NetFlow-IDS,Sybil,IID,F1_Mean_Over_Rounds,Adaptive_FixedCircuitBreaker,Adaptive_NoTemporalMemory,10,0.9156168306303913,0.9159527963981485,-0.00033596576775736243,11.0,0.203125,-0.05,-0.33576776103179484,ok,1.0,False
Dataset_A_CPS-NetFlow-IDS,Sybil,IID,F1_Mean_Over_Rounds,Adaptive_FixedCircuitBreaker,Adaptive_Ultimate,10,0.9156168306303913,0.9157215605061856,-0.00010472987579435156,1.0,1.0,-0.02,-0.11833531511996101,ok,1.0,False
Dataset_A_CPS-NetFlow-IDS,Sybil,IID,F1_Mean_Over_Rounds,Adaptive_FixedCircuitBreaker,FLAME,10,0.9156168306303913,0.8790470050870054,0.03656982554338574,0.0,0.001953125,0.88,2.042001296551462,ok,0.0703125,False
Dataset_A_CPS-NetFlow-IDS,Sybil,IID,F1_Mean_Over_Rounds,Adaptive_FixedCircuitBreaker,FLTrust,10,0.9156168306303913,0.916020550282863,-0.00040371965247180117,15.0,0.232421875,-0.08,-0.32480489630194964,ok,1.0,False
Dataset_A_CPS-NetFlow-IDS,Sybil,IID,F1_Mean_Over_Rounds,Adaptive_FixedCircuitBreaker,FedAvg,10,0.9156168306303913,0.8821742208298244,0.03344260980056677,0.0,0.001953125,0.9,2.4794692538407506,ok,0.0703125,False
Dataset_A_CPS-NetFlow-IDS,Sybil,IID,F1_Mean_Over_Rounds,Adaptive_FixedCircuitBreaker,Krum,10,0.9156168306303913,0.8443422658021156,0.07127456482827565,0.0,0.001953125,1.0,1.8008803083597817,ok,0.0703125,False
Dataset_A_CPS-NetFlow-IDS,Sybil,IID,F1_Mean_Over_Rounds,Adaptive_NoAdaptiveWeighting,Adaptive_NoCircuitBreaker,10,0.9147207312400264,0.9162631788362751,-0.001542447596248564,9.0,0.064453125,-0.08,-0.6926052602998837,ok,1.0,False
Dataset_A_CPS-NetFlow-IDS,Sybil,IID,F1_Mean_Over_Rounds,Adaptive_NoAdaptiveWeighting,Adaptive_NoTemporalMemory,10,0.9147207312400264,0.9159527963981485,-0.0012320651581221199,15.0,0.232421875,-0.04,-0.40436237692136984,ok,1.0,False
Dataset_A_CPS-NetFlow-IDS,Sybil,IID,F1_Mean_Over_Rounds,Adaptive_NoAdaptiveWeighting,Adaptive_Ultimate,10,0.9147207312400264,0.9157215605061856,-0.001000829266159109,16.0,0.275390625,-0.04,-0.35746079947027526,ok,1.0,False
Dataset_A_CPS-NetFlow-IDS,Sybil,IID,F1_Mean_Over_Rounds,Adaptive_NoAdaptiveWeighting,FLAME,10,0.9147207312400264,0.8790470050870054,0.03567372615302098,0.0,0.001953125,0.88,2.1134521748766675,ok,0.0703125,False
Dataset_A_CPS-NetFlow-IDS,Sybil,IID,F1_Mean_Over_Rounds,Adaptive_NoAdaptiveWeighting,FLTrust,10,0.9147207312400264,0.916020550282863,-0.0012998190428365585,15.0,0.232421875,-0.02,-0.43397658084087215,ok,1.0,False
Dataset_A_CPS-NetFlow-IDS,Sybil,IID,F1_Mean_Over_Rounds,Adaptive_NoAdaptiveWeighting,FedAvg,10,0.9147207312400264,0.8821742208298244,0.03254651041020201,0.0,0.001953125,0.9,2.765476838653128,ok,0.0703125,False
Dataset_A_CPS-NetFlow-IDS,Sybil,IID,F1_Mean_Over_Rounds,Adaptive_NoAdaptiveWeighting,Krum,10,0.9147207312400264,0.8443422658021156,0.0703784654379109,0.0,0.001953125,1.0,1.8416168839994043,ok,0.0703125,False
Dataset_A_CPS-NetFlow-IDS,Sybil,IID,F1_Mean_Over_Rounds,Adaptive_NoCircuitBreaker,Adaptive_NoTemporalMemory,10,0.9162631788362751,0.9159527963981485,0.0003103824381264442,21.0,0.556640625,0.02,0.2932474052327779,ok,1.0,False
Dataset_A_CPS-NetFlow-IDS,Sybil,IID,F1_Mean_Over_Rounds,Adaptive_NoCircuitBreaker,Adaptive_Ultimate,10,0.9162631788362751,0.9157215605061856,0.000541618330089455,5.0,0.15625,0.05,0.5644563164469885,ok,1.0,False
Dataset_A_CPS-NetFlow-IDS,Sybil,IID,F1_Mean_Over_Rounds,Adaptive_NoCircuitBreaker,FLAME,10,0.9162631788362751,0.8790470050870054,0.03721617374926954,0.0,0.001953125,0.88,2.182559434830751,ok,0.0703125,False
Dataset_A_CPS-NetFlow-IDS,Sybil,IID,F1_Mean_Over_Rounds,Adaptive_NoCircuitBreaker,FLTrust,10,0.9162631788362751,0.916020550282863,0.0002426285534120054,23.0,0.6953125,0.02,0.2766944912688173,ok,1.0,False
Dataset_A_CPS-NetFlow-IDS,Sybil,IID,F1_Mean_Over_Rounds,Adaptive_NoCircuitBreaker,FedAvg,10,0.9162631788362751,0.8821742208298244,0.03408895800645058,0.0,0.001953125,0.9,2.773351854197133,ok,0.0703125,False
Dataset_A_CPS-NetFlow-IDS,Sybil,IID,F1_Mean_Over_Rounds,Adaptive_NoCircuitBreaker,Krum,10,0.9162631788362751,0.8443422658021156,0.07192091303415946,0.0,0.001953125,1.0,1.8567251861763738,ok,0.0703125,False
Dataset_A_CPS-NetFlow-IDS,Sybil,IID,F1_Mean_Over_Rounds,Adaptive_NoTemporalMemory,Adaptive_Ultimate,10,0.9159527963981485,0.9157215605061856,0.00023123589196301088,10.0,0.1640625,0.03,0.5756602102423639,ok,1.0,False
Dataset_A_CPS-NetFlow-IDS,Sybil,IID,F1_Mean_Over_Rounds,Adaptive_NoTemporalMemory,FLAME,10,0.9159527963981485,0.8790470050870054,0.0369057913111431,0.0,0.001953125,0.88,2.1272149731025545,ok,0.0703125,False
Dataset_A_CPS-NetFlow-IDS,Sybil,IID,F1_Mean_Over_Rounds,Adaptive_NoTemporalMemory,FLTrust,10,0.9159527963981485,0.916020550282863,-6.775388471443877e-05,8.0,0.375,-0.05,-0.10737429880266881,ok,1.0,False
Dataset_A_CPS-NetFlow-IDS,Sybil,IID,F1_Mean_Over_Rounds,Adaptive_NoTemporalMemory,FedAvg,10,0.9159527963981485,0.8821742208298244,0.03377857556832413,0.0,0.001953125,0.88,2.615745097719615,ok,0.0703125,False
Dataset_A_CPS-NetFlow-IDS,Sybil,IID,F1_Mean_Over_Rounds,Adaptive_NoTemporalMemory,Krum,10,0.9159527963981485,0.8443422658021156,0.07161053059603302,0.0,0.001953125,1.0,1.817779875890883,ok,0.0703125,False
Dataset_A_CPS-NetFlow-IDS,Sybil,IID,F1_Mean_Over_Rounds,Adaptive_Ultimate,FLAME,10,0.9157215605061856,0.8790470050870054,0.03667455541918009,0.0,0.001953125,0.88,2.096367829497776,ok,0.0703125,False
Dataset_A_CPS-NetFlow-IDS,Sybil,IID,F1_Mean_Over_Rounds,Adaptive_Ultimate,FLTrust,10,0.9157215605061856,0.916020550282863,-0.0002989897766774496,10.0,0.083984375,-0.08,-0.3600989535675261,ok,1.0,False
Dataset_A_CPS-NetFlow-IDS,Sybil,IID,F1_Mean_Over_Rounds,Adaptive_Ultimate,FedAvg,10,0.9157215605061856,0.8821742208298244,0.03354733967636112,0.0,0.001953125,0.9,2.5855963247215006,ok,0.0703125,False
Dataset_A_CPS-NetFlow-IDS,Sybil,IID,F1_Mean_Over_Rounds,Adaptive_Ultimate,Krum,10,0.9157215605061856,0.8443422658021156,0.07137929470407,0.0,0.001953125,1.0,1.8147741826085038,ok,0.0703125,False
Dataset_A_CPS-NetFlow-IDS,Sybil,IID,F1_Mean_Over_Rounds,FLAME,FLTrust,10,0.8790470050870054,0.916020550282863,-0.036973545195857535,0.0,0.001953125,-0.88,-2.1781467435031034,ok,0.0703125,False
Dataset_A_CPS-NetFlow-IDS,Sybil,IID,F1_Mean_Over_Rounds,FLAME,FedAvg,10,0.8790470050870054,0.8821742208298244,-0.0031272157428189674,18.0,0.375,-0.16,-0.33565508625539686,ok,1.0,False
Dataset_A_CPS-NetFlow-IDS,Sybil,IID,F1_Mean_Over_Rounds,FLAME,Krum,10,0.8790470050870054,0.8443422658021156,0.034704739284889916,3.0,0.009765625,0.68,1.0203061697959395,ok,0.166015625,False
Dataset_A_CPS-NetFlow-IDS,Sybil,IID,F1_Mean_Over_Rounds,FLTrust,FedAvg,10,0.916020550282863,0.8821742208298244,0.03384632945303857,0.0,0.001953125,0.9,2.7130291870844956,ok,0.0703125,False
Dataset_A_CPS-NetFlow-IDS,Sybil,IID,F1_Mean_Over_Rounds,FLTrust,Krum,10,0.916020550282863,0.8443422658021156,0.07167828448074745,0.0,0.001953125,1.0,1.8326555738374428,ok,0.0703125,False
Dataset_A_CPS-NetFlow-IDS,Sybil,IID,F1_Mean_Over_Rounds,FedAvg,Krum,10,0.8821742208298244,0.8443422658021156,0.037831955027708884,2.0,0.005859375,0.82,1.1113891352205183,ok,0.10546875,False
Dataset_A_CPS-NetFlow-IDS,Sybil,IID,ASR_Mean_Over_Rounds,Adaptive_FixedCircuitBreaker,Adaptive_NoAdaptiveWeighting,10,0.04358823529411765,0.042481283422459895,0.001106951871657754,5.0,0.078125,0.1,0.5105606328806664,ok,0.78125,False
Dataset_A_CPS-NetFlow-IDS,Sybil,IID,ASR_Mean_Over_Rounds,Adaptive_FixedCircuitBreaker,Adaptive_NoCircuitBreaker,10,0.04358823529411765,0.04188235294117647,0.0017058823529411786,0.0,0.015625,0.11,0.6199286612948415,ok,0.203125,False
Dataset_A_CPS-NetFlow-IDS,Sybil,IID,ASR_Mean_Over_Rounds,Adaptive_FixedCircuitBreaker,Adaptive_NoTemporalMemory,10,0.04358823529411765,0.04271657754010695,0.0008716577540106969,15.0,0.7265625,0.02,0.4888509231991714,ok,1.0,False
Dataset_A_CPS-NetFlow-IDS,Sybil,IID,ASR_Mean_Over_Rounds,Adaptive_FixedCircuitBreaker,Adaptive_Ultimate,10,0.04358823529411765,0.042614973262032084,0.0009732620320855638,0.0,0.25,0.07,0.5414279944071548,ok,1.0,False
Dataset_A_CPS-NetFlow-IDS,Sybil,IID,ASR_Mean_Over_Rounds,Adaptive_FixedCircuitBreaker,FLAME,10,0.04358823529411765,0.1239465240641711,-0.08035828877005348,0.0,0.001953125,-0.98,-4.3843113467402715,ok,0.0703125,False
Dataset_A_CPS-NetFlow-IDS,Sybil,IID,ASR_Mean_Over_Rounds,Adaptive_FixedCircuitBreaker,FLTrust,10,0.04358823529411765,0.04226737967914438,0.0013208556149732647,10.0,0.1640625,0.05,0.4692872746659348,ok,1.0,False
Dataset_A_CPS-NetFlow-IDS,Sybil,IID,ASR_Mean_Over_Rounds,Adaptive_FixedCircuitBreaker,FedAvg,10,0.04358823529411765,0.14675401069518718,-0.10316577540106953,0.0,0.001953125,-1.0,-4.540122831154093,ok,0.0703125,False
Dataset_A_CPS-NetFlow-IDS,Sybil,IID,ASR_Mean_Over_Rounds,Adaptive_FixedCircuitBreaker,Krum,10,0.04358823529411765,0.2021604278074866,-0.158572192513369,0.0,0.001953125,-1.0,-6.968935225643176,ok,0.0703125,False
Dataset_A_CPS-NetFlow-IDS,Sybil,IID,ASR_Mean_Over_Rounds,Adaptive_NoAdaptiveWeighting,Adaptive_NoCircuitBreaker,10,0.042481283422459895,0.04188235294117647,0.0005989304812834247,3.0,0.01953125,0.05,0.8427433812514846,ok,0.21484375,False
Dataset_A_CPS-NetFlow-IDS,Sybil,IID,ASR_Mean_Over_Rounds,Adaptive_NoAdaptiveWeighting,Adaptive_NoTemporalMemory,10,0.042481283422459895,0.04271657754010695,-0.000235294117647057,13.0,0.30078125,-0.05,-0.37063447607225697,ok,1.0,False
Dataset_A_CPS-NetFlow-IDS,Sybil,IID,ASR_Mean_Over_Rounds,Adaptive_NoAdaptiveWeighting,Adaptive_Ultimate,10,0.042481283422459895,0.042614973262032084,-0.0001336898395721901,13.0,0.546875,-0.04,-0.2485543042770073,ok,1.0,False
Dataset_A_CPS-NetFlow-IDS,Sybil,IID,ASR_Mean_Over_Rounds,Adaptive_NoAdaptiveWeighting,FLAME,10,0.042481283422459895,0.1239465240641711,-0.08146524064171122,0.0,0.001953125,-0.98,-4.405024018313493,ok,0.0703125,False
Dataset_A_CPS-NetFlow-IDS,Sybil,IID,ASR_Mean_Over_Rounds,Adaptive_NoAdaptiveWeighting,FLTrust,10,0.042481283422459895,0.04226737967914438,0.00021390374331551072,22.0,0.625,0.0,0.24283339755490876,ok,1.0,False
Dataset_A_CPS-NetFlow-IDS,Sybil,IID,ASR_Mean_Over_Rounds,Adaptive_NoAdaptiveWeighting,FedAvg,10,0.042481283422459895,0.14675401069518718,-0.10427272727272727,0.0,0.001953125,-1.0,-4.503753884211448,ok,0.0703125,False
Dataset_A_CPS-NetFlow-IDS,Sybil,IID,ASR_Mean_Over_Rounds,Adaptive_NoAdaptiveWeighting,Krum,10,0.042481283422459895,0.2021604278074866,-0.15967914438502676,0.0,0.001953125,-1.0,-7.23876483531238,ok,0.0703125,False
Dataset_A_CPS-NetFlow-IDS,Sybil,IID,ASR_Mean_Over_Rounds,Adaptive_NoCircuitBreaker,Adaptive_NoTemporalMemory,10,0.04188235294117647,0.04271657754010695,-0.0008342245989304817,1.0,0.00390625,-0.08,-0.7388286741793741,ok,0.0703125,False
Dataset_A_CPS-NetFlow-IDS,Sybil,IID,ASR_Mean_Over_Rounds,Adaptive_NoCircuitBreaker,Adaptive_Ultimate,10,0.04188235294117647,0.042614973262032084,-0.0007326203208556148,0.0,0.015625,-0.07,-0.6711512408990352,ok,0.203125,False
Dataset_A_CPS-NetFlow-IDS,Sybil,IID,ASR_Mean_Over_Rounds,Adaptive_NoCircuitBreaker,FLAME,10,0.04188235294117647,0.1239465240641711,-0.08206417112299466,0.0,0.001953125,-0.98,-4.410003986462951,ok,0.0703125,False
Dataset_A_CPS-NetFlow-IDS,Sybil,IID,ASR_Mean_Over_Rounds,Adaptive_NoCircuitBreaker,FLTrust,10,0.04188235294117647,0.04226737967914438,-0.000385026737967914,0.0,0.001953125,-0.1,-0.8461808905000806,ok,0.0703125,False
Dataset_A_CPS-NetFlow-IDS,Sybil,IID,ASR_Mean_Over_Rounds,Adaptive_NoCircuitBreaker,FedAvg,10,0.04188235294117647,0.14675401069518718,-0.10487165775401071,0.0,0.001953125,-1.0,-4.487922558153745,ok,0.0703125,False
Dataset_A_CPS-NetFlow-IDS,Sybil,IID,ASR_Mean_Over_Rounds,Adaptive_NoCircuitBreaker,Krum,10,0.04188235294117647,0.2021604278074866,-0.16027807486631013,0.0,0.001953125,-1.0,-7.32546456914664,ok,0.0703125,False
Dataset_A_CPS-NetFlow-IDS,Sybil,IID,ASR_Mean_Over_Rounds,Adaptive_NoTemporalMemory,Adaptive_Ultimate,10,0.04271657754010695,0.042614973262032084,0.00010160427807486688,6.0,0.109375,0.06,0.5619105268930608,ok,0.984375,False
Dataset_A_CPS-NetFlow-IDS,Sybil,IID,ASR_Mean_Over_Rounds,Adaptive_NoTemporalMemory,FLAME,10,0.04271657754010695,0.1239465240641711,-0.08122994652406416,0.0,0.001953125,-0.98,-4.3500492723859,ok,0.0703125,False
Dataset_A_CPS-NetFlow-IDS,Sybil,IID,ASR_Mean_Over_Rounds,Adaptive_NoTemporalMemory,FLTrust,10,0.04271657754010695,0.04226737967914438,0.0004491978609625677,8.0,0.375,0.01,0.38250372015950224,ok,1.0,False
Dataset_A_CPS-NetFlow-IDS,Sybil,IID,ASR_Mean_Over_Rounds,Adaptive_NoTemporalMemory,FedAvg,10,0.04271657754010695,0.14675401069518718,-0.10403743315508021,0.0,0.001953125,-1.0,-4.460304691599827,ok,0.0703125,False
Dataset_A_CPS-NetFlow-IDS,Sybil,IID,ASR_Mean_Over_Rounds,Adaptive_NoTemporalMemory,Krum,10,0.04271657754010695,0.2021604278074866,-0.1594438502673797,0.0,0.001953125,-1.0,-7.208841859638927,ok,0.0703125,False
Dataset_A_CPS-NetFlow-IDS,Sybil,IID,ASR_Mean_Over_Rounds,Adaptive_Ultimate,FLAME,10,0.042614973262032084,0.1239465240641711,-0.08133155080213904,0.0,0.001953125,-0.98,-4.361836795315523,ok,0.0703125,False
Dataset_A_CPS-NetFlow-IDS,Sybil,IID,ASR_Mean_Over_Rounds,Adaptive_Ultimate,FLTrust,10,0.042614973262032084,0.04226737967914438,0.0003475935828877008,20.0,0.8203125,-0.01,0.2955054288692781,ok,1.0,False
Dataset_A_CPS-NetFlow-IDS,Sybil,IID,ASR_Mean_Over_Rounds,Adaptive_Ultimate,FedAvg,10,0.042614973262032084,0.14675401069518718,-0.10413903743315508,0.0,0.001953125,-1.0,-4.4840580048338,ok,0.0703125,False
Dataset_A_CPS-NetFlow-IDS,Sybil,IID,ASR_Mean_Over_Rounds,Adaptive_Ultimate,Krum,10,0.042614973262032084,0.2021604278074866,-0.15954545454545455,0.0,0.001953125,-1.0,-7.240906484881022,ok,0.0703125,False
Dataset_A_CPS-NetFlow-IDS,Sybil,IID,ASR_Mean_Over_Rounds,FLAME,FLTrust,10,0.1239465240641711,0.04226737967914438,0.08167914438502674,0.0,0.001953125,0.98,4.35700988941645,ok,0.0703125,False
Dataset_A_CPS-NetFlow-IDS,Sybil,IID,ASR_Mean_Over_Rounds,FLAME,FedAvg,10,0.1239465240641711,0.14675401069518718,-0.022807486631016047,1.0,0.00390625,-0.5,-1.6115779117386928,ok,0.0703125,False
Dataset_A_CPS-NetFlow-IDS,Sybil,IID,ASR_Mean_Over_Rounds,FLAME,Krum,10,0.1239465240641711,0.2021604278074866,-0.07821390374331552,0.0,0.001953125,-0.96,-2.2524117136924384,ok,0.0703125,False
Dataset_A_CPS-NetFlow-IDS,Sybil,IID,ASR_Mean_Over_Rounds,FLTrust,FedAvg,10,0.04226737967914438,0.14675401069518718,-0.10448663101604279,0.0,0.001953125,-1.0,-4.422028421436185,ok,0.0703125,False
Dataset_A_CPS-NetFlow-IDS,Sybil,IID,ASR_Mean_Over_Rounds,FLTrust,Krum,10,0.04226737967914438,0.2021604278074866,-0.15989304812834224,0.0,0.001953125,-1.0,-7.235518157938592,ok,0.0703125,False
Dataset_A_CPS-NetFlow-IDS,Sybil,IID,ASR_Mean_Over_Rounds,FedAvg,Krum,10,0.14675401069518718,0.2021604278074866,-0.055406417112299475,0.0,0.001953125,-0.88,-1.7835547869065707,ok,0.0703125,False
Dataset_A_CPS-NetFlow-IDS,Sybil,IID,F1_Final_Round,Adaptive_FixedCircuitBreaker,Adaptive_NoAdaptiveWeighting,10,0.9435534113067254,0.9434695137190916,8.38975876336523e-05,3.0,1.0,0.05,0.019621937116046553,ok,1.0,False
Dataset_A_CPS-NetFlow-IDS,Sybil,IID,F1_Final_Round,Adaptive_FixedCircuitBreaker,Adaptive_NoCircuitBreaker,10,0.9435534113067254,0.9518470996870863,-0.008293688380360964,3.0,0.078125,-0.28,-0.6853150322456735,ok,0.9375,False
Dataset_A_CPS-NetFlow-IDS,Sybil,IID,F1_Final_Round,Adaptive_FixedCircuitBreaker,Adaptive_NoTemporalMemory,10,0.9435534113067254,0.9440537817003735,-0.0005003703936480753,1.0,1.0,0.01,-0.13269911460545192,ok,1.0,False
Dataset_A_CPS-NetFlow-IDS,Sybil,IID,F1_Final_Round,Adaptive_FixedCircuitBreaker,Adaptive_Ultimate,10,0.9435534113067254,0.9440537817003735,-0.0005003703936480753,1.0,1.0,0.01,-0.13269911460545192,ok,1.0,False
Dataset_A_CPS-NetFlow-IDS,Sybil,IID,F1_Final_Round,Adaptive_FixedCircuitBreaker,FLAME,10,0.9435534113067254,0.8432018957916334,0.10035151551509185,0.0,0.001953125,1.0,1.770355047324543,ok,0.0703125,False
Dataset_A_CPS-NetFlow-IDS,Sybil,IID,F1_Final_Round,Adaptive_FixedCircuitBreaker,FLTrust,10,0.9435534113067254,0.947591518666038,-0.004038107359312926,3.0,0.15625,-0.14,-0.5626835206202127,ok,1.0,False
Dataset_A_CPS-NetFlow-IDS,Sybil,IID,F1_Final_Round,Adaptive_FixedCircuitBreaker,FedAvg,10,0.9435534113067254,0.8706818391311844,0.07287157217554104,0.0,0.001953125,0.92,1.36294669875357,ok,0.0703125,False
Dataset_A_CPS-NetFlow-IDS,Sybil,IID,F1_Final_Round,Adaptive_FixedCircuitBreaker,Krum,10,0.9435534113067254,0.7699078654562331,0.17364554585049216,0.0,0.001953125,1.0,2.016903782383119,ok,0.0703125,False
Dataset_A_CPS-NetFlow-IDS,Sybil,IID,F1_Final_Round,Adaptive_NoAdaptiveWeighting,Adaptive_NoCircuitBreaker,10,0.9434695137190916,0.9518470996870863,-0.008377585967994617,0.0,0.03125,-0.34,-0.8716624726630521,ok,0.46875,False
Dataset_A_CPS-NetFlow-IDS,Sybil,IID,F1_Final_Round,Adaptive_NoAdaptiveWeighting,Adaptive_NoTemporalMemory,10,0.9434695137190916,0.9440537817003735,-0.0005842679812817275,0.0,1.0,-0.02,-0.3162277660168379,ok,1.0,False
Dataset_A_CPS-NetFlow-IDS,Sybil,IID,F1_Final_Round,Adaptive_NoAdaptiveWeighting,Adaptive_Ultimate,10,0.9434695137190916,0.9440537817003735,-0.0005842679812817275,0.0,1.0,-0.02,-0.3162277660168379,ok,1.0,False
Dataset_A_CPS-NetFlow-IDS,Sybil,IID,F1_Final_Round,Adaptive_NoAdaptiveWeighting,FLAME,10,0.9434695137190916,0.8432018957916334,0.1002676179274582,0.0,0.001953125,1.0,1.8436629415582289,ok,0.0703125,False
Dataset_A_CPS-NetFlow-IDS,Sybil,IID,F1_Final_Round,Adaptive_NoAdaptiveWeighting,FLTrust,10,0.9434695137190916,0.947591518666038,-0.004122004946946578,0.0,0.125,-0.17,-0.6091246936348752,ok,1.0,False
Dataset_A_CPS-NetFlow-IDS,Sybil,IID,F1_Final_Round,Adaptive_NoAdaptiveWeighting,FedAvg,10,0.9434695137190916,0.8706818391311844,0.07278767458790739,0.0,0.001953125,0.94,1.422073147898607,ok,0.0703125,False
Dataset_A_CPS-NetFlow-IDS,Sybil,IID,F1_Final_Round,Adaptive_NoAdaptiveWeighting,Krum,10,0.9434695137190916,0.7699078654562331,0.17356164826285853,0.0,0.001953125,1.0,2.0564751946688493,ok,0.0703125,False
Dataset_A_CPS-NetFlow-IDS,Sybil,IID,F1_Final_Round,Adaptive_NoCircuitBreaker,Adaptive_NoTemporalMemory,10,0.9518470996870863,0.9440537817003735,0.007793317986712889,0.0,0.03125,0.32,0.8067351523968428,ok,0.46875,False
Dataset_A_CPS-NetFlow-IDS,Sybil,IID,F1_Final_Round,Adaptive_NoCircuitBreaker,Adaptive_Ultimate,10,0.9518470996870863,0.9440537817003735,0.007793317986712889,0.0,0.03125,0.32,0.8067351523968428,ok,0.46875,False
Dataset_A_CPS-NetFlow-IDS,Sybil,IID,F1_Final_Round,Adaptive_NoCircuitBreaker,FLAME,10,0.9518470996870863,0.8432018957916334,0.1086452038954528,0.0,0.001953125,1.0,2.0193735747161123,ok,0.0703125,False
Dataset_A_CPS-NetFlow-IDS,Sybil,IID,F1_Final_Round,Adaptive_NoCircuitBreaker,FLTrust,10,0.9518470996870863,0.947591518666038,0.004255581021048038,0.0,0.25,0.2,0.5429104167123611,ok,1.0,False
Dataset_A_CPS-NetFlow-IDS,Sybil,IID,F1_Final_Round,Adaptive_NoCircuitBreaker,FedAvg,10,0.9518470996870863,0.8706818391311844,0.081165260555902,0.0,0.001953125,0.98,1.5528236937472042,ok,0.0703125,False
Dataset_A_CPS-NetFlow-IDS,Sybil,IID,F1_Final_Round,Adaptive_NoCircuitBreaker,Krum,10,0.9518470996870863,0.7699078654562331,0.18193923423085315,0.0,0.001953125,1.0,2.1257268073682893,ok,0.0703125,False
Dataset_A_CPS-NetFlow-IDS,Sybil,IID,F1_Final_Round,Adaptive_NoTemporalMemory,Adaptive_Ultimate,10,0.9440537817003735,0.9440537817003735,0.0,0.0,1.0,0.0,0.0,identical_values,1.0,False
Dataset_A_CPS-NetFlow-IDS,Sybil,IID,F1_Final_Round,Adaptive_NoTemporalMemory,FLAME,10,0.9440537817003735,0.8432018957916334,0.10085188590873992,0.0,0.001953125,1.0,1.813281880365337,ok,0.0703125,False
Dataset_A_CPS-NetFlow-IDS,Sybil,IID,F1_Final_Round,Adaptive_NoTemporalMemory,FLTrust,10,0.9440537817003735,0.947591518666038,-0.0035377369656648507,0.0,0.125,-0.15,-0.5510398040663286,ok,1.0,False
Dataset_A_CPS-NetFlow-IDS,Sybil,IID,F1_Final_Round,Adaptive_NoTemporalMemory,FedAvg,10,0.9440537817003735,0.8706818391311844,0.07337194256918911,0.0,0.001953125,0.94,1.3949051975503592,ok,0.0703125,False
Dataset_A_CPS-NetFlow-IDS,Sybil,IID,F1_Final_Round,Adaptive_NoTemporalMemory,Krum,10,0.9440537817003735,0.7699078654562331,0.17414591624414022,0.0,0.001953125,1.0,2.026318575157001,ok,0.0703125,False
Dataset_A_CPS-NetFlow-IDS,Sybil,IID,F1_Final_Round,Adaptive_Ultimate,FLAME,10,0.9440537817003735,0.8432018957916334,0.10085188590873992,0.0,0.001953125,1.0,1.813281880365337,ok,0.0703125,False
Dataset_A_CPS-NetFlow-IDS,Sybil,IID,F1_Final_Round,Adaptive_Ultimate,FLTrust,10,0.9440537817003735,0.947591518666038,-0.0035377369656648507,0.0,0.125,-0.15,-0.5510398040663286,ok,1.0,False
Dataset_A_CPS-NetFlow-IDS,Sybil,IID,F1_Final_Round,Adaptive_Ultimate,FedAvg,10,0.9440537817003735,0.8706818391311844,0.07337194256918911,0.0,0.001953125,0.94,1.3949051975503592,ok,0.0703125,False
Dataset_A_CPS-NetFlow-IDS,Sybil,IID,F1_Final_Round,Adaptive_Ultimate,Krum,10,0.9440537817003735,0.7699078654562331,0.17414591624414022,0.0,0.001953125,1.0,2.026318575157001,ok,0.0703125,False
Dataset_A_CPS-NetFlow-IDS,Sybil,IID,F1_Final_Round,FLAME,FLTrust,10,0.8432018957916334,0.947591518666038,-0.10438962287440479,0.0,0.001953125,-1.0,-1.94702062144914,ok,0.0703125,False
Dataset_A_CPS-NetFlow-IDS,Sybil,IID,F1_Final_Round,FLAME,FedAvg,10,0.8432018957916334,0.8706818391311844,-0.027479943339550818,3.0,0.009765625,-0.42,-1.0205805056035229,ok,0.15625,False
Dataset_A_CPS-NetFlow-IDS,Sybil,IID,F1_Final_Round,FLAME,Krum,10,0.8432018957916334,0.7699078654562331,0.07329403033540031,1.0,0.00390625,0.68,1.306620287282373,ok,0.0703125,False
Dataset_A_CPS-NetFlow-IDS,Sybil,IID,F1_Final_Round,FLTrust,FedAvg,10,0.947591518666038,0.8706818391311844,0.07690967953485396,0.0,0.001953125,0.98,1.4825341224974216,ok,0.0703125,False
Dataset_A_CPS-NetFlow-IDS,Sybil,IID,F1_Final_Round,FLTrust,Krum,10,0.947591518666038,0.7699078654562331,0.17768365320980511,0.0,0.001953125,1.0,2.1024485514440063,ok,0.0703125,False
Dataset_A_CPS-NetFlow-IDS,Sybil,IID,F1_Final_Round,FedAvg,Krum,10,0.8706818391311844,0.7699078654562331,0.10077397367495114,0.0,0.001953125,0.82,2.3192689939858155,ok,0.0703125,False
Dataset_A_CPS-NetFlow-IDS,Sybil,IID,ASR_Final_Round,Adaptive_FixedCircuitBreaker,Adaptive_NoAdaptiveWeighting,10,0.03475935828877005,0.0320855614973262,0.0026737967914438497,0.0,0.25,0.16,0.5144957554275265,ok,1.0,False
Dataset_A_CPS-NetFlow-IDS,Sybil,IID,ASR_Final_Round,Adaptive_FixedCircuitBreaker,Adaptive_NoCircuitBreaker,10,0.03475935828877005,0.026203208556149733,0.00855614973262032,0.0,0.015625,0.38,0.755180130633063,ok,0.234375,False
Dataset_A_CPS-NetFlow-IDS,Sybil,IID,ASR_Final_Round,Adaptive_FixedCircuitBreaker,Adaptive_NoTemporalMemory,10,0.03475935828877005,0.0320855614973262,0.0026737967914438497,0.0,0.25,0.16,0.5144957554275265,ok,1.0,False
Dataset_A_CPS-NetFlow-IDS,Sybil,IID,ASR_Final_Round,Adaptive_FixedCircuitBreaker,Adaptive_Ultimate,10,0.03475935828877005,0.0320855614973262,0.0026737967914438497,0.0,0.25,0.16,0.5144957554275265,ok,1.0,False
Dataset_A_CPS-NetFlow-IDS,Sybil,IID,ASR_Final_Round,Adaptive_FixedCircuitBreaker,FLAME,10,0.03475935828877005,0.5759358288770053,-0.5411764705882353,0.0,0.001953125,-1.0,-5.227029765625741,ok,0.0703125,False
Dataset_A_CPS-NetFlow-IDS,Sybil,IID,ASR_Final_Round,Adaptive_FixedCircuitBreaker,FLTrust,10,0.03475935828877005,0.02941176470588235,0.005347593582887699,5.0,0.28125,0.27,0.4522670168666454,ok,1.0,False
Dataset_A_CPS-NetFlow-IDS,Sybil,IID,ASR_Final_Round,Adaptive_FixedCircuitBreaker,FedAvg,10,0.03475935828877005,0.6641711229946523,-0.6294117647058823,0.0,0.001953125,-1.0,-6.75290313439151,ok,0.0703125,False
Dataset_A_CPS-NetFlow-IDS,Sybil,IID,ASR_Final_Round,Adaptive_FixedCircuitBreaker,Krum,10,0.03475935828877005,0.7491978609625669,-0.7144385026737968,0.0,0.001953125,-1.0,-8.204575062799595,ok,0.0703125,False
Dataset_A_CPS-NetFlow-IDS,Sybil,IID,ASR_Final_Round,Adaptive_NoAdaptiveWeighting,Adaptive_NoCircuitBreaker,10,0.0320855614973262,0.026203208556149733,0.00588235294117647,0.0,0.03125,0.21,0.8027320214273578,ok,0.4375,False
Dataset_A_CPS-NetFlow-IDS,Sybil,IID,ASR_Final_Round,Adaptive_NoAdaptiveWeighting,Adaptive_NoTemporalMemory,10,0.0320855614973262,0.0320855614973262,0.0,0.0,1.0,0.0,0.0,identical_values,1.0,False
Dataset_A_CPS-NetFlow-IDS,Sybil,IID,ASR_Final_Round,Adaptive_NoAdaptiveWeighting,Adaptive_Ultimate,10,0.0320855614973262,0.0320855614973262,0.0,0.0,1.0,0.0,0.0,identical_values,1.0,False
Dataset_A_CPS-NetFlow-IDS,Sybil,IID,ASR_Final_Round,Adaptive_NoAdaptiveWeighting,FLAME,10,0.0320855614973262,0.5759358288770053,-0.5438502673796792,0.0,0.001953125,-1.0,-5.229269840534848,ok,0.0703125,False
Dataset_A_CPS-NetFlow-IDS,Sybil,IID,ASR_Final_Round,Adaptive_NoAdaptiveWeighting,FLTrust,10,0.0320855614973262,0.02941176470588235,0.0026737967914438497,3.0,0.625,0.11,0.36927447293799814,ok,1.0,False
Dataset_A_CPS-NetFlow-IDS,Sybil,IID,ASR_Final_Round,Adaptive_NoAdaptiveWeighting,FedAvg,10,0.0320855614973262,0.6641711229946523,-0.6320855614973262,0.0,0.001953125,-1.0,-6.654419068549777,ok,0.0703125,False
Dataset_A_CPS-NetFlow-IDS,Sybil,IID,ASR_Final_Round,Adaptive_NoAdaptiveWeighting,Krum,10,0.0320855614973262,0.7491978609625669,-0.7171122994652406,0.0,0.001953125,-1.0,-8.162913889064267,ok,0.0703125,False
Dataset_A_CPS-NetFlow-IDS,Sybil,IID,ASR_Final_Round,Adaptive_NoCircuitBreaker,Adaptive_NoTemporalMemory,10,0.026203208556149733,0.0320855614973262,-0.00588235294117647,0.0,0.03125,-0.21,-0.8027320214273578,ok,0.4375,False
Dataset_A_CPS-NetFlow-IDS,Sybil,IID,ASR_Final_Round,Adaptive_NoCircuitBreaker,Adaptive_Ultimate,10,0.026203208556149733,0.0320855614973262,-0.00588235294117647,0.0,0.03125,-0.21,-0.8027320214273578,ok,0.4375,False
Dataset_A_CPS-NetFlow-IDS,Sybil,IID,ASR_Final_Round,Adaptive_NoCircuitBreaker,FLAME,10,0.026203208556149733,0.5759358288770053,-0.5497326203208557,0.0,0.001953125,-1.0,-5.431800313614128,ok,0.0703125,False
Dataset_A_CPS-NetFlow-IDS,Sybil,IID,ASR_Final_Round,Adaptive_NoCircuitBreaker,FLTrust,10,0.026203208556149733,0.02941176470588235,-0.00320855614973262,0.0,0.125,-0.12,-0.6210590034081189,ok,1.0,False
Dataset_A_CPS-NetFlow-IDS,Sybil,IID,ASR_Final_Round,Adaptive_NoCircuitBreaker,FedAvg,10,0.026203208556149733,0.6641711229946523,-0.6379679144385026,0.0,0.001953125,-1.0,-6.715755593459669,ok,0.0703125,False
Dataset_A_CPS-NetFlow-IDS,Sybil,IID,ASR_Final_Round,Adaptive_NoCircuitBreaker,Krum,10,0.026203208556149733,0.7491978609625669,-0.7229946524064171,0.0,0.001953125,-1.0,-8.399838245630297,ok,0.0703125,False
Dataset_A_CPS-NetFlow-IDS,Sybil,IID,ASR_Final_Round,Adaptive_NoTemporalMemory,Adaptive_Ultimate,10,0.0320855614973262,0.0320855614973262,0.0,0.0,1.0,0.0,0.0,identical_values,1.0,False
Dataset_A_CPS-NetFlow-IDS,Sybil,IID,ASR_Final_Round,Adaptive_NoTemporalMemory,FLAME,10,0.0320855614973262,0.5759358288770053,-0.5438502673796792,0.0,0.001953125,-1.0,-5.229269840534848,ok,0.0703125,False
Dataset_A_CPS-NetFlow-IDS,Sybil,IID,ASR_Final_Round,Adaptive_NoTemporalMemory,FLTrust,10,0.0320855614973262,0.02941176470588235,0.0026737967914438497,3.0,0.625,0.11,0.36927447293799814,ok,1.0,False
Dataset_A_CPS-NetFlow-IDS,Sybil,IID,ASR_Final_Round,Adaptive_NoTemporalMemory,FedAvg,10,0.0320855614973262,0.6641711229946523,-0.6320855614973262,0.0,0.001953125,-1.0,-6.654419068549777,ok,0.0703125,False
Dataset_A_CPS-NetFlow-IDS,Sybil,IID,ASR_Final_Round,Adaptive_NoTemporalMemory,Krum,10,0.0320855614973262,0.7491978609625669,-0.7171122994652406,0.0,0.001953125,-1.0,-8.162913889064267,ok,0.0703125,False
Dataset_A_CPS-NetFlow-IDS,Sybil,IID,ASR_Final_Round,Adaptive_Ultimate,FLAME,10,0.0320855614973262,0.5759358288770053,-0.5438502673796792,0.0,0.001953125,-1.0,-5.229269840534848,ok,0.0703125,False
Dataset_A_CPS-NetFlow-IDS,Sybil,IID,ASR_Final_Round,Adaptive_Ultimate,FLTrust,10,0.0320855614973262,0.02941176470588235,0.0026737967914438497,3.0,0.625,0.11,0.36927447293799814,ok,1.0,False
Dataset_A_CPS-NetFlow-IDS,Sybil,IID,ASR_Final_Round,Adaptive_Ultimate,FedAvg,10,0.0320855614973262,0.6641711229946523,-0.6320855614973262,0.0,0.001953125,-1.0,-6.654419068549777,ok,0.0703125,False
Dataset_A_CPS-NetFlow-IDS,Sybil,IID,ASR_Final_Round,Adaptive_Ultimate,Krum,10,0.0320855614973262,0.7491978609625669,-0.7171122994652406,0.0,0.001953125,-1.0,-8.162913889064267,ok,0.0703125,False
Dataset_A_CPS-NetFlow-IDS,Sybil,IID,ASR_Final_Round,FLAME,FLTrust,10,0.5759358288770053,0.02941176470588235,0.546524064171123,0.0,0.001953125,1.0,5.31663865803938,ok,0.0703125,False
Dataset_A_CPS-NetFlow-IDS,Sybil,IID,ASR_Final_Round,FLAME,FedAvg,10,0.5759358288770053,0.6641711229946523,-0.08823529411764705,0.0,0.001953125,-0.5,-1.2111054513324728,ok,0.0703125,False
Dataset_A_CPS-NetFlow-IDS,Sybil,IID,ASR_Final_Round,FLAME,Krum,10,0.5759358288770053,0.7491978609625669,-0.17326203208556148,0.0,0.001953125,-0.78,-1.7518775197127348,ok,0.0703125,False
Dataset_A_CPS-NetFlow-IDS,Sybil,IID,ASR_Final_Round,FLTrust,FedAvg,10,0.02941176470588235,0.6641711229946523,-0.6347593582887701,0.0,0.001953125,-1.0,-6.55844481040502,ok,0.0703125,False
Dataset_A_CPS-NetFlow-IDS,Sybil,IID,ASR_Final_Round,FLTrust,Krum,10,0.02941176470588235,0.7491978609625669,-0.7197860962566845,0.0,0.001953125,-1.0,-8.224731995367327,ok,0.0703125,False
Dataset_A_CPS-NetFlow-IDS,Sybil,IID,ASR_Final_Round,FedAvg,Krum,10,0.6641711229946523,0.7491978609625669,-0.08502673796791443,1.0,0.00390625,-0.42,-1.2328833424515862,ok,0.0703125,False
Dataset_A_CPS-NetFlow-IDS,Sybil,NonIID_Dirichlet,F1_Mean_Over_Rounds,Adaptive_FixedCircuitBreaker,Adaptive_NoAdaptiveWeighting,10,0.8714050801766152,0.8818213681580769,-0.010416287981461736,18.0,0.375,0.06,-0.23715131504805717,ok,1.0,False
Dataset_A_CPS-NetFlow-IDS,Sybil,NonIID_Dirichlet,F1_Mean_Over_Rounds,Adaptive_FixedCircuitBreaker,Adaptive_NoCircuitBreaker,10,0.8714050801766152,0.9008758415581639,-0.029470761381548704,10.0,0.578125,-0.11,-0.4148786847825535,ok,1.0,False
Dataset_A_CPS-NetFlow-IDS,Sybil,NonIID_Dirichlet,F1_Mean_Over_Rounds,Adaptive_FixedCircuitBreaker,Adaptive_NoTemporalMemory,10,0.8714050801766152,0.8995801095409426,-0.028175029364327385,13.0,0.16015625,-0.04,-0.40882258749788075,ok,1.0,False
Dataset_A_CPS-NetFlow-IDS,Sybil,NonIID_Dirichlet,F1_Mean_Over_Rounds,Adaptive_FixedCircuitBreaker,Adaptive_Ultimate,10,0.8714050801766152,0.8978242557460188,-0.02641917556940344,1.0,0.5,-0.01,-0.3952968752647066,ok,1.0,False
Dataset_A_CPS-NetFlow-IDS,Sybil,NonIID_Dirichlet,F1_Mean_Over_Rounds,Adaptive_FixedCircuitBreaker,FLAME,10,0.8714050801766152,0.8198150557605928,0.051590024416022506,12.0,0.130859375,0.56,0.5447735883433206,ok,1.0,False
Dataset_A_CPS-NetFlow-IDS,Sybil,NonIID_Dirichlet,F1_Mean_Over_Rounds,Adaptive_FixedCircuitBreaker,FLTrust,10,0.8714050801766152,0.9016642224238589,-0.030259142247243753,13.0,0.16015625,-0.12,-0.4258423439589035,ok,1.0,False
Dataset_A_CPS-NetFlow-IDS,Sybil,NonIID_Dirichlet,F1_Mean_Over_Rounds,Adaptive_FixedCircuitBreaker,FedAvg,10,0.8714050801766152,0.8373765799193491,0.03402850025726624,15.0,0.232421875,0.42,0.3081254190686947,ok,1.0,False
Dataset_A_CPS-NetFlow-IDS,Sybil,NonIID_Dirichlet,F1_Mean_Over_Rounds,Adaptive_FixedCircuitBreaker,Krum,10,0.8714050801766152,0.7210499166217057,0.15035516355490955,2.0,0.005859375,0.7,1.1726035510871213,ok,0.1640625,False
Dataset_A_CPS-NetFlow-IDS,Sybil,NonIID_Dirichlet,F1_Mean_Over_Rounds,Adaptive_NoAdaptiveWeighting,Adaptive_NoCircuitBreaker,10,0.8818213681580769,0.9008758415581639,-0.01905447340008697,4.0,0.013671875,-0.2,-0.6157446382285806,ok,0.2734375,False
Dataset_A_CPS-NetFlow-IDS,Sybil,NonIID_Dirichlet,F1_Mean_Over_Rounds,Adaptive_NoAdaptiveWeighting,Adaptive_NoTemporalMemory,10,0.8818213681580769,0.8995801095409426,-0.01775874138286565,4.0,0.013671875,-0.16,-0.6093379104951405,ok,0.2734375,False
Dataset_A_CPS-NetFlow-IDS,Sybil,NonIID_Dirichlet,F1_Mean_Over_Rounds,Adaptive_NoAdaptiveWeighting,Adaptive_Ultimate,10,0.8818213681580769,0.8978242557460188,-0.016002887587941706,5.0,0.01953125,-0.14,-0.6062381985583176,ok,0.3515625,False
Dataset_A_CPS-NetFlow-IDS,Sybil,NonIID_Dirichlet,F1_Mean_Over_Rounds,Adaptive_NoAdaptiveWeighting,FLAME,10,0.8818213681580769,0.8198150557605928,0.06200631239748424,3.0,0.009765625,0.64,0.8975819393784985,ok,0.244140625,False
Dataset_A_CPS-NetFlow-IDS,Sybil,NonIID_Dirichlet,F1_Mean_Over_Rounds,Adaptive_NoAdaptiveWeighting,FLTrust,10,0.8818213681580769,0.9016642224238589,-0.019842854265782018,2.0,0.005859375,-0.22,-0.6250336297263326,ok,0.1640625,False
Dataset_A_CPS-NetFlow-IDS,Sybil,NonIID_Dirichlet,F1_Mean_Over_Rounds,Adaptive_NoAdaptiveWeighting,FedAvg,10,0.8818213681580769,0.8373765799193491,0.044444788238727974,12.0,0.130859375,0.46,0.5256937303917512,ok,1.0,False
Dataset_A_CPS-NetFlow-IDS,Sybil,NonIID_Dirichlet,F1_Mean_Over_Rounds,Adaptive_NoAdaptiveWeighting,Krum,10,0.8818213681580769,0.7210499166217057,0.16077145153637126,2.0,0.005859375,0.8,1.1477978340133657,ok,0.1640625,False
Dataset_A_CPS-NetFlow-IDS,Sybil,NonIID_Dirichlet,F1_Mean_Over_Rounds,Adaptive_NoCircuitBreaker,Adaptive_NoTemporalMemory,10,0.9008758415581639,0.8995801095409426,0.0012957320172213183,21.0,0.556640625,0.1,0.407495544932625,ok,1.0,False
Dataset_A_CPS-NetFlow-IDS,Sybil,NonIID_Dirichlet,F1_Mean_Over_Rounds,Adaptive_NoCircuitBreaker,Adaptive_Ultimate,10,0.9008758415581639,0.8978242557460188,0.0030515858121452633,5.0,0.15625,0.13,0.604307071273395,ok,1.0,False
Dataset_A_CPS-NetFlow-IDS,Sybil,NonIID_Dirichlet,F1_Mean_Over_Rounds,Adaptive_NoCircuitBreaker,FLAME,10,0.9008758415581639,0.8198150557605928,0.08106078579757121,0.0,0.001953125,0.86,1.4246476666557317,ok,0.0703125,False
Dataset_A_CPS-NetFlow-IDS,Sybil,NonIID_Dirichlet,F1_Mean_Over_Rounds,Adaptive_NoCircuitBreaker,FLTrust,10,0.9008758415581639,0.9016642224238589,-0.0007883808656950486,22.0,0.625,0.0,-0.31360282559180386,ok,1.0,False
Dataset_A_CPS-NetFlow-IDS,Sybil,NonIID_Dirichlet,F1_Mean_Over_Rounds,Adaptive_NoCircuitBreaker,FedAvg,10,0.9008758415581639,0.8373765799193491,0.06349926163881495,3.0,0.009765625,0.6,0.8636346612266116,ok,0.244140625,False
Dataset_A_CPS-NetFlow-IDS,Sybil,NonIID_Dirichlet,F1_Mean_Over_Rounds,Adaptive_NoCircuitBreaker,Krum,10,0.9008758415581639,0.7210499166217057,0.17982592493645824,0.0,0.001953125,0.94,1.2554309165046131,ok,0.0703125,False
Dataset_A_CPS-NetFlow-IDS,Sybil,NonIID_Dirichlet,F1_Mean_Over_Rounds,Adaptive_NoTemporalMemory,Adaptive_Ultimate,10,0.8995801095409426,0.8978242557460188,0.001755853794923945,11.0,0.10546875,0.06,0.5610507401340221,ok,1.0,False
Dataset_A_CPS-NetFlow-IDS,Sybil,NonIID_Dirichlet,F1_Mean_Over_Rounds,Adaptive_NoTemporalMemory,FLAME,10,0.8995801095409426,0.8198150557605928,0.0797650537803499,0.0,0.001953125,0.8,1.3968702973503473,ok,0.0703125,False
Dataset_A_CPS-NetFlow-IDS,Sybil,NonIID_Dirichlet,F1_Mean_Over_Rounds,Adaptive_NoTemporalMemory,FLTrust,10,0.8995801095409426,0.9016642224238589,-0.0020841128829163667,12.0,0.25,-0.13,-0.586085550857742,ok,1.0,False
Dataset_A_CPS-NetFlow-IDS,Sybil,NonIID_Dirichlet,F1_Mean_Over_Rounds,Adaptive_NoTemporalMemory,FedAvg,10,0.8995801095409426,0.8373765799193491,0.062203529621593624,3.0,0.009765625,0.6,0.8606265552293989,ok,0.244140625,False
Dataset_A_CPS-NetFlow-IDS,Sybil,NonIID_Dirichlet,F1_Mean_Over_Rounds,Adaptive_NoTemporalMemory,Krum,10,0.8995801095409426,0.7210499166217057,0.17853019291923694,0.0,0.001953125,0.88,1.2585970134147544,ok,0.0703125,False
Dataset_A_CPS-NetFlow-IDS,Sybil,NonIID_Dirichlet,F1_Mean_Over_Rounds,Adaptive_Ultimate,FLAME,10,0.8978242557460188,0.8198150557605928,0.07800919998542595,0.0,0.001953125,0.78,1.335333377403348,ok,0.0703125,False
Dataset_A_CPS-NetFlow-IDS,Sybil,NonIID_Dirichlet,F1_Mean_Over_Rounds,Adaptive_Ultimate,FLTrust,10,0.8978242557460188,0.9016642224238589,-0.003839966677840312,5.0,0.01953125,-0.16,-0.6138418877129261,ok,0.3515625,False
Dataset_A_CPS-NetFlow-IDS,Sybil,NonIID_Dirichlet,F1_Mean_Over_Rounds,Adaptive_Ultimate,FedAvg,10,0.8978242557460188,0.8373765799193491,0.060447675826669676,3.0,0.009765625,0.6,0.8265748601761991,ok,0.244140625,False
Dataset_A_CPS-NetFlow-IDS,Sybil,NonIID_Dirichlet,F1_Mean_Over_Rounds,Adaptive_Ultimate,Krum,10,0.8978242557460188,0.7210499166217057,0.17677433912431298,0.0,0.001953125,0.88,1.2430954298496968,ok,0.0703125,False
Dataset_A_CPS-NetFlow-IDS,Sybil,NonIID_Dirichlet,F1_Mean_Over_Rounds,FLAME,FLTrust,10,0.8198150557605928,0.9016642224238589,-0.08184916666326626,0.0,0.001953125,-0.86,-1.4675907175292373,ok,0.0703125,False
Dataset_A_CPS-NetFlow-IDS,Sybil,NonIID_Dirichlet,F1_Mean_Over_Rounds,FLAME,FedAvg,10,0.8198150557605928,0.8373765799193491,-0.01756152415875627,16.0,0.275390625,-0.32,-0.22960027953857406,ok,1.0,False
Dataset_A_CPS-NetFlow-IDS,Sybil,NonIID_Dirichlet,F1_Mean_Over_Rounds,FLAME,Krum,10,0.8198150557605928,0.7210499166217057,0.09876513913888703,7.0,0.037109375,0.56,0.7737276936338434,ok,0.556640625,False
Dataset_A_CPS-NetFlow-IDS,Sybil,NonIID_Dirichlet,F1_Mean_Over_Rounds,FLTrust,FedAvg,10,0.9016642224238589,0.8373765799193491,0.06428764250451,3.0,0.009765625,0.62,0.8756461234241711,ok,0.244140625,False
Dataset_A_CPS-NetFlow-IDS,Sybil,NonIID_Dirichlet,F1_Mean_Over_Rounds,FLTrust,Krum,10,0.9016642224238589,0.7210499166217057,0.1806143058021533,0.0,0.001953125,0.92,1.2724152128318127,ok,0.0703125,False
Dataset_A_CPS-NetFlow-IDS,Sybil,NonIID_Dirichlet,F1_Mean_Over_Rounds,FedAvg,Krum,10,0.8373765799193491,0.7210499166217057,0.11632666329764332,6.0,0.02734375,0.6,0.7542684865080823,ok,0.4375,False
Dataset_A_CPS-NetFlow-IDS,Sybil,NonIID_Dirichlet,ASR_Mean_Over_Rounds,Adaptive_FixedCircuitBreaker,Adaptive_NoAdaptiveWeighting,10,0.051620320855614965,0.05534224598930482,-0.003721925133689839,6.0,0.02734375,-0.04,-0.5628780766897575,ok,0.6015625,False
Dataset_A_CPS-NetFlow-IDS,Sybil,NonIID_Dirichlet,ASR_Mean_Over_Rounds,Adaptive_FixedCircuitBreaker,Adaptive_NoCircuitBreaker,10,0.051620320855614965,0.05108021390374331,0.0005401069518716592,5.0,0.3125,0.02,0.2875832141703719,ok,1.0,False
Dataset_A_CPS-NetFlow-IDS,Sybil,NonIID_Dirichlet,ASR_Mean_Over_Rounds,Adaptive_FixedCircuitBreaker,Adaptive_NoTemporalMemory,10,0.051620320855614965,0.05158823529411764,3.208556149732391e-05,17.0,0.322265625,0.04,0.014575782786665895,ok,1.0,False
Dataset_A_CPS-NetFlow-IDS,Sybil,NonIID_Dirichlet,ASR_Mean_Over_Rounds,Adaptive_FixedCircuitBreaker,Adaptive_Ultimate,10,0.051620320855614965,0.05246524064171123,-0.0008449197860962577,0.0,1.0,-0.01,-0.3162277660168379,ok,1.0,False
Dataset_A_CPS-NetFlow-IDS,Sybil,NonIID_Dirichlet,ASR_Mean_Over_Rounds,Adaptive_FixedCircuitBreaker,FLAME,10,0.051620320855614965,0.25992513368983955,-0.20830481283422458,0.0,0.001953125,-0.98,-1.2699670593469148,ok,0.0703125,False
Dataset_A_CPS-NetFlow-IDS,Sybil,NonIID_Dirichlet,ASR_Mean_Over_Rounds,Adaptive_FixedCircuitBreaker,FLTrust,10,0.051620320855614965,0.05074866310160429,0.000871657754010694,7.0,0.037109375,0.06,0.7913802537705779,ok,0.7421875,False
Dataset_A_CPS-NetFlow-IDS,Sybil,NonIID_Dirichlet,ASR_Mean_Over_Rounds,Adaptive_FixedCircuitBreaker,FedAvg,10,0.051620320855614965,0.2434385026737968,-0.19181818181818183,13.0,0.16015625,-0.26,-0.7551761363308673,ok,1.0,False
Dataset_A_CPS-NetFlow-IDS,Sybil,NonIID_Dirichlet,ASR_Mean_Over_Rounds,Adaptive_FixedCircuitBreaker,Krum,10,0.051620320855614965,0.3684866310160428,-0.31686631016042777,0.0,0.001953125,-0.94,-1.6168663879186775,ok,0.0703125,False
Dataset_A_CPS-NetFlow-IDS,Sybil,NonIID_Dirichlet,ASR_Mean_Over_Rounds,Adaptive_NoAdaptiveWeighting,Adaptive_NoCircuitBreaker,10,0.05534224598930482,0.05108021390374331,0.004262032085561499,6.0,0.02734375,0.04,0.6606381582224174,ok,0.6015625,False
Dataset_A_CPS-NetFlow-IDS,Sybil,NonIID_Dirichlet,ASR_Mean_Over_Rounds,Adaptive_NoAdaptiveWeighting,Adaptive_NoTemporalMemory,10,0.05534224598930482,0.05158823529411764,0.0037540106951871625,5.0,0.0390625,0.05,0.5394123216901454,ok,0.7421875,False
Dataset_A_CPS-NetFlow-IDS,Sybil,NonIID_Dirichlet,ASR_Mean_Over_Rounds,Adaptive_NoAdaptiveWeighting,Adaptive_Ultimate,10,0.05534224598930482,0.05246524064171123,0.0028770053475935817,14.0,0.193359375,0.02,0.42234294041052217,ok,1.0,False
Dataset_A_CPS-NetFlow-IDS,Sybil,NonIID_Dirichlet,ASR_Mean_Over_Rounds,Adaptive_NoAdaptiveWeighting,FLAME,10,0.05534224598930482,0.25992513368983955,-0.20458288770053476,0.0,0.001953125,-0.96,-1.2345276844296698,ok,0.0703125,False
Dataset_A_CPS-NetFlow-IDS,Sybil,NonIID_Dirichlet,ASR_Mean_Over_Rounds,Adaptive_NoAdaptiveWeighting,FLTrust,10,0.05534224598930482,0.05074866310160429,0.004593582887700533,3.0,0.01953125,0.05,0.6812386910675239,ok,0.44921875,False
Dataset_A_CPS-NetFlow-IDS,Sybil,NonIID_Dirichlet,ASR_Mean_Over_Rounds,Adaptive_NoAdaptiveWeighting,FedAvg,10,0.05534224598930482,0.2434385026737968,-0.188096256684492,13.0,0.16015625,-0.24,-0.7357456811051607,ok,1.0,False
Dataset_A_CPS-NetFlow-IDS,Sybil,NonIID_Dirichlet,ASR_Mean_Over_Rounds,Adaptive_NoAdaptiveWeighting,Krum,10,0.05534224598930482,0.3684866310160428,-0.31314438502673797,0.0,0.001953125,-0.94,-1.625942014171781,ok,0.0703125,False
Dataset_A_CPS-NetFlow-IDS,Sybil,NonIID_Dirichlet,ASR_Mean_Over_Rounds,Adaptive_NoCircuitBreaker,Adaptive_NoTemporalMemory,10,0.05108021390374331,0.05158823529411764,-0.0005080213903743353,16.0,0.275390625,-0.02,-0.40103074798033095,ok,1.0,False
Dataset_A_CPS-NetFlow-IDS,Sybil,NonIID_Dirichlet,ASR_Mean_Over_Rounds,Adaptive_NoCircuitBreaker,Adaptive_Ultimate,10,0.05108021390374331,0.05246524064171123,-0.001385026737967917,1.0,0.0625,-0.04,-0.6655652155188935,ok,1.0,False
Dataset_A_CPS-NetFlow-IDS,Sybil,NonIID_Dirichlet,ASR_Mean_Over_Rounds,Adaptive_NoCircuitBreaker,FLAME,10,0.05108021390374331,0.25992513368983955,-0.20884491978609626,0.0,0.001953125,-0.98,-1.2631688733773856,ok,0.0703125,False
Dataset_A_CPS-NetFlow-IDS,Sybil,NonIID_Dirichlet,ASR_Mean_Over_Rounds,Adaptive_NoCircuitBreaker,FLTrust,10,0.05108021390374331,0.05074866310160429,0.0003315508021390348,19.5,0.4453125,0.02,0.2989287620719738,ok,1.0,False
Dataset_A_CPS-NetFlow-IDS,Sybil,NonIID_Dirichlet,ASR_Mean_Over_Rounds,Adaptive_NoCircuitBreaker,FedAvg,10,0.05108021390374331,0.2434385026737968,-0.19235828877005348,13.0,0.16015625,-0.28,-0.7580582649130074,ok,1.0,False
Dataset_A_CPS-NetFlow-IDS,Sybil,NonIID_Dirichlet,ASR_Mean_Over_Rounds,Adaptive_NoCircuitBreaker,Krum,10,0.05108021390374331,0.3684866310160428,-0.3174064171122995,0.0,0.001953125,-0.96,-1.617585103803806,ok,0.0703125,False
Dataset_A_CPS-NetFlow-IDS,Sybil,NonIID_Dirichlet,ASR_Mean_Over_Rounds,Adaptive_NoTemporalMemory,Adaptive_Ultimate,10,0.05158823529411764,0.05246524064171123,-0.0008770053475935817,7.0,0.037109375,-0.06,-0.7461057023432268,ok,0.7421875,False
Dataset_A_CPS-NetFlow-IDS,Sybil,NonIID_Dirichlet,ASR_Mean_Over_Rounds,Adaptive_NoTemporalMemory,FLAME,10,0.05158823529411764,0.25992513368983955,-0.2083368983957219,0.0,0.001953125,-0.98,-1.2662576027937615,ok,0.0703125,False
Dataset_A_CPS-NetFlow-IDS,Sybil,NonIID_Dirichlet,ASR_Mean_Over_Rounds,Adaptive_NoTemporalMemory,FLTrust,10,0.05158823529411764,0.05074866310160429,0.0008395721925133701,6.0,0.1015625,0.02,0.5282440468755514,ok,1.0,False
Dataset_A_CPS-NetFlow-IDS,Sybil,NonIID_Dirichlet,ASR_Mean_Over_Rounds,Adaptive_NoTemporalMemory,FedAvg,10,0.05158823529411764,0.2434385026737968,-0.19185026737967917,13.0,0.16015625,-0.26,-0.7589732040653739,ok,1.0,False
Dataset_A_CPS-NetFlow-IDS,Sybil,NonIID_Dirichlet,ASR_Mean_Over_Rounds,Adaptive_NoTemporalMemory,Krum,10,0.05158823529411764,0.3684866310160428,-0.31689839572192513,0.0,0.001953125,-0.96,-1.614598633082765,ok,0.0703125,False
Dataset_A_CPS-NetFlow-IDS,Sybil,NonIID_Dirichlet,ASR_Mean_Over_Rounds,Adaptive_Ultimate,FLAME,10,0.05246524064171123,0.25992513368983955,-0.20745989304812834,0.0,0.001953125,-0.98,-1.2666646183334354,ok,0.0703125,False
Dataset_A_CPS-NetFlow-IDS,Sybil,NonIID_Dirichlet,ASR_Mean_Over_Rounds,Adaptive_Ultimate,FLTrust,10,0.05246524064171123,0.05074866310160429,0.001716577540106952,3.0,0.009765625,0.08,0.7312492390475492,ok,0.234375,False
Dataset_A_CPS-NetFlow-IDS,Sybil,NonIID_Dirichlet,ASR_Mean_Over_Rounds,Adaptive_Ultimate,FedAvg,10,0.05246524064171123,0.2434385026737968,-0.19097326203208556,13.0,0.16015625,-0.24,-0.7572593809288775,ok,1.0,False
Dataset_A_CPS-NetFlow-IDS,Sybil,NonIID_Dirichlet,ASR_Mean_Over_Rounds,Adaptive_Ultimate,Krum,10,0.05246524064171123,0.3684866310160428,-0.3160213903743316,0.0,0.001953125,-0.94,-1.617092314464988,ok,0.0703125,False
Dataset_A_CPS-NetFlow-IDS,Sybil,NonIID_Dirichlet,ASR_Mean_Over_Rounds,FLAME,FLTrust,10,0.25992513368983955,0.05074866310160429,0.2091764705882353,0.0,0.001953125,0.98,1.2701430005970935,ok,0.0703125,False
Dataset_A_CPS-NetFlow-IDS,Sybil,NonIID_Dirichlet,ASR_Mean_Over_Rounds,FLAME,FedAvg,10,0.25992513368983955,0.2434385026737968,0.01648663101604277,26.0,0.921875,0.18,0.06979974383327193,ok,1.0,False
Dataset_A_CPS-NetFlow-IDS,Sybil,NonIID_Dirichlet,ASR_Mean_Over_Rounds,FLAME,Krum,10,0.25992513368983955,0.3684866310160428,-0.10856149732620321,14.0,0.193359375,-0.34,-0.5453421678591673,ok,1.0,False
Dataset_A_CPS-NetFlow-IDS,Sybil,NonIID_Dirichlet,ASR_Mean_Over_Rounds,FLTrust,FedAvg,10,0.05074866310160429,0.2434385026737968,-0.1926898395721925,12.0,0.130859375,-0.28,-0.7591191996897022,ok,1.0,False
Dataset_A_CPS-NetFlow-IDS,Sybil,NonIID_Dirichlet,ASR_Mean_Over_Rounds,FLTrust,Krum,10,0.05074866310160429,0.3684866310160428,-0.31773796791443853,0.0,0.001953125,-0.96,-1.618624171459518,ok,0.0703125,False
Dataset_A_CPS-NetFlow-IDS,Sybil,NonIID_Dirichlet,ASR_Mean_Over_Rounds,FedAvg,Krum,10,0.2434385026737968,0.3684866310160428,-0.125048128342246,14.0,0.193359375,-0.3,-0.36530201605551615,ok,1.0,False
Dataset_A_CPS-NetFlow-IDS,Sybil,NonIID_Dirichlet,F1_Final_Round,Adaptive_FixedCircuitBreaker,Adaptive_NoAdaptiveWeighting,10,0.9023173471651404,0.9295504430517969,-0.02723309588665639,0.0,0.5,-0.04,-0.38923868596196126,ok,1.0,False
Dataset_A_CPS-NetFlow-IDS,Sybil,NonIID_Dirichlet,F1_Final_Round,Adaptive_FixedCircuitBreaker,Adaptive_NoCircuitBreaker,10,0.9023173471651404,0.9410288739085532,-0.03871152674341294,1.0,0.25,-0.1,-0.444700503109783,ok,1.0,False
Dataset_A_CPS-NetFlow-IDS,Sybil,NonIID_Dirichlet,F1_Final_Round,Adaptive_FixedCircuitBreaker,Adaptive_NoTemporalMemory,10,0.9023173471651404,0.9395105903130997,-0.03719324314795941,1.0,0.5,-0.09,-0.42746807785372587,ok,1.0,False
Dataset_A_CPS-NetFlow-IDS,Sybil,NonIID_Dirichlet,F1_Final_Round,Adaptive_FixedCircuitBreaker,Adaptive_Ultimate,10,0.9023173471651404,0.9395105903130997,-0.03719324314795941,1.0,0.5,-0.09,-0.42746807785372587,ok,1.0,False
Dataset_A_CPS-NetFlow-IDS,Sybil,NonIID_Dirichlet,F1_Final_Round,Adaptive_FixedCircuitBreaker,FLAME,10,0.9023173471651404,0.836834328471509,0.06548301869363124,12.0,0.130859375,0.66,0.5116814244593784,ok,1.0,False
Dataset_A_CPS-NetFlow-IDS,Sybil,NonIID_Dirichlet,F1_Final_Round,Adaptive_FixedCircuitBreaker,FLTrust,10,0.9023173471651404,0.940011074803988,-0.03769372763884774,1.0,0.5,-0.09,-0.43465947210502665,ok,1.0,False
Dataset_A_CPS-NetFlow-IDS,Sybil,NonIID_Dirichlet,F1_Final_Round,Adaptive_FixedCircuitBreaker,FedAvg,10,0.9023173471651404,0.8948319720010183,0.007485375164121943,17.0,0.9453125,0.06,0.05822068962167738,ok,1.0,False
Dataset_A_CPS-NetFlow-IDS,Sybil,NonIID_Dirichlet,F1_Final_Round,Adaptive_FixedCircuitBreaker,Krum,10,0.9023173471651404,0.6638283209998136,0.2384890261653266,0.0,0.001953125,0.84,1.557679546897993,ok,0.0703125,False
Dataset_A_CPS-NetFlow-IDS,Sybil,NonIID_Dirichlet,F1_Final_Round,Adaptive_NoAdaptiveWeighting,Adaptive_NoCircuitBreaker,10,0.9295504430517969,0.9410288739085532,-0.011478430856756549,1.0,0.25,-0.1,-0.43886985195922634,ok,1.0,False
Dataset_A_CPS-NetFlow-IDS,Sybil,NonIID_Dirichlet,F1_Final_Round,Adaptive_NoAdaptiveWeighting,Adaptive_NoTemporalMemory,10,0.9295504430517969,0.9395105903130997,-0.00996014726130302,1.0,0.5,-0.09,-0.3931351662204922,ok,1.0,False
Dataset_A_CPS-NetFlow-IDS,Sybil,NonIID_Dirichlet,F1_Final_Round,Adaptive_NoAdaptiveWeighting,Adaptive_Ultimate,10,0.9295504430517969,0.9395105903130997,-0.00996014726130302,1.0,0.5,-0.09,-0.3931351662204922,ok,1.0,False
Dataset_A_CPS-NetFlow-IDS,Sybil,NonIID_Dirichlet,F1_Final_Round,Adaptive_NoAdaptiveWeighting,FLAME,10,0.9295504430517969,0.836834328471509,0.09271611458028763,1.0,0.00390625,0.84,1.0470071962431915,ok,0.1015625,False
Dataset_A_CPS-NetFlow-IDS,Sybil,NonIID_Dirichlet,F1_Final_Round,Adaptive_NoAdaptiveWeighting,FLTrust,10,0.9295504430517969,0.940011074803988,-0.010460631752191352,1.0,0.5,-0.09,-0.4193967504925822,ok,1.0,False
Dataset_A_CPS-NetFlow-IDS,Sybil,NonIID_Dirichlet,F1_Final_Round,Adaptive_NoAdaptiveWeighting,FedAvg,10,0.9295504430517969,0.8948319720010183,0.034718471050778334,14.0,0.640625,0.14,0.38124058433141433,ok,1.0,False
Dataset_A_CPS-NetFlow-IDS,Sybil,NonIID_Dirichlet,F1_Final_Round,Adaptive_NoAdaptiveWeighting,Krum,10,0.9295504430517969,0.6638283209998136,0.265722122051983,0.0,0.001953125,0.96,1.356222269766143,ok,0.0703125,False
Dataset_A_CPS-NetFlow-IDS,Sybil,NonIID_Dirichlet,F1_Final_Round,Adaptive_NoCircuitBreaker,Adaptive_NoTemporalMemory,10,0.9410288739085532,0.9395105903130997,0.001518283595453529,2.0,0.375,0.06,0.36624926110428174,ok,1.0,False
Dataset_A_CPS-NetFlow-IDS,Sybil,NonIID_Dirichlet,F1_Final_Round,Adaptive_NoCircuitBreaker,Adaptive_Ultimate,10,0.9410288739085532,0.9395105903130997,0.001518283595453529,2.0,0.375,0.06,0.36624926110428174,ok,1.0,False
Dataset_A_CPS-NetFlow-IDS,Sybil,NonIID_Dirichlet,F1_Final_Round,Adaptive_NoCircuitBreaker,FLAME,10,0.9410288739085532,0.836834328471509,0.10419454543704418,0.0,0.001953125,1.0,1.2993284386716215,ok,0.0703125,False
Dataset_A_CPS-NetFlow-IDS,Sybil,NonIID_Dirichlet,F1_Final_Round,Adaptive_NoCircuitBreaker,FLTrust,10,0.9410288739085532,0.940011074803988,0.0010177991045651979,2.0,0.375,0.05,0.31886981832043787,ok,1.0,False
Dataset_A_CPS-NetFlow-IDS,Sybil,NonIID_Dirichlet,F1_Final_Round,Adaptive_NoCircuitBreaker,FedAvg,10,0.9410288739085532,0.8948319720010183,0.04619690190753488,8.0,0.1953125,0.24,0.5150354839012946,ok,1.0,False
Dataset_A_CPS-NetFlow-IDS,Sybil,NonIID_Dirichlet,F1_Final_Round,Adaptive_NoCircuitBreaker,Krum,10,0.9410288739085532,0.6638283209998136,0.2772005529087395,0.0,0.001953125,1.0,1.3964752063634813,ok,0.0703125,False
Dataset_A_CPS-NetFlow-IDS,Sybil,NonIID_Dirichlet,F1_Final_Round,Adaptive_NoTemporalMemory,Adaptive_Ultimate,10,0.9395105903130997,0.9395105903130997,0.0,0.0,1.0,0.0,0.0,identical_values,1.0,False
Dataset_A_CPS-NetFlow-IDS,Sybil,NonIID_Dirichlet,F1_Final_Round,Adaptive_NoTemporalMemory,FLAME,10,0.9395105903130997,0.836834328471509,0.10267626184159065,0.0,0.001953125,1.0,1.2710457816201044,ok,0.0703125,False
Dataset_A_CPS-NetFlow-IDS,Sybil,NonIID_Dirichlet,F1_Final_Round,Adaptive_NoTemporalMemory,FLTrust,10,0.9395105903130997,0.940011074803988,-0.000500484490888331,0.0,1.0,-0.02,-0.3162277660168379,ok,1.0,False
Dataset_A_CPS-NetFlow-IDS,Sybil,NonIID_Dirichlet,F1_Final_Round,Adaptive_NoTemporalMemory,FedAvg,10,0.9395105903130997,0.8948319720010183,0.04467861831208135,7.0,0.1484375,0.24,0.519212258626631,ok,1.0,False
Dataset_A_CPS-NetFlow-IDS,Sybil,NonIID_Dirichlet,F1_Final_Round,Adaptive_NoTemporalMemory,Krum,10,0.9395105903130997,0.6638283209998136,0.275682269313286,0.0,0.001953125,1.0,1.3825170968637497,ok,0.0703125,False
Dataset_A_CPS-NetFlow-IDS,Sybil,NonIID_Dirichlet,F1_Final_Round,Adaptive_Ultimate,FLAME,10,0.9395105903130997,0.836834328471509,0.10267626184159065,0.0,0.001953125,1.0,1.2710457816201044,ok,0.0703125,False
Dataset_A_CPS-NetFlow-IDS,Sybil,NonIID_Dirichlet,F1_Final_Round,Adaptive_Ultimate,FLTrust,10,0.9395105903130997,0.940011074803988,-0.000500484490888331,0.0,1.0,-0.02,-0.3162277660168379,ok,1.0,False
Dataset_A_CPS-NetFlow-IDS,Sybil,NonIID_Dirichlet,F1_Final_Round,Adaptive_Ultimate,FedAvg,10,0.9395105903130997,0.8948319720010183,0.04467861831208135,7.0,0.1484375,0.24,0.519212258626631,ok,1.0,False
Dataset_A_CPS-NetFlow-IDS,Sybil,NonIID_Dirichlet,F1_Final_Round,Adaptive_Ultimate,Krum,10,0.9395105903130997,0.6638283209998136,0.275682269313286,0.0,0.001953125,1.0,1.3825170968637497,ok,0.0703125,False
Dataset_A_CPS-NetFlow-IDS,Sybil,NonIID_Dirichlet,F1_Final_Round,FLAME,FLTrust,10,0.836834328471509,0.940011074803988,-0.10317674633247897,0.0,0.001953125,-1.0,-1.2801141293038178,ok,0.0703125,False
Dataset_A_CPS-NetFlow-IDS,Sybil,NonIID_Dirichlet,F1_Final_Round,FLAME,FedAvg,10,0.836834328471509,0.8948319720010183,-0.05799764352950929,12.0,0.130859375,-0.54,-0.4348972750468572,ok,1.0,False
Dataset_A_CPS-NetFlow-IDS,Sybil,NonIID_Dirichlet,F1_Final_Round,FLAME,Krum,10,0.836834328471509,0.6638283209998136,0.17300600747169537,1.0,0.0078125,0.65,0.8672486127751491,ok,0.1953125,False
Dataset_A_CPS-NetFlow-IDS,Sybil,NonIID_Dirichlet,F1_Final_Round,FLTrust,FedAvg,10,0.940011074803988,0.8948319720010183,0.04517910280296968,7.0,0.1484375,0.24,0.5163355371450155,ok,1.0,False
Dataset_A_CPS-NetFlow-IDS,Sybil,NonIID_Dirichlet,F1_Final_Round,FLTrust,Krum,10,0.940011074803988,0.6638283209998136,0.27618275380417434,0.0,0.001953125,1.0,1.386794474768951,ok,0.0703125,False
Dataset_A_CPS-NetFlow-IDS,Sybil,NonIID_Dirichlet,F1_Final_Round,FedAvg,Krum,10,0.8948319720010183,0.6638283209998136,0.23100365100120462,3.0,0.009765625,0.8,0.9633805342344074,ok,0.234375,False
Dataset_A_CPS-NetFlow-IDS,Sybil,NonIID_Dirichlet,ASR_Final_Round,Adaptive_FixedCircuitBreaker,Adaptive_NoAdaptiveWeighting,10,0.039037433155080216,0.039037433155080216,0.0,0.0,1.0,0.0,0.0,identical_values,1.0,False
Dataset_A_CPS-NetFlow-IDS,Sybil,NonIID_Dirichlet,ASR_Final_Round,Adaptive_FixedCircuitBreaker,Adaptive_NoCircuitBreaker,10,0.039037433155080216,0.03582887700534759,0.003208556149732619,0.0,0.25,0.11,0.6210590034081187,ok,1.0,False
Dataset_A_CPS-NetFlow-IDS,Sybil,NonIID_Dirichlet,ASR_Final_Round,Adaptive_FixedCircuitBreaker,Adaptive_NoTemporalMemory,10,0.039037433155080216,0.040106951871657755,-0.0010695187165775401,0.0,1.0,-0.04,-0.31622776601683794,ok,1.0,False
Dataset_A_CPS-NetFlow-IDS,Sybil,NonIID_Dirichlet,ASR_Final_Round,Adaptive_FixedCircuitBreaker,Adaptive_Ultimate,10,0.039037433155080216,0.040106951871657755,-0.0010695187165775401,0.0,1.0,-0.04,-0.31622776601683794,ok,1.0,False
Dataset_A_CPS-NetFlow-IDS,Sybil,NonIID_Dirichlet,ASR_Final_Round,Adaptive_FixedCircuitBreaker,FLAME,10,0.039037433155080216,0.7112299465240641,-0.6721925133689839,0.0,0.001953125,-1.0,-4.779126064005631,ok,0.0703125,False
Dataset_A_CPS-NetFlow-IDS,Sybil,NonIID_Dirichlet,ASR_Final_Round,Adaptive_FixedCircuitBreaker,FLTrust,10,0.039037433155080216,0.0374331550802139,0.0016042780748663095,2.0,0.5,0.05,0.3643993485805121,ok,1.0,False
Dataset_A_CPS-NetFlow-IDS,Sybil,NonIID_Dirichlet,ASR_Final_Round,Adaptive_FixedCircuitBreaker,FedAvg,10,0.039037433155080216,0.4818181818181818,-0.4427807486631016,6.0,0.0546875,-0.5,-1.0067031545521254,ok,1.0,False
Dataset_A_CPS-NetFlow-IDS,Sybil,NonIID_Dirichlet,ASR_Final_Round,Adaptive_FixedCircuitBreaker,Krum,10,0.039037433155080216,0.7534759358288771,-0.7144385026737967,0.0,0.001953125,-1.0,-4.105988442993074,ok,0.0703125,False
Dataset_A_CPS-NetFlow-IDS,Sybil,NonIID_Dirichlet,ASR_Final_Round,Adaptive_NoAdaptiveWeighting,Adaptive_NoCircuitBreaker,10,0.039037433155080216,0.03582887700534759,0.003208556149732619,0.0,0.25,0.11,0.6210590034081187,ok,1.0,False
Dataset_A_CPS-NetFlow-IDS,Sybil,NonIID_Dirichlet,ASR_Final_Round,Adaptive_NoAdaptiveWeighting,Adaptive_NoTemporalMemory,10,0.039037433155080216,0.040106951871657755,-0.0010695187165775401,0.0,1.0,-0.04,-0.31622776601683794,ok,1.0,False
Dataset_A_CPS-NetFlow-IDS,Sybil,NonIID_Dirichlet,ASR_Final_Round,Adaptive_NoAdaptiveWeighting,Adaptive_Ultimate,10,0.039037433155080216,0.040106951871657755,-0.0010695187165775401,0.0,1.0,-0.04,-0.31622776601683794,ok,1.0,False
Dataset_A_CPS-NetFlow-IDS,Sybil,NonIID_Dirichlet,ASR_Final_Round,Adaptive_NoAdaptiveWeighting,FLAME,10,0.039037433155080216,0.7112299465240641,-0.6721925133689839,0.0,0.001953125,-1.0,-4.779126064005631,ok,0.0703125,False
Dataset_A_CPS-NetFlow-IDS,Sybil,NonIID_Dirichlet,ASR_Final_Round,Adaptive_NoAdaptiveWeighting,FLTrust,10,0.039037433155080216,0.0374331550802139,0.0016042780748663095,2.0,0.5,0.05,0.3643993485805121,ok,1.0,False
Dataset_A_CPS-NetFlow-IDS,Sybil,NonIID_Dirichlet,ASR_Final_Round,Adaptive_NoAdaptiveWeighting,FedAvg,10,0.039037433155080216,0.4818181818181818,-0.4427807486631016,6.0,0.0546875,-0.5,-1.0067031545521254,ok,1.0,False
Dataset_A_CPS-NetFlow-IDS,Sybil,NonIID_Dirichlet,ASR_Final_Round,Adaptive_NoAdaptiveWeighting,Krum,10,0.039037433155080216,0.7534759358288771,-0.7144385026737967,0.0,0.001953125,-1.0,-4.105988442993074,ok,0.0703125,False
Dataset_A_CPS-NetFlow-IDS,Sybil,NonIID_Dirichlet,ASR_Final_Round,Adaptive_NoCircuitBreaker,Adaptive_NoTemporalMemory,10,0.03582887700534759,0.040106951871657755,-0.00427807486631016,0.0,0.125,-0.16,-0.7745966692414834,ok,1.0,False
Dataset_A_CPS-NetFlow-IDS,Sybil,NonIID_Dirichlet,ASR_Final_Round,Adaptive_NoCircuitBreaker,Adaptive_Ultimate,10,0.03582887700534759,0.040106951871657755,-0.00427807486631016,0.0,0.125,-0.16,-0.7745966692414834,ok,1.0,False
Dataset_A_CPS-NetFlow-IDS,Sybil,NonIID_Dirichlet,ASR_Final_Round,Adaptive_NoCircuitBreaker,FLAME,10,0.03582887700534759,0.7112299465240641,-0.6754010695187166,0.0,0.001953125,-1.0,-4.736953193683717,ok,0.0703125,False
Dataset_A_CPS-NetFlow-IDS,Sybil,NonIID_Dirichlet,ASR_Final_Round,Adaptive_NoCircuitBreaker,FLTrust,10,0.03582887700534759,0.0374331550802139,-0.00160427807486631,2.0,0.5,-0.06,-0.36439934858051215,ok,1.0,False
Dataset_A_CPS-NetFlow-IDS,Sybil,NonIID_Dirichlet,ASR_Final_Round,Adaptive_NoCircuitBreaker,FedAvg,10,0.03582887700534759,0.4818181818181818,-0.4459893048128342,3.0,0.0390625,-0.54,-1.0127778561698446,ok,0.9375,False
Dataset_A_CPS-NetFlow-IDS,Sybil,NonIID_Dirichlet,ASR_Final_Round,Adaptive_NoCircuitBreaker,Krum,10,0.03582887700534759,0.7534759358288771,-0.7176470588235293,0.0,0.001953125,-1.0,-4.089132875704471,ok,0.0703125,False
Dataset_A_CPS-NetFlow-IDS,Sybil,NonIID_Dirichlet,ASR_Final_Round,Adaptive_NoTemporalMemory,Adaptive_Ultimate,10,0.040106951871657755,0.040106951871657755,0.0,0.0,1.0,0.0,0.0,identical_values,1.0,False
Dataset_A_CPS-NetFlow-IDS,Sybil,NonIID_Dirichlet,ASR_Final_Round,Adaptive_NoTemporalMemory,FLAME,10,0.040106951871657755,0.7112299465240641,-0.6711229946524064,0.0,0.001953125,-1.0,-4.818811426713192,ok,0.0703125,False
Dataset_A_CPS-NetFlow-IDS,Sybil,NonIID_Dirichlet,ASR_Final_Round,Adaptive_NoTemporalMemory,FLTrust,10,0.040106951871657755,0.0374331550802139,0.0026737967914438497,0.0,0.125,0.11,0.7071067811865477,ok,1.0,False
Dataset_A_CPS-NetFlow-IDS,Sybil,NonIID_Dirichlet,ASR_Final_Round,Adaptive_NoTemporalMemory,FedAvg,10,0.040106951871657755,0.4818181818181818,-0.44171122994652406,6.0,0.0546875,-0.48,-1.007163969788155,ok,1.0,False
Dataset_A_CPS-NetFlow-IDS,Sybil,NonIID_Dirichlet,ASR_Final_Round,Adaptive_NoTemporalMemory,Krum,10,0.040106951871657755,0.7534759358288771,-0.7133689839572191,0.0,0.001953125,-1.0,-4.070471357055443,ok,0.0703125,False
Dataset_A_CPS-NetFlow-IDS,Sybil,NonIID_Dirichlet,ASR_Final_Round,Adaptive_Ultimate,FLAME,10,0.040106951871657755,0.7112299465240641,-0.6711229946524064,0.0,0.001953125,-1.0,-4.818811426713192,ok,0.0703125,False
Dataset_A_CPS-NetFlow-IDS,Sybil,NonIID_Dirichlet,ASR_Final_Round,Adaptive_Ultimate,FLTrust,10,0.040106951871657755,0.0374331550802139,0.0026737967914438497,0.0,0.125,0.11,0.7071067811865477,ok,1.0,False
Dataset_A_CPS-NetFlow-IDS,Sybil,NonIID_Dirichlet,ASR_Final_Round,Adaptive_Ultimate,FedAvg,10,0.040106951871657755,0.4818181818181818,-0.44171122994652406,6.0,0.0546875,-0.48,-1.007163969788155,ok,1.0,False
Dataset_A_CPS-NetFlow-IDS,Sybil,NonIID_Dirichlet,ASR_Final_Round,Adaptive_Ultimate,Krum,10,0.040106951871657755,0.7534759358288771,-0.7133689839572191,0.0,0.001953125,-1.0,-4.070471357055443,ok,0.0703125,False
Dataset_A_CPS-NetFlow-IDS,Sybil,NonIID_Dirichlet,ASR_Final_Round,FLAME,FLTrust,10,0.7112299465240641,0.0374331550802139,0.6737967914438503,0.0,0.001953125,1.0,4.84297082193776,ok,0.0703125,False
Dataset_A_CPS-NetFlow-IDS,Sybil,NonIID_Dirichlet,ASR_Final_Round,FLAME,FedAvg,10,0.7112299465240641,0.4818181818181818,0.22941176470588234,7.0,0.07421875,0.11,0.6550581157024395,ok,1.0,False
Dataset_A_CPS-NetFlow-IDS,Sybil,NonIID_Dirichlet,ASR_Final_Round,FLAME,Krum,10,0.7112299465240641,0.7534759358288771,-0.042245989304812846,22.0,0.625,-0.12,-0.17960267181082173,ok,1.0,False
Dataset_A_CPS-NetFlow-IDS,Sybil,NonIID_Dirichlet,ASR_Final_Round,FLTrust,FedAvg,10,0.0374331550802139,0.4818181818181818,-0.444385026737968,3.0,0.0390625,-0.53,-1.0147158056716308,ok,0.9375,False
Dataset_A_CPS-NetFlow-IDS,Sybil,NonIID_Dirichlet,ASR_Final_Round,FLTrust,Krum,10,0.0374331550802139,0.7534759358288771,-0.7160427807486631,0.0,0.001953125,-1.0,-4.103061613886775,ok,0.0703125,False
Dataset_A_CPS-NetFlow-IDS,Sybil,NonIID_Dirichlet,ASR_Final_Round,FedAvg,Krum,10,0.4818181818181818,0.7534759358288771,-0.27165775401069514,13.0,0.16015625,-0.23,-0.487996543046495,ok,1.0,False
