Dataset,Attack,Partition_Mode,Seed,Strategy,F1_Mean_Over_Rounds,ASR_Mean_Over_Rounds,Time_Mean_Over_Rounds,Circuit_Breaker_Rate,F1_Final_Round,ASR_Final_Round,Time_Final_Round
Dataset_C_MQTT_IoT_Flood,Cumulative,IID,43,Adaptive_FixedCircuitBreaker,0.9438635330697319,0.08839999999999999,0.10333951755999521,0.0,1.0,0.0,0.09221918999998024
Dataset_C_MQTT_IoT_Flood,Cumulative,IID,43,Adaptive_NoAdaptiveWeighting,0.9426506823625739,0.08839999999999999,0.08793128564000086,0.0,1.0,0.0,0.08887999800003854
Dataset_C_MQTT_IoT_Flood,Cumulative,IID,43,Adaptive_NoCircuitBreaker,0.9438635330697319,0.08839999999999999,0.10353905494999935,0.0,1.0,0.0,0.08790429999999105
Dataset_C_MQTT_IoT_Flood,Cumulative,IID,43,Adaptive_NoTemporalMemory,0.9441456683762859,0.08800000000000001,0.10297503391999158,0.0,1.0,0.0,0.08424401000002035
Dataset_C_MQTT_IoT_Flood,Cumulative,IID,43,Adaptive_Ultimate,0.9438635330697319,0.08839999999999999,0.08799377088000256,0.0,1.0,0.0,0.09076201300001685
Dataset_C_MQTT_IoT_Flood,Cumulative,IID,43,FLAME,0.949481752838356,0.0832,0.10521575621000182,0.0,1.0,0.0,0.08863212300002488
Dataset_C_MQTT_IoT_Flood,Cumulative,IID,43,FLTrust,0.9441456683762859,0.08800000000000001,0.12562647114999947,0.0,1.0,0.0,0.08654279799998221
Dataset_C_MQTT_IoT_Flood,Cumulative,IID,43,FedAvg,0.9426506823625739,0.08839999999999999,0.10895165344000134,0.0,1.0,0.0,0.12546469200003685
Dataset_C_MQTT_IoT_Flood,Cumulative,IID,43,Krum,0.9503619241138749,0.09040000000000001,0.09555124164999938,0.0,1.0,0.0,0.08520160100005114
Dataset_C_MQTT_IoT_Flood,Cumulative,IID,44,Adaptive_FixedCircuitBreaker,0.993753928184978,0.0036,0.09438203690998989,0.0,1.0,0.0,0.13403516599998966
Dataset_C_MQTT_IoT_Flood,Cumulative,IID,44,Adaptive_NoAdaptiveWeighting,0.993753928184978,0.0036,0.10309749749999923,0.0,1.0,0.0,0.08645212499993704
Dataset_C_MQTT_IoT_Flood,Cumulative,IID,44,Adaptive_NoCircuitBreaker,0.993753928184978,0.0036,0.09249186304999285,0.0,1.0,0.0,0.12228531499999917
Dataset_C_MQTT_IoT_Flood,Cumulative,IID,44,Adaptive_NoTemporalMemory,0.993753928184978,0.0036,0.0963705634800067,0.0,1.0,0.0,0.08571205199996257
Dataset_C_MQTT_IoT_Flood,Cumulative,IID,44,Adaptive_Ultimate,0.993753928184978,0.0036,0.10349627208999322,0.0,1.0,0.0,0.08525277899991579
Dataset_C_MQTT_IoT_Flood,Cumulative,IID,44,FLAME,0.993753928184978,0.0036,0.09704547714000228,0.0,1.0,0.0,0.11986597499992513
Dataset_C_MQTT_IoT_Flood,Cumulative,IID,44,FLTrust,0.993753928184978,0.0036,0.0951421533999951,0.0,1.0,0.0,0.08589147500003946
Dataset_C_MQTT_IoT_Flood,Cumulative,IID,44,FedAvg,0.993753928184978,0.0036,0.09473022809001008,0.0,1.0,0.0,0.09023218500010444
Dataset_C_MQTT_IoT_Flood,Cumulative,IID,44,Krum,0.9941748432176578,0.0044,0.10291262445000599,0.0,1.0,0.0,0.08360005999998066
Dataset_C_MQTT_IoT_Flood,Cumulative,IID,45,Adaptive_FixedCircuitBreaker,0.9346711922423536,0.14115384615384616,0.10350078249000035,0.0,0.9607843137254901,0.038461538461538464,0.08490439500008051
Dataset_C_MQTT_IoT_Flood,Cumulative,IID,45,Adaptive_NoAdaptiveWeighting,0.9346711922423536,0.14115384615384616,0.08753991826999936,0.0,0.9607843137254901,0.038461538461538464,0.08552371099995071
Dataset_C_MQTT_IoT_Flood,Cumulative,IID,45,Adaptive_NoCircuitBreaker,0.9346711922423536,0.14115384615384616,0.1028929603900076,0.0,0.9607843137254901,0.038461538461538464,0.09187913300002037
Dataset_C_MQTT_IoT_Flood,Cumulative,IID,45,Adaptive_NoTemporalMemory,0.9346711922423536,0.14115384615384616,0.10333121885000196,0.0,0.9607843137254901,0.038461538461538464,0.08609037500002614
Dataset_C_MQTT_IoT_Flood,Cumulative,IID,45,Adaptive_Ultimate,0.9346711922423536,0.14115384615384616,0.08810541142999113,0.0,0.9607843137254901,0.038461538461538464,0.08764139300001261
Dataset_C_MQTT_IoT_Flood,Cumulative,IID,45,FLAME,0.9341793524861509,0.14384615384615385,0.10547568724000712,0.0,0.9607843137254901,0.038461538461538464,0.08878039599994736
Dataset_C_MQTT_IoT_Flood,Cumulative,IID,45,FLTrust,0.9346711922423536,0.14115384615384616,0.10407800304999797,0.0,0.9607843137254901,0.038461538461538464,0.08488967099992806
Dataset_C_MQTT_IoT_Flood,Cumulative,IID,45,FedAvg,0.9349474329098986,0.14,0.10244537447000425,0.0,0.9607843137254901,0.038461538461538464,0.08660083999996004
Dataset_C_MQTT_IoT_Flood,Cumulative,IID,45,Krum,0.9339027081688823,0.14,0.08749247204999733,0.0,0.9607843137254901,0.038461538461538464,0.08632299599992166
Dataset_C_MQTT_IoT_Flood,Cumulative,IID,46,Adaptive_FixedCircuitBreaker,0.942973902313802,0.07115384615384616,0.09696608464999486,0.0,0.9607843137254901,0.038461538461538464,0.12124937700002647
Dataset_C_MQTT_IoT_Flood,Cumulative,IID,46,Adaptive_NoAdaptiveWeighting,0.942973902313802,0.07076923076923076,0.10244273766000334,0.0,0.9607843137254901,0.038461538461538464,0.08660139800008437
Dataset_C_MQTT_IoT_Flood,Cumulative,IID,46,Adaptive_NoCircuitBreaker,0.942973902313802,0.07115384615384616,0.09564279376000627,0.0,0.9607843137254901,0.038461538461538464,0.11947548499995264
Dataset_C_MQTT_IoT_Flood,Cumulative,IID,46,Adaptive_NoTemporalMemory,0.942973902313802,0.07115384615384616,0.09560933342000112,0.0,0.9607843137254901,0.038461538461538464,0.08511143600003379
Dataset_C_MQTT_IoT_Flood,Cumulative,IID,46,Adaptive_Ultimate,0.942973902313802,0.07115384615384616,0.10290952152000842,0.0,0.9607843137254901,0.038461538461538464,0.08348596899998029
Dataset_C_MQTT_IoT_Flood,Cumulative,IID,46,FLAME,0.9321936196550064,0.09461538461538462,0.09864733193999654,0.0,0.9607843137254901,0.038461538461538464,0.12455494799996814
Dataset_C_MQTT_IoT_Flood,Cumulative,IID,46,FLTrust,0.942973902313802,0.07115384615384616,0.09186476038000478,0.0,0.9607843137254901,0.038461538461538464,0.08398679300000822
Dataset_C_MQTT_IoT_Flood,Cumulative,IID,46,FedAvg,0.942973902313802,0.07076923076923076,0.09234051085999909,0.0,0.9607843137254901,0.038461538461538464,0.086979653999947
Dataset_C_MQTT_IoT_Flood,Cumulative,IID,46,Krum,0.9265667363144172,0.10961538461538461,0.10246559698999931,0.0,0.9607843137254901,0.038461538461538464,0.09544848099994852
Dataset_C_MQTT_IoT_Flood,Cumulative,IID,47,Adaptive_FixedCircuitBreaker,0.9530645305858136,0.017692307692307695,0.10325359398000387,0.0,1.0,0.0,0.09352394699999422
Dataset_C_MQTT_IoT_Flood,Cumulative,IID,47,Adaptive_NoAdaptiveWeighting,0.9530645305858136,0.017692307692307695,0.0867204713600006,0.0,1.0,0.0,0.09502617300006477
Dataset_C_MQTT_IoT_Flood,Cumulative,IID,47,Adaptive_NoCircuitBreaker,0.9530645305858136,0.017692307692307695,0.10196782179999672,0.0,1.0,0.0,0.08621825899990654
Dataset_C_MQTT_IoT_Flood,Cumulative,IID,47,Adaptive_NoTemporalMemory,0.9533407712533587,0.017692307692307695,0.10274462625000183,0.0,1.0,0.0,0.08433366700000988
Dataset_C_MQTT_IoT_Flood,Cumulative,IID,47,Adaptive_Ultimate,0.9530645305858136,0.017692307692307695,0.08839575802000013,0.0,1.0,0.0,0.08622620400001324
Dataset_C_MQTT_IoT_Flood,Cumulative,IID,47,FLAME,0.9568764242433521,0.016923076923076926,0.10509780317000378,0.0,1.0,0.0,0.08570926200002305
Dataset_C_MQTT_IoT_Flood,Cumulative,IID,47,FLTrust,0.9533407712533587,0.017692307692307695,0.10208863131000158,0.0,1.0,0.0,0.08550372900003822
Dataset_C_MQTT_IoT_Flood,Cumulative,IID,47,FedAvg,0.9501364963408592,0.01884615384615385,0.10187752349000107,0.0,1.0,0.0,0.10322996699994746
Dataset_C_MQTT_IoT_Flood,Cumulative,IID,47,Krum,0.9550542147043501,0.018461538461538463,0.08696365245000265,0.0,1.0,0.0,0.08479568300003848
Dataset_C_MQTT_IoT_Flood,Cumulative,IID,48,Adaptive_FixedCircuitBreaker,0.9630145464296603,0.0796,0.09191858587000297,0.0,1.0,0.0,0.12120658899993941
Dataset_C_MQTT_IoT_Flood,Cumulative,IID,48,Adaptive_NoAdaptiveWeighting,0.9627159078701523,0.0796,0.1030513737100057,0.0,1.0,0.0,0.0916399550000051
Dataset_C_MQTT_IoT_Flood,Cumulative,IID,48,Adaptive_NoCircuitBreaker,0.9630145464296603,0.0796,0.08987169264000386,0.0,1.0,0.0,0.12840110100000857
Dataset_C_MQTT_IoT_Flood,Cumulative,IID,48,Adaptive_NoTemporalMemory,0.9630145464296603,0.0796,0.09730838337000136,0.0,1.0,0.0,0.08647836000000098
Dataset_C_MQTT_IoT_Flood,Cumulative,IID,48,Adaptive_Ultimate,0.9630145464296603,0.0796,0.10279017219999559,0.0,1.0,0.0,0.08584353800006284
Dataset_C_MQTT_IoT_Flood,Cumulative,IID,48,FLAME,0.9651908294079051,0.0788,0.09480989788999182,0.0,1.0,0.0,0.13349803400001292
Dataset_C_MQTT_IoT_Flood,Cumulative,IID,48,FLTrust,0.9630145464296603,0.0796,0.0949445003900064,0.0,1.0,0.0,0.08485211499998968
Dataset_C_MQTT_IoT_Flood,Cumulative,IID,48,FedAvg,0.9642492083170786,0.0776,0.09281701523999913,0.0,1.0,0.0,0.08842680099996869
Dataset_C_MQTT_IoT_Flood,Cumulative,IID,48,Krum,0.9636901840080544,0.0784,0.10151217542999574,0.0,1.0,0.0,0.08518966900010128
Dataset_C_MQTT_IoT_Flood,Cumulative,IID,49,Adaptive_FixedCircuitBreaker,0.994567320261438,0.0028000000000000004,0.10216078916000015,0.0,1.0,0.0,0.08655798099994172
Dataset_C_MQTT_IoT_Flood,Cumulative,IID,49,Adaptive_NoAdaptiveWeighting,0.994567320261438,0.0028000000000000004,0.08998878537999644,0.0,1.0,0.0,0.0830257380000603
Dataset_C_MQTT_IoT_Flood,Cumulative,IID,49,Adaptive_NoCircuitBreaker,0.994567320261438,0.0028000000000000004,0.10106527089000793,0.0,1.0,0.0,0.08462179200000719
Dataset_C_MQTT_IoT_Flood,Cumulative,IID,49,Adaptive_NoTemporalMemory,0.994567320261438,0.0028000000000000004,0.09957983784999441,0.0,1.0,0.0,0.12213982200000828
Dataset_C_MQTT_IoT_Flood,Cumulative,IID,49,Adaptive_Ultimate,0.994567320261438,0.0028000000000000004,0.08676188980000461,0.0,1.0,0.0,0.08852864899995438
Dataset_C_MQTT_IoT_Flood,Cumulative,IID,49,FLAME,0.994567320261438,0.0028000000000000004,0.10377964571000348,0.0,1.0,0.0,0.09080834099995627
Dataset_C_MQTT_IoT_Flood,Cumulative,IID,49,FLTrust,0.994567320261438,0.0028000000000000004,0.10213020726000423,0.0,1.0,0.0,0.12847666800007573
Dataset_C_MQTT_IoT_Flood,Cumulative,IID,49,FedAvg,0.994567320261438,0.0028000000000000004,0.10384418887999118,0.0,1.0,0.0,0.08616254499997922
Dataset_C_MQTT_IoT_Flood,Cumulative,IID,49,Krum,0.994567320261438,0.0028000000000000004,0.08771235638000008,0.0,1.0,0.0,0.08652537200009647
Dataset_C_MQTT_IoT_Flood,Cumulative,IID,50,Adaptive_FixedCircuitBreaker,0.9567762036643497,0.0384,0.08584552115000406,0.0,1.0,0.0,0.09049355399997694
Dataset_C_MQTT_IoT_Flood,Cumulative,IID,50,Adaptive_NoAdaptiveWeighting,0.9567762036643497,0.0384,0.10130088930998454,0.0,1.0,0.0,0.08720507299995006
Dataset_C_MQTT_IoT_Flood,Cumulative,IID,50,Adaptive_NoCircuitBreaker,0.9567762036643497,0.0384,0.08551763153001048,0.0,1.0,0.0,0.08282911500009504
Dataset_C_MQTT_IoT_Flood,Cumulative,IID,50,Adaptive_NoTemporalMemory,0.9567762036643497,0.0384,0.10077672503001167,0.0,1.0,0.0,0.08441478500003541
Dataset_C_MQTT_IoT_Flood,Cumulative,IID,50,Adaptive_Ultimate,0.9567762036643497,0.0384,0.10145820923000429,0.0,1.0,0.0,0.0838201179999487
Dataset_C_MQTT_IoT_Flood,Cumulative,IID,50,FLAME,0.9567432875231411,0.0388,0.09180615948999275,0.0,1.0,0.0,0.12610774299992045
Dataset_C_MQTT_IoT_Flood,Cumulative,IID,50,FLTrust,0.9567762036643497,0.0384,0.09867578953001158,0.0,1.0,0.0,0.0836923960000604
Dataset_C_MQTT_IoT_Flood,Cumulative,IID,50,FedAvg,0.9555291501781911,0.039599999999999996,0.0967767027300124,0.0,1.0,0.0,0.0846994949999953
Dataset_C_MQTT_IoT_Flood,Cumulative,IID,50,Krum,0.9556503578033703,0.0392,0.1011558679700056,0.0,1.0,0.0,0.08425205000003189
Dataset_C_MQTT_IoT_Flood,Cumulative,IID,51,Adaptive_FixedCircuitBreaker,0.9249470551947848,0.0364,0.10130990050998662,0.0,1.0,0.0,0.08329760300011912
Dataset_C_MQTT_IoT_Flood,Cumulative,IID,51,Adaptive_NoAdaptiveWeighting,0.9249470551947848,0.0364,0.09959679705001008,0.0,1.0,0.0,0.08608733999994911
Dataset_C_MQTT_IoT_Flood,Cumulative,IID,51,Adaptive_NoCircuitBreaker,0.9249470551947848,0.0364,0.10139907791999804,0.0,1.0,0.0,0.08263256000009278
Dataset_C_MQTT_IoT_Flood,Cumulative,IID,51,Adaptive_NoTemporalMemory,0.9249470551947848,0.0364,0.08880371672999217,0.0,1.0,0.0,0.11938740899995537
Dataset_C_MQTT_IoT_Flood,Cumulative,IID,51,Adaptive_Ultimate,0.9249470551947848,0.0364,0.09639701581000054,0.0,1.0,0.0,0.08421295700009068
Dataset_C_MQTT_IoT_Flood,Cumulative,IID,51,FLAME,0.9305519384838041,0.0336,0.10256820238001638,0.0,1.0,0.0,0.10162526199997046
Dataset_C_MQTT_IoT_Flood,Cumulative,IID,51,FLTrust,0.9249470551947848,0.0364,0.09083173820000184,0.0,1.0,0.0,0.12322173100005784
Dataset_C_MQTT_IoT_Flood,Cumulative,IID,51,FedAvg,0.9215090236712787,0.038,0.09388582910000651,0.0,1.0,0.0,0.11909863199980464
Dataset_C_MQTT_IoT_Flood,Cumulative,IID,51,Krum,0.9305699717889514,0.0344,0.09337696631998597,0.0,1.0,0.0,0.08416057799990995
Dataset_C_MQTT_IoT_Flood,Cumulative,IID,52,Adaptive_FixedCircuitBreaker,0.9562769237295515,0.04115384615384616,0.09315199588999576,0.0,0.9607843137254901,0.038461538461538464,0.08442163400013669
Dataset_C_MQTT_IoT_Flood,Cumulative,IID,52,Adaptive_NoAdaptiveWeighting,0.9562769237295515,0.04115384615384616,0.09489260087999582,0.0,0.9607843137254901,0.038461538461538464,0.12211323199994695
Dataset_C_MQTT_IoT_Flood,Cumulative,IID,52,Adaptive_NoCircuitBreaker,0.9562769237295515,0.04115384615384616,0.0942145622899875,0.0,0.9607843137254901,0.038461538461538464,0.08559875299988562
Dataset_C_MQTT_IoT_Flood,Cumulative,IID,52,Adaptive_NoTemporalMemory,0.9562769237295515,0.04115384615384616,0.10257334098999764,0.0,0.9607843137254901,0.038461538461538464,0.08496259200001077
Dataset_C_MQTT_IoT_Flood,Cumulative,IID,52,Adaptive_Ultimate,0.9562769237295515,0.04115384615384616,0.09695391138001924,0.0,0.9607843137254901,0.038461538461538464,0.14707489399984297
Dataset_C_MQTT_IoT_Flood,Cumulative,IID,52,FLAME,0.9538798515449478,0.04384615384615385,0.09187382859999843,0.0,0.9607843137254901,0.038461538461538464,0.08577266700012842
Dataset_C_MQTT_IoT_Flood,Cumulative,IID,52,FLTrust,0.9562769237295515,0.04115384615384616,0.10061508685998888,0.0,0.9607843137254901,0.038461538461538464,0.08374203699986538
Dataset_C_MQTT_IoT_Flood,Cumulative,IID,52,FedAvg,0.9562769237295515,0.04115384615384616,0.1013492535100022,0.0,0.9607843137254901,0.038461538461538464,0.08487235100005819
Dataset_C_MQTT_IoT_Flood,Cumulative,IID,52,Krum,0.9532530565940448,0.04230769230769231,0.09768228964001537,0.0,0.9607843137254901,0.038461538461538464,0.1400971660000323
Dataset_C_MQTT_IoT_Flood,Cumulative,NonIID_Dirichlet,43,Adaptive_FixedCircuitBreaker,0.9352051788150656,0.1024,0.09297103804999551,0.0,1.0,0.0,0.09031968899989806
Dataset_C_MQTT_IoT_Flood,Cumulative,NonIID_Dirichlet,43,Adaptive_NoAdaptiveWeighting,0.924413711915378,0.12359999999999999,0.09167410499999733,0.0,1.0,0.0,0.12122949499985225
Dataset_C_MQTT_IoT_Flood,Cumulative,NonIID_Dirichlet,43,Adaptive_NoCircuitBreaker,0.9352051788150656,0.1024,0.09545633257999953,0.0,1.0,0.0,0.0833460119999927
Dataset_C_MQTT_IoT_Flood,Cumulative,NonIID_Dirichlet,43,Adaptive_NoTemporalMemory,0.9367031939850324,0.1,0.10212205552999648,0.0,1.0,0.0,0.08369691699999748
Dataset_C_MQTT_IoT_Flood,Cumulative,NonIID_Dirichlet,43,Adaptive_Ultimate,0.9352051788150656,0.1024,0.09433813824000709,0.0,1.0,0.0,0.12348678100011057
Dataset_C_MQTT_IoT_Flood,Cumulative,NonIID_Dirichlet,43,FLAME,0.9459003611220775,0.0824,0.09004998238998951,0.0,1.0,0.0,0.08567403699998977
Dataset_C_MQTT_IoT_Flood,Cumulative,NonIID_Dirichlet,43,FLTrust,0.9367031939850324,0.1,0.10156400501998859,0.0,1.0,0.0,0.08506602500006011
Dataset_C_MQTT_IoT_Flood,Cumulative,NonIID_Dirichlet,43,FedAvg,0.9430947343554855,0.0864,0.10201567235000994,0.0,1.0,0.0,0.08268716800012044
Dataset_C_MQTT_IoT_Flood,Cumulative,NonIID_Dirichlet,43,Krum,0.9543648274302455,0.07400000000000001,0.09736740582998892,0.0,1.0,0.0,0.13780389699991247
Dataset_C_MQTT_IoT_Flood,Cumulative,NonIID_Dirichlet,44,Adaptive_FixedCircuitBreaker,0.9929305846775346,0.0044,0.0958728157299879,0.0,1.0,0.0,0.12749000899998464
Dataset_C_MQTT_IoT_Flood,Cumulative,NonIID_Dirichlet,44,Adaptive_NoAdaptiveWeighting,0.9933887294739147,0.0044,0.10187672972001792,0.0,1.0,0.0,0.08275158299989016
Dataset_C_MQTT_IoT_Flood,Cumulative,NonIID_Dirichlet,44,Adaptive_NoCircuitBreaker,0.9929305846775346,0.0044,0.09332631078999838,0.0,1.0,0.0,0.1201178709998203
Dataset_C_MQTT_IoT_Flood,Cumulative,NonIID_Dirichlet,44,Adaptive_NoTemporalMemory,0.993295783388598,0.0044,0.0927419758599899,0.0,1.0,0.0,0.08455788099990968
Dataset_C_MQTT_IoT_Flood,Cumulative,NonIID_Dirichlet,44,Adaptive_Ultimate,0.9929305846775346,0.0044,0.10242225667000639,0.0,1.0,0.0,0.08476318299995
Dataset_C_MQTT_IoT_Flood,Cumulative,NonIID_Dirichlet,44,FLAME,0.9867468781218781,0.0024000000000000002,0.10195982600000435,0.0,1.0,0.0,0.13362412900005438
Dataset_C_MQTT_IoT_Flood,Cumulative,NonIID_Dirichlet,44,FLTrust,0.993295783388598,0.0044,0.08594848511001146,0.0,1.0,0.0,0.08507736499996099
Dataset_C_MQTT_IoT_Flood,Cumulative,NonIID_Dirichlet,44,FedAvg,0.9906850038850038,0.0027999999999999995,0.0856881112799988,0.0,1.0,0.0,0.08782954000002974
Dataset_C_MQTT_IoT_Flood,Cumulative,NonIID_Dirichlet,44,Krum,0.9906144753079738,0.002,0.10091966213000887,0.0,1.0,0.0,0.0876762030000009
Dataset_C_MQTT_IoT_Flood,Cumulative,NonIID_Dirichlet,45,Adaptive_FixedCircuitBreaker,0.9380663003507742,0.14615384615384616,0.10218108277999136,0.0,0.9607843137254901,0.038461538461538464,0.08475755499989646
Dataset_C_MQTT_IoT_Flood,Cumulative,NonIID_Dirichlet,45,Adaptive_NoAdaptiveWeighting,0.9358292753695037,0.15384615384615385,0.08862121167999704,0.0,0.9607843137254901,0.038461538461538464,0.08441582199998265
Dataset_C_MQTT_IoT_Flood,Cumulative,NonIID_Dirichlet,45,Adaptive_NoCircuitBreaker,0.9380663003507742,0.14615384615384616,0.10116400660000181,0.0,0.9607843137254901,0.038461538461538464,0.09067788499987728
Dataset_C_MQTT_IoT_Flood,Cumulative,NonIID_Dirichlet,45,Adaptive_NoTemporalMemory,0.9387421638450519,0.145,0.09892004213001428,0.0,0.9607843137254901,0.038461538461538464,0.12201396599994041
Dataset_C_MQTT_IoT_Flood,Cumulative,NonIID_Dirichlet,45,Adaptive_Ultimate,0.9380663003507742,0.14615384615384616,0.08591081044000476,0.0,0.9607843137254901,0.038461538461538464,0.08520249299999705
Dataset_C_MQTT_IoT_Flood,Cumulative,NonIID_Dirichlet,45,FLAME,0.9315527650410645,0.1473076923076923,0.10278392885001494,0.0,0.9607843137254901,0.038461538461538464,0.08468164400005662
Dataset_C_MQTT_IoT_Flood,Cumulative,NonIID_Dirichlet,45,FLTrust,0.9387421638450519,0.145,0.10187784751999289,0.0,0.9607843137254901,0.038461538461538464,0.08297849999985374
Dataset_C_MQTT_IoT_Flood,Cumulative,NonIID_Dirichlet,45,FedAvg,0.9614884129657062,0.145,0.10122219952999104,0.0,1.0,0.038461538461538464,0.0849678940001013
Dataset_C_MQTT_IoT_Flood,Cumulative,NonIID_Dirichlet,45,Krum,0.9323182510658831,0.1396153846153846,0.0858301480399973,0.0,0.9607843137254901,0.038461538461538464,0.08387727700005598
Dataset_C_MQTT_IoT_Flood,Cumulative,NonIID_Dirichlet,46,Adaptive_FixedCircuitBreaker,0.9587391017954707,0.07192307692307692,0.0872380754400092,0.0,1.0,0.038461538461538464,0.11591863100011324
Dataset_C_MQTT_IoT_Flood,Cumulative,NonIID_Dirichlet,46,Adaptive_NoAdaptiveWeighting,0.9527333247074307,0.07692307692307693,0.1015892130400016,0.0,1.0,0.038461538461538464,0.08576551800001653
Dataset_C_MQTT_IoT_Flood,Cumulative,NonIID_Dirichlet,46,Adaptive_NoCircuitBreaker,0.9587391017954707,0.07192307692307692,0.08616802823999706,0.0,1.0,0.038461538461538464,0.09581917100013015
Dataset_C_MQTT_IoT_Flood,Cumulative,NonIID_Dirichlet,46,Adaptive_NoTemporalMemory,0.9587391017954707,0.07153846153846154,0.10210033445999671,0.0,1.0,0.038461538461538464,0.0848817930000223
Dataset_C_MQTT_IoT_Flood,Cumulative,NonIID_Dirichlet,46,Adaptive_Ultimate,0.9587391017954707,0.07192307692307692,0.10221720637999851,0.0,1.0,0.038461538461538464,0.08434239799998977
Dataset_C_MQTT_IoT_Flood,Cumulative,NonIID_Dirichlet,46,FLAME,0.9717595641549356,0.043076923076923075,0.09204599772000165,0.0,1.0,0.0,0.1250497670000641
Dataset_C_MQTT_IoT_Flood,Cumulative,NonIID_Dirichlet,46,FLTrust,0.9587391017954707,0.07153846153846154,0.10011481476000199,0.0,1.0,0.038461538461538464,0.08827298100004555
Dataset_C_MQTT_IoT_Flood,Cumulative,NonIID_Dirichlet,46,FedAvg,0.955434403357077,0.07192307692307692,0.0981673826899896,0.0,1.0,0.038461538461538464,0.08640644899992367
Dataset_C_MQTT_IoT_Flood,Cumulative,NonIID_Dirichlet,46,Krum,0.9713715006283828,0.046153846153846156,0.1014414032500008,0.0,1.0,0.0,0.0848963430000822
Dataset_C_MQTT_IoT_Flood,Cumulative,NonIID_Dirichlet,47,Adaptive_FixedCircuitBreaker,0.9549289282967777,0.01423076923076923,0.10106469873999459,0.0,1.0,0.0,0.09879396999986056
Dataset_C_MQTT_IoT_Flood,Cumulative,NonIID_Dirichlet,47,Adaptive_NoAdaptiveWeighting,0.953894288532652,0.01423076923076923,0.09960604840001225,0.0,1.0,0.0,0.08597459800012075
Dataset_C_MQTT_IoT_Flood,Cumulative,NonIID_Dirichlet,47,Adaptive_NoCircuitBreaker,0.9549289282967777,0.01423076923076923,0.10090659043999949,0.0,1.0,0.0,0.0876936569998179
Dataset_C_MQTT_IoT_Flood,Cumulative,NonIID_Dirichlet,47,Adaptive_NoTemporalMemory,0.9553358233341075,0.01423076923076923,0.0860675160400001,0.0,1.0,0.0,0.13595193199989808
Dataset_C_MQTT_IoT_Flood,Cumulative,NonIID_Dirichlet,47,Adaptive_Ultimate,0.9549289282967777,0.01423076923076923,0.09572878856000216,0.0,1.0,0.0,0.08375888999989911
Dataset_C_MQTT_IoT_Flood,Cumulative,NonIID_Dirichlet,47,FLAME,0.9562402066712512,0.011923076923076923,0.10170998473999589,0.0,1.0,0.0,0.08723363600006451
Dataset_C_MQTT_IoT_Flood,Cumulative,NonIID_Dirichlet,47,FLTrust,0.9553358233341075,0.01423076923076923,0.08922837058000369,0.0,1.0,0.0,0.12278154400019048
Dataset_C_MQTT_IoT_Flood,Cumulative,NonIID_Dirichlet,47,FedAvg,0.9539894817331772,0.013076923076923076,0.09353488746001858,0.0,1.0,0.0,0.12297233899994353
Dataset_C_MQTT_IoT_Flood,Cumulative,NonIID_Dirichlet,47,Krum,0.9549857561474496,0.015,0.09085604297001282,0.0,1.0,0.0,0.08112521900011416
Dataset_C_MQTT_IoT_Flood,Cumulative,NonIID_Dirichlet,48,Adaptive_FixedCircuitBreaker,0.9594321093280352,0.09040000000000001,0.09489909426000395,0.0,1.0,0.0,0.08725413299998763
Dataset_C_MQTT_IoT_Flood,Cumulative,NonIID_Dirichlet,48,Adaptive_NoAdaptiveWeighting,0.9588441646640037,0.08960000000000001,0.09011121255999796,0.0,1.0,0.0,0.11822876099995483
Dataset_C_MQTT_IoT_Flood,Cumulative,NonIID_Dirichlet,48,Adaptive_NoCircuitBreaker,0.9594321093280352,0.09040000000000001,0.0976942238800052,0.0,1.0,0.0,0.08417720600004941
Dataset_C_MQTT_IoT_Flood,Cumulative,NonIID_Dirichlet,48,Adaptive_NoTemporalMemory,0.9600159333467998,0.09040000000000001,0.10116042455000525,0.0,1.0,0.0,0.085918410999966
Dataset_C_MQTT_IoT_Flood,Cumulative,NonIID_Dirichlet,48,Adaptive_Ultimate,0.9594321093280352,0.09040000000000001,0.09252382455000997,0.0,1.0,0.0,0.13064155400002164
Dataset_C_MQTT_IoT_Flood,Cumulative,NonIID_Dirichlet,48,FLAME,0.9613262569997262,0.0944,0.09510159430999693,0.0,1.0,0.0,0.08597461099998327
Dataset_C_MQTT_IoT_Flood,Cumulative,NonIID_Dirichlet,48,FLTrust,0.9600159333467998,0.09040000000000001,0.10157300260999591,0.0,1.0,0.0,0.0842243239999334
Dataset_C_MQTT_IoT_Flood,Cumulative,NonIID_Dirichlet,48,FedAvg,0.962155115122191,0.0824,0.10116751940000313,0.0,1.0,0.0,0.08867606600006184
Dataset_C_MQTT_IoT_Flood,Cumulative,NonIID_Dirichlet,48,Krum,0.9664544116503307,0.0692,0.09408127628000101,0.0,1.0,0.0,0.12080191199993351
Dataset_C_MQTT_IoT_Flood,Cumulative,NonIID_Dirichlet,49,Adaptive_FixedCircuitBreaker,0.9937542483660131,0.0032,0.0959419106699761,0.0,1.0,0.0,0.12680691799960186
Dataset_C_MQTT_IoT_Flood,Cumulative,NonIID_Dirichlet,49,Adaptive_NoAdaptiveWeighting,0.9941464052287582,0.0032,0.10139657383998837,0.0,1.0,0.0,0.08581727099999625
Dataset_C_MQTT_IoT_Flood,Cumulative,NonIID_Dirichlet,49,Adaptive_NoCircuitBreaker,0.9937542483660131,0.0032,0.09336164969997754,0.0,1.0,0.0,0.1182801400000244
Dataset_C_MQTT_IoT_Flood,Cumulative,NonIID_Dirichlet,49,Adaptive_NoTemporalMemory,0.9937542483660131,0.0032,0.09078350059998684,0.0,1.0,0.0,0.08375440800000433
Dataset_C_MQTT_IoT_Flood,Cumulative,NonIID_Dirichlet,49,Adaptive_Ultimate,0.9937542483660131,0.0032,0.10120497493001494,0.0,1.0,0.0,0.08304334500007826
Dataset_C_MQTT_IoT_Flood,Cumulative,NonIID_Dirichlet,49,FLAME,0.9941464052287582,0.0032,0.1009597529900202,0.0,1.0,0.0,0.1493501259999448
Dataset_C_MQTT_IoT_Flood,Cumulative,NonIID_Dirichlet,49,FLTrust,0.9937542483660131,0.0032,0.08643489320000299,0.0,1.0,0.0,0.08477806500013685
Dataset_C_MQTT_IoT_Flood,Cumulative,NonIID_Dirichlet,49,FedAvg,0.9941464052287582,0.0032,0.0867250129400054,0.0,1.0,0.0,0.08694089799996618
Dataset_C_MQTT_IoT_Flood,Cumulative,NonIID_Dirichlet,49,Krum,0.9941176470588234,0.0024,0.10115602568000213,0.0,1.0,0.0,0.0868454000001293
Dataset_C_MQTT_IoT_Flood,Cumulative,NonIID_Dirichlet,50,Adaptive_FixedCircuitBreaker,0.9493394723617901,0.045599999999999995,0.10184913868999501,0.0,1.0,0.0,0.09476605700001528
Dataset_C_MQTT_IoT_Flood,Cumulative,NonIID_Dirichlet,50,Adaptive_NoAdaptiveWeighting,0.9421446755346362,0.053200000000000004,0.08623460421002165,0.0,1.0,0.0,0.09212587499996516
Dataset_C_MQTT_IoT_Flood,Cumulative,NonIID_Dirichlet,50,Adaptive_NoCircuitBreaker,0.9493394723617901,0.045599999999999995,0.10330515514999661,0.0,1.0,0.0,0.0833926620002785
Dataset_C_MQTT_IoT_Flood,Cumulative,NonIID_Dirichlet,50,Adaptive_NoTemporalMemory,0.9514795741951789,0.0432,0.10094622100001743,0.0,1.0,0.0,0.08519315000012284
Dataset_C_MQTT_IoT_Flood,Cumulative,NonIID_Dirichlet,50,Adaptive_Ultimate,0.9493394723617901,0.045599999999999995,0.08724930846002735,0.0,1.0,0.0,0.08472748699978183
Dataset_C_MQTT_IoT_Flood,Cumulative,NonIID_Dirichlet,50,FLAME,0.9564517466833341,0.037200000000000004,0.10293584473998635,0.0,1.0,0.0,0.08633879099988917
Dataset_C_MQTT_IoT_Flood,Cumulative,NonIID_Dirichlet,50,FLTrust,0.9514795741951789,0.0432,0.10111086601001261,0.0,1.0,0.0,0.09940662999997585
Dataset_C_MQTT_IoT_Flood,Cumulative,NonIID_Dirichlet,50,FedAvg,0.9502817485892494,0.0452,0.10139741340000001,0.0,1.0,0.0,0.0876585700002579
Dataset_C_MQTT_IoT_Flood,Cumulative,NonIID_Dirichlet,50,Krum,0.9567574711007607,0.0388,0.08638415290000466,0.0,1.0,0.0,0.08462103800002296
Dataset_C_MQTT_IoT_Flood,Cumulative,NonIID_Dirichlet,51,Adaptive_FixedCircuitBreaker,0.9192315796657107,0.0404,0.08617028083001514,0.0,1.0,0.0,0.11646021100023063
Dataset_C_MQTT_IoT_Flood,Cumulative,NonIID_Dirichlet,51,Adaptive_NoAdaptiveWeighting,0.9172018047885593,0.0412,0.10021961901002215,0.0,1.0,0.0,0.09755983600007312
Dataset_C_MQTT_IoT_Flood,Cumulative,NonIID_Dirichlet,51,Adaptive_NoCircuitBreaker,0.9192315796657107,0.0404,0.08563605219000238,0.0,1.0,0.0,0.0849656740001592
Dataset_C_MQTT_IoT_Flood,Cumulative,NonIID_Dirichlet,51,Adaptive_NoTemporalMemory,0.9209598753288246,0.039599999999999996,0.09971876298000097,0.0,1.0,0.0,0.08402877700018507
Dataset_C_MQTT_IoT_Flood,Cumulative,NonIID_Dirichlet,51,Adaptive_Ultimate,0.9192315796657107,0.0404,0.10055232201997569,0.0,1.0,0.0,0.08409229000017149
Dataset_C_MQTT_IoT_Flood,Cumulative,NonIID_Dirichlet,51,FLAME,0.934209680060994,0.0308,0.09094622288000664,0.0,1.0,0.0,0.12486648399999467
Dataset_C_MQTT_IoT_Flood,Cumulative,NonIID_Dirichlet,51,FLTrust,0.9209598753288246,0.039599999999999996,0.09627274600001784,0.0,1.0,0.0,0.08420744100021693
Dataset_C_MQTT_IoT_Flood,Cumulative,NonIID_Dirichlet,51,FedAvg,0.9120512662404668,0.044800000000000006,0.09377778337000564,0.0,1.0,0.0,0.08210920000010447
Dataset_C_MQTT_IoT_Flood,Cumulative,NonIID_Dirichlet,51,Krum,0.9342316130799394,0.03,0.10019933319997562,0.0,1.0,0.0,0.08366407100038487
Dataset_C_MQTT_IoT_Flood,Cumulative,NonIID_Dirichlet,52,Adaptive_FixedCircuitBreaker,0.9559558531960749,0.04076923076923077,0.10143072275002851,0.0,0.9607843137254901,0.038461538461538464,0.08489828599977045
Dataset_C_MQTT_IoT_Flood,Cumulative,NonIID_Dirichlet,52,Adaptive_NoAdaptiveWeighting,0.9549466895082034,0.041538461538461545,0.09688302534004833,0.0,0.9607843137254901,0.038461538461538464,0.08372190399995816
Dataset_C_MQTT_IoT_Flood,Cumulative,NonIID_Dirichlet,52,Adaptive_NoCircuitBreaker,0.9559558531960749,0.04076923076923077,0.10058029261003412,0.0,0.9607843137254901,0.038461538461538464,0.08548371900042184
Dataset_C_MQTT_IoT_Flood,Cumulative,NonIID_Dirichlet,52,Adaptive_NoTemporalMemory,0.9562769237295515,0.04076923076923077,0.09088198304998059,0.0,0.9607843137254901,0.038461538461538464,0.12336548599978414
Dataset_C_MQTT_IoT_Flood,Cumulative,NonIID_Dirichlet,52,Adaptive_Ultimate,0.9559558531960749,0.04076923076923077,0.09501269283998226,0.0,0.9607843137254901,0.038461538461538464,0.08305006600039633
Dataset_C_MQTT_IoT_Flood,Cumulative,NonIID_Dirichlet,52,FLAME,0.9576838022704415,0.04,0.10270112251997944,0.0,0.9607843137254901,0.038461538461538464,0.08642004600005748
Dataset_C_MQTT_IoT_Flood,Cumulative,NonIID_Dirichlet,52,FLTrust,0.9562769237295515,0.04076923076923077,0.09262777487001131,0.0,0.9607843137254901,0.038461538461538464,0.1343594079999093
Dataset_C_MQTT_IoT_Flood,Cumulative,NonIID_Dirichlet,52,FedAvg,0.9569803629999964,0.04076923076923077,0.09594037035000838,0.0,0.9607843137254901,0.038461538461538464,0.12386965799987593
Dataset_C_MQTT_IoT_Flood,Cumulative,NonIID_Dirichlet,52,Krum,0.9576838022704415,0.04076923076923077,0.09222888372999932,0.0,0.9607843137254901,0.038461538461538464,0.08618428799991307
Dataset_C_MQTT_IoT_Flood,OnOff,IID,43,Adaptive_FixedCircuitBreaker,0.9777987739741008,0.0,0.11960057733000212,0.32,1.0,0.0,0.10258109200003673
Dataset_C_MQTT_IoT_Flood,OnOff,IID,43,Adaptive_NoAdaptiveWeighting,0.9777987739741008,0.0,0.11910002186998099,0.0,1.0,0.0,0.10726447500019276
Dataset_C_MQTT_IoT_Flood,OnOff,IID,43,Adaptive_NoCircuitBreaker,0.9777987739741008,0.0,0.11381987784999183,0.0,1.0,0.0,0.15075780200004374
Dataset_C_MQTT_IoT_Flood,OnOff,IID,43,Adaptive_NoTemporalMemory,0.9774066171113557,0.0,0.11968143198997495,0.0,1.0,0.0,0.10228361500048777
Dataset_C_MQTT_IoT_Flood,OnOff,IID,43,Adaptive_Ultimate,0.9777987739741008,0.0,0.11357014867000544,0.0,1.0,0.0,0.10336509599983401
Dataset_C_MQTT_IoT_Flood,OnOff,IID,43,FLAME,0.9774801714242274,0.0,0.1220056889299849,0.0,1.0,0.0,0.10937300200021127
Dataset_C_MQTT_IoT_Flood,OnOff,IID,43,FLTrust,0.9774066171113557,0.0,0.11306994970997948,0.0,1.0,0.0,0.15854052499980753
Dataset_C_MQTT_IoT_Flood,OnOff,IID,43,FedAvg,0.9777987739741008,0.0,0.12078542419999394,0.0,1.0,0.0,0.10438544499993441
Dataset_C_MQTT_IoT_Flood,OnOff,IID,43,Krum,0.9778723282869726,0.0,0.1205803031600135,0.0,1.0,0.0,0.12085453100007726
Dataset_C_MQTT_IoT_Flood,OnOff,IID,44,Adaptive_FixedCircuitBreaker,0.9929542692676686,0.0,0.12013385346996984,0.29,1.0,0.0,0.10637215599945193
Dataset_C_MQTT_IoT_Flood,OnOff,IID,44,Adaptive_NoAdaptiveWeighting,0.9929542692676686,0.0,0.12024610792001113,0.0,1.0,0.0,0.10465178999947966
Dataset_C_MQTT_IoT_Flood,OnOff,IID,44,Adaptive_NoCircuitBreaker,0.9929542692676686,0.0,0.11782323745998838,0.0,1.0,0.0,0.15929959100049018
Dataset_C_MQTT_IoT_Flood,OnOff,IID,44,Adaptive_NoTemporalMemory,0.9929542692676686,0.0,0.1199270543699913,0.0,1.0,0.0,0.1072113830005037
Dataset_C_MQTT_IoT_Flood,OnOff,IID,44,Adaptive_Ultimate,0.9929542692676686,0.0,0.11237273065994487,0.0,1.0,0.0,0.1056893230006608
Dataset_C_MQTT_IoT_Flood,OnOff,IID,44,FLAME,0.9929542692676686,0.0,0.1220086749499842,0.0,1.0,0.0,0.11131113099963841
Dataset_C_MQTT_IoT_Flood,OnOff,IID,44,FLTrust,0.9929542692676686,0.0,0.11507172195999374,0.0,1.0,0.0,0.15456126499975653
Dataset_C_MQTT_IoT_Flood,OnOff,IID,44,FedAvg,0.9929542692676686,0.0,0.12002531034999266,0.0,1.0,0.0,0.11822544900041976
Dataset_C_MQTT_IoT_Flood,OnOff,IID,44,Krum,0.9929542692676686,0.0,0.12031363212998258,0.0,1.0,0.0,0.10601446900000155
Dataset_C_MQTT_IoT_Flood,OnOff,IID,45,Adaptive_FixedCircuitBreaker,0.949379008427221,0.05,0.11967089427996143,0.21,0.9607843137254901,0.038461538461538464,0.11840094899980613
Dataset_C_MQTT_IoT_Flood,OnOff,IID,45,Adaptive_NoAdaptiveWeighting,0.949379008427221,0.05,0.11902027999994061,0.0,0.9607843137254901,0.038461538461538464,0.10661542899924825
Dataset_C_MQTT_IoT_Flood,OnOff,IID,45,Adaptive_NoCircuitBreaker,0.949379008427221,0.05,0.1200666626799557,0.0,0.9607843137254901,0.038461538461538464,0.16886857099962072
Dataset_C_MQTT_IoT_Flood,OnOff,IID,45,Adaptive_NoTemporalMemory,0.949379008427221,0.05,0.11935640953000075,0.0,0.9607843137254901,0.038461538461538464,0.10413572499965085
Dataset_C_MQTT_IoT_Flood,OnOff,IID,45,Adaptive_Ultimate,0.949379008427221,0.05,0.10930961849997402,0.0,0.9607843137254901,0.038461538461538464,0.10321157099951961
Dataset_C_MQTT_IoT_Flood,OnOff,IID,45,FLAME,0.9489868515644759,0.051923076923076926,0.12035774822998065,0.0,0.9607843137254901,0.07692307692307693,0.10645479499999055
Dataset_C_MQTT_IoT_Flood,OnOff,IID,45,FLTrust,0.949379008427221,0.05,0.11612712984000609,0.0,0.9607843137254901,0.038461538461538464,0.14610035800069454
Dataset_C_MQTT_IoT_Flood,OnOff,IID,45,FedAvg,0.949379008427221,0.05,0.11928400828006488,0.0,0.9607843137254901,0.038461538461538464,0.10245053300059226
Dataset_C_MQTT_IoT_Flood,OnOff,IID,45,Krum,0.9489868515644759,0.048461538461538466,0.11910951251012193,0.0,0.9607843137254901,0.038461538461538464,0.10496265300025698
Dataset_C_MQTT_IoT_Flood,OnOff,IID,46,Adaptive_FixedCircuitBreaker,0.9505919348871623,0.03192307692307692,0.11576600970010077,0.32,0.9607843137254901,0.038461538461538464,0.10588946900043084
Dataset_C_MQTT_IoT_Flood,OnOff,IID,46,Adaptive_NoAdaptiveWeighting,0.9505919348871623,0.03192307692307692,0.12245357000995682,0.0,0.9607843137254901,0.038461538461538464,0.10771527900033107
Dataset_C_MQTT_IoT_Flood,OnOff,IID,46,Adaptive_NoCircuitBreaker,0.9505919348871623,0.03192307692307692,0.1233827552900857,0.0,0.9607843137254901,0.038461538461538464,0.10829876400021021
Dataset_C_MQTT_IoT_Flood,OnOff,IID,46,Adaptive_NoTemporalMemory,0.9529448760636329,0.03076923076923077,0.12099210078999022,0.0,0.9607843137254901,0.038461538461538464,0.10494535100042413
Dataset_C_MQTT_IoT_Flood,OnOff,IID,46,Adaptive_Ultimate,0.9505919348871623,0.03192307692307692,0.1141995637600121,0.0,0.9607843137254901,0.038461538461538464,0.173806630999934
Dataset_C_MQTT_IoT_Flood,OnOff,IID,46,FLAME,0.9465085881832839,0.04076923076923077,0.1247786781099694,0.0,0.9244444444444444,0.07692307692307693,0.11201385599997593
Dataset_C_MQTT_IoT_Flood,OnOff,IID,46,FLTrust,0.9505919348871623,0.03076923076923077,0.1222576778900293,0.0,0.9607843137254901,0.038461538461538464,0.10520423500020115
Dataset_C_MQTT_IoT_Flood,OnOff,IID,46,FedAvg,0.9505919348871623,0.03076923076923077,0.12137496528000156,0.0,0.9607843137254901,0.038461538461538464,0.11981754499993258
Dataset_C_MQTT_IoT_Flood,OnOff,IID,46,Krum,0.9454582291891114,0.045384615384615384,0.12250146800996844,0.0,0.9244444444444444,0.11538461538461539,0.10708458499993867
Dataset_C_MQTT_IoT_Flood,OnOff,IID,47,Adaptive_FixedCircuitBreaker,0.9912685694263046,0.001153846153846154,0.1130733007100207,0.33,1.0,0.0,0.16279209799995442
Dataset_C_MQTT_IoT_Flood,OnOff,IID,47,Adaptive_NoAdaptiveWeighting,0.9912685694263046,0.001153846153846154,0.12187145843996404,0.0,1.0,0.0,0.1404218289999335
Dataset_C_MQTT_IoT_Flood,OnOff,IID,47,Adaptive_NoCircuitBreaker,0.9912685694263046,0.001153846153846154,0.12414970626001377,0.0,1.0,0.0,0.10432361100083654
Dataset_C_MQTT_IoT_Flood,OnOff,IID,47,Adaptive_NoTemporalMemory,0.9912685694263046,0.001153846153846154,0.11546163983005499,0.0,1.0,0.0,0.10973804100012785
Dataset_C_MQTT_IoT_Flood,OnOff,IID,47,Adaptive_Ultimate,0.9912685694263046,0.001153846153846154,0.12009800008004276,0.0,1.0,0.0,0.10595732199999475
Dataset_C_MQTT_IoT_Flood,OnOff,IID,47,FLAME,0.99092852884867,0.001153846153846154,0.12220437160000074,0.0,1.0,0.0,0.1121291689996724
Dataset_C_MQTT_IoT_Flood,OnOff,IID,47,FLTrust,0.9912685694263046,0.001153846153846154,0.12102105444994776,0.0,1.0,0.0,0.10419727199951012
Dataset_C_MQTT_IoT_Flood,OnOff,IID,47,FedAvg,0.99092852884867,0.001153846153846154,0.1151344006799809,0.0,1.0,0.0,0.17485700299948803
Dataset_C_MQTT_IoT_Flood,OnOff,IID,47,Krum,0.9933662184679453,0.0007692307692307692,0.12196651162003036,0.0,1.0,0.0,0.10766327700002876
Dataset_C_MQTT_IoT_Flood,OnOff,IID,48,Adaptive_FixedCircuitBreaker,0.9930536565830684,0.0008,0.1218260937100331,0.14,1.0,0.0,0.10951794999982667
Dataset_C_MQTT_IoT_Flood,OnOff,IID,48,Adaptive_NoAdaptiveWeighting,0.9930536565830684,0.0008,0.114192247139963,0.0,1.0,0.0,0.15433451399985643
Dataset_C_MQTT_IoT_Flood,OnOff,IID,48,Adaptive_NoCircuitBreaker,0.9930536565830684,0.0008,0.12361456473001453,0.0,1.0,0.0,0.11567217100036942
Dataset_C_MQTT_IoT_Flood,OnOff,IID,48,Adaptive_NoTemporalMemory,0.9930536565830684,0.0008,0.13371721671004708,0.0,1.0,0.0,0.15522078599951783
Dataset_C_MQTT_IoT_Flood,OnOff,IID,48,Adaptive_Ultimate,0.9930536565830684,0.0008,0.12099524467002083,0.0,1.0,0.0,0.10408689100040647
Dataset_C_MQTT_IoT_Flood,OnOff,IID,48,FLAME,0.9940244940244941,0.0008,0.12321917902997484,0.0,1.0,0.0,0.10788671499994962
Dataset_C_MQTT_IoT_Flood,OnOff,IID,48,FLTrust,0.9930536565830684,0.0008,0.12085186007002449,0.0,1.0,0.0,0.10465451500022027
Dataset_C_MQTT_IoT_Flood,OnOff,IID,48,FedAvg,0.9930536565830684,0.0008,0.1175771467100185,0.0,1.0,0.0,0.1603100419997645
Dataset_C_MQTT_IoT_Flood,OnOff,IID,48,Krum,0.9930536565830684,0.0008,0.11264015348001521,0.0,1.0,0.0,0.10371683399989706
Dataset_C_MQTT_IoT_Flood,OnOff,IID,49,Adaptive_FixedCircuitBreaker,0.9855195160560392,0.0,0.12816987890001655,0.11,1.0,0.0,0.11841180299961707
Dataset_C_MQTT_IoT_Flood,OnOff,IID,49,Adaptive_NoAdaptiveWeighting,0.9855195160560392,0.0,0.12577833121002185,0.0,1.0,0.0,0.10822497000026488
Dataset_C_MQTT_IoT_Flood,OnOff,IID,49,Adaptive_NoCircuitBreaker,0.9855195160560392,0.0,0.12134475521996137,0.0,1.0,0.0,0.1592346549996364
Dataset_C_MQTT_IoT_Flood,OnOff,IID,49,Adaptive_NoTemporalMemory,0.9855195160560392,0.0,0.1257483439799762,0.0,1.0,0.0,0.11735765600042214
Dataset_C_MQTT_IoT_Flood,OnOff,IID,49,Adaptive_Ultimate,0.9855195160560392,0.0,0.12169430477002606,0.0,1.0,0.0,0.10871945500002766
Dataset_C_MQTT_IoT_Flood,OnOff,IID,49,FLAME,0.9851273591932942,0.0,0.11397459135000645,0.0,1.0,0.0,0.14694923800016113
Dataset_C_MQTT_IoT_Flood,OnOff,IID,49,FLTrust,0.9855195160560392,0.0,0.1121518728099909,0.0,1.0,0.0,0.11025411500031623
Dataset_C_MQTT_IoT_Flood,OnOff,IID,49,FedAvg,0.9855195160560392,0.0,0.12514127426001323,0.0,1.0,0.0,0.10985299399999349
Dataset_C_MQTT_IoT_Flood,OnOff,IID,49,Krum,0.9859116729187843,0.0,0.12278739787001541,0.0,1.0,0.0,0.10699864799971692
Dataset_C_MQTT_IoT_Flood,OnOff,IID,50,Adaptive_FixedCircuitBreaker,0.9767205607331283,0.0464,0.11609328538001136,0.32,1.0,0.0,0.1126392370006215
Dataset_C_MQTT_IoT_Flood,OnOff,IID,50,Adaptive_NoAdaptiveWeighting,0.9767205607331283,0.0464,0.12279633318998094,0.0,1.0,0.0,0.10824865200083877
Dataset_C_MQTT_IoT_Flood,OnOff,IID,50,Adaptive_NoCircuitBreaker,0.9767205607331283,0.0464,0.125741115540186,0.0,1.0,0.0,0.12076828899989778
Dataset_C_MQTT_IoT_Flood,OnOff,IID,50,Adaptive_NoTemporalMemory,0.9767205607331283,0.0464,0.12361459520008794,0.0,1.0,0.0,0.1105093019996275
Dataset_C_MQTT_IoT_Flood,OnOff,IID,50,Adaptive_Ultimate,0.9767205607331283,0.0464,0.118533019519964,0.0,1.0,0.0,0.1527330940007232
Dataset_C_MQTT_IoT_Flood,OnOff,IID,50,FLAME,0.9764312546286048,0.048799999999999996,0.1252564950701344,0.0,1.0,0.0,0.11148728099942673
Dataset_C_MQTT_IoT_Flood,OnOff,IID,50,FLTrust,0.9767205607331283,0.0464,0.12385677904017939,0.0,1.0,0.0,0.10788829500052088
Dataset_C_MQTT_IoT_Flood,OnOff,IID,50,FedAvg,0.9760660559175414,0.0484,0.12544446678007262,0.0,1.0,0.0,0.10864089999995485
Dataset_C_MQTT_IoT_Flood,OnOff,IID,50,Krum,0.9773033153106833,0.0464,0.12601862095005345,0.0,1.0,0.0,0.12307216499903006
Dataset_C_MQTT_IoT_Flood,OnOff,IID,51,Adaptive_FixedCircuitBreaker,0.9633514568680994,0.0192,0.12185054856012358,0.31,1.0,0.0,0.1075558499996987
Dataset_C_MQTT_IoT_Flood,OnOff,IID,51,Adaptive_NoAdaptiveWeighting,0.9633514568680994,0.0192,0.11837435982002717,0.0,1.0,0.0,0.10726069299926166
Dataset_C_MQTT_IoT_Flood,OnOff,IID,51,Adaptive_NoCircuitBreaker,0.9633514568680994,0.0192,0.12593961255999603,0.0,1.0,0.0,0.10789537399978144
Dataset_C_MQTT_IoT_Flood,OnOff,IID,51,Adaptive_NoTemporalMemory,0.9633514568680994,0.0192,0.1126318811699639,0.0,1.0,0.0,0.1483567300001596
Dataset_C_MQTT_IoT_Flood,OnOff,IID,51,Adaptive_Ultimate,0.9633514568680994,0.0192,0.12270655515994804,0.0,1.0,0.0,0.10574758000075235
Dataset_C_MQTT_IoT_Flood,OnOff,IID,51,FLAME,0.9627968215843982,0.0208,0.12306148335992476,0.0,1.0,0.0,0.11019924600077502
Dataset_C_MQTT_IoT_Flood,OnOff,IID,51,FLTrust,0.9633514568680994,0.0192,0.12120413975997507,0.0,1.0,0.0,0.1114292709989968
Dataset_C_MQTT_IoT_Flood,OnOff,IID,51,FedAvg,0.9618436782093032,0.02,0.11426197258002503,0.0,1.0,0.0,0.15333850199931476
Dataset_C_MQTT_IoT_Flood,OnOff,IID,51,Krum,0.9584012143708672,0.0248,0.11472682228002667,0.0,1.0,0.0,0.1057965330001025
Dataset_C_MQTT_IoT_Flood,OnOff,IID,52,Adaptive_FixedCircuitBreaker,0.9810207717307229,0.029230769230769234,0.1260551444999328,0.3,1.0,0.038461538461538464,0.10847211799955403
Dataset_C_MQTT_IoT_Flood,OnOff,IID,52,Adaptive_NoAdaptiveWeighting,0.9810207717307229,0.015,0.12292026384990094,0.0,1.0,0.0,0.10713276000024052
Dataset_C_MQTT_IoT_Flood,OnOff,IID,52,Adaptive_NoCircuitBreaker,0.9810207717307229,0.016153846153846154,0.11838622973999008,0.0,1.0,0.0,0.17487586800052668
Dataset_C_MQTT_IoT_Flood,OnOff,IID,52,Adaptive_NoTemporalMemory,0.9810207717307229,0.022692307692307692,0.12374099227999977,0.0,1.0,0.0,0.10924229199918045
Dataset_C_MQTT_IoT_Flood,OnOff,IID,52,Adaptive_Ultimate,0.9810207717307229,0.01653846153846154,0.12422574534990417,0.0,1.0,0.0,0.10824024800058396
Dataset_C_MQTT_IoT_Flood,OnOff,IID,52,FLAME,0.9650158946710455,0.02846153846153846,0.1160378423900329,0.0,0.9607843137254901,0.07692307692307693,0.15485180100040452
Dataset_C_MQTT_IoT_Flood,OnOff,IID,52,FLTrust,0.9810207717307229,0.021538461538461538,0.12016977358001896,0.0,1.0,0.0,0.10868389099960041
Dataset_C_MQTT_IoT_Flood,OnOff,IID,52,FedAvg,0.9621972423189581,0.032692307692307694,0.1241471905900471,0.0,0.9607843137254901,0.038461538461538464,0.122402109000177
Dataset_C_MQTT_IoT_Flood,OnOff,IID,52,Krum,0.9740329803877705,0.02846153846153846,0.12063627909001298,0.0,0.9607843137254901,0.07692307692307693,0.15196052900137147
Dataset_C_MQTT_IoT_Flood,OnOff,NonIID_Dirichlet,43,Adaptive_FixedCircuitBreaker,0.9728198052541264,0.0,0.1250686138400306,0.17,1.0,0.0,0.10826493899912748
Dataset_C_MQTT_IoT_Flood,OnOff,NonIID_Dirichlet,43,Adaptive_NoAdaptiveWeighting,0.974076475017435,0.0,0.12470939489003285,0.0,1.0,0.0,0.11080546599987429
Dataset_C_MQTT_IoT_Flood,OnOff,NonIID_Dirichlet,43,Adaptive_NoCircuitBreaker,0.9728198052541264,0.0,0.1270392503000221,0.0,1.0,0.0,0.11312550899856433
Dataset_C_MQTT_IoT_Flood,OnOff,NonIID_Dirichlet,43,Adaptive_NoTemporalMemory,0.9717467485621334,0.0,0.12473678341006235,0.0,1.0,0.0,0.1159701420001511
Dataset_C_MQTT_IoT_Flood,OnOff,NonIID_Dirichlet,43,Adaptive_Ultimate,0.9728198052541264,0.0,0.1142456747399956,0.0,1.0,0.0,0.11663950200090767
Dataset_C_MQTT_IoT_Flood,OnOff,NonIID_Dirichlet,43,FLAME,0.9651150121065375,0.0,0.12516407564009568,0.0,1.0,0.0,0.11014398199949937
Dataset_C_MQTT_IoT_Flood,OnOff,NonIID_Dirichlet,43,FLTrust,0.9717467485621334,0.0,0.1169612566298747,0.0,1.0,0.0,0.1600842379993992
Dataset_C_MQTT_IoT_Flood,OnOff,NonIID_Dirichlet,43,FedAvg,0.9704855671081992,0.0,0.12474630187012735,0.0,1.0,0.0,0.11153989400008868
Dataset_C_MQTT_IoT_Flood,OnOff,NonIID_Dirichlet,43,Krum,0.9791846361572099,0.0,0.12376603277012692,0.0,1.0,0.0,0.10375069799920311
Dataset_C_MQTT_IoT_Flood,OnOff,NonIID_Dirichlet,44,Adaptive_FixedCircuitBreaker,0.9914675088952258,0.0,0.16240523868997114,0.26,1.0,0.0,0.15427439399900322
Dataset_C_MQTT_IoT_Flood,OnOff,NonIID_Dirichlet,44,Adaptive_NoAdaptiveWeighting,0.9914675088952258,0.0,0.21535727488997508,0.0,1.0,0.0,0.12309458900017489
Dataset_C_MQTT_IoT_Flood,OnOff,NonIID_Dirichlet,44,Adaptive_NoCircuitBreaker,0.9914675088952258,0.0,0.15025202907998392,0.0,1.0,0.0,0.1321140430009109
Dataset_C_MQTT_IoT_Flood,OnOff,NonIID_Dirichlet,44,Adaptive_NoTemporalMemory,0.9914675088952258,0.0,0.2124662750000607,0.0,1.0,0.0,0.22086886100078118
Dataset_C_MQTT_IoT_Flood,OnOff,NonIID_Dirichlet,44,Adaptive_Ultimate,0.9914675088952258,0.0,0.1409110566300842,0.0,1.0,0.0,0.13342191700030526
Dataset_C_MQTT_IoT_Flood,OnOff,NonIID_Dirichlet,44,FLAME,0.9914675088952258,0.0,0.12839189339993026,0.0,1.0,0.0,0.11228808600026241
Dataset_C_MQTT_IoT_Flood,OnOff,NonIID_Dirichlet,44,FLTrust,0.9914675088952258,0.0,0.12695868502003577,0.0,1.0,0.0,0.10726390600029845
Dataset_C_MQTT_IoT_Flood,OnOff,NonIID_Dirichlet,44,FedAvg,0.9908094169871339,0.0,0.12097035459004474,0.0,1.0,0.0,0.16477577399928123
Dataset_C_MQTT_IoT_Flood,OnOff,NonIID_Dirichlet,44,Krum,0.9924383463366514,0.0,0.1288619233199097,0.0,1.0,0.0,0.10620885900061694
Dataset_C_MQTT_IoT_Flood,OnOff,NonIID_Dirichlet,45,Adaptive_FixedCircuitBreaker,0.948506928305013,0.050769230769230775,0.12551192224997065,0.29,0.9607843137254901,0.038461538461538464,0.16795970699968166
Dataset_C_MQTT_IoT_Flood,OnOff,NonIID_Dirichlet,45,Adaptive_NoAdaptiveWeighting,0.94803989533798,0.050769230769230775,0.12922623011005271,0.0,0.9607843137254901,0.038461538461538464,0.11007306999999855
Dataset_C_MQTT_IoT_Flood,OnOff,NonIID_Dirichlet,45,Adaptive_NoCircuitBreaker,0.948506928305013,0.050769230769230775,0.12798961460002828,0.0,0.9607843137254901,0.038461538461538464,0.11397024000143574
Dataset_C_MQTT_IoT_Flood,OnOff,NonIID_Dirichlet,45,Adaptive_NoTemporalMemory,0.948114771442268,0.05,0.12460254000996429,0.0,0.9607843137254901,0.038461538461538464,0.1178200439990178
Dataset_C_MQTT_IoT_Flood,OnOff,NonIID_Dirichlet,45,Adaptive_Ultimate,0.948506928305013,0.050769230769230775,0.13064282782001102,0.0,0.9607843137254901,0.038461538461538464,0.18730732800031547
Dataset_C_MQTT_IoT_Flood,OnOff,NonIID_Dirichlet,45,FLAME,0.949379008427221,0.05846153846153847,0.15002435688000332,0.0,0.9607843137254901,0.15384615384615385,0.12799746100063203
Dataset_C_MQTT_IoT_Flood,OnOff,NonIID_Dirichlet,45,FLTrust,0.948114771442268,0.05,0.14097670151002603,0.0,0.9607843137254901,0.038461538461538464,0.11635220999960438
Dataset_C_MQTT_IoT_Flood,OnOff,NonIID_Dirichlet,45,FedAvg,0.9495759445402697,0.050769230769230775,0.14092722825000237,0.0,0.9607843137254901,0.07692307692307693,0.15571280999938608
Dataset_C_MQTT_IoT_Flood,OnOff,NonIID_Dirichlet,45,Krum,0.9489868515644759,0.05346153846153847,0.1580392387700522,0.0,0.9607843137254901,0.07692307692307693,0.1377785260010569
Dataset_C_MQTT_IoT_Flood,OnOff,NonIID_Dirichlet,46,Adaptive_FixedCircuitBreaker,0.9873395228112208,0.0003846153846153846,0.12847608570004013,0.32,1.0,0.0,0.11574237599961634
Dataset_C_MQTT_IoT_Flood,OnOff,NonIID_Dirichlet,46,Adaptive_NoAdaptiveWeighting,0.9853787384974955,0.024615384615384615,0.12603801422992547,0.0,1.0,0.0,0.11181401599969831
Dataset_C_MQTT_IoT_Flood,OnOff,NonIID_Dirichlet,46,Adaptive_NoCircuitBreaker,0.9873395228112208,0.0003846153846153846,0.12561994612999114,0.0,1.0,0.0,0.11457238900038647
Dataset_C_MQTT_IoT_Flood,OnOff,NonIID_Dirichlet,46,Adaptive_NoTemporalMemory,0.9862151841868823,0.0,0.12819699259998743,0.0,1.0,0.0,0.10765883400017628
Dataset_C_MQTT_IoT_Flood,OnOff,NonIID_Dirichlet,46,Adaptive_Ultimate,0.9873395228112208,0.0003846153846153846,0.11834570650005843,0.0,1.0,0.0,0.17887307599994529
Dataset_C_MQTT_IoT_Flood,OnOff,NonIID_Dirichlet,46,FLAME,0.9781556147652439,0.005,0.14439248391990986,0.0,1.0,0.038461538461538464,0.13575059299910208
Dataset_C_MQTT_IoT_Flood,OnOff,NonIID_Dirichlet,46,FLTrust,0.9862151841868823,0.0,0.12287550017004832,0.0,1.0,0.0,0.18256927599941264
Dataset_C_MQTT_IoT_Flood,OnOff,NonIID_Dirichlet,46,FedAvg,0.9861630522229856,0.021923076923076924,0.13365308813998125,0.0,0.9607843137254901,0.07692307692307693,0.11670801900072547
Dataset_C_MQTT_IoT_Flood,OnOff,NonIID_Dirichlet,46,Krum,0.9735547069981032,0.0038461538461538464,0.13956904201015277,0.0,1.0,0.038461538461538464,0.12695963199985272
Dataset_C_MQTT_IoT_Flood,OnOff,NonIID_Dirichlet,47,Adaptive_FixedCircuitBreaker,0.9912685694263046,0.0007692307692307692,0.11595842257996992,0.32,1.0,0.0,0.14997901400056435
Dataset_C_MQTT_IoT_Flood,OnOff,NonIID_Dirichlet,47,Adaptive_NoAdaptiveWeighting,0.9912685694263046,0.0007692307692307692,0.12259221721993527,0.0,1.0,0.0,0.10530229399955715
Dataset_C_MQTT_IoT_Flood,OnOff,NonIID_Dirichlet,47,Adaptive_NoCircuitBreaker,0.9912685694263046,0.0007692307692307692,0.12110878199984654,0.0,1.0,0.0,0.10491797299982863
Dataset_C_MQTT_IoT_Flood,OnOff,NonIID_Dirichlet,47,Adaptive_NoTemporalMemory,0.9919027221712643,0.0007692307692307692,0.1116771583699483,0.0,1.0,0.0,0.10564325199993618
Dataset_C_MQTT_IoT_Flood,OnOff,NonIID_Dirichlet,47,Adaptive_Ultimate,0.9912685694263046,0.0007692307692307692,0.1207013760499467,0.0,1.0,0.0,0.11014280599920312
Dataset_C_MQTT_IoT_Flood,OnOff,NonIID_Dirichlet,47,FLAME,0.9927394235170423,0.0003846153846153846,0.12421579105001002,0.0,1.0,0.0,0.12575839500095753
Dataset_C_MQTT_IoT_Flood,OnOff,NonIID_Dirichlet,47,FLTrust,0.9919027221712643,0.0007692307692307692,0.12147766964988477,0.0,1.0,0.0,0.10668668099970091
Dataset_C_MQTT_IoT_Flood,OnOff,NonIID_Dirichlet,47,FedAvg,0.9912685694263046,0.0007692307692307692,0.11400251641991417,0.0,1.0,0.0,0.15466363099949376
Dataset_C_MQTT_IoT_Flood,OnOff,NonIID_Dirichlet,47,Krum,0.9912685694263046,0.001153846153846154,0.11772340662995702,0.0,1.0,0.0,0.10759750299985171
Dataset_C_MQTT_IoT_Flood,OnOff,NonIID_Dirichlet,48,Adaptive_FixedCircuitBreaker,0.9918420042570986,0.0016,0.12236261661995741,0.14,1.0,0.0,0.12260589099969366
Dataset_C_MQTT_IoT_Flood,OnOff,NonIID_Dirichlet,48,Adaptive_NoAdaptiveWeighting,0.9918420042570986,0.0016,0.11274970047998067,0.0,1.0,0.0,0.10520738199920743
Dataset_C_MQTT_IoT_Flood,OnOff,NonIID_Dirichlet,48,Adaptive_NoCircuitBreaker,0.9918420042570986,0.0016,0.12269515004991263,0.0,1.0,0.0,0.10421358100029465
Dataset_C_MQTT_IoT_Flood,OnOff,NonIID_Dirichlet,48,Adaptive_NoTemporalMemory,0.9923077154327155,0.0016,0.11725195432987676,0.0,1.0,0.0,0.16106965499966464
Dataset_C_MQTT_IoT_Flood,OnOff,NonIID_Dirichlet,48,Adaptive_Ultimate,0.9918420042570986,0.0016,0.1216775566699289,0.0,1.0,0.0,0.1045554730008007
Dataset_C_MQTT_IoT_Flood,OnOff,NonIID_Dirichlet,48,FLAME,0.991504702669797,0.0012,0.12384282662009355,0.0,1.0,0.0,0.10726801899909333
Dataset_C_MQTT_IoT_Flood,OnOff,NonIID_Dirichlet,48,FLTrust,0.9923077154327155,0.0016,0.1230132749299446,0.0,1.0,0.0,0.1242244290006056
Dataset_C_MQTT_IoT_Flood,OnOff,NonIID_Dirichlet,48,FedAvg,0.9921627945778888,0.0012,0.11734393764001652,0.0,1.0,0.0,0.16096482899956754
Dataset_C_MQTT_IoT_Flood,OnOff,NonIID_Dirichlet,48,Krum,0.9861688856935805,0.0004,0.11005541705990254,0.0,1.0,0.0,0.13002473100095813
Dataset_C_MQTT_IoT_Flood,OnOff,NonIID_Dirichlet,49,Adaptive_FixedCircuitBreaker,0.9804377040208803,0.0,0.12385652707003829,0.2,1.0,0.0,0.11180744400007825
Dataset_C_MQTT_IoT_Flood,OnOff,NonIID_Dirichlet,49,Adaptive_NoAdaptiveWeighting,0.9803139379526081,0.0,0.12240058721003151,0.0,1.0,0.0,0.16964179199931095
Dataset_C_MQTT_IoT_Flood,OnOff,NonIID_Dirichlet,49,Adaptive_NoCircuitBreaker,0.9804377040208803,0.0,0.11162368828005129,0.0,1.0,0.0,0.15296099999977741
Dataset_C_MQTT_IoT_Flood,OnOff,NonIID_Dirichlet,49,Adaptive_NoTemporalMemory,0.9804377040208803,0.0,0.12366935551990536,0.0,1.0,0.0,0.11864114799936942
Dataset_C_MQTT_IoT_Flood,OnOff,NonIID_Dirichlet,49,Adaptive_Ultimate,0.9804377040208803,0.0,0.12296057448991632,0.0,1.0,0.0,0.10908629199911957
Dataset_C_MQTT_IoT_Flood,OnOff,NonIID_Dirichlet,49,FLAME,0.9786850086030906,0.0,0.11521139716003745,0.0,1.0,0.0,0.1582757619999029
Dataset_C_MQTT_IoT_Flood,OnOff,NonIID_Dirichlet,49,FLTrust,0.9804377040208803,0.0,0.12063918349000233,0.0,1.0,0.0,0.10611610600062704
Dataset_C_MQTT_IoT_Flood,OnOff,NonIID_Dirichlet,49,FedAvg,0.9803139379526081,0.0,0.12316369295000186,0.0,1.0,0.0,0.1124480449998373
Dataset_C_MQTT_IoT_Flood,OnOff,NonIID_Dirichlet,49,Krum,0.9689104070120709,0.0,0.1225004907100447,0.0,1.0,0.0,0.16642507600045064
Dataset_C_MQTT_IoT_Flood,OnOff,NonIID_Dirichlet,50,Adaptive_FixedCircuitBreaker,0.9733420728465321,0.0556,0.11871998577000341,0.32,1.0,0.0,0.10859685400100716
Dataset_C_MQTT_IoT_Flood,OnOff,NonIID_Dirichlet,50,Adaptive_NoAdaptiveWeighting,0.9692041011690867,0.0644,0.12093432259007386,0.0,1.0,0.0,0.10453469299864082
Dataset_C_MQTT_IoT_Flood,OnOff,NonIID_Dirichlet,50,Adaptive_NoCircuitBreaker,0.9733420728465321,0.0556,0.12290485479003109,0.0,1.0,0.0,0.1031063800000993
Dataset_C_MQTT_IoT_Flood,OnOff,NonIID_Dirichlet,50,Adaptive_NoTemporalMemory,0.9746340293402678,0.053200000000000004,0.1232179892799286,0.0,1.0,0.0,0.10771288399882906
Dataset_C_MQTT_IoT_Flood,OnOff,NonIID_Dirichlet,50,Adaptive_Ultimate,0.9733420728465321,0.0556,0.11811810049008273,0.0,1.0,0.0,0.16834080099943094
Dataset_C_MQTT_IoT_Flood,OnOff,NonIID_Dirichlet,50,FLAME,0.9780974017067434,0.045599999999999995,0.12921590343992648,0.0,1.0,0.0,0.10870619799970882
Dataset_C_MQTT_IoT_Flood,OnOff,NonIID_Dirichlet,50,FLTrust,0.9746340293402678,0.053200000000000004,0.12785832898998706,0.0,1.0,0.0,0.11633123799947498
Dataset_C_MQTT_IoT_Flood,OnOff,NonIID_Dirichlet,50,FedAvg,0.973043434287024,0.055999999999999994,0.1230991656500919,0.0,1.0,0.0,0.10828443799982779
Dataset_C_MQTT_IoT_Flood,OnOff,NonIID_Dirichlet,50,Krum,0.977570671876991,0.047599999999999996,0.12577558401000716,0.0,1.0,0.0,0.11237377299949003
Dataset_C_MQTT_IoT_Flood,OnOff,NonIID_Dirichlet,51,Adaptive_FixedCircuitBreaker,0.9590576214808432,0.015600000000000001,0.11588941506992341,0.23,1.0,0.0,0.1652871310016053
Dataset_C_MQTT_IoT_Flood,OnOff,NonIID_Dirichlet,51,Adaptive_NoAdaptiveWeighting,0.9587804972978367,0.015600000000000001,0.1250260010599959,0.0,1.0,0.0,0.11554833999980474
Dataset_C_MQTT_IoT_Flood,OnOff,NonIID_Dirichlet,51,Adaptive_NoCircuitBreaker,0.9590576214808432,0.015600000000000001,0.1259878048900282,0.0,1.0,0.0,0.12031551499967463
Dataset_C_MQTT_IoT_Flood,OnOff,NonIID_Dirichlet,51,Adaptive_NoTemporalMemory,0.9593507964431357,0.0152,0.11634278775994972,0.0,1.0,0.0,0.10895583500132489
Dataset_C_MQTT_IoT_Flood,OnOff,NonIID_Dirichlet,51,Adaptive_Ultimate,0.9590576214808432,0.015600000000000001,0.12144959750999988,0.0,1.0,0.0,0.10275206999904185
Dataset_C_MQTT_IoT_Flood,OnOff,NonIID_Dirichlet,51,FLAME,0.9522470424152073,0.0092,0.12169308509994153,0.0,1.0,0.0,0.10506413700022676
Dataset_C_MQTT_IoT_Flood,OnOff,NonIID_Dirichlet,51,FLTrust,0.9593507964431357,0.0152,0.12194303172005676,0.0,1.0,0.0,0.11515586099994835
Dataset_C_MQTT_IoT_Flood,OnOff,NonIID_Dirichlet,51,FedAvg,0.9611000519570548,0.0168,0.11060727034013325,0.0,1.0,0.0,0.10658462900028098
Dataset_C_MQTT_IoT_Flood,OnOff,NonIID_Dirichlet,51,Krum,0.9529006651083037,0.01,0.12185848246997921,0.0,1.0,0.0,0.10285719700004847
Dataset_C_MQTT_IoT_Flood,OnOff,NonIID_Dirichlet,52,Adaptive_FixedCircuitBreaker,0.9498388959743441,0.036153846153846154,0.1482508838600188,0.19,0.9607843137254901,0.038461538461538464,0.16430894599943713
Dataset_C_MQTT_IoT_Flood,OnOff,NonIID_Dirichlet,52,Adaptive_NoAdaptiveWeighting,0.949054582248854,0.036923076923076927,0.1308075715700761,0.0,0.9607843137254901,0.038461538461538464,0.12067536699942139
Dataset_C_MQTT_IoT_Flood,OnOff,NonIID_Dirichlet,52,Adaptive_NoCircuitBreaker,0.9498388959743441,0.036153846153846154,0.13705874371999016,0.0,0.9607843137254901,0.038461538461538464,0.13160560699907364
Dataset_C_MQTT_IoT_Flood,OnOff,NonIID_Dirichlet,52,Adaptive_NoTemporalMemory,0.9514075234253245,0.03384615384615385,0.12728979560006337,0.0,0.9607843137254901,0.038461538461538464,0.1900017290008691
Dataset_C_MQTT_IoT_Flood,OnOff,NonIID_Dirichlet,52,Adaptive_Ultimate,0.9498388959743441,0.036153846153846154,0.15430730309994034,0.0,0.9607843137254901,0.038461538461538464,0.21577012300076603
Dataset_C_MQTT_IoT_Flood,OnOff,NonIID_Dirichlet,52,FLAME,0.9560765833315599,0.029615384615384616,0.1420291931599604,0.0,0.9607843137254901,0.038461538461538464,0.21579236700017645
Dataset_C_MQTT_IoT_Flood,OnOff,NonIID_Dirichlet,52,FLTrust,0.9514075234253245,0.03384615384615385,0.1425779218599564,0.0,0.9607843137254901,0.038461538461538464,0.19148137100091844
Dataset_C_MQTT_IoT_Flood,OnOff,NonIID_Dirichlet,52,FedAvg,0.9514075234253245,0.03423076923076923,0.12372381654000492,0.0,0.9607843137254901,0.038461538461538464,0.10504211500119709
Dataset_C_MQTT_IoT_Flood,OnOff,NonIID_Dirichlet,52,Krum,0.9562778511098595,0.03192307692307692,0.1217184243200063,0.0,0.9607843137254901,0.038461538461538464,0.1750319920010952
Dataset_C_MQTT_IoT_Flood,Scaling,IID,43,Adaptive_FixedCircuitBreaker,0.9777987739741008,0.0,0.11939353746998677,0.44,1.0,0.0,0.10628902999997081
Dataset_C_MQTT_IoT_Flood,Scaling,IID,43,Adaptive_NoAdaptiveWeighting,0.9777987739741008,0.0,0.11152539574996354,0.0,1.0,0.0,0.11781357300014861
Dataset_C_MQTT_IoT_Flood,Scaling,IID,43,Adaptive_NoCircuitBreaker,0.9777987739741008,0.0,0.1214790158200094,0.0,1.0,0.0,0.10208310200005144
Dataset_C_MQTT_IoT_Flood,Scaling,IID,43,Adaptive_NoTemporalMemory,0.9774066171113557,0.0,0.11266209657998844,0.0,1.0,0.0,0.1485640460000468
Dataset_C_MQTT_IoT_Flood,Scaling,IID,43,Adaptive_Ultimate,0.9777987739741008,0.0,0.12007188088996827,0.0,1.0,0.0,0.10318029099971682
Dataset_C_MQTT_IoT_Flood,Scaling,IID,43,FLAME,0.8111147375104893,0.3876,0.10956828018000579,0.0,0.6693191865605659,1.0,0.13578358299992033
Dataset_C_MQTT_IoT_Flood,Scaling,IID,43,FLTrust,0.9774066171113557,0.0,0.11821806784001182,0.0,1.0,0.0,0.10394091600028332
Dataset_C_MQTT_IoT_Flood,Scaling,IID,43,FedAvg,0.8058830527389473,0.7076,0.11883307610002702,0.0,1.0,0.4,0.10223904900021807
Dataset_C_MQTT_IoT_Flood,Scaling,IID,43,Krum,0.9778723282869726,0.0,0.11604255376002584,0.0,1.0,0.0,0.1441342159996566
Dataset_C_MQTT_IoT_Flood,Scaling,IID,44,Adaptive_FixedCircuitBreaker,0.9929542692676686,0.0,0.12221226327002115,0.41,1.0,0.0,0.11974471200028347
Dataset_C_MQTT_IoT_Flood,Scaling,IID,44,Adaptive_NoAdaptiveWeighting,0.9929542692676686,0.0,0.1135712810400173,0.0,1.0,0.0,0.1532617630000459
Dataset_C_MQTT_IoT_Flood,Scaling,IID,44,Adaptive_NoCircuitBreaker,0.9929542692676686,0.0,0.1223458246200198,0.0,1.0,0.0,0.1060750920000828
Dataset_C_MQTT_IoT_Flood,Scaling,IID,44,Adaptive_NoTemporalMemory,0.9929542692676686,0.0,0.12142034980000517,0.0,1.0,0.0,0.15159561400014354
Dataset_C_MQTT_IoT_Flood,Scaling,IID,44,Adaptive_Ultimate,0.9929542692676686,0.0,0.12409775707000335,0.0,1.0,0.0,0.10219625199988513
Dataset_C_MQTT_IoT_Flood,Scaling,IID,44,FLAME,0.7675608076287884,0.3856,0.11833745082997212,0.0,0.46875,1.0,0.11100188599993999
Dataset_C_MQTT_IoT_Flood,Scaling,IID,44,FLTrust,0.9929542692676686,0.0,0.12443906407002486,0.0,1.0,0.0,0.1200523779998548
Dataset_C_MQTT_IoT_Flood,Scaling,IID,44,FedAvg,0.8082994225781097,0.6616,0.12553959210000357,0.0,0.7235772357723578,1.0,0.12467917899994063
Dataset_C_MQTT_IoT_Flood,Scaling,IID,44,Krum,0.8139850640542774,0.23,0.11635931967000487,0.0,0.33214285714285713,1.0,0.1508069900000919
Dataset_C_MQTT_IoT_Flood,Scaling,IID,45,Adaptive_FixedCircuitBreaker,0.949379008427221,0.05,0.12350378839998939,0.33,0.9607843137254901,0.038461538461538464,0.10471846000018559
Dataset_C_MQTT_IoT_Flood,Scaling,IID,45,Adaptive_NoAdaptiveWeighting,0.949379008427221,0.05,0.12124726716997884,0.0,0.9607843137254901,0.038461538461538464,0.15467422899973826
Dataset_C_MQTT_IoT_Flood,Scaling,IID,45,Adaptive_NoCircuitBreaker,0.949379008427221,0.05,0.11078653318998477,0.0,0.9607843137254901,0.038461538461538464,0.15371589999995194
Dataset_C_MQTT_IoT_Flood,Scaling,IID,45,Adaptive_NoTemporalMemory,0.949379008427221,0.05,0.1227800537900248,0.0,0.9607843137254901,0.038461538461538464,0.10578942700021798
Dataset_C_MQTT_IoT_Flood,Scaling,IID,45,Adaptive_Ultimate,0.949379008427221,0.05,0.12431440138002472,0.0,0.9607843137254901,0.038461538461538464,0.12522749900017516
Dataset_C_MQTT_IoT_Flood,Scaling,IID,45,FLAME,0.6675404373542303,0.44730769230769235,0.11815276980998987,0.0,0.343859649122807,1.0,0.15777175799985343
Dataset_C_MQTT_IoT_Flood,Scaling,IID,45,FLTrust,0.949379008427221,0.05,0.11361987528995542,0.0,0.9607843137254901,0.038461538461538464,0.10285994000014398
Dataset_C_MQTT_IoT_Flood,Scaling,IID,45,FedAvg,0.6833748443144279,0.6434615384615384,0.12905135643999985,0.0,0.343859649122807,1.0,0.12653853400024673
Dataset_C_MQTT_IoT_Flood,Scaling,IID,45,Krum,0.8053022734433769,0.26,0.12748344576003093,0.0,0.4097222222222222,1.0,0.10687431900032607
Dataset_C_MQTT_IoT_Flood,Scaling,IID,46,Adaptive_FixedCircuitBreaker,0.9505919348871623,0.03230769230769231,0.12531748955997954,0.44,0.9607843137254901,0.038461538461538464,0.10768545600012658
Dataset_C_MQTT_IoT_Flood,Scaling,IID,46,Adaptive_NoAdaptiveWeighting,0.9505919348871623,0.032692307692307694,0.12581430014001854,0.0,0.9607843137254901,0.038461538461538464,0.10450627199998053
Dataset_C_MQTT_IoT_Flood,Scaling,IID,46,Adaptive_NoCircuitBreaker,0.9505919348871623,0.03230769230769231,0.12391261238997686,0.0,0.9607843137254901,0.038461538461538464,0.12215917399998943
Dataset_C_MQTT_IoT_Flood,Scaling,IID,46,Adaptive_NoTemporalMemory,0.9505919348871623,0.03230769230769231,0.12720220803998927,0.0,0.9607843137254901,0.038461538461538464,0.11360948999981701
Dataset_C_MQTT_IoT_Flood,Scaling,IID,46,Adaptive_Ultimate,0.9505919348871623,0.03230769230769231,0.1209402064200276,0.0,0.9607843137254901,0.038461538461538464,0.10938173900012771
Dataset_C_MQTT_IoT_Flood,Scaling,IID,46,FLAME,0.8097752459343964,0.3761538461538461,0.12919320817000426,0.0,0.49956709956709955,0.7692307692307693,0.11235347599995293
Dataset_C_MQTT_IoT_Flood,Scaling,IID,46,FLTrust,0.9505919348871623,0.03230769230769231,0.11948276624997561,0.0,0.9607843137254901,0.038461538461538464,0.16499823599997399
Dataset_C_MQTT_IoT_Flood,Scaling,IID,46,FedAvg,0.781492678730249,0.6823076923076923,0.12137035390002893,0.0,0.9607843137254901,0.46153846153846156,0.1018986109997968
Dataset_C_MQTT_IoT_Flood,Scaling,IID,46,Krum,0.8075112849913783,0.21846153846153846,0.12925883126998997,0.0,0.23215898825654924,1.0,0.11251309999988734
Dataset_C_MQTT_IoT_Flood,Scaling,IID,47,Adaptive_FixedCircuitBreaker,0.9912685694263046,0.001153846153846154,0.11524727351998991,0.44,1.0,0.0,0.1499835289996554
Dataset_C_MQTT_IoT_Flood,Scaling,IID,47,Adaptive_NoAdaptiveWeighting,0.9912685694263046,0.001153846153846154,0.12401666605002447,0.0,1.0,0.0,0.12411372699989442
Dataset_C_MQTT_IoT_Flood,Scaling,IID,47,Adaptive_NoCircuitBreaker,0.9912685694263046,0.001153846153846154,0.12091959449999194,0.0,1.0,0.0,0.10480750600027022
Dataset_C_MQTT_IoT_Flood,Scaling,IID,47,Adaptive_NoTemporalMemory,0.9912685694263046,0.001153846153846154,0.12122029521997774,0.0,1.0,0.0,0.1128631100000348
Dataset_C_MQTT_IoT_Flood,Scaling,IID,47,Adaptive_Ultimate,0.9912685694263046,0.001153846153846154,0.12754463742002373,0.0,1.0,0.0,0.1540981380003359
Dataset_C_MQTT_IoT_Flood,Scaling,IID,47,FLAME,0.7922087311053714,0.39807692307692305,0.1298571243700144,0.0,0.5824561403508772,1.0,0.11181596200003696
Dataset_C_MQTT_IoT_Flood,Scaling,IID,47,FLTrust,0.9912685694263046,0.001153846153846154,0.12727824542002053,0.0,1.0,0.0,0.11113373400030468
Dataset_C_MQTT_IoT_Flood,Scaling,IID,47,FedAvg,0.8284771253204855,0.7,0.1256380716799913,0.0,0.7153488372093023,1.0,0.11573585900032413
Dataset_C_MQTT_IoT_Flood,Scaling,IID,47,Krum,0.9933662184679453,0.0007692307692307692,0.1275075307199495,0.0,1.0,0.0,0.11582060199998523
Dataset_C_MQTT_IoT_Flood,Scaling,IID,48,Adaptive_FixedCircuitBreaker,0.9930536565830684,0.0008,0.10818856620998758,0.18,1.0,0.0,0.14912506400014536
Dataset_C_MQTT_IoT_Flood,Scaling,IID,48,Adaptive_NoAdaptiveWeighting,0.9930536565830684,0.0008,0.11945711850996305,0.0,1.0,0.0,0.10189666999986002
Dataset_C_MQTT_IoT_Flood,Scaling,IID,48,Adaptive_NoCircuitBreaker,0.9930536565830684,0.0008,0.12033938202001536,0.0,1.0,0.0,0.10463364099996397
Dataset_C_MQTT_IoT_Flood,Scaling,IID,48,Adaptive_NoTemporalMemory,0.9930536565830684,0.0008,0.12010079982999741,0.0,1.0,0.0,0.10950803100013218
Dataset_C_MQTT_IoT_Flood,Scaling,IID,48,Adaptive_Ultimate,0.9930536565830684,0.0008,0.1181980161599995,0.0,1.0,0.0,0.14498180800001137
Dataset_C_MQTT_IoT_Flood,Scaling,IID,48,FLAME,0.7523241991141796,0.39759999999999995,0.12168313688997841,0.0,0.5584415584415584,1.0,0.10838371299996652
Dataset_C_MQTT_IoT_Flood,Scaling,IID,48,FLTrust,0.9930536565830684,0.0008,0.12079594631999953,0.0,1.0,0.0,0.11911671300003945
Dataset_C_MQTT_IoT_Flood,Scaling,IID,48,FedAvg,0.7879678485225484,0.6896,0.10834499668001171,0.0,0.9634801288936627,0.6,0.14805665399990176
Dataset_C_MQTT_IoT_Flood,Scaling,IID,48,Krum,0.9930536565830684,0.0008,0.1184337353999672,0.0,1.0,0.0,0.10346500100013145
Dataset_C_MQTT_IoT_Flood,Scaling,IID,49,Adaptive_FixedCircuitBreaker,0.9855195160560392,0.0,0.11853047578003043,0.14,1.0,0.0,0.10705378400007248
Dataset_C_MQTT_IoT_Flood,Scaling,IID,49,Adaptive_NoAdaptiveWeighting,0.9855195160560392,0.0,0.11947706795996965,0.0,1.0,0.0,0.10349765499995556
Dataset_C_MQTT_IoT_Flood,Scaling,IID,49,Adaptive_NoCircuitBreaker,0.9855195160560392,0.0,0.11241883368997606,0.0,1.0,0.0,0.14540346499961743
Dataset_C_MQTT_IoT_Flood,Scaling,IID,49,Adaptive_NoTemporalMemory,0.9855195160560392,0.0,0.1188911242900258,0.0,1.0,0.0,0.10121706699965216
Dataset_C_MQTT_IoT_Flood,Scaling,IID,49,Adaptive_Ultimate,0.9855195160560392,0.0,0.10762074822998784,0.0,1.0,0.0,0.16097488500008694
Dataset_C_MQTT_IoT_Flood,Scaling,IID,49,FLAME,0.7516228527493061,0.382,0.1216644897300148,0.0,0.8357487922705313,0.96,0.10500035900031435
Dataset_C_MQTT_IoT_Flood,Scaling,IID,49,FLTrust,0.9855195160560392,0.0,0.11797459451998747,0.0,1.0,0.0,0.16690211900004215
Dataset_C_MQTT_IoT_Flood,Scaling,IID,49,FedAvg,0.7472549061522104,0.618,0.11449083622999297,0.0,0.9634801288936627,0.28,0.10823256499998024
Dataset_C_MQTT_IoT_Flood,Scaling,IID,49,Krum,0.8069528042936388,0.25,0.11860304656003791,0.0,0.4097222222222222,1.0,0.10470823100013149
Dataset_C_MQTT_IoT_Flood,Scaling,IID,50,Adaptive_FixedCircuitBreaker,0.9767205607331283,0.0464,0.11998910457999046,0.44,1.0,0.0,0.10472389200003818
Dataset_C_MQTT_IoT_Flood,Scaling,IID,50,Adaptive_NoAdaptiveWeighting,0.9767205607331283,0.0464,0.11331918364001012,0.0,1.0,0.0,0.14329495299989503
Dataset_C_MQTT_IoT_Flood,Scaling,IID,50,Adaptive_NoCircuitBreaker,0.9767205607331283,0.0464,0.11057112077999591,0.0,1.0,0.0,0.1022202340000149
Dataset_C_MQTT_IoT_Flood,Scaling,IID,50,Adaptive_NoTemporalMemory,0.9767205607331283,0.0464,0.11967723392001062,0.0,1.0,0.0,0.1034573920001094
Dataset_C_MQTT_IoT_Flood,Scaling,IID,50,Adaptive_Ultimate,0.9767205607331283,0.0464,0.11972521320999022,0.0,1.0,0.0,0.10385660700012522
Dataset_C_MQTT_IoT_Flood,Scaling,IID,50,FLAME,0.8337458452434313,0.3768,0.11836454480998328,0.0,0.9607843137254901,0.2,0.1568936799999392
Dataset_C_MQTT_IoT_Flood,Scaling,IID,50,FLTrust,0.9767205607331283,0.0464,0.10603875235997748,0.0,1.0,0.0,0.14876575600010256
Dataset_C_MQTT_IoT_Flood,Scaling,IID,50,FedAvg,0.789241945765598,0.6172,0.1193564987200125,0.0,0.9607843137254901,0.12,0.10177420600030018
Dataset_C_MQTT_IoT_Flood,Scaling,IID,50,Krum,0.8637643453121672,0.2668,0.11871600883998326,0.0,0.8068181818181819,0.72,0.10889119400007985
Dataset_C_MQTT_IoT_Flood,Scaling,IID,51,Adaptive_FixedCircuitBreaker,0.9633514568680994,0.0192,0.11881536344001688,0.44,1.0,0.0,0.1022558670001672
Dataset_C_MQTT_IoT_Flood,Scaling,IID,51,Adaptive_NoAdaptiveWeighting,0.9633514568680994,0.0192,0.110904505719991,0.0,1.0,0.0,0.12112621500000387
Dataset_C_MQTT_IoT_Flood,Scaling,IID,51,Adaptive_NoCircuitBreaker,0.9633514568680994,0.0192,0.11894854996004142,0.0,1.0,0.0,0.10211741400007668
Dataset_C_MQTT_IoT_Flood,Scaling,IID,51,Adaptive_NoTemporalMemory,0.9633514568680994,0.0192,0.11256505292003567,0.0,1.0,0.0,0.14996593000023495
Dataset_C_MQTT_IoT_Flood,Scaling,IID,51,Adaptive_Ultimate,0.9633514568680994,0.0192,0.1192290134599898,0.0,1.0,0.0,0.10460485400017205
Dataset_C_MQTT_IoT_Flood,Scaling,IID,51,FLAME,0.7473691611299613,0.4028,0.1079827519599894,0.0,0.6693191865605659,1.0,0.18365556199978528
Dataset_C_MQTT_IoT_Flood,Scaling,IID,51,FLTrust,0.9633514568680994,0.0192,0.11803602967999267,0.0,1.0,0.0,0.10177639100038505
Dataset_C_MQTT_IoT_Flood,Scaling,IID,51,FedAvg,0.775295681086172,0.722,0.11846141174997228,0.0,1.0,0.4,0.10221159599996099
Dataset_C_MQTT_IoT_Flood,Scaling,IID,51,Krum,0.9584012143708672,0.0248,0.11685294563002117,0.0,1.0,0.0,0.14990973800013307
Dataset_C_MQTT_IoT_Flood,Scaling,IID,52,Adaptive_FixedCircuitBreaker,0.9810207717307229,0.029230769230769234,0.11391075512998668,0.44,1.0,0.038461538461538464,0.14599667099992075
Dataset_C_MQTT_IoT_Flood,Scaling,IID,52,Adaptive_NoAdaptiveWeighting,0.9810207717307229,0.007692307692307693,0.11874193296997873,0.0,1.0,0.0,0.1016691949998858
Dataset_C_MQTT_IoT_Flood,Scaling,IID,52,Adaptive_NoCircuitBreaker,0.9810207717307229,0.014615384615384617,0.11844459719999577,0.0,1.0,0.0,0.1028274540003622
Dataset_C_MQTT_IoT_Flood,Scaling,IID,52,Adaptive_NoTemporalMemory,0.9810207717307229,0.015384615384615385,0.11097990424999353,0.0,1.0,0.0,0.10228491599991685
Dataset_C_MQTT_IoT_Flood,Scaling,IID,52,Adaptive_Ultimate,0.9810207717307229,0.015,0.11963778191996426,0.0,1.0,0.0,0.1054162349996659
Dataset_C_MQTT_IoT_Flood,Scaling,IID,52,FLAME,0.7810919200782585,0.35384615384615387,0.1201908427700073,0.0,0.5277777777777778,1.0,0.10712512700001753
Dataset_C_MQTT_IoT_Flood,Scaling,IID,52,FLTrust,0.9810207717307229,0.015,0.11854176717998598,0.0,1.0,0.0,0.10379786300018168
Dataset_C_MQTT_IoT_Flood,Scaling,IID,52,FedAvg,0.7742965293872889,0.7111538461538461,0.11718204925000464,0.0,0.5824561403508772,1.0,0.14868525100018815
Dataset_C_MQTT_IoT_Flood,Scaling,IID,52,Krum,0.8007507469357872,0.24615384615384617,0.10699093462998917,0.0,0.4406926406926407,1.0,0.11197803699997166
Dataset_C_MQTT_IoT_Flood,Scaling,NonIID_Dirichlet,43,Adaptive_FixedCircuitBreaker,0.9728198052541264,0.0,0.11727993020997018,0.24,1.0,0.0,0.10598922100007258
Dataset_C_MQTT_IoT_Flood,Scaling,NonIID_Dirichlet,43,Adaptive_NoAdaptiveWeighting,0.974076475017435,0.0,0.10435683481000524,0.0,1.0,0.0,0.1390885289997641
Dataset_C_MQTT_IoT_Flood,Scaling,NonIID_Dirichlet,43,Adaptive_NoCircuitBreaker,0.9728198052541264,0.0,0.11657411333997061,0.0,1.0,0.0,0.10037950800006001
Dataset_C_MQTT_IoT_Flood,Scaling,NonIID_Dirichlet,43,Adaptive_NoTemporalMemory,0.9717467485621334,0.0,0.11603754232002757,0.0,1.0,0.0,0.16143318700005693
Dataset_C_MQTT_IoT_Flood,Scaling,NonIID_Dirichlet,43,Adaptive_Ultimate,0.9728198052541264,0.0,0.11759023519000948,0.0,1.0,0.0,0.09910447699985525
Dataset_C_MQTT_IoT_Flood,Scaling,NonIID_Dirichlet,43,FLAME,0.8734128455984113,0.2908,0.11293752238002071,0.0,0.5868055555555556,1.0,0.1471421679998457
Dataset_C_MQTT_IoT_Flood,Scaling,NonIID_Dirichlet,43,FLTrust,0.9717467485621334,0.0,0.10792212426000333,0.0,1.0,0.0,0.10026429200024722
Dataset_C_MQTT_IoT_Flood,Scaling,NonIID_Dirichlet,43,FedAvg,0.8134434210593967,0.7340000000000001,0.11751354142997116,0.0,0.8966565349544073,0.8,0.10009155800025837
Dataset_C_MQTT_IoT_Flood,Scaling,NonIID_Dirichlet,43,Krum,0.9791846361572099,0.0,0.11840032602003248,0.0,1.0,0.0,0.09931450699968991
Dataset_C_MQTT_IoT_Flood,Scaling,NonIID_Dirichlet,44,Adaptive_FixedCircuitBreaker,0.9914675088952258,0.0,0.11113484689001325,0.38,1.0,0.0,0.148745952000354
Dataset_C_MQTT_IoT_Flood,Scaling,NonIID_Dirichlet,44,Adaptive_NoAdaptiveWeighting,0.9914675088952258,0.0,0.1182425464599919,0.0,1.0,0.0,0.10064663399998608
Dataset_C_MQTT_IoT_Flood,Scaling,NonIID_Dirichlet,44,Adaptive_NoCircuitBreaker,0.9914675088952258,0.0,0.11891598471000635,0.0,1.0,0.0,0.10195567600021604
Dataset_C_MQTT_IoT_Flood,Scaling,NonIID_Dirichlet,44,Adaptive_NoTemporalMemory,0.9914675088952258,0.0,0.11046869357002834,0.0,1.0,0.0,0.1027204110000639
Dataset_C_MQTT_IoT_Flood,Scaling,NonIID_Dirichlet,44,Adaptive_Ultimate,0.9914675088952258,0.0,0.11931238843994833,0.0,1.0,0.0,0.10189490999982809
Dataset_C_MQTT_IoT_Flood,Scaling,NonIID_Dirichlet,44,FLAME,0.8039020770582179,0.35960000000000003,0.11916476355998384,0.0,0.7786046511627907,0.92,0.10008182799992937
Dataset_C_MQTT_IoT_Flood,Scaling,NonIID_Dirichlet,44,FLTrust,0.9914675088952258,0.0,0.11821900953999374,0.0,1.0,0.0,0.099485260000165
Dataset_C_MQTT_IoT_Flood,Scaling,NonIID_Dirichlet,44,FedAvg,0.7969192124441417,0.6772,0.11722848690999854,0.0,1.0,0.28,0.15166091699984463
Dataset_C_MQTT_IoT_Flood,Scaling,NonIID_Dirichlet,44,Krum,0.9924383463366514,0.0,0.10249634090002019,0.0,1.0,0.0,0.15232674199978646
Dataset_C_MQTT_IoT_Flood,Scaling,NonIID_Dirichlet,45,Adaptive_FixedCircuitBreaker,0.948506928305013,0.050769230769230775,0.11327766258003066,0.41,0.9607843137254901,0.038461538461538464,0.12469834299963622
Dataset_C_MQTT_IoT_Flood,Scaling,NonIID_Dirichlet,45,Adaptive_NoAdaptiveWeighting,0.94803989533798,0.050769230769230775,0.11882510602002185,0.0,0.9607843137254901,0.038461538461538464,0.10398949599994012
Dataset_C_MQTT_IoT_Flood,Scaling,NonIID_Dirichlet,45,Adaptive_NoCircuitBreaker,0.948506928305013,0.050769230769230775,0.11721023347003211,0.0,0.9607843137254901,0.038461538461538464,0.15375576799988266
Dataset_C_MQTT_IoT_Flood,Scaling,NonIID_Dirichlet,45,Adaptive_NoTemporalMemory,0.948114771442268,0.05,0.11888499547997981,0.0,0.9607843137254901,0.038461538461538464,0.10347766200038677
Dataset_C_MQTT_IoT_Flood,Scaling,NonIID_Dirichlet,45,Adaptive_Ultimate,0.948506928305013,0.050769230769230775,0.10958480837001389,0.0,0.9607843137254901,0.038461538461538464,0.1472112169999491
Dataset_C_MQTT_IoT_Flood,Scaling,NonIID_Dirichlet,45,FLAME,0.7071122382353621,0.4115384615384615,0.12157509793001281,0.0,0.8277608915906788,0.5,0.10344947799967485
Dataset_C_MQTT_IoT_Flood,Scaling,NonIID_Dirichlet,45,FLTrust,0.948114771442268,0.05,0.11938380365003014,0.0,0.9607843137254901,0.038461538461538464,0.1003204150001693
Dataset_C_MQTT_IoT_Flood,Scaling,NonIID_Dirichlet,45,FedAvg,0.7453497673036034,0.6192307692307693,0.108325108609979,0.0,0.9607843137254901,0.3076923076923077,0.10393101899990143
Dataset_C_MQTT_IoT_Flood,Scaling,NonIID_Dirichlet,45,Krum,0.9489868515644759,0.05,0.11994910998001615,0.0,0.9607843137254901,0.038461538461538464,0.10179863100029252
Dataset_C_MQTT_IoT_Flood,Scaling,NonIID_Dirichlet,46,Adaptive_FixedCircuitBreaker,0.9873395228112208,0.0003846153846153846,0.1521043666800233,0.44,1.0,0.0,0.1192992400001458
Dataset_C_MQTT_IoT_Flood,Scaling,NonIID_Dirichlet,46,Adaptive_NoAdaptiveWeighting,0.9849865816347503,0.03153846153846154,0.12131132828999398,0.0,1.0,0.038461538461538464,0.11475749000010182
Dataset_C_MQTT_IoT_Flood,Scaling,NonIID_Dirichlet,46,Adaptive_NoCircuitBreaker,0.9873395228112208,0.0003846153846153846,0.1172946598900171,0.0,1.0,0.0,0.16280334200018842
Dataset_C_MQTT_IoT_Flood,Scaling,NonIID_Dirichlet,46,Adaptive_NoTemporalMemory,0.9862151841868823,0.0,0.12231296543999179,0.0,1.0,0.0,0.10412350699971284
Dataset_C_MQTT_IoT_Flood,Scaling,NonIID_Dirichlet,46,Adaptive_Ultimate,0.9873395228112208,0.0003846153846153846,0.11331012086000555,0.0,1.0,0.0,0.10716128500007471
Dataset_C_MQTT_IoT_Flood,Scaling,NonIID_Dirichlet,46,FLAME,0.8787033762606579,0.355,0.12137560830000439,0.0,0.7153488372093023,0.6153846153846154,0.10696875599978739
Dataset_C_MQTT_IoT_Flood,Scaling,NonIID_Dirichlet,46,FLTrust,0.9862151841868823,0.0,0.11253320224001982,0.0,1.0,0.0,0.1449773079998522
Dataset_C_MQTT_IoT_Flood,Scaling,NonIID_Dirichlet,46,FedAvg,0.7713372459015336,0.6923076923076923,0.11991411490000246,0.0,0.6357142857142857,1.0,0.11624065899968627
Dataset_C_MQTT_IoT_Flood,Scaling,NonIID_Dirichlet,46,Krum,0.9735547069981032,0.010384615384615386,0.11961144200998661,0.0,1.0,0.038461538461538464,0.10755747499979407
Dataset_C_MQTT_IoT_Flood,Scaling,NonIID_Dirichlet,47,Adaptive_FixedCircuitBreaker,0.9912685694263046,0.0007692307692307692,0.1194933319700067,0.44,1.0,0.0,0.11839033599972026
Dataset_C_MQTT_IoT_Flood,Scaling,NonIID_Dirichlet,47,Adaptive_NoAdaptiveWeighting,0.9912685694263046,0.0007692307692307692,0.12025738201995409,0.0,1.0,0.0,0.10447571900022012
Dataset_C_MQTT_IoT_Flood,Scaling,NonIID_Dirichlet,47,Adaptive_NoCircuitBreaker,0.9912685694263046,0.0007692307692307692,0.11468664396007626,0.0,1.0,0.0,0.1489710539999578
Dataset_C_MQTT_IoT_Flood,Scaling,NonIID_Dirichlet,47,Adaptive_NoTemporalMemory,0.9919027221712643,0.0007692307692307692,0.11955432299998392,0.0,1.0,0.0,0.1041344109999045
Dataset_C_MQTT_IoT_Flood,Scaling,NonIID_Dirichlet,47,Adaptive_Ultimate,0.9912685694263046,0.0007692307692307692,0.11014862386001369,0.0,1.0,0.0,0.10416520600028889
Dataset_C_MQTT_IoT_Flood,Scaling,NonIID_Dirichlet,47,FLAME,0.8254983048965814,0.36769230769230765,0.12070990195004924,0.0,0.49956709956709955,1.0,0.10566386000027705
Dataset_C_MQTT_IoT_Flood,Scaling,NonIID_Dirichlet,47,FLTrust,0.9919027221712643,0.0007692307692307692,0.11290814107000187,0.0,1.0,0.0,0.14588172200001281
Dataset_C_MQTT_IoT_Flood,Scaling,NonIID_Dirichlet,47,FedAvg,0.8180324783841226,0.7192307692307692,0.12048265685998558,0.0,0.9607843137254901,0.6538461538461539,0.1047216799997841
Dataset_C_MQTT_IoT_Flood,Scaling,NonIID_Dirichlet,47,Krum,0.9912685694263046,0.001153846153846154,0.11950059092004267,0.0,1.0,0.0,0.10476025800016942
Dataset_C_MQTT_IoT_Flood,Scaling,NonIID_Dirichlet,48,Adaptive_FixedCircuitBreaker,0.9918420042570986,0.0016,0.12746827063998353,0.24,1.0,0.0,0.1408099869995567
Dataset_C_MQTT_IoT_Flood,Scaling,NonIID_Dirichlet,48,Adaptive_NoAdaptiveWeighting,0.9918420042570986,0.0016,0.14265529662003246,0.0,1.0,0.0,0.12128718700023455
Dataset_C_MQTT_IoT_Flood,Scaling,NonIID_Dirichlet,48,Adaptive_NoCircuitBreaker,0.9918420042570986,0.0016,0.1377756127199882,0.0,1.0,0.0,0.12070519600001717
Dataset_C_MQTT_IoT_Flood,Scaling,NonIID_Dirichlet,48,Adaptive_NoTemporalMemory,0.9923077154327155,0.0016,0.12954194338997696,0.0,1.0,0.0,0.1229858750002677
Dataset_C_MQTT_IoT_Flood,Scaling,NonIID_Dirichlet,48,Adaptive_Ultimate,0.9918420042570986,0.0016,0.1135418091500287,0.0,1.0,0.0,0.10945961400011583
Dataset_C_MQTT_IoT_Flood,Scaling,NonIID_Dirichlet,48,FLAME,0.8236961817817857,0.3276,0.12151214679994154,0.0,0.49956709956709955,1.0,0.10461929400025838
Dataset_C_MQTT_IoT_Flood,Scaling,NonIID_Dirichlet,48,FLTrust,0.9923077154327155,0.0016,0.11508559134997995,0.0,1.0,0.0,0.15879935700013448
Dataset_C_MQTT_IoT_Flood,Scaling,NonIID_Dirichlet,48,FedAvg,0.7497935896020611,0.65,0.12020659441996032,0.0,0.5584415584415584,1.0,0.10655230900010793
Dataset_C_MQTT_IoT_Flood,Scaling,NonIID_Dirichlet,48,Krum,0.9861688856935805,0.0004,0.12092301769002006,0.0,1.0,0.0,0.11744977900070808
Dataset_C_MQTT_IoT_Flood,Scaling,NonIID_Dirichlet,49,Adaptive_FixedCircuitBreaker,0.9804377040208803,0.0,0.12117115594002825,0.25,1.0,0.0,0.17255992099944706
Dataset_C_MQTT_IoT_Flood,Scaling,NonIID_Dirichlet,49,Adaptive_NoAdaptiveWeighting,0.9803139379526081,0.0,0.12782542376005948,0.0,1.0,0.0,0.10733216399967205
Dataset_C_MQTT_IoT_Flood,Scaling,NonIID_Dirichlet,49,Adaptive_NoCircuitBreaker,0.9804377040208803,0.0,0.12948850344994753,0.0,1.0,0.0,0.11182525899948814
Dataset_C_MQTT_IoT_Flood,Scaling,NonIID_Dirichlet,49,Adaptive_NoTemporalMemory,0.9804377040208803,0.0,0.12591593857004227,0.0,1.0,0.0,0.11541810200014879
Dataset_C_MQTT_IoT_Flood,Scaling,NonIID_Dirichlet,49,Adaptive_Ultimate,0.9804377040208803,0.0,0.13334243223996964,0.0,1.0,0.0,0.18397346199981257
Dataset_C_MQTT_IoT_Flood,Scaling,NonIID_Dirichlet,49,FLAME,0.8647240759303062,0.3296,0.14593708017996504,0.0,0.6146469049694856,1.0,0.13284627000030014
Dataset_C_MQTT_IoT_Flood,Scaling,NonIID_Dirichlet,49,FLTrust,0.9804377040208803,0.0,0.1425941692700235,0.0,1.0,0.0,0.1884691360000943
Dataset_C_MQTT_IoT_Flood,Scaling,NonIID_Dirichlet,49,FedAvg,0.7682424374054502,0.6192,0.13849562951004374,0.0,0.5584415584415584,1.0,0.12130655700002535
Dataset_C_MQTT_IoT_Flood,Scaling,NonIID_Dirichlet,49,Krum,0.9689104070120709,0.0,0.13894027799004108,0.0,1.0,0.0,0.11614296300012938
Dataset_C_MQTT_IoT_Flood,Scaling,NonIID_Dirichlet,50,Adaptive_FixedCircuitBreaker,0.9733420728465321,0.0556,0.123717421429983,0.44,1.0,0.0,0.11237642699961725
Dataset_C_MQTT_IoT_Flood,Scaling,NonIID_Dirichlet,50,Adaptive_NoAdaptiveWeighting,0.9692041011690867,0.0644,0.11390995803000806,0.0,1.0,0.0,0.16036881600030028
Dataset_C_MQTT_IoT_Flood,Scaling,NonIID_Dirichlet,50,Adaptive_NoCircuitBreaker,0.9733420728465321,0.0556,0.12804647939999994,0.0,1.0,0.0,0.12579357899994648
Dataset_C_MQTT_IoT_Flood,Scaling,NonIID_Dirichlet,50,Adaptive_NoTemporalMemory,0.9746340293402678,0.053200000000000004,0.12043243958001768,0.0,1.0,0.0,0.1740400420003425
Dataset_C_MQTT_IoT_Flood,Scaling,NonIID_Dirichlet,50,Adaptive_Ultimate,0.9733420728465321,0.0556,0.12279786747999424,0.0,1.0,0.0,0.12442351200024859
Dataset_C_MQTT_IoT_Flood,Scaling,NonIID_Dirichlet,50,FLAME,0.9048533462296584,0.2452,0.12538253173996053,0.0,0.8966565349544073,0.92,0.11075588199946651
Dataset_C_MQTT_IoT_Flood,Scaling,NonIID_Dirichlet,50,FLTrust,0.9746340293402678,0.053200000000000004,0.12461832734001291,0.0,1.0,0.0,0.10215732399956323
Dataset_C_MQTT_IoT_Flood,Scaling,NonIID_Dirichlet,50,FedAvg,0.6607051965378448,0.5912,0.12048773799996525,0.0,1.0,0.16,0.16953028900024947
Dataset_C_MQTT_IoT_Flood,Scaling,NonIID_Dirichlet,50,Krum,0.977570671876991,0.047599999999999996,0.11286490962004792,0.0,1.0,0.0,0.12843710600009217
Dataset_C_MQTT_IoT_Flood,Scaling,NonIID_Dirichlet,51,Adaptive_FixedCircuitBreaker,0.9590576214808432,0.015600000000000001,0.12775333539996608,0.43,1.0,0.0,0.11428258599971741
Dataset_C_MQTT_IoT_Flood,Scaling,NonIID_Dirichlet,51,Adaptive_NoAdaptiveWeighting,0.9587804972978367,0.015600000000000001,0.12533699303003232,0.0,1.0,0.0,0.11809788400023535
Dataset_C_MQTT_IoT_Flood,Scaling,NonIID_Dirichlet,51,Adaptive_NoCircuitBreaker,0.9590576214808432,0.015600000000000001,0.12600635894001244,0.0,1.0,0.0,0.10198794999996608
Dataset_C_MQTT_IoT_Flood,Scaling,NonIID_Dirichlet,51,Adaptive_NoTemporalMemory,0.9593507964431357,0.0152,0.123960639560064,0.0,1.0,0.0,0.10951802900035545
Dataset_C_MQTT_IoT_Flood,Scaling,NonIID_Dirichlet,51,Adaptive_Ultimate,0.9590576214808432,0.015600000000000001,0.1258927729599691,0.0,1.0,0.0,0.10872382300021854
Dataset_C_MQTT_IoT_Flood,Scaling,NonIID_Dirichlet,51,FLAME,0.7823561142516472,0.4132,0.12147118743996543,0.0,0.5868055555555556,1.0,0.15924255600020842
Dataset_C_MQTT_IoT_Flood,Scaling,NonIID_Dirichlet,51,FLTrust,0.9593507964431357,0.0152,0.11550577600992255,0.0,1.0,0.0,0.1779296879994945
Dataset_C_MQTT_IoT_Flood,Scaling,NonIID_Dirichlet,51,FedAvg,0.7681947315372849,0.7828,0.12438742126998477,0.0,0.5584415584415584,1.0,0.11643964999984746
Dataset_C_MQTT_IoT_Flood,Scaling,NonIID_Dirichlet,51,Krum,0.9529006651083037,0.01,0.12449775029003832,0.0,1.0,0.0,0.11263948100076959
Dataset_C_MQTT_IoT_Flood,Scaling,NonIID_Dirichlet,52,Adaptive_FixedCircuitBreaker,0.949054582248854,0.036923076923076927,0.1116804557800515,0.25,0.9607843137254901,0.038461538461538464,0.1016881800005649
Dataset_C_MQTT_IoT_Flood,Scaling,NonIID_Dirichlet,52,Adaptive_NoAdaptiveWeighting,0.9467016410723833,0.03884615384615385,0.11923754487006591,0.0,0.9607843137254901,0.038461538461538464,0.10278868800014607
Dataset_C_MQTT_IoT_Flood,Scaling,NonIID_Dirichlet,52,Adaptive_NoCircuitBreaker,0.949054582248854,0.036923076923076927,0.1187108546499985,0.0,0.9607843137254901,0.038461538461538464,0.11607756499961397
Dataset_C_MQTT_IoT_Flood,Scaling,NonIID_Dirichlet,52,Adaptive_NoTemporalMemory,0.949054582248854,0.036153846153846154,0.11810585870003706,0.0,0.9607843137254901,0.038461538461538464,0.10260009300054662
Dataset_C_MQTT_IoT_Flood,Scaling,NonIID_Dirichlet,52,Adaptive_Ultimate,0.949054582248854,0.036923076923076927,0.11675410938998539,0.0,0.9607843137254901,0.038461538461538464,0.14731880799990904
Dataset_C_MQTT_IoT_Flood,Scaling,NonIID_Dirichlet,52,FLAME,0.8750846633399118,0.24423076923076922,0.12381039730996235,0.0,0.5277777777777778,1.0,0.10685497399936139
Dataset_C_MQTT_IoT_Flood,Scaling,NonIID_Dirichlet,52,FLTrust,0.949054582248854,0.036153846153846154,0.12115662313996836,0.0,0.9607843137254901,0.038461538461538464,0.10595669000031194
Dataset_C_MQTT_IoT_Flood,Scaling,NonIID_Dirichlet,52,FedAvg,0.8836940095091786,0.7465384615384616,0.1190051029100232,0.0,1.0,0.6538461538461539,0.10882444700018823
Dataset_C_MQTT_IoT_Flood,Scaling,NonIID_Dirichlet,52,Krum,0.953924909933389,0.03653846153846154,0.12233076083000924,0.0,0.9607843137254901,0.038461538461538464,0.11460978499962948
Dataset_C_MQTT_IoT_Flood,Sybil,IID,43,Adaptive_FixedCircuitBreaker,0.9777987739741008,0.0,0.11797788843002309,0.43,1.0,0.0,0.10353618800036202
Dataset_C_MQTT_IoT_Flood,Sybil,IID,43,Adaptive_NoAdaptiveWeighting,0.9777987739741008,0.0,0.11889021440005308,0.0,1.0,0.0,0.10971140600031504
Dataset_C_MQTT_IoT_Flood,Sybil,IID,43,Adaptive_NoCircuitBreaker,0.9777987739741008,0.0,0.1176231008999639,0.0,1.0,0.0,0.16501143999994383
Dataset_C_MQTT_IoT_Flood,Sybil,IID,43,Adaptive_NoTemporalMemory,0.9774066171113557,0.0,0.11964737760998105,0.0,1.0,0.0,0.10782715599998483
Dataset_C_MQTT_IoT_Flood,Sybil,IID,43,Adaptive_Ultimate,0.9777987739741008,0.0,0.10822097450995898,0.0,1.0,0.0,0.15381812600026024
Dataset_C_MQTT_IoT_Flood,Sybil,IID,43,FLAME,0.9774801714242274,0.0,0.12087572187996556,0.0,1.0,0.0,0.10460186799991789
Dataset_C_MQTT_IoT_Flood,Sybil,IID,43,FLTrust,0.9774066171113557,0.0,0.11860637683004825,0.0,1.0,0.0,0.18035303899978317
Dataset_C_MQTT_IoT_Flood,Sybil,IID,43,FedAvg,0.9777987739741008,0.0004,0.11949127510996732,0.0,1.0,0.04,0.10437112500039802
Dataset_C_MQTT_IoT_Flood,Sybil,IID,43,Krum,0.9778723282869726,0.0,0.11973015155002031,0.0,1.0,0.0,0.10316059900014807
Dataset_C_MQTT_IoT_Flood,Sybil,IID,44,Adaptive_FixedCircuitBreaker,0.9929542692676686,0.0,0.1180978168499405,0.43,1.0,0.0,0.10336555100002442
Dataset_C_MQTT_IoT_Flood,Sybil,IID,44,Adaptive_NoAdaptiveWeighting,0.9929542692676686,0.0,0.12068495136998536,0.0,1.0,0.0,0.10340678800002934
Dataset_C_MQTT_IoT_Flood,Sybil,IID,44,Adaptive_NoCircuitBreaker,0.9929542692676686,0.0,0.11989511125994795,0.0,1.0,0.0,0.11856039999929635
Dataset_C_MQTT_IoT_Flood,Sybil,IID,44,Adaptive_NoTemporalMemory,0.9929542692676686,0.0,0.12035806455004604,0.0,1.0,0.0,0.10763304200008861
Dataset_C_MQTT_IoT_Flood,Sybil,IID,44,Adaptive_Ultimate,0.9929542692676686,0.0,0.11121388339000077,0.0,1.0,0.0,0.14622803599922918
Dataset_C_MQTT_IoT_Flood,Sybil,IID,44,FLAME,0.9929542692676686,0.0,0.12098057208003411,0.0,1.0,0.0,0.10597573799987003
Dataset_C_MQTT_IoT_Flood,Sybil,IID,44,FLTrust,0.9929542692676686,0.0,0.11776591644003019,0.0,1.0,0.0,0.15793439499975648
Dataset_C_MQTT_IoT_Flood,Sybil,IID,44,FedAvg,0.9929542692676686,0.0,0.12045125023003493,0.0,1.0,0.0,0.11416564599949197
Dataset_C_MQTT_IoT_Flood,Sybil,IID,44,Krum,0.9929542692676686,0.002,0.11990232015996298,0.0,1.0,0.08,0.1049158929999976
Dataset_C_MQTT_IoT_Flood,Sybil,IID,45,Adaptive_FixedCircuitBreaker,0.949379008427221,0.05,0.11840674383001897,0.43,0.9607843137254901,0.038461538461538464,0.10550288800004637
Dataset_C_MQTT_IoT_Flood,Sybil,IID,45,Adaptive_NoAdaptiveWeighting,0.949379008427221,0.05,0.11925232599003721,0.0,0.9607843137254901,0.038461538461538464,0.11724097800015443
Dataset_C_MQTT_IoT_Flood,Sybil,IID,45,Adaptive_NoCircuitBreaker,0.949379008427221,0.05,0.11702656269002545,0.0,0.9607843137254901,0.038461538461538464,0.17135761700046714
Dataset_C_MQTT_IoT_Flood,Sybil,IID,45,Adaptive_NoTemporalMemory,0.949379008427221,0.05,0.11908446171008108,0.0,0.9607843137254901,0.038461538461538464,0.10116551600003731
Dataset_C_MQTT_IoT_Flood,Sybil,IID,45,Adaptive_Ultimate,0.949379008427221,0.05,0.1081975783100097,0.0,0.9607843137254901,0.038461538461538464,0.16262694699980784
Dataset_C_MQTT_IoT_Flood,Sybil,IID,45,FLAME,0.9489868515644759,0.048461538461538466,0.12047583772001418,0.0,0.9607843137254901,0.038461538461538464,0.11022488399976282
Dataset_C_MQTT_IoT_Flood,Sybil,IID,45,FLTrust,0.949379008427221,0.05,0.115796611770038,0.0,0.9607843137254901,0.038461538461538464,0.14811418000044796
Dataset_C_MQTT_IoT_Flood,Sybil,IID,45,FedAvg,0.949379008427221,0.05346153846153847,0.1190681603399662,0.0,0.9607843137254901,0.07692307692307693,0.10342836600011651
Dataset_C_MQTT_IoT_Flood,Sybil,IID,45,Krum,0.9489868515644759,0.05038461538461538,0.11865043288999004,0.0,0.9607843137254901,0.07692307692307693,0.10459334799998032
Dataset_C_MQTT_IoT_Flood,Sybil,IID,46,Adaptive_FixedCircuitBreaker,0.9823566407695153,0.0,0.11981786835002822,0.44,1.0,0.0,0.10342821600079333
Dataset_C_MQTT_IoT_Flood,Sybil,IID,46,Adaptive_NoAdaptiveWeighting,0.9819644839067702,0.0,0.12226406407000467,0.0,1.0,0.0,0.12022851100027765
Dataset_C_MQTT_IoT_Flood,Sybil,IID,46,Adaptive_NoCircuitBreaker,0.9823566407695153,0.0,0.12038773495996793,0.0,1.0,0.0,0.10425883900006738
Dataset_C_MQTT_IoT_Flood,Sybil,IID,46,Adaptive_NoTemporalMemory,0.9827487976322604,0.0,0.1206584198899418,0.0,1.0,0.0,0.10867777200019191
Dataset_C_MQTT_IoT_Flood,Sybil,IID,46,Adaptive_Ultimate,0.9823566407695153,0.0,0.11031458196007407,0.0,1.0,0.0,0.14796605499941506
Dataset_C_MQTT_IoT_Flood,Sybil,IID,46,FLAME,0.9721321175950486,0.016923076923076926,0.12144545242002096,0.0,0.9244444444444444,0.07692307692307693,0.1097705379997933
Dataset_C_MQTT_IoT_Flood,Sybil,IID,46,FLTrust,0.9827487976322604,0.0,0.118816505040013,0.0,1.0,0.0,0.17070939000041108
Dataset_C_MQTT_IoT_Flood,Sybil,IID,46,FedAvg,0.9482782093969662,0.037307692307692306,0.12028527650994875,0.0,0.9244444444444444,0.07692307692307693,0.10317473600025551
Dataset_C_MQTT_IoT_Flood,Sybil,IID,46,Krum,0.9421876409538172,0.07307692307692308,0.12043017312001211,0.0,0.9244444444444444,0.3076923076923077,0.10921369199968467
Dataset_C_MQTT_IoT_Flood,Sybil,IID,47,Adaptive_FixedCircuitBreaker,0.9912685694263046,0.001153846153846154,0.11380279242998767,0.44,1.0,0.0,0.1538803250005003
Dataset_C_MQTT_IoT_Flood,Sybil,IID,47,Adaptive_NoAdaptiveWeighting,0.9912685694263046,0.001153846153846154,0.12213070670998605,0.0,1.0,0.0,0.10790597600043839
Dataset_C_MQTT_IoT_Flood,Sybil,IID,47,Adaptive_NoCircuitBreaker,0.9912685694263046,0.001153846153846154,0.12247911492999265,0.0,1.0,0.0,0.10569917600059853
Dataset_C_MQTT_IoT_Flood,Sybil,IID,47,Adaptive_NoTemporalMemory,0.9912685694263046,0.001153846153846154,0.11801785024997116,0.0,1.0,0.0,0.10964951100049802
Dataset_C_MQTT_IoT_Flood,Sybil,IID,47,Adaptive_Ultimate,0.9912685694263046,0.001153846153846154,0.12127744067003732,0.0,1.0,0.0,0.17419050900025468
Dataset_C_MQTT_IoT_Flood,Sybil,IID,47,FLAME,0.99092852884867,0.001153846153846154,0.1266495505999319,0.0,1.0,0.0,0.13250354199954018
Dataset_C_MQTT_IoT_Flood,Sybil,IID,47,FLTrust,0.9912685694263046,0.001153846153846154,0.12455461941993234,0.0,1.0,0.0,0.10453367499940214
Dataset_C_MQTT_IoT_Flood,Sybil,IID,47,FedAvg,0.99092852884867,0.002307692307692308,0.1192172289300197,0.0,1.0,0.038461538461538464,0.1081356760005292
Dataset_C_MQTT_IoT_Flood,Sybil,IID,47,Krum,0.9933662184679453,0.0007692307692307692,0.1217484092900395,0.0,1.0,0.0,0.11889588899975934
Dataset_C_MQTT_IoT_Flood,Sybil,IID,48,Adaptive_FixedCircuitBreaker,0.9930536565830684,0.0008,0.11751328761005425,0.2,1.0,0.0,0.16430573300021933
Dataset_C_MQTT_IoT_Flood,Sybil,IID,48,Adaptive_NoAdaptiveWeighting,0.9930536565830684,0.0008,0.12031379889999698,0.0,1.0,0.0,0.11216133699963393
Dataset_C_MQTT_IoT_Flood,Sybil,IID,48,Adaptive_NoCircuitBreaker,0.9930536565830684,0.0008,0.1194961030099421,0.0,1.0,0.0,0.10262210899963975
Dataset_C_MQTT_IoT_Flood,Sybil,IID,48,Adaptive_NoTemporalMemory,0.9930536565830684,0.0008,0.1107958483099901,0.0,1.0,0.0,0.10500246999981755
Dataset_C_MQTT_IoT_Flood,Sybil,IID,48,Adaptive_Ultimate,0.9930536565830684,0.0008,0.12064939495002364,0.0,1.0,0.0,0.10661993400026404
Dataset_C_MQTT_IoT_Flood,Sybil,IID,48,FLAME,0.9940244940244941,0.0004,0.12130647913000757,0.0,1.0,0.0,0.1042980180000086
Dataset_C_MQTT_IoT_Flood,Sybil,IID,48,FLTrust,0.9930536565830684,0.0008,0.11985484570997869,0.0,1.0,0.0,0.10508863700033544
Dataset_C_MQTT_IoT_Flood,Sybil,IID,48,FedAvg,0.992688457872005,0.0024,0.11319841164002355,0.0,0.9634801288936627,0.04,0.16819208600009006
Dataset_C_MQTT_IoT_Flood,Sybil,IID,48,Krum,0.9930536565830684,0.0008,0.11348435495995546,0.0,1.0,0.0,0.10453259499990963
Dataset_C_MQTT_IoT_Flood,Sybil,IID,49,Adaptive_FixedCircuitBreaker,0.9855195160560392,0.0,0.11985570207005367,0.35,1.0,0.0,0.16550032800023473
Dataset_C_MQTT_IoT_Flood,Sybil,IID,49,Adaptive_NoAdaptiveWeighting,0.9855195160560392,0.0,0.11870730121999258,0.0,1.0,0.0,0.10315391699987231
Dataset_C_MQTT_IoT_Flood,Sybil,IID,49,Adaptive_NoCircuitBreaker,0.9855195160560392,0.0,0.11988894351999078,0.0,1.0,0.0,0.10472889999982726
Dataset_C_MQTT_IoT_Flood,Sybil,IID,49,Adaptive_NoTemporalMemory,0.9855195160560392,0.0,0.10977576872996905,0.0,1.0,0.0,0.15405271199961135
Dataset_C_MQTT_IoT_Flood,Sybil,IID,49,Adaptive_Ultimate,0.9855195160560392,0.0,0.12009879675000774,0.0,1.0,0.0,0.10458518700033892
Dataset_C_MQTT_IoT_Flood,Sybil,IID,49,FLAME,0.9851273591932942,0.0,0.12113904183001069,0.0,1.0,0.0,0.10724909500004287
Dataset_C_MQTT_IoT_Flood,Sybil,IID,49,FLTrust,0.9855195160560392,0.0,0.12025594543001716,0.0,1.0,0.0,0.10610177000035037
Dataset_C_MQTT_IoT_Flood,Sybil,IID,49,FedAvg,0.9855195160560392,0.0,0.1150628951199451,0.0,1.0,0.0,0.14768734900007985
Dataset_C_MQTT_IoT_Flood,Sybil,IID,49,Krum,0.9859116729187843,0.0008,0.11055927221003004,0.0,1.0,0.08,0.10586267300004693
Dataset_C_MQTT_IoT_Flood,Sybil,IID,50,Adaptive_FixedCircuitBreaker,0.9767205607331283,0.0472,0.12089166731001569,0.44,1.0,0.0,0.10523575000024721
Dataset_C_MQTT_IoT_Flood,Sybil,IID,50,Adaptive_NoAdaptiveWeighting,0.9767205607331283,0.0472,0.11440132236001772,0.0,1.0,0.0,0.10318019599981199
Dataset_C_MQTT_IoT_Flood,Sybil,IID,50,Adaptive_NoCircuitBreaker,0.9767205607331283,0.0472,0.12038011844006177,0.0,1.0,0.0,0.12071133699919301
Dataset_C_MQTT_IoT_Flood,Sybil,IID,50,Adaptive_NoTemporalMemory,0.9767205607331283,0.0472,0.11377888170995902,0.0,1.0,0.0,0.1593680880005195
Dataset_C_MQTT_IoT_Flood,Sybil,IID,50,Adaptive_Ultimate,0.9767205607331283,0.0472,0.12058971802999623,0.0,1.0,0.0,0.1055673470000329
Dataset_C_MQTT_IoT_Flood,Sybil,IID,50,FLAME,0.9767023484772848,0.048799999999999996,0.12074351880000904,0.0,1.0,0.0,0.10566969299998163
Dataset_C_MQTT_IoT_Flood,Sybil,IID,50,FLTrust,0.9767205607331283,0.0472,0.12059123001999068,0.0,1.0,0.0,0.1025465519996942
Dataset_C_MQTT_IoT_Flood,Sybil,IID,50,FedAvg,0.9764312546286048,0.048,0.11863085658001182,0.0,1.0,0.0,0.15411162199961836
Dataset_C_MQTT_IoT_Flood,Sybil,IID,50,Krum,0.9773033153106833,0.0464,0.111689727819994,0.0,1.0,0.0,0.15405825699963316
Dataset_C_MQTT_IoT_Flood,Sybil,IID,51,Adaptive_FixedCircuitBreaker,0.9633514568680994,0.0192,0.12010195563000707,0.44,1.0,0.0,0.1024595879998742
Dataset_C_MQTT_IoT_Flood,Sybil,IID,51,Adaptive_NoAdaptiveWeighting,0.9630410180007688,0.0192,0.11243928744001096,0.0,1.0,0.0,0.161344950000057
Dataset_C_MQTT_IoT_Flood,Sybil,IID,51,Adaptive_NoCircuitBreaker,0.9633514568680994,0.0192,0.12017065880003429,0.0,1.0,0.0,0.12021450900010677
Dataset_C_MQTT_IoT_Flood,Sybil,IID,51,Adaptive_NoTemporalMemory,0.9633514568680994,0.0192,0.1189709195999967,0.0,1.0,0.0,0.15772013100013282
Dataset_C_MQTT_IoT_Flood,Sybil,IID,51,Adaptive_Ultimate,0.9633514568680994,0.0192,0.12028530906001833,0.0,1.0,0.0,0.1037993740001184
Dataset_C_MQTT_IoT_Flood,Sybil,IID,51,FLAME,0.9629648057741216,0.0208,0.11639355120999426,0.0,1.0,0.0,0.11000053499992646
Dataset_C_MQTT_IoT_Flood,Sybil,IID,51,FLTrust,0.9633514568680994,0.0192,0.1197211770100057,0.0,1.0,0.0,0.10249994500009052
Dataset_C_MQTT_IoT_Flood,Sybil,IID,51,FedAvg,0.9618436782093032,0.02,0.11979089577003833,0.0,1.0,0.0,0.10416817300028924
Dataset_C_MQTT_IoT_Flood,Sybil,IID,51,Krum,0.9587664130819306,0.0248,0.1126249377399563,0.0,1.0,0.0,0.1692414369999824
Dataset_C_MQTT_IoT_Flood,Sybil,IID,52,Adaptive_FixedCircuitBreaker,0.9810207717307229,0.027692307692307693,0.1250270631299736,0.43,1.0,0.038461538461538464,0.11478871500003152
Dataset_C_MQTT_IoT_Flood,Sybil,IID,52,Adaptive_NoAdaptiveWeighting,0.9676874383973895,0.022692307692307692,0.12485740664999867,0.0,0.9607843137254901,0.038461538461538464,0.12140003900003649
Dataset_C_MQTT_IoT_Flood,Sybil,IID,52,Adaptive_NoCircuitBreaker,0.9641580266326837,0.027692307692307693,0.1255601348199707,0.0,0.9607843137254901,0.038461538461538464,0.10772448499938037
Dataset_C_MQTT_IoT_Flood,Sybil,IID,52,Adaptive_NoTemporalMemory,0.9641580266326837,0.027692307692307693,0.12463256915993952,0.0,0.9607843137254901,0.038461538461538464,0.11215496999921015
Dataset_C_MQTT_IoT_Flood,Sybil,IID,52,Adaptive_Ultimate,0.9641580266326837,0.027692307692307693,0.12509625668002627,0.0,0.9607843137254901,0.038461538461538464,0.10443832799955999
Dataset_C_MQTT_IoT_Flood,Sybil,IID,52,FLAME,0.9657266540836641,0.024230769230769233,0.12290713795993724,0.0,0.9607843137254901,0.038461538461538464,0.1727876449995165
Dataset_C_MQTT_IoT_Flood,Sybil,IID,52,FLTrust,0.9637658697699385,0.02807692307692308,0.11989458422004645,0.0,0.9607843137254901,0.038461538461538464,0.16205834900029004
Dataset_C_MQTT_IoT_Flood,Sybil,IID,52,FedAvg,0.9582756736915071,0.03307692307692308,0.12238068028997987,0.0,0.9607843137254901,0.038461538461538464,0.10645223299979989
Dataset_C_MQTT_IoT_Flood,Sybil,IID,52,Krum,0.9512878823485549,0.039615384615384615,0.124050736720028,0.0,0.9607843137254901,0.07692307692307693,0.11268675500014069
Dataset_C_MQTT_IoT_Flood,Sybil,NonIID_Dirichlet,43,Adaptive_FixedCircuitBreaker,0.9728198052541264,0.0,0.12883782294996307,0.4,1.0,0.0,0.1120774609998989
Dataset_C_MQTT_IoT_Flood,Sybil,NonIID_Dirichlet,43,Adaptive_NoAdaptiveWeighting,0.974076475017435,0.0,0.11910655208996104,0.0,1.0,0.0,0.10952879300020868
Dataset_C_MQTT_IoT_Flood,Sybil,NonIID_Dirichlet,43,Adaptive_NoCircuitBreaker,0.9728198052541264,0.0,0.12385267310005474,0.0,1.0,0.0,0.11489113700008602
Dataset_C_MQTT_IoT_Flood,Sybil,NonIID_Dirichlet,43,Adaptive_NoTemporalMemory,0.9717467485621334,0.0,0.11663581088001593,0.0,1.0,0.0,0.17851873800009344
Dataset_C_MQTT_IoT_Flood,Sybil,NonIID_Dirichlet,43,Adaptive_Ultimate,0.9728198052541264,0.0,0.1314074542700473,0.0,1.0,0.0,0.1264058639999348
Dataset_C_MQTT_IoT_Flood,Sybil,NonIID_Dirichlet,43,FLAME,0.9653809471518844,0.0268,0.14168988567999805,0.0,1.0,0.4,0.12529688499944314
Dataset_C_MQTT_IoT_Flood,Sybil,NonIID_Dirichlet,43,FLTrust,0.9717467485621334,0.0,0.1373573067700363,0.0,1.0,0.0,0.1282521060002182
Dataset_C_MQTT_IoT_Flood,Sybil,NonIID_Dirichlet,43,FedAvg,0.9704855671081992,0.055999999999999994,0.13367000601000656,0.0,1.0,0.52,0.1155700479994266
Dataset_C_MQTT_IoT_Flood,Sybil,NonIID_Dirichlet,43,Krum,0.9791846361572099,0.028399999999999998,0.13970589294995078,0.0,1.0,0.4,0.12471212999935233
Dataset_C_MQTT_IoT_Flood,Sybil,NonIID_Dirichlet,44,Adaptive_FixedCircuitBreaker,0.9914675088952258,0.0,0.12332503418005217,0.05,1.0,0.0,0.10784339600013482
Dataset_C_MQTT_IoT_Flood,Sybil,NonIID_Dirichlet,44,Adaptive_NoAdaptiveWeighting,0.9914675088952258,0.0,0.12552394161999472,0.0,1.0,0.0,0.11998127999959252
Dataset_C_MQTT_IoT_Flood,Sybil,NonIID_Dirichlet,44,Adaptive_NoCircuitBreaker,0.9914675088952258,0.0,0.11828993628001626,0.0,1.0,0.0,0.17049523399964528
Dataset_C_MQTT_IoT_Flood,Sybil,NonIID_Dirichlet,44,Adaptive_NoTemporalMemory,0.9914675088952258,0.0,0.12540261747996737,0.0,1.0,0.0,0.1239075520006736
Dataset_C_MQTT_IoT_Flood,Sybil,NonIID_Dirichlet,44,Adaptive_Ultimate,0.9914675088952258,0.0,0.12627824817001965,0.0,1.0,0.0,0.10656249499970727
Dataset_C_MQTT_IoT_Flood,Sybil,NonIID_Dirichlet,44,FLAME,0.9914675088952258,0.0,0.11752137437000783,0.0,1.0,0.0,0.16653465499985032
Dataset_C_MQTT_IoT_Flood,Sybil,NonIID_Dirichlet,44,FLTrust,0.9914675088952258,0.0,0.12145100790995457,0.0,1.0,0.0,0.11975157799952285
Dataset_C_MQTT_IoT_Flood,Sybil,NonIID_Dirichlet,44,FedAvg,0.9908094169871339,0.0,0.12331526115000997,0.0,1.0,0.0,0.10532073800004582
Dataset_C_MQTT_IoT_Flood,Sybil,NonIID_Dirichlet,44,Krum,0.9924383463366514,0.0,0.12311041471999488,0.0,1.0,0.0,0.1632507029999033
Dataset_C_MQTT_IoT_Flood,Sybil,NonIID_Dirichlet,45,Adaptive_FixedCircuitBreaker,0.948506928305013,0.05115384615384616,0.11632355262995589,0.25,0.9607843137254901,0.038461538461538464,0.11566086399943742
Dataset_C_MQTT_IoT_Flood,Sybil,NonIID_Dirichlet,45,Adaptive_NoAdaptiveWeighting,0.94803989533798,0.05115384615384616,0.12457487990991467,0.0,0.9607843137254901,0.038461538461538464,0.10920824799995899
Dataset_C_MQTT_IoT_Flood,Sybil,NonIID_Dirichlet,45,Adaptive_NoCircuitBreaker,0.948506928305013,0.05115384615384616,0.1252376320100575,0.0,0.9607843137254901,0.038461538461538464,0.10835208899970894
Dataset_C_MQTT_IoT_Flood,Sybil,NonIID_Dirichlet,45,Adaptive_NoTemporalMemory,0.948114771442268,0.05038461538461538,0.1241400504799276,0.0,0.9607843137254901,0.038461538461538464,0.10559466300037457
Dataset_C_MQTT_IoT_Flood,Sybil,NonIID_Dirichlet,45,Adaptive_Ultimate,0.948506928305013,0.05115384615384616,0.11669194119002896,0.0,0.9607843137254901,0.038461538461538464,0.14794843699928606
Dataset_C_MQTT_IoT_Flood,Sybil,NonIID_Dirichlet,45,FLAME,0.949379008427221,0.055,0.12345139665002534,0.0,0.9607843137254901,0.07692307692307693,0.1092844619997777
Dataset_C_MQTT_IoT_Flood,Sybil,NonIID_Dirichlet,45,FLTrust,0.948114771442268,0.05038461538461538,0.12242720705001375,0.0,0.9607843137254901,0.038461538461538464,0.10623626799952035
Dataset_C_MQTT_IoT_Flood,Sybil,NonIID_Dirichlet,45,FedAvg,0.9491837876775245,0.04961538461538462,0.12710263004996705,0.0,0.9607843137254901,0.038461538461538464,0.10840139699939755
Dataset_C_MQTT_IoT_Flood,Sybil,NonIID_Dirichlet,45,Krum,0.9489868515644759,0.050769230769230775,0.12473756563997995,0.0,0.9607843137254901,0.07692307692307693,0.11188826900070126
Dataset_C_MQTT_IoT_Flood,Sybil,NonIID_Dirichlet,46,Adaptive_FixedCircuitBreaker,0.9873395228112208,0.0003846153846153846,0.12694640867008275,0.25,1.0,0.0,0.11325007799950981
Dataset_C_MQTT_IoT_Flood,Sybil,NonIID_Dirichlet,46,Adaptive_NoAdaptiveWeighting,0.9775356012425935,0.019615384615384618,0.12326661794001666,0.0,1.0,0.0,0.16028594699946552
Dataset_C_MQTT_IoT_Flood,Sybil,NonIID_Dirichlet,46,Adaptive_NoCircuitBreaker,0.9873395228112208,0.0003846153846153846,0.11294822141002442,0.0,1.0,0.0,0.1024771239999609
Dataset_C_MQTT_IoT_Flood,Sybil,NonIID_Dirichlet,46,Adaptive_NoTemporalMemory,0.9862151841868823,0.0,0.12685250616999838,0.0,1.0,0.0,0.1147309320003842
Dataset_C_MQTT_IoT_Flood,Sybil,NonIID_Dirichlet,46,Adaptive_Ultimate,0.9873395228112208,0.0003846153846153846,0.12815186572997844,0.0,1.0,0.0,0.11941290799950366
Dataset_C_MQTT_IoT_Flood,Sybil,NonIID_Dirichlet,46,FLAME,0.9789615323805989,0.0034615384615384616,0.13333780588998706,0.0,1.0,0.038461538461538464,0.11067697699945711
Dataset_C_MQTT_IoT_Flood,Sybil,NonIID_Dirichlet,46,FLTrust,0.9862151841868823,0.0,0.12830530447996352,0.0,1.0,0.0,0.10813233099997888
Dataset_C_MQTT_IoT_Flood,Sybil,NonIID_Dirichlet,46,FedAvg,0.9647774313079529,0.041923076923076924,0.11421678608998263,0.0,0.9244444444444444,0.15384615384615385,0.16483916199922533
Dataset_C_MQTT_IoT_Flood,Sybil,NonIID_Dirichlet,46,Krum,0.9735547069981032,0.0019230769230769232,0.11876155209998615,0.0,1.0,0.038461538461538464,0.11151639099989552
Dataset_C_MQTT_IoT_Flood,Sybil,NonIID_Dirichlet,47,Adaptive_FixedCircuitBreaker,0.9912685694263046,0.0007692307692307692,0.12393146005998461,0.43,1.0,0.0,0.11499709300005634
Dataset_C_MQTT_IoT_Flood,Sybil,NonIID_Dirichlet,47,Adaptive_NoAdaptiveWeighting,0.9912685694263046,0.0007692307692307692,0.1293832817299972,0.0,1.0,0.0,0.1141836360002344
Dataset_C_MQTT_IoT_Flood,Sybil,NonIID_Dirichlet,47,Adaptive_NoCircuitBreaker,0.9912685694263046,0.0007692307692307692,0.12446841124003186,0.0,1.0,0.0,0.11018214199975773
Dataset_C_MQTT_IoT_Flood,Sybil,NonIID_Dirichlet,47,Adaptive_NoTemporalMemory,0.9919027221712643,0.0007692307692307692,0.12857227634998708,0.0,1.0,0.0,0.10938943800010748
Dataset_C_MQTT_IoT_Flood,Sybil,NonIID_Dirichlet,47,Adaptive_Ultimate,0.9912685694263046,0.0007692307692307692,0.12175742158001412,0.0,1.0,0.0,0.12641459700080304
Dataset_C_MQTT_IoT_Flood,Sybil,NonIID_Dirichlet,47,FLAME,0.9927394235170423,0.0003846153846153846,0.12008249420996435,0.0,1.0,0.0,0.1799004229997081
Dataset_C_MQTT_IoT_Flood,Sybil,NonIID_Dirichlet,47,FLTrust,0.9919027221712643,0.0007692307692307692,0.1092578823299482,0.0,1.0,0.0,0.15834148599969922
Dataset_C_MQTT_IoT_Flood,Sybil,NonIID_Dirichlet,47,FedAvg,0.9912685694263046,0.0015384615384615385,0.12134029041003487,0.0,1.0,0.038461538461538464,0.10658581200004846
Dataset_C_MQTT_IoT_Flood,Sybil,NonIID_Dirichlet,47,Krum,0.9912685694263046,0.001153846153846154,0.12075011297000855,0.0,1.0,0.0,0.10747170700051356
Dataset_C_MQTT_IoT_Flood,Sybil,NonIID_Dirichlet,48,Adaptive_FixedCircuitBreaker,0.9918420042570986,0.0016,0.11600007765000556,0.44,1.0,0.0,0.17080472799989366
Dataset_C_MQTT_IoT_Flood,Sybil,NonIID_Dirichlet,48,Adaptive_NoAdaptiveWeighting,0.9918420042570986,0.0016,0.12181951821997244,0.0,1.0,0.0,0.10324129099990387
Dataset_C_MQTT_IoT_Flood,Sybil,NonIID_Dirichlet,48,Adaptive_NoCircuitBreaker,0.9918420042570986,0.0016,0.11965576663994398,0.0,1.0,0.0,0.10367109700018773
Dataset_C_MQTT_IoT_Flood,Sybil,NonIID_Dirichlet,48,Adaptive_NoTemporalMemory,0.9923077154327155,0.0016,0.11872290592002173,0.0,1.0,0.0,0.10881297099967924
Dataset_C_MQTT_IoT_Flood,Sybil,NonIID_Dirichlet,48,Adaptive_Ultimate,0.9918420042570986,0.0016,0.1260201685800257,0.0,1.0,0.0,0.10952640200048336
Dataset_C_MQTT_IoT_Flood,Sybil,NonIID_Dirichlet,48,FLAME,0.9907743052476703,0.0028000000000000004,0.12571532097003002,0.0,0.9634801288936627,0.04,0.128621535000093
Dataset_C_MQTT_IoT_Flood,Sybil,NonIID_Dirichlet,48,FLTrust,0.9923077154327155,0.0016,0.12240288226003941,0.0,1.0,0.0,0.10749945899988234
Dataset_C_MQTT_IoT_Flood,Sybil,NonIID_Dirichlet,48,FedAvg,0.9888760061783185,0.0064,0.12243983286995899,0.0,0.9634801288936627,0.08,0.10376689300028374
Dataset_C_MQTT_IoT_Flood,Sybil,NonIID_Dirichlet,48,Krum,0.9861688856935805,0.0004,0.12329824244998236,0.0,1.0,0.0,0.10659781799949997
Dataset_C_MQTT_IoT_Flood,Sybil,NonIID_Dirichlet,49,Adaptive_FixedCircuitBreaker,0.9804377040208803,0.0,0.12517655317994467,0.41,1.0,0.0,0.10785113200017804
Dataset_C_MQTT_IoT_Flood,Sybil,NonIID_Dirichlet,49,Adaptive_NoAdaptiveWeighting,0.979921781089863,0.0,0.11306623199001478,0.0,1.0,0.0,0.10691533400040498
Dataset_C_MQTT_IoT_Flood,Sybil,NonIID_Dirichlet,49,Adaptive_NoCircuitBreaker,0.9804377040208803,0.0,0.119922485970028,0.0,1.0,0.0,0.10186423499999364
Dataset_C_MQTT_IoT_Flood,Sybil,NonIID_Dirichlet,49,Adaptive_NoTemporalMemory,0.9804377040208803,0.0,0.1172173128799568,0.0,1.0,0.0,0.14719155399961892
Dataset_C_MQTT_IoT_Flood,Sybil,NonIID_Dirichlet,49,Adaptive_Ultimate,0.9804377040208803,0.0,0.12388897808001274,0.0,1.0,0.0,0.10920900699966296
Dataset_C_MQTT_IoT_Flood,Sybil,NonIID_Dirichlet,49,FLAME,0.9790771654658357,0.0,0.1229024400200069,0.0,1.0,0.0,0.1222403089996078
Dataset_C_MQTT_IoT_Flood,Sybil,NonIID_Dirichlet,49,FLTrust,0.9804377040208803,0.0,0.12286843034000412,0.0,1.0,0.0,0.10479405099977157
Dataset_C_MQTT_IoT_Flood,Sybil,NonIID_Dirichlet,49,FedAvg,0.9803139379526081,0.0,0.11319893597998089,0.0,1.0,0.0,0.16008293600043544
Dataset_C_MQTT_IoT_Flood,Sybil,NonIID_Dirichlet,49,Krum,0.9684117018696367,0.0,0.11236344532999283,0.0,1.0,0.0,0.10513213300055213
Dataset_C_MQTT_IoT_Flood,Sybil,NonIID_Dirichlet,50,Adaptive_FixedCircuitBreaker,0.9733420728465321,0.0564,0.12207586058999369,0.69,1.0,0.0,0.11103393800021877
Dataset_C_MQTT_IoT_Flood,Sybil,NonIID_Dirichlet,50,Adaptive_NoAdaptiveWeighting,0.9685138011409006,0.0652,0.12272542455000802,0.24,1.0,0.0,0.1595253129999037
Dataset_C_MQTT_IoT_Flood,Sybil,NonIID_Dirichlet,50,Adaptive_NoCircuitBreaker,0.9733420728465321,0.0564,0.11385370400003011,0.0,1.0,0.0,0.179495066000527
Dataset_C_MQTT_IoT_Flood,Sybil,NonIID_Dirichlet,50,Adaptive_NoTemporalMemory,0.9746340293402678,0.054400000000000004,0.12242571518002478,0.24,1.0,0.0,0.11791821400038316
Dataset_C_MQTT_IoT_Flood,Sybil,NonIID_Dirichlet,50,Adaptive_Ultimate,0.9733420728465321,0.0564,0.12197935615999085,0.24,1.0,0.0,0.10350825099976646
Dataset_C_MQTT_IoT_Flood,Sybil,NonIID_Dirichlet,50,FLAME,0.9780974017067434,0.0788,0.11959239009002885,0.0,1.0,0.28,0.12994064899976365
Dataset_C_MQTT_IoT_Flood,Sybil,NonIID_Dirichlet,50,FLTrust,0.9746340293402678,0.054400000000000004,0.12473213531002329,0.0,1.0,0.0,0.10835194700030115
Dataset_C_MQTT_IoT_Flood,Sybil,NonIID_Dirichlet,50,FedAvg,0.973043434287024,0.08,0.12153837617998761,0.0,1.0,0.36,0.10540606999984448
Dataset_C_MQTT_IoT_Flood,Sybil,NonIID_Dirichlet,50,Krum,0.977570671876991,0.0584,0.11586603243000354,0.0,1.0,0.2,0.1573389170007431
Dataset_C_MQTT_IoT_Flood,Sybil,NonIID_Dirichlet,51,Adaptive_FixedCircuitBreaker,0.9590576214808432,0.015600000000000001,0.12011570027001653,0.44,1.0,0.0,0.10880813499989017
Dataset_C_MQTT_IoT_Flood,Sybil,NonIID_Dirichlet,51,Adaptive_NoAdaptiveWeighting,0.9584152985867733,0.015600000000000001,0.12076552350004931,0.0,1.0,0.0,0.10631950999959372
Dataset_C_MQTT_IoT_Flood,Sybil,NonIID_Dirichlet,51,Adaptive_NoCircuitBreaker,0.9590576214808432,0.015600000000000001,0.1121511693499906,0.0,1.0,0.0,0.15201364699987607
Dataset_C_MQTT_IoT_Flood,Sybil,NonIID_Dirichlet,51,Adaptive_NoTemporalMemory,0.9593507964431357,0.0152,0.11989359426000191,0.0,1.0,0.0,0.10359055600019929
Dataset_C_MQTT_IoT_Flood,Sybil,NonIID_Dirichlet,51,Adaptive_Ultimate,0.9590576214808432,0.015600000000000001,0.11587921712000934,0.0,1.0,0.0,0.11832677999973384
Dataset_C_MQTT_IoT_Flood,Sybil,NonIID_Dirichlet,51,FLAME,0.9519627896447331,0.0092,0.12374475439003618,0.0,1.0,0.0,0.11254200699931971
Dataset_C_MQTT_IoT_Flood,Sybil,NonIID_Dirichlet,51,FLTrust,0.9593507964431357,0.0152,0.11061146256995925,0.0,1.0,0.0,0.1794050660000721
Dataset_C_MQTT_IoT_Flood,Sybil,NonIID_Dirichlet,51,FedAvg,0.9607348532459915,0.0424,0.12255127196001013,0.0,0.9634801288936627,0.44,0.10199104499952227
Dataset_C_MQTT_IoT_Flood,Sybil,NonIID_Dirichlet,51,Krum,0.9529006651083037,0.01,0.12120321135998893,0.0,1.0,0.0,0.10356865300036588
Dataset_C_MQTT_IoT_Flood,Sybil,NonIID_Dirichlet,52,Adaptive_FixedCircuitBreaker,0.9761134057782658,0.03038461538461539,0.12320087480996335,0.33,1.0,0.038461538461538464,0.10970005399940419
Dataset_C_MQTT_IoT_Flood,Sybil,NonIID_Dirichlet,52,Adaptive_NoAdaptiveWeighting,0.9529761508763049,0.03423076923076923,0.1206669611700272,0.0,0.9607843137254901,0.038461538461538464,0.10525497399976302
Dataset_C_MQTT_IoT_Flood,Sybil,NonIID_Dirichlet,52,Adaptive_NoCircuitBreaker,0.9761134057782658,0.025384615384615387,0.12091838829996959,0.0,1.0,0.0,0.10211756799981231
Dataset_C_MQTT_IoT_Flood,Sybil,NonIID_Dirichlet,52,Adaptive_NoTemporalMemory,0.9761134057782658,0.03076923076923077,0.1224439944799724,0.0,1.0,0.038461538461538464,0.12050841899963416
Dataset_C_MQTT_IoT_Flood,Sybil,NonIID_Dirichlet,52,Adaptive_Ultimate,0.9761134057782658,0.03038461538461539,0.1110233871100172,0.0,1.0,0.038461538461538464,0.10605085399947711
Dataset_C_MQTT_IoT_Flood,Sybil,NonIID_Dirichlet,52,FLAME,0.9527484787563963,0.060384615384615384,0.12273025921997033,0.0,0.9244444444444444,0.4230769230769231,0.1275920699999915
Dataset_C_MQTT_IoT_Flood,Sybil,NonIID_Dirichlet,52,FLTrust,0.9761134057782658,0.03076923076923077,0.11776263569995535,0.0,1.0,0.038461538461538464,0.14749102299992956
Dataset_C_MQTT_IoT_Flood,Sybil,NonIID_Dirichlet,52,FedAvg,0.9522493534906841,0.07576923076923077,0.12025670130002254,0.0,0.9244444444444444,0.4230769230769231,0.10916335999991134
Dataset_C_MQTT_IoT_Flood,Sybil,NonIID_Dirichlet,52,Krum,0.9474700079726047,0.11153846153846154,0.12119052440000815,0.0,0.9244444444444444,0.46153846153846156,0.11473107599977084
