Dataset,Attack,Partition_Mode,Metric,Method_A,Method_B,N_Seeds_Paired,Mean_A,Mean_B,Mean_Difference_A_minus_B,Wilcoxon_Statistic,P_Value_Raw,Cliffs_Delta_A_vs_B,Cohen_dz_A_minus_B,Status,P_Value_Holm,Significant_Holm_0_05
Dataset_C_MQTT_IoT_Flood,Cumulative,IID,F1_Mean_Over_Rounds,Adaptive_FixedCircuitBreaker,Adaptive_NoAdaptiveWeighting,10,0.9563909135676465,0.9562397646409799,0.00015114892666661105,0.0,0.5,0.04,0.3929324801811104,ok,1.0,False
Dataset_C_MQTT_IoT_Flood,Cumulative,IID,F1_Mean_Over_Rounds,Adaptive_FixedCircuitBreaker,Adaptive_NoCircuitBreaker,10,0.9563909135676465,0.9563909135676465,0.0,0.0,1.0,0.0,0.0,identical_values,1.0,False
Dataset_C_MQTT_IoT_Flood,Cumulative,IID,F1_Mean_Over_Rounds,Adaptive_FixedCircuitBreaker,Adaptive_NoTemporalMemory,10,0.9563909135676465,0.9564467511650563,-5.583759740990235e-05,0.0,0.5,-0.02,-0.47430861306875033,ok,1.0,False
Dataset_C_MQTT_IoT_Flood,Cumulative,IID,F1_Mean_Over_Rounds,Adaptive_FixedCircuitBreaker,Adaptive_Ultimate,10,0.9563909135676465,0.9563909135676465,0.0,0.0,1.0,0.0,0.0,identical_values,1.0,False
Dataset_C_MQTT_IoT_Flood,Cumulative,IID,F1_Mean_Over_Rounds,Adaptive_FixedCircuitBreaker,FLAME,10,0.9563909135676465,0.956741830462908,-0.0003509168952615993,15.0,0.7421875,-0.02,-0.07384899554025123,ok,1.0,False
Dataset_C_MQTT_IoT_Flood,Cumulative,IID,F1_Mean_Over_Rounds,Adaptive_FixedCircuitBreaker,FLTrust,10,0.9563909135676465,0.9564467511650563,-5.583759740990235e-05,0.0,0.5,-0.02,-0.47430861306875033,ok,1.0,False
Dataset_C_MQTT_IoT_Flood,Cumulative,IID,F1_Mean_Over_Rounds,Adaptive_FixedCircuitBreaker,FedAvg,10,0.9563909135676465,0.955659406826965,0.000731506740681398,4.0,0.21875,0.06,0.4948179444261391,ok,1.0,False
Dataset_C_MQTT_IoT_Flood,Cumulative,IID,F1_Mean_Over_Rounds,Adaptive_FixedCircuitBreaker,Krum,10,0.9563909135676465,0.9557791316975042,0.000611781870142225,22.0,1.0,0.03,0.09742471834771355,ok,1.0,False
Dataset_C_MQTT_IoT_Flood,Cumulative,IID,F1_Mean_Over_Rounds,Adaptive_NoAdaptiveWeighting,Adaptive_NoCircuitBreaker,10,0.9562397646409799,0.9563909135676465,-0.00015114892666661105,0.0,0.5,-0.04,-0.3929324801811104,ok,1.0,False
Dataset_C_MQTT_IoT_Flood,Cumulative,IID,F1_Mean_Over_Rounds,Adaptive_NoAdaptiveWeighting,Adaptive_NoTemporalMemory,10,0.9562397646409799,0.9564467511650563,-0.0002069865240765134,0.0,0.25,-0.05,-0.4421861654796462,ok,1.0,False
Dataset_C_MQTT_IoT_Flood,Cumulative,IID,F1_Mean_Over_Rounds,Adaptive_NoAdaptiveWeighting,Adaptive_Ultimate,10,0.9562397646409799,0.9563909135676465,-0.00015114892666661105,0.0,0.5,-0.04,-0.3929324801811104,ok,1.0,False
Dataset_C_MQTT_IoT_Flood,Cumulative,IID,F1_Mean_Over_Rounds,Adaptive_NoAdaptiveWeighting,FLAME,10,0.9562397646409799,0.956741830462908,-0.0005020658219282104,14.0,0.640625,-0.02,-0.10191519591208355,ok,1.0,False
Dataset_C_MQTT_IoT_Flood,Cumulative,IID,F1_Mean_Over_Rounds,Adaptive_NoAdaptiveWeighting,FLTrust,10,0.9562397646409799,0.9564467511650563,-0.0002069865240765134,0.0,0.25,-0.05,-0.4421861654796462,ok,1.0,False
Dataset_C_MQTT_IoT_Flood,Cumulative,IID,F1_Mean_Over_Rounds,Adaptive_NoAdaptiveWeighting,FedAvg,10,0.9562397646409799,0.955659406826965,0.0005803578140147869,4.0,0.4375,0.03,0.3798632412725261,ok,1.0,False
Dataset_C_MQTT_IoT_Flood,Cumulative,IID,F1_Mean_Over_Rounds,Adaptive_NoAdaptiveWeighting,Krum,10,0.9562397646409799,0.9557791316975042,0.00046063294347561403,21.0,0.91015625,0.03,0.07143329446351888,ok,1.0,False
Dataset_C_MQTT_IoT_Flood,Cumulative,IID,F1_Mean_Over_Rounds,Adaptive_NoCircuitBreaker,Adaptive_NoTemporalMemory,10,0.9563909135676465,0.9564467511650563,-5.583759740990235e-05,0.0,0.5,-0.02,-0.47430861306875033,ok,1.0,False
Dataset_C_MQTT_IoT_Flood,Cumulative,IID,F1_Mean_Over_Rounds,Adaptive_NoCircuitBreaker,Adaptive_Ultimate,10,0.9563909135676465,0.9563909135676465,0.0,0.0,1.0,0.0,0.0,identical_values,1.0,False
Dataset_C_MQTT_IoT_Flood,Cumulative,IID,F1_Mean_Over_Rounds,Adaptive_NoCircuitBreaker,FLAME,10,0.9563909135676465,0.956741830462908,-0.0003509168952615993,15.0,0.7421875,-0.02,-0.07384899554025123,ok,1.0,False
Dataset_C_MQTT_IoT_Flood,Cumulative,IID,F1_Mean_Over_Rounds,Adaptive_NoCircuitBreaker,FLTrust,10,0.9563909135676465,0.9564467511650563,-5.583759740990235e-05,0.0,0.5,-0.02,-0.47430861306875033,ok,1.0,False
Dataset_C_MQTT_IoT_Flood,Cumulative,IID,F1_Mean_Over_Rounds,Adaptive_NoCircuitBreaker,FedAvg,10,0.9563909135676465,0.955659406826965,0.000731506740681398,4.0,0.21875,0.06,0.4948179444261391,ok,1.0,False
Dataset_C_MQTT_IoT_Flood,Cumulative,IID,F1_Mean_Over_Rounds,Adaptive_NoCircuitBreaker,Krum,10,0.9563909135676465,0.9557791316975042,0.000611781870142225,22.0,1.0,0.03,0.09742471834771355,ok,1.0,False
Dataset_C_MQTT_IoT_Flood,Cumulative,IID,F1_Mean_Over_Rounds,Adaptive_NoTemporalMemory,Adaptive_Ultimate,10,0.9564467511650563,0.9563909135676465,5.583759740990235e-05,0.0,0.5,0.02,0.47430861306875033,ok,1.0,False
Dataset_C_MQTT_IoT_Flood,Cumulative,IID,F1_Mean_Over_Rounds,Adaptive_NoTemporalMemory,FLAME,10,0.9564467511650563,0.956741830462908,-0.00029507929785169693,15.0,0.7421875,-0.02,-0.06283843772788963,ok,1.0,False
Dataset_C_MQTT_IoT_Flood,Cumulative,IID,F1_Mean_Over_Rounds,Adaptive_NoTemporalMemory,FLTrust,10,0.9564467511650563,0.9564467511650563,0.0,0.0,1.0,0.0,0.0,identical_values,1.0,False
Dataset_C_MQTT_IoT_Flood,Cumulative,IID,F1_Mean_Over_Rounds,Adaptive_NoTemporalMemory,FedAvg,10,0.9564467511650563,0.955659406826965,0.0007873443380913003,3.0,0.15625,0.06,0.5120457978924235,ok,1.0,False
Dataset_C_MQTT_IoT_Flood,Cumulative,IID,F1_Mean_Over_Rounds,Adaptive_NoTemporalMemory,Krum,10,0.9564467511650563,0.9557791316975042,0.0006676194675521274,22.0,1.0,0.05,0.10712335772733658,ok,1.0,False
Dataset_C_MQTT_IoT_Flood,Cumulative,IID,F1_Mean_Over_Rounds,Adaptive_Ultimate,FLAME,10,0.9563909135676465,0.956741830462908,-0.0003509168952615993,15.0,0.7421875,-0.02,-0.07384899554025123,ok,1.0,False
Dataset_C_MQTT_IoT_Flood,Cumulative,IID,F1_Mean_Over_Rounds,Adaptive_Ultimate,FLTrust,10,0.9563909135676465,0.9564467511650563,-5.583759740990235e-05,0.0,0.5,-0.02,-0.47430861306875033,ok,1.0,False
Dataset_C_MQTT_IoT_Flood,Cumulative,IID,F1_Mean_Over_Rounds,Adaptive_Ultimate,FedAvg,10,0.9563909135676465,0.955659406826965,0.000731506740681398,4.0,0.21875,0.06,0.4948179444261391,ok,1.0,False
Dataset_C_MQTT_IoT_Flood,Cumulative,IID,F1_Mean_Over_Rounds,Adaptive_Ultimate,Krum,10,0.9563909135676465,0.9557791316975042,0.000611781870142225,22.0,1.0,0.03,0.09742471834771355,ok,1.0,False
Dataset_C_MQTT_IoT_Flood,Cumulative,IID,F1_Mean_Over_Rounds,FLAME,FLTrust,10,0.956741830462908,0.9564467511650563,0.00029507929785169693,15.0,0.7421875,0.02,0.06283843772788963,ok,1.0,False
Dataset_C_MQTT_IoT_Flood,Cumulative,IID,F1_Mean_Over_Rounds,FLAME,FedAvg,10,0.956741830462908,0.955659406826965,0.0010824236359429974,13.0,0.546875,0.04,0.19166056574517815,ok,1.0,False
Dataset_C_MQTT_IoT_Flood,Cumulative,IID,F1_Mean_Over_Rounds,FLAME,Krum,10,0.956741830462908,0.9557791316975042,0.0009626987654038244,9.0,0.12890625,0.07,0.5222468626838229,ok,1.0,False
Dataset_C_MQTT_IoT_Flood,Cumulative,IID,F1_Mean_Over_Rounds,FLTrust,FedAvg,10,0.9564467511650563,0.955659406826965,0.0007873443380913003,3.0,0.15625,0.06,0.5120457978924235,ok,1.0,False
Dataset_C_MQTT_IoT_Flood,Cumulative,IID,F1_Mean_Over_Rounds,FLTrust,Krum,10,0.9564467511650563,0.9557791316975042,0.0006676194675521274,22.0,1.0,0.05,0.10712335772733658,ok,1.0,False
Dataset_C_MQTT_IoT_Flood,Cumulative,IID,F1_Mean_Over_Rounds,FedAvg,Krum,10,0.955659406826965,0.9557791316975042,-0.00011972487053917291,21.0,0.91015625,0.01,-0.017016200990003616,ok,1.0,False
Dataset_C_MQTT_IoT_Flood,Cumulative,IID,ASR_Mean_Over_Rounds,Adaptive_FixedCircuitBreaker,Adaptive_NoAdaptiveWeighting,10,0.052035384615384615,0.051996923076923086,3.846153846153999e-05,0.0,1.0,0.01,0.3162277660168379,ok,1.0,False
Dataset_C_MQTT_IoT_Flood,Cumulative,IID,ASR_Mean_Over_Rounds,Adaptive_FixedCircuitBreaker,Adaptive_NoCircuitBreaker,10,0.052035384615384615,0.052035384615384615,0.0,0.0,1.0,0.0,0.0,identical_values,1.0,False
Dataset_C_MQTT_IoT_Flood,Cumulative,IID,ASR_Mean_Over_Rounds,Adaptive_FixedCircuitBreaker,Adaptive_NoTemporalMemory,10,0.052035384615384615,0.051995384615384624,3.999999999999837e-05,0.0,1.0,0.01,0.3162277660168379,ok,1.0,False
Dataset_C_MQTT_IoT_Flood,Cumulative,IID,ASR_Mean_Over_Rounds,Adaptive_FixedCircuitBreaker,Adaptive_Ultimate,10,0.052035384615384615,0.052035384615384615,0.0,0.0,1.0,0.0,0.0,identical_values,1.0,False
Dataset_C_MQTT_IoT_Flood,Cumulative,IID,ASR_Mean_Over_Rounds,Adaptive_FixedCircuitBreaker,FLAME,10,0.052035384615384615,0.05400307692307692,-0.0019676923076923053,18.0,1.0,-0.04,-0.24889681288222126,ok,1.0,False
Dataset_C_MQTT_IoT_Flood,Cumulative,IID,ASR_Mean_Over_Rounds,Adaptive_FixedCircuitBreaker,FLTrust,10,0.052035384615384615,0.051995384615384624,3.999999999999837e-05,0.0,1.0,0.01,0.3162277660168379,ok,1.0,False
Dataset_C_MQTT_IoT_Flood,Cumulative,IID,ASR_Mean_Over_Rounds,Adaptive_FixedCircuitBreaker,FedAvg,10,0.052035384615384615,0.052076923076923076,-4.153846153846057e-05,9.0,0.84375,0.0,-0.03793085197133753,ok,1.0,False
Dataset_C_MQTT_IoT_Flood,Cumulative,IID,ASR_Mean_Over_Rounds,Adaptive_FixedCircuitBreaker,Krum,10,0.052035384615384615,0.05599846153846153,-0.003963076923076924,17.0,0.5703125,-0.07,-0.3252499787449442,ok,1.0,False
Dataset_C_MQTT_IoT_Flood,Cumulative,IID,ASR_Mean_Over_Rounds,Adaptive_NoAdaptiveWeighting,Adaptive_NoCircuitBreaker,10,0.051996923076923086,0.052035384615384615,-3.846153846153999e-05,0.0,1.0,-0.01,-0.3162277660168379,ok,1.0,False
Dataset_C_MQTT_IoT_Flood,Cumulative,IID,ASR_Mean_Over_Rounds,Adaptive_NoAdaptiveWeighting,Adaptive_NoTemporalMemory,10,0.051996923076923086,0.051995384615384624,1.53846153845838e-06,1.0,1.0,0.0,0.00831762426387835,ok,1.0,False
Dataset_C_MQTT_IoT_Flood,Cumulative,IID,ASR_Mean_Over_Rounds,Adaptive_NoAdaptiveWeighting,Adaptive_Ultimate,10,0.051996923076923086,0.052035384615384615,-3.846153846153999e-05,0.0,1.0,-0.01,-0.3162277660168379,ok,1.0,False
Dataset_C_MQTT_IoT_Flood,Cumulative,IID,ASR_Mean_Over_Rounds,Adaptive_NoAdaptiveWeighting,FLAME,10,0.051996923076923086,0.05400307692307692,-0.0020061538461538454,18.0,1.0,-0.04,-0.25008389832858985,ok,1.0,False
Dataset_C_MQTT_IoT_Flood,Cumulative,IID,ASR_Mean_Over_Rounds,Adaptive_NoAdaptiveWeighting,FLTrust,10,0.051996923076923086,0.051995384615384624,1.53846153845838e-06,1.0,1.0,0.0,0.00831762426387835,ok,1.0,False
Dataset_C_MQTT_IoT_Flood,Cumulative,IID,ASR_Mean_Over_Rounds,Adaptive_NoAdaptiveWeighting,FedAvg,10,0.051996923076923086,0.052076923076923076,-8.000000000000056e-05,6.0,0.8125,-0.01,-0.07371985858005024,ok,1.0,False
Dataset_C_MQTT_IoT_Flood,Cumulative,IID,ASR_Mean_Over_Rounds,Adaptive_NoAdaptiveWeighting,Krum,10,0.051996923076923086,0.05599846153846153,-0.004001538461538464,17.0,0.5703125,-0.07,-0.3251773120269555,ok,1.0,False
Dataset_C_MQTT_IoT_Flood,Cumulative,IID,ASR_Mean_Over_Rounds,Adaptive_NoCircuitBreaker,Adaptive_NoTemporalMemory,10,0.052035384615384615,0.051995384615384624,3.999999999999837e-05,0.0,1.0,0.01,0.3162277660168379,ok,1.0,False
Dataset_C_MQTT_IoT_Flood,Cumulative,IID,ASR_Mean_Over_Rounds,Adaptive_NoCircuitBreaker,Adaptive_Ultimate,10,0.052035384615384615,0.052035384615384615,0.0,0.0,1.0,0.0,0.0,identical_values,1.0,False
Dataset_C_MQTT_IoT_Flood,Cumulative,IID,ASR_Mean_Over_Rounds,Adaptive_NoCircuitBreaker,FLAME,10,0.052035384615384615,0.05400307692307692,-0.0019676923076923053,18.0,1.0,-0.04,-0.24889681288222126,ok,1.0,False
Dataset_C_MQTT_IoT_Flood,Cumulative,IID,ASR_Mean_Over_Rounds,Adaptive_NoCircuitBreaker,FLTrust,10,0.052035384615384615,0.051995384615384624,3.999999999999837e-05,0.0,1.0,0.01,0.3162277660168379,ok,1.0,False
Dataset_C_MQTT_IoT_Flood,Cumulative,IID,ASR_Mean_Over_Rounds,Adaptive_NoCircuitBreaker,FedAvg,10,0.052035384615384615,0.052076923076923076,-4.153846153846057e-05,9.0,0.84375,0.0,-0.03793085197133753,ok,1.0,False
Dataset_C_MQTT_IoT_Flood,Cumulative,IID,ASR_Mean_Over_Rounds,Adaptive_NoCircuitBreaker,Krum,10,0.052035384615384615,0.05599846153846153,-0.003963076923076924,17.0,0.5703125,-0.07,-0.3252499787449442,ok,1.0,False
Dataset_C_MQTT_IoT_Flood,Cumulative,IID,ASR_Mean_Over_Rounds,Adaptive_NoTemporalMemory,Adaptive_Ultimate,10,0.051995384615384624,0.052035384615384615,-3.999999999999837e-05,0.0,1.0,-0.01,-0.3162277660168379,ok,1.0,False
Dataset_C_MQTT_IoT_Flood,Cumulative,IID,ASR_Mean_Over_Rounds,Adaptive_NoTemporalMemory,FLAME,10,0.051995384615384624,0.05400307692307692,-0.0020076923076923037,18.0,1.0,-0.04,-0.25522789557371306,ok,1.0,False
Dataset_C_MQTT_IoT_Flood,Cumulative,IID,ASR_Mean_Over_Rounds,Adaptive_NoTemporalMemory,FLTrust,10,0.051995384615384624,0.051995384615384624,0.0,0.0,1.0,0.0,0.0,identical_values,1.0,False
Dataset_C_MQTT_IoT_Flood,Cumulative,IID,ASR_Mean_Over_Rounds,Adaptive_NoTemporalMemory,FedAvg,10,0.051995384615384624,0.052076923076923076,-8.153846153845893e-05,11.0,0.6875,-0.01,-0.0740777097486094,ok,1.0,False
Dataset_C_MQTT_IoT_Flood,Cumulative,IID,ASR_Mean_Over_Rounds,Adaptive_NoTemporalMemory,Krum,10,0.051995384615384624,0.05599846153846153,-0.004003076923076923,17.0,0.5703125,-0.07,-0.32870828398975116,ok,1.0,False
Dataset_C_MQTT_IoT_Flood,Cumulative,IID,ASR_Mean_Over_Rounds,Adaptive_Ultimate,FLAME,10,0.052035384615384615,0.05400307692307692,-0.0019676923076923053,18.0,1.0,-0.04,-0.24889681288222126,ok,1.0,False
Dataset_C_MQTT_IoT_Flood,Cumulative,IID,ASR_Mean_Over_Rounds,Adaptive_Ultimate,FLTrust,10,0.052035384615384615,0.051995384615384624,3.999999999999837e-05,0.0,1.0,0.01,0.3162277660168379,ok,1.0,False
Dataset_C_MQTT_IoT_Flood,Cumulative,IID,ASR_Mean_Over_Rounds,Adaptive_Ultimate,FedAvg,10,0.052035384615384615,0.052076923076923076,-4.153846153846057e-05,9.0,0.84375,0.0,-0.03793085197133753,ok,1.0,False
Dataset_C_MQTT_IoT_Flood,Cumulative,IID,ASR_Mean_Over_Rounds,Adaptive_Ultimate,Krum,10,0.052035384615384615,0.05599846153846153,-0.003963076923076924,17.0,0.5703125,-0.07,-0.3252499787449442,ok,1.0,False
Dataset_C_MQTT_IoT_Flood,Cumulative,IID,ASR_Mean_Over_Rounds,FLAME,FLTrust,10,0.05400307692307692,0.051995384615384624,0.0020076923076923037,18.0,1.0,0.04,0.25522789557371306,ok,1.0,False
Dataset_C_MQTT_IoT_Flood,Cumulative,IID,ASR_Mean_Over_Rounds,FLAME,FedAvg,10,0.05400307692307692,0.052076923076923076,0.0019261538461538448,17.0,0.9453125,0.04,0.23478083535179992,ok,1.0,False
Dataset_C_MQTT_IoT_Flood,Cumulative,IID,ASR_Mean_Over_Rounds,FLAME,Krum,10,0.05400307692307692,0.05599846153846153,-0.0019953846153846185,14.0,0.35546875,-0.03,-0.3725726264892316,ok,1.0,False
Dataset_C_MQTT_IoT_Flood,Cumulative,IID,ASR_Mean_Over_Rounds,FLTrust,FedAvg,10,0.051995384615384624,0.052076923076923076,-8.153846153845893e-05,11.0,0.6875,-0.01,-0.0740777097486094,ok,1.0,False
Dataset_C_MQTT_IoT_Flood,Cumulative,IID,ASR_Mean_Over_Rounds,FLTrust,Krum,10,0.051995384615384624,0.05599846153846153,-0.004003076923076923,17.0,0.5703125,-0.07,-0.32870828398975116,ok,1.0,False
Dataset_C_MQTT_IoT_Flood,Cumulative,IID,ASR_Mean_Over_Rounds,FedAvg,Krum,10,0.052076923076923076,0.05599846153846153,-0.003921538461538463,10.0,0.3125,-0.06,-0.31725443330167097,ok,1.0,False
Dataset_C_MQTT_IoT_Flood,Cumulative,IID,F1_Final_Round,Adaptive_FixedCircuitBreaker,Adaptive_NoAdaptiveWeighting,10,0.9882352941176471,0.9882352941176471,0.0,0.0,1.0,0.0,0.0,identical_values,1.0,False
Dataset_C_MQTT_IoT_Flood,Cumulative,IID,F1_Final_Round,Adaptive_FixedCircuitBreaker,Adaptive_NoCircuitBreaker,10,0.9882352941176471,0.9882352941176471,0.0,0.0,1.0,0.0,0.0,identical_values,1.0,False
Dataset_C_MQTT_IoT_Flood,Cumulative,IID,F1_Final_Round,Adaptive_FixedCircuitBreaker,Adaptive_NoTemporalMemory,10,0.9882352941176471,0.9882352941176471,0.0,0.0,1.0,0.0,0.0,identical_values,1.0,False
Dataset_C_MQTT_IoT_Flood,Cumulative,IID,F1_Final_Round,Adaptive_FixedCircuitBreaker,Adaptive_Ultimate,10,0.9882352941176471,0.9882352941176471,0.0,0.0,1.0,0.0,0.0,identical_values,1.0,False
Dataset_C_MQTT_IoT_Flood,Cumulative,IID,F1_Final_Round,Adaptive_FixedCircuitBreaker,FLAME,10,0.9882352941176471,0.9882352941176471,0.0,0.0,1.0,0.0,0.0,identical_values,1.0,False
Dataset_C_MQTT_IoT_Flood,Cumulative,IID,F1_Final_Round,Adaptive_FixedCircuitBreaker,FLTrust,10,0.9882352941176471,0.9882352941176471,0.0,0.0,1.0,0.0,0.0,identical_values,1.0,False
Dataset_C_MQTT_IoT_Flood,Cumulative,IID,F1_Final_Round,Adaptive_FixedCircuitBreaker,FedAvg,10,0.9882352941176471,0.9882352941176471,0.0,0.0,1.0,0.0,0.0,identical_values,1.0,False
Dataset_C_MQTT_IoT_Flood,Cumulative,IID,F1_Final_Round,Adaptive_FixedCircuitBreaker,Krum,10,0.9882352941176471,0.9882352941176471,0.0,0.0,1.0,0.0,0.0,identical_values,1.0,False
Dataset_C_MQTT_IoT_Flood,Cumulative,IID,F1_Final_Round,Adaptive_NoAdaptiveWeighting,Adaptive_NoCircuitBreaker,10,0.9882352941176471,0.9882352941176471,0.0,0.0,1.0,0.0,0.0,identical_values,1.0,False
Dataset_C_MQTT_IoT_Flood,Cumulative,IID,F1_Final_Round,Adaptive_NoAdaptiveWeighting,Adaptive_NoTemporalMemory,10,0.9882352941176471,0.9882352941176471,0.0,0.0,1.0,0.0,0.0,identical_values,1.0,False
Dataset_C_MQTT_IoT_Flood,Cumulative,IID,F1_Final_Round,Adaptive_NoAdaptiveWeighting,Adaptive_Ultimate,10,0.9882352941176471,0.9882352941176471,0.0,0.0,1.0,0.0,0.0,identical_values,1.0,False
Dataset_C_MQTT_IoT_Flood,Cumulative,IID,F1_Final_Round,Adaptive_NoAdaptiveWeighting,FLAME,10,0.9882352941176471,0.9882352941176471,0.0,0.0,1.0,0.0,0.0,identical_values,1.0,False
Dataset_C_MQTT_IoT_Flood,Cumulative,IID,F1_Final_Round,Adaptive_NoAdaptiveWeighting,FLTrust,10,0.9882352941176471,0.9882352941176471,0.0,0.0,1.0,0.0,0.0,identical_values,1.0,False
Dataset_C_MQTT_IoT_Flood,Cumulative,IID,F1_Final_Round,Adaptive_NoAdaptiveWeighting,FedAvg,10,0.9882352941176471,0.9882352941176471,0.0,0.0,1.0,0.0,0.0,identical_values,1.0,False
Dataset_C_MQTT_IoT_Flood,Cumulative,IID,F1_Final_Round,Adaptive_NoAdaptiveWeighting,Krum,10,0.9882352941176471,0.9882352941176471,0.0,0.0,1.0,0.0,0.0,identical_values,1.0,False
Dataset_C_MQTT_IoT_Flood,Cumulative,IID,F1_Final_Round,Adaptive_NoCircuitBreaker,Adaptive_NoTemporalMemory,10,0.9882352941176471,0.9882352941176471,0.0,0.0,1.0,0.0,0.0,identical_values,1.0,False
Dataset_C_MQTT_IoT_Flood,Cumulative,IID,F1_Final_Round,Adaptive_NoCircuitBreaker,Adaptive_Ultimate,10,0.9882352941176471,0.9882352941176471,0.0,0.0,1.0,0.0,0.0,identical_values,1.0,False
Dataset_C_MQTT_IoT_Flood,Cumulative,IID,F1_Final_Round,Adaptive_NoCircuitBreaker,FLAME,10,0.9882352941176471,0.9882352941176471,0.0,0.0,1.0,0.0,0.0,identical_values,1.0,False
Dataset_C_MQTT_IoT_Flood,Cumulative,IID,F1_Final_Round,Adaptive_NoCircuitBreaker,FLTrust,10,0.9882352941176471,0.9882352941176471,0.0,0.0,1.0,0.0,0.0,identical_values,1.0,False
Dataset_C_MQTT_IoT_Flood,Cumulative,IID,F1_Final_Round,Adaptive_NoCircuitBreaker,FedAvg,10,0.9882352941176471,0.9882352941176471,0.0,0.0,1.0,0.0,0.0,identical_values,1.0,False
Dataset_C_MQTT_IoT_Flood,Cumulative,IID,F1_Final_Round,Adaptive_NoCircuitBreaker,Krum,10,0.9882352941176471,0.9882352941176471,0.0,0.0,1.0,0.0,0.0,identical_values,1.0,False
Dataset_C_MQTT_IoT_Flood,Cumulative,IID,F1_Final_Round,Adaptive_NoTemporalMemory,Adaptive_Ultimate,10,0.9882352941176471,0.9882352941176471,0.0,0.0,1.0,0.0,0.0,identical_values,1.0,False
Dataset_C_MQTT_IoT_Flood,Cumulative,IID,F1_Final_Round,Adaptive_NoTemporalMemory,FLAME,10,0.9882352941176471,0.9882352941176471,0.0,0.0,1.0,0.0,0.0,identical_values,1.0,False
Dataset_C_MQTT_IoT_Flood,Cumulative,IID,F1_Final_Round,Adaptive_NoTemporalMemory,FLTrust,10,0.9882352941176471,0.9882352941176471,0.0,0.0,1.0,0.0,0.0,identical_values,1.0,False
Dataset_C_MQTT_IoT_Flood,Cumulative,IID,F1_Final_Round,Adaptive_NoTemporalMemory,FedAvg,10,0.9882352941176471,0.9882352941176471,0.0,0.0,1.0,0.0,0.0,identical_values,1.0,False
Dataset_C_MQTT_IoT_Flood,Cumulative,IID,F1_Final_Round,Adaptive_NoTemporalMemory,Krum,10,0.9882352941176471,0.9882352941176471,0.0,0.0,1.0,0.0,0.0,identical_values,1.0,False
Dataset_C_MQTT_IoT_Flood,Cumulative,IID,F1_Final_Round,Adaptive_Ultimate,FLAME,10,0.9882352941176471,0.9882352941176471,0.0,0.0,1.0,0.0,0.0,identical_values,1.0,False
Dataset_C_MQTT_IoT_Flood,Cumulative,IID,F1_Final_Round,Adaptive_Ultimate,FLTrust,10,0.9882352941176471,0.9882352941176471,0.0,0.0,1.0,0.0,0.0,identical_values,1.0,False
Dataset_C_MQTT_IoT_Flood,Cumulative,IID,F1_Final_Round,Adaptive_Ultimate,FedAvg,10,0.9882352941176471,0.9882352941176471,0.0,0.0,1.0,0.0,0.0,identical_values,1.0,False
Dataset_C_MQTT_IoT_Flood,Cumulative,IID,F1_Final_Round,Adaptive_Ultimate,Krum,10,0.9882352941176471,0.9882352941176471,0.0,0.0,1.0,0.0,0.0,identical_values,1.0,False
Dataset_C_MQTT_IoT_Flood,Cumulative,IID,F1_Final_Round,FLAME,FLTrust,10,0.9882352941176471,0.9882352941176471,0.0,0.0,1.0,0.0,0.0,identical_values,1.0,False
Dataset_C_MQTT_IoT_Flood,Cumulative,IID,F1_Final_Round,FLAME,FedAvg,10,0.9882352941176471,0.9882352941176471,0.0,0.0,1.0,0.0,0.0,identical_values,1.0,False
Dataset_C_MQTT_IoT_Flood,Cumulative,IID,F1_Final_Round,FLAME,Krum,10,0.9882352941176471,0.9882352941176471,0.0,0.0,1.0,0.0,0.0,identical_values,1.0,False
Dataset_C_MQTT_IoT_Flood,Cumulative,IID,F1_Final_Round,FLTrust,FedAvg,10,0.9882352941176471,0.9882352941176471,0.0,0.0,1.0,0.0,0.0,identical_values,1.0,False
Dataset_C_MQTT_IoT_Flood,Cumulative,IID,F1_Final_Round,FLTrust,Krum,10,0.9882352941176471,0.9882352941176471,0.0,0.0,1.0,0.0,0.0,identical_values,1.0,False
Dataset_C_MQTT_IoT_Flood,Cumulative,IID,F1_Final_Round,FedAvg,Krum,10,0.9882352941176471,0.9882352941176471,0.0,0.0,1.0,0.0,0.0,identical_values,1.0,False
Dataset_C_MQTT_IoT_Flood,Cumulative,IID,ASR_Final_Round,Adaptive_FixedCircuitBreaker,Adaptive_NoAdaptiveWeighting,10,0.011538461538461539,0.011538461538461539,0.0,0.0,1.0,0.0,0.0,identical_values,1.0,False
Dataset_C_MQTT_IoT_Flood,Cumulative,IID,ASR_Final_Round,Adaptive_FixedCircuitBreaker,Adaptive_NoCircuitBreaker,10,0.011538461538461539,0.011538461538461539,0.0,0.0,1.0,0.0,0.0,identical_values,1.0,False
Dataset_C_MQTT_IoT_Flood,Cumulative,IID,ASR_Final_Round,Adaptive_FixedCircuitBreaker,Adaptive_NoTemporalMemory,10,0.011538461538461539,0.011538461538461539,0.0,0.0,1.0,0.0,0.0,identical_values,1.0,False
Dataset_C_MQTT_IoT_Flood,Cumulative,IID,ASR_Final_Round,Adaptive_FixedCircuitBreaker,Adaptive_Ultimate,10,0.011538461538461539,0.011538461538461539,0.0,0.0,1.0,0.0,0.0,identical_values,1.0,False
Dataset_C_MQTT_IoT_Flood,Cumulative,IID,ASR_Final_Round,Adaptive_FixedCircuitBreaker,FLAME,10,0.011538461538461539,0.011538461538461539,0.0,0.0,1.0,0.0,0.0,identical_values,1.0,False
Dataset_C_MQTT_IoT_Flood,Cumulative,IID,ASR_Final_Round,Adaptive_FixedCircuitBreaker,FLTrust,10,0.011538461538461539,0.011538461538461539,0.0,0.0,1.0,0.0,0.0,identical_values,1.0,False
Dataset_C_MQTT_IoT_Flood,Cumulative,IID,ASR_Final_Round,Adaptive_FixedCircuitBreaker,FedAvg,10,0.011538461538461539,0.011538461538461539,0.0,0.0,1.0,0.0,0.0,identical_values,1.0,False
Dataset_C_MQTT_IoT_Flood,Cumulative,IID,ASR_Final_Round,Adaptive_FixedCircuitBreaker,Krum,10,0.011538461538461539,0.011538461538461539,0.0,0.0,1.0,0.0,0.0,identical_values,1.0,False
Dataset_C_MQTT_IoT_Flood,Cumulative,IID,ASR_Final_Round,Adaptive_NoAdaptiveWeighting,Adaptive_NoCircuitBreaker,10,0.011538461538461539,0.011538461538461539,0.0,0.0,1.0,0.0,0.0,identical_values,1.0,False
Dataset_C_MQTT_IoT_Flood,Cumulative,IID,ASR_Final_Round,Adaptive_NoAdaptiveWeighting,Adaptive_NoTemporalMemory,10,0.011538461538461539,0.011538461538461539,0.0,0.0,1.0,0.0,0.0,identical_values,1.0,False
Dataset_C_MQTT_IoT_Flood,Cumulative,IID,ASR_Final_Round,Adaptive_NoAdaptiveWeighting,Adaptive_Ultimate,10,0.011538461538461539,0.011538461538461539,0.0,0.0,1.0,0.0,0.0,identical_values,1.0,False
Dataset_C_MQTT_IoT_Flood,Cumulative,IID,ASR_Final_Round,Adaptive_NoAdaptiveWeighting,FLAME,10,0.011538461538461539,0.011538461538461539,0.0,0.0,1.0,0.0,0.0,identical_values,1.0,False
Dataset_C_MQTT_IoT_Flood,Cumulative,IID,ASR_Final_Round,Adaptive_NoAdaptiveWeighting,FLTrust,10,0.011538461538461539,0.011538461538461539,0.0,0.0,1.0,0.0,0.0,identical_values,1.0,False
Dataset_C_MQTT_IoT_Flood,Cumulative,IID,ASR_Final_Round,Adaptive_NoAdaptiveWeighting,FedAvg,10,0.011538461538461539,0.011538461538461539,0.0,0.0,1.0,0.0,0.0,identical_values,1.0,False
Dataset_C_MQTT_IoT_Flood,Cumulative,IID,ASR_Final_Round,Adaptive_NoAdaptiveWeighting,Krum,10,0.011538461538461539,0.011538461538461539,0.0,0.0,1.0,0.0,0.0,identical_values,1.0,False
Dataset_C_MQTT_IoT_Flood,Cumulative,IID,ASR_Final_Round,Adaptive_NoCircuitBreaker,Adaptive_NoTemporalMemory,10,0.011538461538461539,0.011538461538461539,0.0,0.0,1.0,0.0,0.0,identical_values,1.0,False
Dataset_C_MQTT_IoT_Flood,Cumulative,IID,ASR_Final_Round,Adaptive_NoCircuitBreaker,Adaptive_Ultimate,10,0.011538461538461539,0.011538461538461539,0.0,0.0,1.0,0.0,0.0,identical_values,1.0,False
Dataset_C_MQTT_IoT_Flood,Cumulative,IID,ASR_Final_Round,Adaptive_NoCircuitBreaker,FLAME,10,0.011538461538461539,0.011538461538461539,0.0,0.0,1.0,0.0,0.0,identical_values,1.0,False
Dataset_C_MQTT_IoT_Flood,Cumulative,IID,ASR_Final_Round,Adaptive_NoCircuitBreaker,FLTrust,10,0.011538461538461539,0.011538461538461539,0.0,0.0,1.0,0.0,0.0,identical_values,1.0,False
Dataset_C_MQTT_IoT_Flood,Cumulative,IID,ASR_Final_Round,Adaptive_NoCircuitBreaker,FedAvg,10,0.011538461538461539,0.011538461538461539,0.0,0.0,1.0,0.0,0.0,identical_values,1.0,False
Dataset_C_MQTT_IoT_Flood,Cumulative,IID,ASR_Final_Round,Adaptive_NoCircuitBreaker,Krum,10,0.011538461538461539,0.011538461538461539,0.0,0.0,1.0,0.0,0.0,identical_values,1.0,False
Dataset_C_MQTT_IoT_Flood,Cumulative,IID,ASR_Final_Round,Adaptive_NoTemporalMemory,Adaptive_Ultimate,10,0.011538461538461539,0.011538461538461539,0.0,0.0,1.0,0.0,0.0,identical_values,1.0,False
Dataset_C_MQTT_IoT_Flood,Cumulative,IID,ASR_Final_Round,Adaptive_NoTemporalMemory,FLAME,10,0.011538461538461539,0.011538461538461539,0.0,0.0,1.0,0.0,0.0,identical_values,1.0,False
Dataset_C_MQTT_IoT_Flood,Cumulative,IID,ASR_Final_Round,Adaptive_NoTemporalMemory,FLTrust,10,0.011538461538461539,0.011538461538461539,0.0,0.0,1.0,0.0,0.0,identical_values,1.0,False
Dataset_C_MQTT_IoT_Flood,Cumulative,IID,ASR_Final_Round,Adaptive_NoTemporalMemory,FedAvg,10,0.011538461538461539,0.011538461538461539,0.0,0.0,1.0,0.0,0.0,identical_values,1.0,False
Dataset_C_MQTT_IoT_Flood,Cumulative,IID,ASR_Final_Round,Adaptive_NoTemporalMemory,Krum,10,0.011538461538461539,0.011538461538461539,0.0,0.0,1.0,0.0,0.0,identical_values,1.0,False
Dataset_C_MQTT_IoT_Flood,Cumulative,IID,ASR_Final_Round,Adaptive_Ultimate,FLAME,10,0.011538461538461539,0.011538461538461539,0.0,0.0,1.0,0.0,0.0,identical_values,1.0,False
Dataset_C_MQTT_IoT_Flood,Cumulative,IID,ASR_Final_Round,Adaptive_Ultimate,FLTrust,10,0.011538461538461539,0.011538461538461539,0.0,0.0,1.0,0.0,0.0,identical_values,1.0,False
Dataset_C_MQTT_IoT_Flood,Cumulative,IID,ASR_Final_Round,Adaptive_Ultimate,FedAvg,10,0.011538461538461539,0.011538461538461539,0.0,0.0,1.0,0.0,0.0,identical_values,1.0,False
Dataset_C_MQTT_IoT_Flood,Cumulative,IID,ASR_Final_Round,Adaptive_Ultimate,Krum,10,0.011538461538461539,0.011538461538461539,0.0,0.0,1.0,0.0,0.0,identical_values,1.0,False
Dataset_C_MQTT_IoT_Flood,Cumulative,IID,ASR_Final_Round,FLAME,FLTrust,10,0.011538461538461539,0.011538461538461539,0.0,0.0,1.0,0.0,0.0,identical_values,1.0,False
Dataset_C_MQTT_IoT_Flood,Cumulative,IID,ASR_Final_Round,FLAME,FedAvg,10,0.011538461538461539,0.011538461538461539,0.0,0.0,1.0,0.0,0.0,identical_values,1.0,False
Dataset_C_MQTT_IoT_Flood,Cumulative,IID,ASR_Final_Round,FLAME,Krum,10,0.011538461538461539,0.011538461538461539,0.0,0.0,1.0,0.0,0.0,identical_values,1.0,False
Dataset_C_MQTT_IoT_Flood,Cumulative,IID,ASR_Final_Round,FLTrust,FedAvg,10,0.011538461538461539,0.011538461538461539,0.0,0.0,1.0,0.0,0.0,identical_values,1.0,False
Dataset_C_MQTT_IoT_Flood,Cumulative,IID,ASR_Final_Round,FLTrust,Krum,10,0.011538461538461539,0.011538461538461539,0.0,0.0,1.0,0.0,0.0,identical_values,1.0,False
Dataset_C_MQTT_IoT_Flood,Cumulative,IID,ASR_Final_Round,FedAvg,Krum,10,0.011538461538461539,0.011538461538461539,0.0,0.0,1.0,0.0,0.0,identical_values,1.0,False
Dataset_C_MQTT_IoT_Flood,Cumulative,NonIID_Dirichlet,F1_Mean_Over_Rounds,Adaptive_FixedCircuitBreaker,Adaptive_NoAdaptiveWeighting,10,0.9557583356853246,0.9527543069723039,0.0030040287130207012,3.0,0.009765625,0.1,0.8029533224274112,ok,0.29296875,False
Dataset_C_MQTT_IoT_Flood,Cumulative,NonIID_Dirichlet,F1_Mean_Over_Rounds,Adaptive_FixedCircuitBreaker,Adaptive_NoCircuitBreaker,10,0.9557583356853246,0.9557583356853246,0.0,0.0,1.0,0.0,0.0,identical_values,1.0,False
Dataset_C_MQTT_IoT_Flood,Cumulative,NonIID_Dirichlet,F1_Mean_Over_Rounds,Adaptive_FixedCircuitBreaker,Adaptive_NoTemporalMemory,10,0.9557583356853246,0.9565302621314629,-0.0007719264461381825,0.0,0.0078125,-0.08,-1.0302993109916327,ok,0.28125,False
Dataset_C_MQTT_IoT_Flood,Cumulative,NonIID_Dirichlet,F1_Mean_Over_Rounds,Adaptive_FixedCircuitBreaker,Adaptive_Ultimate,10,0.9557583356853246,0.9557583356853246,0.0,0.0,1.0,0.0,0.0,identical_values,1.0,False
Dataset_C_MQTT_IoT_Flood,Cumulative,NonIID_Dirichlet,F1_Mean_Over_Rounds,Adaptive_FixedCircuitBreaker,FLAME,10,0.9557583356853246,0.9596017666354462,-0.0038434309501214183,11.0,0.10546875,-0.14,-0.515527228659334,ok,1.0,False
Dataset_C_MQTT_IoT_Flood,Cumulative,NonIID_Dirichlet,F1_Mean_Over_Rounds,Adaptive_FixedCircuitBreaker,FLTrust,10,0.9557583356853246,0.9565302621314629,-0.0007719264461381825,0.0,0.0078125,-0.08,-1.0302993109916327,ok,0.28125,False
Dataset_C_MQTT_IoT_Flood,Cumulative,NonIID_Dirichlet,F1_Mean_Over_Rounds,Adaptive_FixedCircuitBreaker,FedAvg,10,0.9557583356853246,0.9580306934477111,-0.0022723577623864786,22.0,0.625,-0.12,-0.2700782123047496,ok,1.0,False
Dataset_C_MQTT_IoT_Flood,Cumulative,NonIID_Dirichlet,F1_Mean_Over_Rounds,Adaptive_FixedCircuitBreaker,Krum,10,0.9557583356853246,0.9612899755740232,-0.005531639888698381,9.0,0.064453125,-0.14,-0.6823091348610112,ok,1.0,False
Dataset_C_MQTT_IoT_Flood,Cumulative,NonIID_Dirichlet,F1_Mean_Over_Rounds,Adaptive_NoAdaptiveWeighting,Adaptive_NoCircuitBreaker,10,0.9527543069723039,0.9557583356853246,-0.0030040287130207012,3.0,0.009765625,-0.1,-0.8029533224274112,ok,0.29296875,False
Dataset_C_MQTT_IoT_Flood,Cumulative,NonIID_Dirichlet,F1_Mean_Over_Rounds,Adaptive_NoAdaptiveWeighting,Adaptive_NoTemporalMemory,10,0.9527543069723039,0.9565302621314629,-0.0037759551591588837,3.0,0.009765625,-0.14,-0.8965170834772932,ok,0.29296875,False
Dataset_C_MQTT_IoT_Flood,Cumulative,NonIID_Dirichlet,F1_Mean_Over_Rounds,Adaptive_NoAdaptiveWeighting,Adaptive_Ultimate,10,0.9527543069723039,0.9557583356853246,-0.0030040287130207012,3.0,0.009765625,-0.1,-0.8029533224274112,ok,0.29296875,False
Dataset_C_MQTT_IoT_Flood,Cumulative,NonIID_Dirichlet,F1_Mean_Over_Rounds,Adaptive_NoAdaptiveWeighting,FLAME,10,0.9527543069723039,0.9596017666354462,-0.0068474596631421195,9.0,0.12890625,-0.25,-0.673496883236727,ok,1.0,False
Dataset_C_MQTT_IoT_Flood,Cumulative,NonIID_Dirichlet,F1_Mean_Over_Rounds,Adaptive_NoAdaptiveWeighting,FLTrust,10,0.9527543069723039,0.9565302621314629,-0.0037759551591588837,3.0,0.009765625,-0.14,-0.8965170834772932,ok,0.29296875,False
Dataset_C_MQTT_IoT_Flood,Cumulative,NonIID_Dirichlet,F1_Mean_Over_Rounds,Adaptive_NoAdaptiveWeighting,FedAvg,10,0.9527543069723039,0.9580306934477111,-0.00527638647540718,10.0,0.1640625,-0.23,-0.5424819029574935,ok,1.0,False
Dataset_C_MQTT_IoT_Flood,Cumulative,NonIID_Dirichlet,F1_Mean_Over_Rounds,Adaptive_NoAdaptiveWeighting,Krum,10,0.9527543069723039,0.9612899755740232,-0.008535668601719082,10.0,0.083984375,-0.28,-0.7699670765277203,ok,1.0,False
Dataset_C_MQTT_IoT_Flood,Cumulative,NonIID_Dirichlet,F1_Mean_Over_Rounds,Adaptive_NoCircuitBreaker,Adaptive_NoTemporalMemory,10,0.9557583356853246,0.9565302621314629,-0.0007719264461381825,0.0,0.0078125,-0.08,-1.0302993109916327,ok,0.28125,False
Dataset_C_MQTT_IoT_Flood,Cumulative,NonIID_Dirichlet,F1_Mean_Over_Rounds,Adaptive_NoCircuitBreaker,Adaptive_Ultimate,10,0.9557583356853246,0.9557583356853246,0.0,0.0,1.0,0.0,0.0,identical_values,1.0,False
Dataset_C_MQTT_IoT_Flood,Cumulative,NonIID_Dirichlet,F1_Mean_Over_Rounds,Adaptive_NoCircuitBreaker,FLAME,10,0.9557583356853246,0.9596017666354462,-0.0038434309501214183,11.0,0.10546875,-0.14,-0.515527228659334,ok,1.0,False
Dataset_C_MQTT_IoT_Flood,Cumulative,NonIID_Dirichlet,F1_Mean_Over_Rounds,Adaptive_NoCircuitBreaker,FLTrust,10,0.9557583356853246,0.9565302621314629,-0.0007719264461381825,0.0,0.0078125,-0.08,-1.0302993109916327,ok,0.28125,False
Dataset_C_MQTT_IoT_Flood,Cumulative,NonIID_Dirichlet,F1_Mean_Over_Rounds,Adaptive_NoCircuitBreaker,FedAvg,10,0.9557583356853246,0.9580306934477111,-0.0022723577623864786,22.0,0.625,-0.12,-0.2700782123047496,ok,1.0,False
Dataset_C_MQTT_IoT_Flood,Cumulative,NonIID_Dirichlet,F1_Mean_Over_Rounds,Adaptive_NoCircuitBreaker,Krum,10,0.9557583356853246,0.9612899755740232,-0.005531639888698381,9.0,0.064453125,-0.14,-0.6823091348610112,ok,1.0,False
Dataset_C_MQTT_IoT_Flood,Cumulative,NonIID_Dirichlet,F1_Mean_Over_Rounds,Adaptive_NoTemporalMemory,Adaptive_Ultimate,10,0.9565302621314629,0.9557583356853246,0.0007719264461381825,0.0,0.0078125,0.08,1.0302993109916327,ok,0.28125,False
Dataset_C_MQTT_IoT_Flood,Cumulative,NonIID_Dirichlet,F1_Mean_Over_Rounds,Adaptive_NoTemporalMemory,FLAME,10,0.9565302621314629,0.9596017666354462,-0.0030715045039832354,13.0,0.16015625,-0.12,-0.42995508897200163,ok,1.0,False
Dataset_C_MQTT_IoT_Flood,Cumulative,NonIID_Dirichlet,F1_Mean_Over_Rounds,Adaptive_NoTemporalMemory,FLTrust,10,0.9565302621314629,0.9565302621314629,0.0,0.0,1.0,0.0,0.0,identical_values,1.0,False
Dataset_C_MQTT_IoT_Flood,Cumulative,NonIID_Dirichlet,F1_Mean_Over_Rounds,Adaptive_NoTemporalMemory,FedAvg,10,0.9565302621314629,0.9580306934477111,-0.0015004313162482962,26.0,0.921875,-0.1,-0.17774836768982888,ok,1.0,False
Dataset_C_MQTT_IoT_Flood,Cumulative,NonIID_Dirichlet,F1_Mean_Over_Rounds,Adaptive_NoTemporalMemory,Krum,10,0.9565302621314629,0.9612899755740232,-0.004759713442560198,11.0,0.10546875,-0.12,-0.613850736982026,ok,1.0,False
Dataset_C_MQTT_IoT_Flood,Cumulative,NonIID_Dirichlet,F1_Mean_Over_Rounds,Adaptive_Ultimate,FLAME,10,0.9557583356853246,0.9596017666354462,-0.0038434309501214183,11.0,0.10546875,-0.14,-0.515527228659334,ok,1.0,False
Dataset_C_MQTT_IoT_Flood,Cumulative,NonIID_Dirichlet,F1_Mean_Over_Rounds,Adaptive_Ultimate,FLTrust,10,0.9557583356853246,0.9565302621314629,-0.0007719264461381825,0.0,0.0078125,-0.08,-1.0302993109916327,ok,0.28125,False
Dataset_C_MQTT_IoT_Flood,Cumulative,NonIID_Dirichlet,F1_Mean_Over_Rounds,Adaptive_Ultimate,FedAvg,10,0.9557583356853246,0.9580306934477111,-0.0022723577623864786,22.0,0.625,-0.12,-0.2700782123047496,ok,1.0,False
Dataset_C_MQTT_IoT_Flood,Cumulative,NonIID_Dirichlet,F1_Mean_Over_Rounds,Adaptive_Ultimate,Krum,10,0.9557583356853246,0.9612899755740232,-0.005531639888698381,9.0,0.064453125,-0.14,-0.6823091348610112,ok,1.0,False
Dataset_C_MQTT_IoT_Flood,Cumulative,NonIID_Dirichlet,F1_Mean_Over_Rounds,FLAME,FLTrust,10,0.9596017666354462,0.9565302621314629,0.0030715045039832354,13.0,0.16015625,0.12,0.42995508897200163,ok,1.0,False
Dataset_C_MQTT_IoT_Flood,Cumulative,NonIID_Dirichlet,F1_Mean_Over_Rounds,FLAME,FedAvg,10,0.9596017666354462,0.9580306934477111,0.0015710731877349392,16.0,0.49609375,0.03,0.11442471370609203,ok,1.0,False
Dataset_C_MQTT_IoT_Flood,Cumulative,NonIID_Dirichlet,F1_Mean_Over_Rounds,FLAME,Krum,10,0.9596017666354462,0.9612899755740232,-0.0016882089385769627,12.0,0.25,-0.03,-0.5435852715596609,ok,1.0,False
Dataset_C_MQTT_IoT_Flood,Cumulative,NonIID_Dirichlet,F1_Mean_Over_Rounds,FLTrust,FedAvg,10,0.9565302621314629,0.9580306934477111,-0.0015004313162482962,26.0,0.921875,-0.1,-0.17774836768982888,ok,1.0,False
Dataset_C_MQTT_IoT_Flood,Cumulative,NonIID_Dirichlet,F1_Mean_Over_Rounds,FLTrust,Krum,10,0.9565302621314629,0.9612899755740232,-0.004759713442560198,11.0,0.10546875,-0.12,-0.613850736982026,ok,1.0,False
Dataset_C_MQTT_IoT_Flood,Cumulative,NonIID_Dirichlet,F1_Mean_Over_Rounds,FedAvg,Krum,10,0.9580306934477111,0.9612899755740232,-0.003259282126311902,13.0,0.16015625,-0.08,-0.23858661679792348,ok,1.0,False
Dataset_C_MQTT_IoT_Flood,Cumulative,NonIID_Dirichlet,ASR_Mean_Over_Rounds,Adaptive_FixedCircuitBreaker,Adaptive_NoAdaptiveWeighting,10,0.05594769230769231,0.06017384615384615,-0.0042261538461538465,2.0,0.046875,-0.07,-0.6226316526620007,ok,1.0,False
Dataset_C_MQTT_IoT_Flood,Cumulative,NonIID_Dirichlet,ASR_Mean_Over_Rounds,Adaptive_FixedCircuitBreaker,Adaptive_NoCircuitBreaker,10,0.05594769230769231,0.05594769230769231,0.0,0.0,1.0,0.0,0.0,identical_values,1.0,False
Dataset_C_MQTT_IoT_Flood,Cumulative,NonIID_Dirichlet,ASR_Mean_Over_Rounds,Adaptive_FixedCircuitBreaker,Adaptive_NoTemporalMemory,10,0.05594769230769231,0.055233846153846154,0.0007138461538461552,0.0,0.0625,0.05,0.7326681117861956,ok,1.0,False
Dataset_C_MQTT_IoT_Flood,Cumulative,NonIID_Dirichlet,ASR_Mean_Over_Rounds,Adaptive_FixedCircuitBreaker,Adaptive_Ultimate,10,0.05594769230769231,0.05594769230769231,0.0,0.0,1.0,0.0,0.0,identical_values,1.0,False
Dataset_C_MQTT_IoT_Flood,Cumulative,NonIID_Dirichlet,ASR_Mean_Over_Rounds,Adaptive_FixedCircuitBreaker,FLAME,10,0.05594769230769231,0.04927076923076923,0.0066769230769230786,7.0,0.07421875,0.17,0.6410851964169286,ok,1.0,False
Dataset_C_MQTT_IoT_Flood,Cumulative,NonIID_Dirichlet,ASR_Mean_Over_Rounds,Adaptive_FixedCircuitBreaker,FLTrust,10,0.05594769230769231,0.055233846153846154,0.0007138461538461552,0.0,0.0625,0.05,0.7326681117861956,ok,1.0,False
Dataset_C_MQTT_IoT_Flood,Cumulative,NonIID_Dirichlet,ASR_Mean_Over_Rounds,Adaptive_FixedCircuitBreaker,FedAvg,10,0.05594769230769231,0.05355692307692308,0.0023907692307692323,5.0,0.15625,0.07,0.4229371531606648,ok,1.0,False
Dataset_C_MQTT_IoT_Flood,Cumulative,NonIID_Dirichlet,ASR_Mean_Over_Rounds,Adaptive_FixedCircuitBreaker,Krum,10,0.05594769230769231,0.04579384615384615,0.010153846153846156,1.0,0.0078125,0.17,0.9213060067197526,ok,0.2734375,False
Dataset_C_MQTT_IoT_Flood,Cumulative,NonIID_Dirichlet,ASR_Mean_Over_Rounds,Adaptive_NoAdaptiveWeighting,Adaptive_NoCircuitBreaker,10,0.06017384615384615,0.05594769230769231,0.0042261538461538465,2.0,0.046875,0.07,0.6226316526620007,ok,1.0,False
Dataset_C_MQTT_IoT_Flood,Cumulative,NonIID_Dirichlet,ASR_Mean_Over_Rounds,Adaptive_NoAdaptiveWeighting,Adaptive_NoTemporalMemory,10,0.06017384615384615,0.055233846153846154,0.004940000000000002,2.0,0.046875,0.07,0.6474368003373784,ok,1.0,False
Dataset_C_MQTT_IoT_Flood,Cumulative,NonIID_Dirichlet,ASR_Mean_Over_Rounds,Adaptive_NoAdaptiveWeighting,Adaptive_Ultimate,10,0.06017384615384615,0.05594769230769231,0.0042261538461538465,2.0,0.046875,0.07,0.6226316526620007,ok,1.0,False
Dataset_C_MQTT_IoT_Flood,Cumulative,NonIID_Dirichlet,ASR_Mean_Over_Rounds,Adaptive_NoAdaptiveWeighting,FLAME,10,0.06017384615384615,0.04927076923076923,0.010903076923076927,4.0,0.02734375,0.19,0.7144759863210044,ok,0.79296875,False
Dataset_C_MQTT_IoT_Flood,Cumulative,NonIID_Dirichlet,ASR_Mean_Over_Rounds,Adaptive_NoAdaptiveWeighting,FLTrust,10,0.06017384615384615,0.055233846153846154,0.004940000000000002,2.0,0.046875,0.07,0.6474368003373784,ok,1.0,False
Dataset_C_MQTT_IoT_Flood,Cumulative,NonIID_Dirichlet,ASR_Mean_Over_Rounds,Adaptive_NoAdaptiveWeighting,FedAvg,10,0.06017384615384615,0.05355692307692308,0.00661692307692308,4.0,0.02734375,0.11,0.5772570862704793,ok,0.79296875,False
Dataset_C_MQTT_IoT_Flood,Cumulative,NonIID_Dirichlet,ASR_Mean_Over_Rounds,Adaptive_NoAdaptiveWeighting,Krum,10,0.06017384615384615,0.04579384615384615,0.01438,1.0,0.00390625,0.24,0.8998990839617519,ok,0.140625,False
Dataset_C_MQTT_IoT_Flood,Cumulative,NonIID_Dirichlet,ASR_Mean_Over_Rounds,Adaptive_NoCircuitBreaker,Adaptive_NoTemporalMemory,10,0.05594769230769231,0.055233846153846154,0.0007138461538461552,0.0,0.0625,0.05,0.7326681117861956,ok,1.0,False
Dataset_C_MQTT_IoT_Flood,Cumulative,NonIID_Dirichlet,ASR_Mean_Over_Rounds,Adaptive_NoCircuitBreaker,Adaptive_Ultimate,10,0.05594769230769231,0.05594769230769231,0.0,0.0,1.0,0.0,0.0,identical_values,1.0,False
Dataset_C_MQTT_IoT_Flood,Cumulative,NonIID_Dirichlet,ASR_Mean_Over_Rounds,Adaptive_NoCircuitBreaker,FLAME,10,0.05594769230769231,0.04927076923076923,0.0066769230769230786,7.0,0.07421875,0.17,0.6410851964169286,ok,1.0,False
Dataset_C_MQTT_IoT_Flood,Cumulative,NonIID_Dirichlet,ASR_Mean_Over_Rounds,Adaptive_NoCircuitBreaker,FLTrust,10,0.05594769230769231,0.055233846153846154,0.0007138461538461552,0.0,0.0625,0.05,0.7326681117861956,ok,1.0,False
Dataset_C_MQTT_IoT_Flood,Cumulative,NonIID_Dirichlet,ASR_Mean_Over_Rounds,Adaptive_NoCircuitBreaker,FedAvg,10,0.05594769230769231,0.05355692307692308,0.0023907692307692323,5.0,0.15625,0.07,0.4229371531606648,ok,1.0,False
Dataset_C_MQTT_IoT_Flood,Cumulative,NonIID_Dirichlet,ASR_Mean_Over_Rounds,Adaptive_NoCircuitBreaker,Krum,10,0.05594769230769231,0.04579384615384615,0.010153846153846156,1.0,0.0078125,0.17,0.9213060067197526,ok,0.2734375,False
Dataset_C_MQTT_IoT_Flood,Cumulative,NonIID_Dirichlet,ASR_Mean_Over_Rounds,Adaptive_NoTemporalMemory,Adaptive_Ultimate,10,0.055233846153846154,0.05594769230769231,-0.0007138461538461552,0.0,0.0625,-0.05,-0.7326681117861956,ok,1.0,False
Dataset_C_MQTT_IoT_Flood,Cumulative,NonIID_Dirichlet,ASR_Mean_Over_Rounds,Adaptive_NoTemporalMemory,FLAME,10,0.055233846153846154,0.04927076923076923,0.005963076923076923,9.0,0.12890625,0.15,0.5933747977051257,ok,1.0,False
Dataset_C_MQTT_IoT_Flood,Cumulative,NonIID_Dirichlet,ASR_Mean_Over_Rounds,Adaptive_NoTemporalMemory,FLTrust,10,0.055233846153846154,0.055233846153846154,0.0,0.0,1.0,0.0,0.0,identical_values,1.0,False
Dataset_C_MQTT_IoT_Flood,Cumulative,NonIID_Dirichlet,ASR_Mean_Over_Rounds,Adaptive_NoTemporalMemory,FedAvg,10,0.055233846153846154,0.05355692307692308,0.0016769230769230772,10.0,0.578125,0.01,0.31447308956438075,ok,1.0,False
Dataset_C_MQTT_IoT_Flood,Cumulative,NonIID_Dirichlet,ASR_Mean_Over_Rounds,Adaptive_NoTemporalMemory,Krum,10,0.055233846153846154,0.04579384615384615,0.009439999999999999,1.0,0.0078125,0.17,0.8840558003584381,ok,0.2734375,False
Dataset_C_MQTT_IoT_Flood,Cumulative,NonIID_Dirichlet,ASR_Mean_Over_Rounds,Adaptive_Ultimate,FLAME,10,0.05594769230769231,0.04927076923076923,0.0066769230769230786,7.0,0.07421875,0.17,0.6410851964169286,ok,1.0,False
Dataset_C_MQTT_IoT_Flood,Cumulative,NonIID_Dirichlet,ASR_Mean_Over_Rounds,Adaptive_Ultimate,FLTrust,10,0.05594769230769231,0.055233846153846154,0.0007138461538461552,0.0,0.0625,0.05,0.7326681117861956,ok,1.0,False
Dataset_C_MQTT_IoT_Flood,Cumulative,NonIID_Dirichlet,ASR_Mean_Over_Rounds,Adaptive_Ultimate,FedAvg,10,0.05594769230769231,0.05355692307692308,0.0023907692307692323,5.0,0.15625,0.07,0.4229371531606648,ok,1.0,False
Dataset_C_MQTT_IoT_Flood,Cumulative,NonIID_Dirichlet,ASR_Mean_Over_Rounds,Adaptive_Ultimate,Krum,10,0.05594769230769231,0.04579384615384615,0.010153846153846156,1.0,0.0078125,0.17,0.9213060067197526,ok,0.2734375,False
Dataset_C_MQTT_IoT_Flood,Cumulative,NonIID_Dirichlet,ASR_Mean_Over_Rounds,FLAME,FLTrust,10,0.04927076923076923,0.055233846153846154,-0.005963076923076923,9.0,0.12890625,-0.15,-0.5933747977051257,ok,1.0,False
Dataset_C_MQTT_IoT_Flood,Cumulative,NonIID_Dirichlet,ASR_Mean_Over_Rounds,FLAME,FedAvg,10,0.04927076923076923,0.05355692307692308,-0.004286153846153846,11.0,0.203125,-0.14,-0.392033925317556,ok,1.0,False
Dataset_C_MQTT_IoT_Flood,Cumulative,NonIID_Dirichlet,ASR_Mean_Over_Rounds,FLAME,Krum,10,0.04927076923076923,0.04579384615384615,0.0034769230769230767,20.0,0.4921875,0.06,0.40375744246460193,ok,1.0,False
Dataset_C_MQTT_IoT_Flood,Cumulative,NonIID_Dirichlet,ASR_Mean_Over_Rounds,FLTrust,FedAvg,10,0.055233846153846154,0.05355692307692308,0.0016769230769230772,10.0,0.578125,0.01,0.31447308956438075,ok,1.0,False
Dataset_C_MQTT_IoT_Flood,Cumulative,NonIID_Dirichlet,ASR_Mean_Over_Rounds,FLTrust,Krum,10,0.055233846153846154,0.04579384615384615,0.009439999999999999,1.0,0.0078125,0.17,0.8840558003584381,ok,0.2734375,False
Dataset_C_MQTT_IoT_Flood,Cumulative,NonIID_Dirichlet,ASR_Mean_Over_Rounds,FedAvg,Krum,10,0.05355692307692308,0.04579384615384615,0.007763076923076923,3.0,0.01953125,0.19,0.8908951130464248,ok,0.5859375,False
Dataset_C_MQTT_IoT_Flood,Cumulative,NonIID_Dirichlet,F1_Final_Round,Adaptive_FixedCircuitBreaker,Adaptive_NoAdaptiveWeighting,10,0.9921568627450981,0.9921568627450981,0.0,0.0,1.0,0.0,0.0,identical_values,1.0,False
Dataset_C_MQTT_IoT_Flood,Cumulative,NonIID_Dirichlet,F1_Final_Round,Adaptive_FixedCircuitBreaker,Adaptive_NoCircuitBreaker,10,0.9921568627450981,0.9921568627450981,0.0,0.0,1.0,0.0,0.0,identical_values,1.0,False
Dataset_C_MQTT_IoT_Flood,Cumulative,NonIID_Dirichlet,F1_Final_Round,Adaptive_FixedCircuitBreaker,Adaptive_NoTemporalMemory,10,0.9921568627450981,0.9921568627450981,0.0,0.0,1.0,0.0,0.0,identical_values,1.0,False
Dataset_C_MQTT_IoT_Flood,Cumulative,NonIID_Dirichlet,F1_Final_Round,Adaptive_FixedCircuitBreaker,Adaptive_Ultimate,10,0.9921568627450981,0.9921568627450981,0.0,0.0,1.0,0.0,0.0,identical_values,1.0,False
Dataset_C_MQTT_IoT_Flood,Cumulative,NonIID_Dirichlet,F1_Final_Round,Adaptive_FixedCircuitBreaker,FLAME,10,0.9921568627450981,0.9921568627450981,0.0,0.0,1.0,0.0,0.0,identical_values,1.0,False
Dataset_C_MQTT_IoT_Flood,Cumulative,NonIID_Dirichlet,F1_Final_Round,Adaptive_FixedCircuitBreaker,FLTrust,10,0.9921568627450981,0.9921568627450981,0.0,0.0,1.0,0.0,0.0,identical_values,1.0,False
Dataset_C_MQTT_IoT_Flood,Cumulative,NonIID_Dirichlet,F1_Final_Round,Adaptive_FixedCircuitBreaker,FedAvg,10,0.9921568627450981,0.996078431372549,-0.003921568627450989,0.0,1.0,-0.1,-0.31622776601683794,ok,1.0,False
Dataset_C_MQTT_IoT_Flood,Cumulative,NonIID_Dirichlet,F1_Final_Round,Adaptive_FixedCircuitBreaker,Krum,10,0.9921568627450981,0.9921568627450981,0.0,0.0,1.0,0.0,0.0,identical_values,1.0,False
Dataset_C_MQTT_IoT_Flood,Cumulative,NonIID_Dirichlet,F1_Final_Round,Adaptive_NoAdaptiveWeighting,Adaptive_NoCircuitBreaker,10,0.9921568627450981,0.9921568627450981,0.0,0.0,1.0,0.0,0.0,identical_values,1.0,False
Dataset_C_MQTT_IoT_Flood,Cumulative,NonIID_Dirichlet,F1_Final_Round,Adaptive_NoAdaptiveWeighting,Adaptive_NoTemporalMemory,10,0.9921568627450981,0.9921568627450981,0.0,0.0,1.0,0.0,0.0,identical_values,1.0,False
Dataset_C_MQTT_IoT_Flood,Cumulative,NonIID_Dirichlet,F1_Final_Round,Adaptive_NoAdaptiveWeighting,Adaptive_Ultimate,10,0.9921568627450981,0.9921568627450981,0.0,0.0,1.0,0.0,0.0,identical_values,1.0,False
Dataset_C_MQTT_IoT_Flood,Cumulative,NonIID_Dirichlet,F1_Final_Round,Adaptive_NoAdaptiveWeighting,FLAME,10,0.9921568627450981,0.9921568627450981,0.0,0.0,1.0,0.0,0.0,identical_values,1.0,False
Dataset_C_MQTT_IoT_Flood,Cumulative,NonIID_Dirichlet,F1_Final_Round,Adaptive_NoAdaptiveWeighting,FLTrust,10,0.9921568627450981,0.9921568627450981,0.0,0.0,1.0,0.0,0.0,identical_values,1.0,False
Dataset_C_MQTT_IoT_Flood,Cumulative,NonIID_Dirichlet,F1_Final_Round,Adaptive_NoAdaptiveWeighting,FedAvg,10,0.9921568627450981,0.996078431372549,-0.003921568627450989,0.0,1.0,-0.1,-0.31622776601683794,ok,1.0,False
Dataset_C_MQTT_IoT_Flood,Cumulative,NonIID_Dirichlet,F1_Final_Round,Adaptive_NoAdaptiveWeighting,Krum,10,0.9921568627450981,0.9921568627450981,0.0,0.0,1.0,0.0,0.0,identical_values,1.0,False
Dataset_C_MQTT_IoT_Flood,Cumulative,NonIID_Dirichlet,F1_Final_Round,Adaptive_NoCircuitBreaker,Adaptive_NoTemporalMemory,10,0.9921568627450981,0.9921568627450981,0.0,0.0,1.0,0.0,0.0,identical_values,1.0,False
Dataset_C_MQTT_IoT_Flood,Cumulative,NonIID_Dirichlet,F1_Final_Round,Adaptive_NoCircuitBreaker,Adaptive_Ultimate,10,0.9921568627450981,0.9921568627450981,0.0,0.0,1.0,0.0,0.0,identical_values,1.0,False
Dataset_C_MQTT_IoT_Flood,Cumulative,NonIID_Dirichlet,F1_Final_Round,Adaptive_NoCircuitBreaker,FLAME,10,0.9921568627450981,0.9921568627450981,0.0,0.0,1.0,0.0,0.0,identical_values,1.0,False
Dataset_C_MQTT_IoT_Flood,Cumulative,NonIID_Dirichlet,F1_Final_Round,Adaptive_NoCircuitBreaker,FLTrust,10,0.9921568627450981,0.9921568627450981,0.0,0.0,1.0,0.0,0.0,identical_values,1.0,False
Dataset_C_MQTT_IoT_Flood,Cumulative,NonIID_Dirichlet,F1_Final_Round,Adaptive_NoCircuitBreaker,FedAvg,10,0.9921568627450981,0.996078431372549,-0.003921568627450989,0.0,1.0,-0.1,-0.31622776601683794,ok,1.0,False
Dataset_C_MQTT_IoT_Flood,Cumulative,NonIID_Dirichlet,F1_Final_Round,Adaptive_NoCircuitBreaker,Krum,10,0.9921568627450981,0.9921568627450981,0.0,0.0,1.0,0.0,0.0,identical_values,1.0,False
Dataset_C_MQTT_IoT_Flood,Cumulative,NonIID_Dirichlet,F1_Final_Round,Adaptive_NoTemporalMemory,Adaptive_Ultimate,10,0.9921568627450981,0.9921568627450981,0.0,0.0,1.0,0.0,0.0,identical_values,1.0,False
Dataset_C_MQTT_IoT_Flood,Cumulative,NonIID_Dirichlet,F1_Final_Round,Adaptive_NoTemporalMemory,FLAME,10,0.9921568627450981,0.9921568627450981,0.0,0.0,1.0,0.0,0.0,identical_values,1.0,False
Dataset_C_MQTT_IoT_Flood,Cumulative,NonIID_Dirichlet,F1_Final_Round,Adaptive_NoTemporalMemory,FLTrust,10,0.9921568627450981,0.9921568627450981,0.0,0.0,1.0,0.0,0.0,identical_values,1.0,False
Dataset_C_MQTT_IoT_Flood,Cumulative,NonIID_Dirichlet,F1_Final_Round,Adaptive_NoTemporalMemory,FedAvg,10,0.9921568627450981,0.996078431372549,-0.003921568627450989,0.0,1.0,-0.1,-0.31622776601683794,ok,1.0,False
Dataset_C_MQTT_IoT_Flood,Cumulative,NonIID_Dirichlet,F1_Final_Round,Adaptive_NoTemporalMemory,Krum,10,0.9921568627450981,0.9921568627450981,0.0,0.0,1.0,0.0,0.0,identical_values,1.0,False
Dataset_C_MQTT_IoT_Flood,Cumulative,NonIID_Dirichlet,F1_Final_Round,Adaptive_Ultimate,FLAME,10,0.9921568627450981,0.9921568627450981,0.0,0.0,1.0,0.0,0.0,identical_values,1.0,False
Dataset_C_MQTT_IoT_Flood,Cumulative,NonIID_Dirichlet,F1_Final_Round,Adaptive_Ultimate,FLTrust,10,0.9921568627450981,0.9921568627450981,0.0,0.0,1.0,0.0,0.0,identical_values,1.0,False
Dataset_C_MQTT_IoT_Flood,Cumulative,NonIID_Dirichlet,F1_Final_Round,Adaptive_Ultimate,FedAvg,10,0.9921568627450981,0.996078431372549,-0.003921568627450989,0.0,1.0,-0.1,-0.31622776601683794,ok,1.0,False
Dataset_C_MQTT_IoT_Flood,Cumulative,NonIID_Dirichlet,F1_Final_Round,Adaptive_Ultimate,Krum,10,0.9921568627450981,0.9921568627450981,0.0,0.0,1.0,0.0,0.0,identical_values,1.0,False
Dataset_C_MQTT_IoT_Flood,Cumulative,NonIID_Dirichlet,F1_Final_Round,FLAME,FLTrust,10,0.9921568627450981,0.9921568627450981,0.0,0.0,1.0,0.0,0.0,identical_values,1.0,False
Dataset_C_MQTT_IoT_Flood,Cumulative,NonIID_Dirichlet,F1_Final_Round,FLAME,FedAvg,10,0.9921568627450981,0.996078431372549,-0.003921568627450989,0.0,1.0,-0.1,-0.31622776601683794,ok,1.0,False
Dataset_C_MQTT_IoT_Flood,Cumulative,NonIID_Dirichlet,F1_Final_Round,FLAME,Krum,10,0.9921568627450981,0.9921568627450981,0.0,0.0,1.0,0.0,0.0,identical_values,1.0,False
Dataset_C_MQTT_IoT_Flood,Cumulative,NonIID_Dirichlet,F1_Final_Round,FLTrust,FedAvg,10,0.9921568627450981,0.996078431372549,-0.003921568627450989,0.0,1.0,-0.1,-0.31622776601683794,ok,1.0,False
Dataset_C_MQTT_IoT_Flood,Cumulative,NonIID_Dirichlet,F1_Final_Round,FLTrust,Krum,10,0.9921568627450981,0.9921568627450981,0.0,0.0,1.0,0.0,0.0,identical_values,1.0,False
Dataset_C_MQTT_IoT_Flood,Cumulative,NonIID_Dirichlet,F1_Final_Round,FedAvg,Krum,10,0.996078431372549,0.9921568627450981,0.003921568627450989,0.0,1.0,0.1,0.31622776601683794,ok,1.0,False
Dataset_C_MQTT_IoT_Flood,Cumulative,NonIID_Dirichlet,ASR_Final_Round,Adaptive_FixedCircuitBreaker,Adaptive_NoAdaptiveWeighting,10,0.011538461538461539,0.011538461538461539,0.0,0.0,1.0,0.0,0.0,identical_values,1.0,False
Dataset_C_MQTT_IoT_Flood,Cumulative,NonIID_Dirichlet,ASR_Final_Round,Adaptive_FixedCircuitBreaker,Adaptive_NoCircuitBreaker,10,0.011538461538461539,0.011538461538461539,0.0,0.0,1.0,0.0,0.0,identical_values,1.0,False
Dataset_C_MQTT_IoT_Flood,Cumulative,NonIID_Dirichlet,ASR_Final_Round,Adaptive_FixedCircuitBreaker,Adaptive_NoTemporalMemory,10,0.011538461538461539,0.011538461538461539,0.0,0.0,1.0,0.0,0.0,identical_values,1.0,False
Dataset_C_MQTT_IoT_Flood,Cumulative,NonIID_Dirichlet,ASR_Final_Round,Adaptive_FixedCircuitBreaker,Adaptive_Ultimate,10,0.011538461538461539,0.011538461538461539,0.0,0.0,1.0,0.0,0.0,identical_values,1.0,False
Dataset_C_MQTT_IoT_Flood,Cumulative,NonIID_Dirichlet,ASR_Final_Round,Adaptive_FixedCircuitBreaker,FLAME,10,0.011538461538461539,0.007692307692307693,0.0038461538461538464,0.0,1.0,0.1,0.31622776601683794,ok,1.0,False
Dataset_C_MQTT_IoT_Flood,Cumulative,NonIID_Dirichlet,ASR_Final_Round,Adaptive_FixedCircuitBreaker,FLTrust,10,0.011538461538461539,0.011538461538461539,0.0,0.0,1.0,0.0,0.0,identical_values,1.0,False
Dataset_C_MQTT_IoT_Flood,Cumulative,NonIID_Dirichlet,ASR_Final_Round,Adaptive_FixedCircuitBreaker,FedAvg,10,0.011538461538461539,0.011538461538461539,0.0,0.0,1.0,0.0,0.0,identical_values,1.0,False
Dataset_C_MQTT_IoT_Flood,Cumulative,NonIID_Dirichlet,ASR_Final_Round,Adaptive_FixedCircuitBreaker,Krum,10,0.011538461538461539,0.007692307692307693,0.0038461538461538464,0.0,1.0,0.1,0.31622776601683794,ok,1.0,False
Dataset_C_MQTT_IoT_Flood,Cumulative,NonIID_Dirichlet,ASR_Final_Round,Adaptive_NoAdaptiveWeighting,Adaptive_NoCircuitBreaker,10,0.011538461538461539,0.011538461538461539,0.0,0.0,1.0,0.0,0.0,identical_values,1.0,False
Dataset_C_MQTT_IoT_Flood,Cumulative,NonIID_Dirichlet,ASR_Final_Round,Adaptive_NoAdaptiveWeighting,Adaptive_NoTemporalMemory,10,0.011538461538461539,0.011538461538461539,0.0,0.0,1.0,0.0,0.0,identical_values,1.0,False
Dataset_C_MQTT_IoT_Flood,Cumulative,NonIID_Dirichlet,ASR_Final_Round,Adaptive_NoAdaptiveWeighting,Adaptive_Ultimate,10,0.011538461538461539,0.011538461538461539,0.0,0.0,1.0,0.0,0.0,identical_values,1.0,False
Dataset_C_MQTT_IoT_Flood,Cumulative,NonIID_Dirichlet,ASR_Final_Round,Adaptive_NoAdaptiveWeighting,FLAME,10,0.011538461538461539,0.007692307692307693,0.0038461538461538464,0.0,1.0,0.1,0.31622776601683794,ok,1.0,False
Dataset_C_MQTT_IoT_Flood,Cumulative,NonIID_Dirichlet,ASR_Final_Round,Adaptive_NoAdaptiveWeighting,FLTrust,10,0.011538461538461539,0.011538461538461539,0.0,0.0,1.0,0.0,0.0,identical_values,1.0,False
Dataset_C_MQTT_IoT_Flood,Cumulative,NonIID_Dirichlet,ASR_Final_Round,Adaptive_NoAdaptiveWeighting,FedAvg,10,0.011538461538461539,0.011538461538461539,0.0,0.0,1.0,0.0,0.0,identical_values,1.0,False
Dataset_C_MQTT_IoT_Flood,Cumulative,NonIID_Dirichlet,ASR_Final_Round,Adaptive_NoAdaptiveWeighting,Krum,10,0.011538461538461539,0.007692307692307693,0.0038461538461538464,0.0,1.0,0.1,0.31622776601683794,ok,1.0,False
Dataset_C_MQTT_IoT_Flood,Cumulative,NonIID_Dirichlet,ASR_Final_Round,Adaptive_NoCircuitBreaker,Adaptive_NoTemporalMemory,10,0.011538461538461539,0.011538461538461539,0.0,0.0,1.0,0.0,0.0,identical_values,1.0,False
Dataset_C_MQTT_IoT_Flood,Cumulative,NonIID_Dirichlet,ASR_Final_Round,Adaptive_NoCircuitBreaker,Adaptive_Ultimate,10,0.011538461538461539,0.011538461538461539,0.0,0.0,1.0,0.0,0.0,identical_values,1.0,False
Dataset_C_MQTT_IoT_Flood,Cumulative,NonIID_Dirichlet,ASR_Final_Round,Adaptive_NoCircuitBreaker,FLAME,10,0.011538461538461539,0.007692307692307693,0.0038461538461538464,0.0,1.0,0.1,0.31622776601683794,ok,1.0,False
Dataset_C_MQTT_IoT_Flood,Cumulative,NonIID_Dirichlet,ASR_Final_Round,Adaptive_NoCircuitBreaker,FLTrust,10,0.011538461538461539,0.011538461538461539,0.0,0.0,1.0,0.0,0.0,identical_values,1.0,False
Dataset_C_MQTT_IoT_Flood,Cumulative,NonIID_Dirichlet,ASR_Final_Round,Adaptive_NoCircuitBreaker,FedAvg,10,0.011538461538461539,0.011538461538461539,0.0,0.0,1.0,0.0,0.0,identical_values,1.0,False
Dataset_C_MQTT_IoT_Flood,Cumulative,NonIID_Dirichlet,ASR_Final_Round,Adaptive_NoCircuitBreaker,Krum,10,0.011538461538461539,0.007692307692307693,0.0038461538461538464,0.0,1.0,0.1,0.31622776601683794,ok,1.0,False
Dataset_C_MQTT_IoT_Flood,Cumulative,NonIID_Dirichlet,ASR_Final_Round,Adaptive_NoTemporalMemory,Adaptive_Ultimate,10,0.011538461538461539,0.011538461538461539,0.0,0.0,1.0,0.0,0.0,identical_values,1.0,False
Dataset_C_MQTT_IoT_Flood,Cumulative,NonIID_Dirichlet,ASR_Final_Round,Adaptive_NoTemporalMemory,FLAME,10,0.011538461538461539,0.007692307692307693,0.0038461538461538464,0.0,1.0,0.1,0.31622776601683794,ok,1.0,False
Dataset_C_MQTT_IoT_Flood,Cumulative,NonIID_Dirichlet,ASR_Final_Round,Adaptive_NoTemporalMemory,FLTrust,10,0.011538461538461539,0.011538461538461539,0.0,0.0,1.0,0.0,0.0,identical_values,1.0,False
Dataset_C_MQTT_IoT_Flood,Cumulative,NonIID_Dirichlet,ASR_Final_Round,Adaptive_NoTemporalMemory,FedAvg,10,0.011538461538461539,0.011538461538461539,0.0,0.0,1.0,0.0,0.0,identical_values,1.0,False
Dataset_C_MQTT_IoT_Flood,Cumulative,NonIID_Dirichlet,ASR_Final_Round,Adaptive_NoTemporalMemory,Krum,10,0.011538461538461539,0.007692307692307693,0.0038461538461538464,0.0,1.0,0.1,0.31622776601683794,ok,1.0,False
Dataset_C_MQTT_IoT_Flood,Cumulative,NonIID_Dirichlet,ASR_Final_Round,Adaptive_Ultimate,FLAME,10,0.011538461538461539,0.007692307692307693,0.0038461538461538464,0.0,1.0,0.1,0.31622776601683794,ok,1.0,False
Dataset_C_MQTT_IoT_Flood,Cumulative,NonIID_Dirichlet,ASR_Final_Round,Adaptive_Ultimate,FLTrust,10,0.011538461538461539,0.011538461538461539,0.0,0.0,1.0,0.0,0.0,identical_values,1.0,False
Dataset_C_MQTT_IoT_Flood,Cumulative,NonIID_Dirichlet,ASR_Final_Round,Adaptive_Ultimate,FedAvg,10,0.011538461538461539,0.011538461538461539,0.0,0.0,1.0,0.0,0.0,identical_values,1.0,False
Dataset_C_MQTT_IoT_Flood,Cumulative,NonIID_Dirichlet,ASR_Final_Round,Adaptive_Ultimate,Krum,10,0.011538461538461539,0.007692307692307693,0.0038461538461538464,0.0,1.0,0.1,0.31622776601683794,ok,1.0,False
Dataset_C_MQTT_IoT_Flood,Cumulative,NonIID_Dirichlet,ASR_Final_Round,FLAME,FLTrust,10,0.007692307692307693,0.011538461538461539,-0.0038461538461538464,0.0,1.0,-0.1,-0.31622776601683794,ok,1.0,False
Dataset_C_MQTT_IoT_Flood,Cumulative,NonIID_Dirichlet,ASR_Final_Round,FLAME,FedAvg,10,0.007692307692307693,0.011538461538461539,-0.0038461538461538464,0.0,1.0,-0.1,-0.31622776601683794,ok,1.0,False
Dataset_C_MQTT_IoT_Flood,Cumulative,NonIID_Dirichlet,ASR_Final_Round,FLAME,Krum,10,0.007692307692307693,0.007692307692307693,0.0,0.0,1.0,0.0,0.0,identical_values,1.0,False
Dataset_C_MQTT_IoT_Flood,Cumulative,NonIID_Dirichlet,ASR_Final_Round,FLTrust,FedAvg,10,0.011538461538461539,0.011538461538461539,0.0,0.0,1.0,0.0,0.0,identical_values,1.0,False
Dataset_C_MQTT_IoT_Flood,Cumulative,NonIID_Dirichlet,ASR_Final_Round,FLTrust,Krum,10,0.011538461538461539,0.007692307692307693,0.0038461538461538464,0.0,1.0,0.1,0.31622776601683794,ok,1.0,False
Dataset_C_MQTT_IoT_Flood,Cumulative,NonIID_Dirichlet,ASR_Final_Round,FedAvg,Krum,10,0.011538461538461539,0.007692307692307693,0.0038461538461538464,0.0,1.0,0.1,0.31622776601683794,ok,1.0,False
Dataset_C_MQTT_IoT_Flood,OnOff,IID,F1_Mean_Over_Rounds,Adaptive_FixedCircuitBreaker,Adaptive_NoAdaptiveWeighting,10,0.9761658517953515,0.9761658517953515,0.0,0.0,1.0,0.0,0.0,identical_values,1.0,False
Dataset_C_MQTT_IoT_Flood,OnOff,IID,F1_Mean_Over_Rounds,Adaptive_FixedCircuitBreaker,Adaptive_NoCircuitBreaker,10,0.9761658517953515,0.9761658517953515,0.0,0.0,1.0,0.0,0.0,identical_values,1.0,False
Dataset_C_MQTT_IoT_Flood,OnOff,IID,F1_Mean_Over_Rounds,Adaptive_FixedCircuitBreaker,Adaptive_NoTemporalMemory,10,0.9761658517953515,0.9763619302267241,-0.00019607843137254833,1.0,1.0,0.0,-0.25537695922762754,ok,1.0,False
Dataset_C_MQTT_IoT_Flood,OnOff,IID,F1_Mean_Over_Rounds,Adaptive_FixedCircuitBreaker,Adaptive_Ultimate,10,0.9761658517953515,0.9761658517953515,0.0,0.0,1.0,0.0,0.0,identical_values,1.0,False
Dataset_C_MQTT_IoT_Flood,OnOff,IID,F1_Mean_Over_Rounds,Adaptive_FixedCircuitBreaker,FLAME,10,0.9761658517953515,0.9740254233390162,0.002140428456335286,7.0,0.07421875,0.13,0.42444724506833004,ok,1.0,False
Dataset_C_MQTT_IoT_Flood,OnOff,IID,F1_Mean_Over_Rounds,Adaptive_FixedCircuitBreaker,FLTrust,10,0.9761658517953515,0.976126636109077,3.921568627450745e-05,0.0,1.0,0.01,0.316227766016838,ok,1.0,False
Dataset_C_MQTT_IoT_Flood,OnOff,IID,F1_Mean_Over_Rounds,Adaptive_FixedCircuitBreaker,FedAvg,10,0.9761658517953515,0.9740332664489733,0.0021325853463782574,0.0,0.125,0.1,0.3623971163372658,ok,1.0,False
Dataset_C_MQTT_IoT_Flood,OnOff,IID,F1_Mean_Over_Rounds,Adaptive_FixedCircuitBreaker,Krum,10,0.9761658517953515,0.9747340736347347,0.0014317781606167923,13.0,0.546875,0.02,0.46798606984929514,ok,1.0,False
Dataset_C_MQTT_IoT_Flood,OnOff,IID,F1_Mean_Over_Rounds,Adaptive_NoAdaptiveWeighting,Adaptive_NoCircuitBreaker,10,0.9761658517953515,0.9761658517953515,0.0,0.0,1.0,0.0,0.0,identical_values,1.0,False
Dataset_C_MQTT_IoT_Flood,OnOff,IID,F1_Mean_Over_Rounds,Adaptive_NoAdaptiveWeighting,Adaptive_NoTemporalMemory,10,0.9761658517953515,0.9763619302267241,-0.00019607843137254833,1.0,1.0,0.0,-0.25537695922762754,ok,1.0,False
Dataset_C_MQTT_IoT_Flood,OnOff,IID,F1_Mean_Over_Rounds,Adaptive_NoAdaptiveWeighting,Adaptive_Ultimate,10,0.9761658517953515,0.9761658517953515,0.0,0.0,1.0,0.0,0.0,identical_values,1.0,False
Dataset_C_MQTT_IoT_Flood,OnOff,IID,F1_Mean_Over_Rounds,Adaptive_NoAdaptiveWeighting,FLAME,10,0.9761658517953515,0.9740254233390162,0.002140428456335286,7.0,0.07421875,0.13,0.42444724506833004,ok,1.0,False
Dataset_C_MQTT_IoT_Flood,OnOff,IID,F1_Mean_Over_Rounds,Adaptive_NoAdaptiveWeighting,FLTrust,10,0.9761658517953515,0.976126636109077,3.921568627450745e-05,0.0,1.0,0.01,0.316227766016838,ok,1.0,False
Dataset_C_MQTT_IoT_Flood,OnOff,IID,F1_Mean_Over_Rounds,Adaptive_NoAdaptiveWeighting,FedAvg,10,0.9761658517953515,0.9740332664489733,0.0021325853463782574,0.0,0.125,0.1,0.3623971163372658,ok,1.0,False
Dataset_C_MQTT_IoT_Flood,OnOff,IID,F1_Mean_Over_Rounds,Adaptive_NoAdaptiveWeighting,Krum,10,0.9761658517953515,0.9747340736347347,0.0014317781606167923,13.0,0.546875,0.02,0.46798606984929514,ok,1.0,False
Dataset_C_MQTT_IoT_Flood,OnOff,IID,F1_Mean_Over_Rounds,Adaptive_NoCircuitBreaker,Adaptive_NoTemporalMemory,10,0.9761658517953515,0.9763619302267241,-0.00019607843137254833,1.0,1.0,0.0,-0.25537695922762754,ok,1.0,False
Dataset_C_MQTT_IoT_Flood,OnOff,IID,F1_Mean_Over_Rounds,Adaptive_NoCircuitBreaker,Adaptive_Ultimate,10,0.9761658517953515,0.9761658517953515,0.0,0.0,1.0,0.0,0.0,identical_values,1.0,False
Dataset_C_MQTT_IoT_Flood,OnOff,IID,F1_Mean_Over_Rounds,Adaptive_NoCircuitBreaker,FLAME,10,0.9761658517953515,0.9740254233390162,0.002140428456335286,7.0,0.07421875,0.13,0.42444724506833004,ok,1.0,False
Dataset_C_MQTT_IoT_Flood,OnOff,IID,F1_Mean_Over_Rounds,Adaptive_NoCircuitBreaker,FLTrust,10,0.9761658517953515,0.976126636109077,3.921568627450745e-05,0.0,1.0,0.01,0.316227766016838,ok,1.0,False
Dataset_C_MQTT_IoT_Flood,OnOff,IID,F1_Mean_Over_Rounds,Adaptive_NoCircuitBreaker,FedAvg,10,0.9761658517953515,0.9740332664489733,0.0021325853463782574,0.0,0.125,0.1,0.3623971163372658,ok,1.0,False
Dataset_C_MQTT_IoT_Flood,OnOff,IID,F1_Mean_Over_Rounds,Adaptive_NoCircuitBreaker,Krum,10,0.9761658517953515,0.9747340736347347,0.0014317781606167923,13.0,0.546875,0.02,0.46798606984929514,ok,1.0,False
Dataset_C_MQTT_IoT_Flood,OnOff,IID,F1_Mean_Over_Rounds,Adaptive_NoTemporalMemory,Adaptive_Ultimate,10,0.9763619302267241,0.9761658517953515,0.00019607843137254833,1.0,1.0,0.0,0.25537695922762754,ok,1.0,False
Dataset_C_MQTT_IoT_Flood,OnOff,IID,F1_Mean_Over_Rounds,Adaptive_NoTemporalMemory,FLAME,10,0.9763619302267241,0.9740254233390162,0.0023365068877078342,8.0,0.09765625,0.11,0.4480489455582951,ok,1.0,False
Dataset_C_MQTT_IoT_Flood,OnOff,IID,F1_Mean_Over_Rounds,Adaptive_NoTemporalMemory,FLTrust,10,0.9763619302267241,0.976126636109077,0.00023529411764705577,0.0,1.0,0.01,0.3162277660168379,ok,1.0,False
Dataset_C_MQTT_IoT_Flood,OnOff,IID,F1_Mean_Over_Rounds,Adaptive_NoTemporalMemory,FedAvg,10,0.9763619302267241,0.9740332664489733,0.0023286637777508055,2.0,0.09375,0.1,0.3976727559709234,ok,1.0,False
Dataset_C_MQTT_IoT_Flood,OnOff,IID,F1_Mean_Over_Rounds,Adaptive_NoTemporalMemory,Krum,10,0.9763619302267241,0.9747340736347347,0.0016278565919893406,14.0,0.640625,0.02,0.4695978219005595,ok,1.0,False
Dataset_C_MQTT_IoT_Flood,OnOff,IID,F1_Mean_Over_Rounds,Adaptive_Ultimate,FLAME,10,0.9761658517953515,0.9740254233390162,0.002140428456335286,7.0,0.07421875,0.13,0.42444724506833004,ok,1.0,False
Dataset_C_MQTT_IoT_Flood,OnOff,IID,F1_Mean_Over_Rounds,Adaptive_Ultimate,FLTrust,10,0.9761658517953515,0.976126636109077,3.921568627450745e-05,0.0,1.0,0.01,0.316227766016838,ok,1.0,False
Dataset_C_MQTT_IoT_Flood,OnOff,IID,F1_Mean_Over_Rounds,Adaptive_Ultimate,FedAvg,10,0.9761658517953515,0.9740332664489733,0.0021325853463782574,0.0,0.125,0.1,0.3623971163372658,ok,1.0,False
Dataset_C_MQTT_IoT_Flood,OnOff,IID,F1_Mean_Over_Rounds,Adaptive_Ultimate,Krum,10,0.9761658517953515,0.9747340736347347,0.0014317781606167923,13.0,0.546875,0.02,0.46798606984929514,ok,1.0,False
Dataset_C_MQTT_IoT_Flood,OnOff,IID,F1_Mean_Over_Rounds,FLAME,FLTrust,10,0.9740254233390162,0.976126636109077,-0.0021012127700607785,8.0,0.09765625,-0.11,-0.4152514086471643,ok,1.0,False
Dataset_C_MQTT_IoT_Flood,OnOff,IID,F1_Mean_Over_Rounds,FLAME,FedAvg,10,0.9740254233390162,0.9740332664489733,-7.843109957028638e-06,16.0,0.84375,0.0,-0.004527268875291407,ok,1.0,False
Dataset_C_MQTT_IoT_Flood,OnOff,IID,F1_Mean_Over_Rounds,FLAME,Krum,10,0.9740254233390162,0.9747340736347347,-0.0007086502957184937,16.0,0.84375,-0.04,-0.20734829603264604,ok,1.0,False
Dataset_C_MQTT_IoT_Flood,OnOff,IID,F1_Mean_Over_Rounds,FLTrust,FedAvg,10,0.976126636109077,0.9740332664489733,0.0020933696601037497,2.0,0.1875,0.09,0.35470399804695,ok,1.0,False
Dataset_C_MQTT_IoT_Flood,OnOff,IID,F1_Mean_Over_Rounds,FLTrust,Krum,10,0.976126636109077,0.9747340736347347,0.0013925624743422848,14.0,0.640625,0.02,0.4516459594546492,ok,1.0,False
Dataset_C_MQTT_IoT_Flood,OnOff,IID,F1_Mean_Over_Rounds,FedAvg,Krum,10,0.9740332664489733,0.9747340736347347,-0.000700807185761465,15.0,0.7421875,-0.04,-0.15620058099978093,ok,1.0,False
Dataset_C_MQTT_IoT_Flood,OnOff,IID,ASR_Mean_Over_Rounds,Adaptive_FixedCircuitBreaker,Adaptive_NoAdaptiveWeighting,10,0.01787076923076923,0.01644769230769231,0.0014230769230769234,0.0,1.0,0.03,0.31622776601683794,ok,1.0,False
Dataset_C_MQTT_IoT_Flood,OnOff,IID,ASR_Mean_Over_Rounds,Adaptive_FixedCircuitBreaker,Adaptive_NoCircuitBreaker,10,0.01787076923076923,0.016563076923076923,0.0013076923076923079,0.0,1.0,0.03,0.31622776601683794,ok,1.0,False
Dataset_C_MQTT_IoT_Flood,OnOff,IID,ASR_Mean_Over_Rounds,Adaptive_FixedCircuitBreaker,Adaptive_NoTemporalMemory,10,0.01787076923076923,0.017101538461538463,0.0007692307692307692,0.0,0.5,0.02,0.37354368381881403,ok,1.0,False
Dataset_C_MQTT_IoT_Flood,OnOff,IID,ASR_Mean_Over_Rounds,Adaptive_FixedCircuitBreaker,Adaptive_Ultimate,10,0.01787076923076923,0.01660153846153846,0.0012692307692307695,0.0,1.0,0.03,0.31622776601683794,ok,1.0,False
Dataset_C_MQTT_IoT_Flood,OnOff,IID,ASR_Mean_Over_Rounds,Adaptive_FixedCircuitBreaker,FLAME,10,0.01787076923076923,0.019270769230769227,-0.0014000000000000002,1.0,0.125,-0.03,-0.4975228582288102,ok,1.0,False
Dataset_C_MQTT_IoT_Flood,OnOff,IID,ASR_Mean_Over_Rounds,Adaptive_FixedCircuitBreaker,FLTrust,10,0.01787076923076923,0.016986153846153845,0.0008846153846153847,0.0,0.5,0.02,0.3656479171635358,ok,1.0,False
Dataset_C_MQTT_IoT_Flood,OnOff,IID,ASR_Mean_Over_Rounds,Adaptive_FixedCircuitBreaker,FedAvg,10,0.01787076923076923,0.01838153846153846,-0.0005107692307692313,2.0,0.375,-0.04,-0.39117038591712416,ok,1.0,False
Dataset_C_MQTT_IoT_Flood,OnOff,IID,ASR_Mean_Over_Rounds,Adaptive_FixedCircuitBreaker,Krum,10,0.01787076923076923,0.019507692307692306,-0.0016369230769230768,6.0,0.8125,0.03,-0.35731523374416047,ok,1.0,False
Dataset_C_MQTT_IoT_Flood,OnOff,IID,ASR_Mean_Over_Rounds,Adaptive_NoAdaptiveWeighting,Adaptive_NoCircuitBreaker,10,0.01644769230769231,0.016563076923076923,-0.00011538461538461546,0.0,1.0,-0.01,-0.316227766016838,ok,1.0,False
Dataset_C_MQTT_IoT_Flood,OnOff,IID,ASR_Mean_Over_Rounds,Adaptive_NoAdaptiveWeighting,Adaptive_NoTemporalMemory,10,0.01644769230769231,0.017101538461538463,-0.0006538461538461542,1.0,1.0,-0.02,-0.2615900623008338,ok,1.0,False
Dataset_C_MQTT_IoT_Flood,OnOff,IID,ASR_Mean_Over_Rounds,Adaptive_NoAdaptiveWeighting,Adaptive_Ultimate,10,0.01644769230769231,0.01660153846153846,-0.00015384615384615407,0.0,1.0,-0.01,-0.31622776601683794,ok,1.0,False
Dataset_C_MQTT_IoT_Flood,OnOff,IID,ASR_Mean_Over_Rounds,Adaptive_NoAdaptiveWeighting,FLAME,10,0.01644769230769231,0.019270769230769227,-0.002823076923076924,0.0,0.0625,-0.07,-0.6115517283928471,ok,1.0,False
Dataset_C_MQTT_IoT_Flood,OnOff,IID,ASR_Mean_Over_Rounds,Adaptive_NoAdaptiveWeighting,FLTrust,10,0.01644769230769231,0.016986153846153845,-0.0005384615384615387,1.0,1.0,-0.02,-0.25171823327982684,ok,1.0,False
Dataset_C_MQTT_IoT_Flood,OnOff,IID,ASR_Mean_Over_Rounds,Adaptive_NoAdaptiveWeighting,FedAvg,10,0.01644769230769231,0.01838153846153846,-0.0019338461538461547,2.0,0.375,-0.06,-0.34572708374691574,ok,1.0,False
Dataset_C_MQTT_IoT_Flood,OnOff,IID,ASR_Mean_Over_Rounds,Adaptive_NoAdaptiveWeighting,Krum,10,0.01644769230769231,0.019507692307692306,-0.0030600000000000002,3.0,0.3125,-0.01,-0.5276691489349637,ok,1.0,False
Dataset_C_MQTT_IoT_Flood,OnOff,IID,ASR_Mean_Over_Rounds,Adaptive_NoCircuitBreaker,Adaptive_NoTemporalMemory,10,0.016563076923076923,0.017101538461538463,-0.0005384615384615387,1.0,1.0,-0.02,-0.25171823327982684,ok,1.0,False
Dataset_C_MQTT_IoT_Flood,OnOff,IID,ASR_Mean_Over_Rounds,Adaptive_NoCircuitBreaker,Adaptive_Ultimate,10,0.016563076923076923,0.01660153846153846,-3.8461538461538605e-05,0.0,1.0,-0.01,-0.31622776601683794,ok,1.0,False
Dataset_C_MQTT_IoT_Flood,OnOff,IID,ASR_Mean_Over_Rounds,Adaptive_NoCircuitBreaker,FLAME,10,0.016563076923076923,0.019270769230769227,-0.002707692307692308,0.0,0.0625,-0.07,-0.6258973845449186,ok,1.0,False
Dataset_C_MQTT_IoT_Flood,OnOff,IID,ASR_Mean_Over_Rounds,Adaptive_NoCircuitBreaker,FLTrust,10,0.016563076923076923,0.016986153846153845,-0.00042307692307692326,1.0,1.0,-0.02,-0.23760076032364974,ok,1.0,False
Dataset_C_MQTT_IoT_Flood,OnOff,IID,ASR_Mean_Over_Rounds,Adaptive_NoCircuitBreaker,FedAvg,10,0.016563076923076923,0.01838153846153846,-0.0018184615384615392,2.0,0.375,-0.06,-0.3475232231294805,ok,1.0,False
Dataset_C_MQTT_IoT_Flood,OnOff,IID,ASR_Mean_Over_Rounds,Adaptive_NoCircuitBreaker,Krum,10,0.016563076923076923,0.019507692307692306,-0.002944615384615385,3.0,0.3125,-0.01,-0.5280557819341176,ok,1.0,False
Dataset_C_MQTT_IoT_Flood,OnOff,IID,ASR_Mean_Over_Rounds,Adaptive_NoTemporalMemory,Adaptive_Ultimate,10,0.017101538461538463,0.01660153846153846,0.0005000000000000001,1.0,1.0,0.02,0.24760033325952902,ok,1.0,False
Dataset_C_MQTT_IoT_Flood,OnOff,IID,ASR_Mean_Over_Rounds,Adaptive_NoTemporalMemory,FLAME,10,0.017101538461538463,0.019270769230769227,-0.0021692307692307696,0.0,0.0625,-0.05,-0.6565505744998371,ok,1.0,False
Dataset_C_MQTT_IoT_Flood,OnOff,IID,ASR_Mean_Over_Rounds,Adaptive_NoTemporalMemory,FLTrust,10,0.017101538461538463,0.016986153846153845,0.00011538461538461546,0.0,1.0,0.01,0.316227766016838,ok,1.0,False
Dataset_C_MQTT_IoT_Flood,OnOff,IID,ASR_Mean_Over_Rounds,Adaptive_NoTemporalMemory,FedAvg,10,0.017101538461538463,0.01838153846153846,-0.0012800000000000005,0.0,0.25,-0.05,-0.408751259885891,ok,1.0,False
Dataset_C_MQTT_IoT_Flood,OnOff,IID,ASR_Mean_Over_Rounds,Adaptive_NoTemporalMemory,Krum,10,0.017101538461538463,0.019507692307692306,-0.002406153846153846,3.0,0.3125,-0.01,-0.48352216171857054,ok,1.0,False
Dataset_C_MQTT_IoT_Flood,OnOff,IID,ASR_Mean_Over_Rounds,Adaptive_Ultimate,FLAME,10,0.01660153846153846,0.019270769230769227,-0.0026692307692307697,0.0,0.0625,-0.07,-0.6307332746216879,ok,1.0,False
Dataset_C_MQTT_IoT_Flood,OnOff,IID,ASR_Mean_Over_Rounds,Adaptive_Ultimate,FLTrust,10,0.01660153846153846,0.016986153846153845,-0.0003846153846153846,1.0,1.0,-0.02,-0.231455024943138,ok,1.0,False
Dataset_C_MQTT_IoT_Flood,OnOff,IID,ASR_Mean_Over_Rounds,Adaptive_Ultimate,FedAvg,10,0.01660153846153846,0.01838153846153846,-0.0017800000000000008,2.0,0.375,-0.06,-0.34816981116082985,ok,1.0,False
Dataset_C_MQTT_IoT_Flood,OnOff,IID,ASR_Mean_Over_Rounds,Adaptive_Ultimate,Krum,10,0.01660153846153846,0.019507692307692306,-0.002906153846153846,3.0,0.3125,-0.01,-0.5278680985578448,ok,1.0,False
Dataset_C_MQTT_IoT_Flood,OnOff,IID,ASR_Mean_Over_Rounds,FLAME,FLTrust,10,0.019270769230769227,0.016986153846153845,0.002284615384615385,0.0,0.0625,0.05,0.6602685094477276,ok,1.0,False
Dataset_C_MQTT_IoT_Flood,OnOff,IID,ASR_Mean_Over_Rounds,FLAME,FedAvg,10,0.019270769230769227,0.01838153846153846,0.0008892307692307689,4.0,0.4375,0.03,0.24931669019717795,ok,1.0,False
Dataset_C_MQTT_IoT_Flood,OnOff,IID,ASR_Mean_Over_Rounds,FLAME,Krum,10,0.019270769230769227,0.019507692307692306,-0.0002369230769230767,6.0,0.8125,0.05,-0.09616355842889371,ok,1.0,False
Dataset_C_MQTT_IoT_Flood,OnOff,IID,ASR_Mean_Over_Rounds,FLTrust,FedAvg,10,0.016986153846153845,0.01838153846153846,-0.001395384615384616,0.0,0.25,-0.05,-0.3999032043259484,ok,1.0,False
Dataset_C_MQTT_IoT_Flood,OnOff,IID,ASR_Mean_Over_Rounds,FLTrust,Krum,10,0.016986153846153845,0.019507692307692306,-0.0025215384615384613,3.0,0.3125,-0.01,-0.4968215768828844,ok,1.0,False
Dataset_C_MQTT_IoT_Flood,OnOff,IID,ASR_Mean_Over_Rounds,FedAvg,Krum,10,0.01838153846153846,0.019507692307692306,-0.0011261538461538457,10.0,1.0,0.04,-0.21436772823236142,ok,1.0,False
Dataset_C_MQTT_IoT_Flood,OnOff,IID,F1_Final_Round,Adaptive_FixedCircuitBreaker,Adaptive_NoAdaptiveWeighting,10,0.9921568627450981,0.9921568627450981,0.0,0.0,1.0,0.0,0.0,identical_values,1.0,False
Dataset_C_MQTT_IoT_Flood,OnOff,IID,F1_Final_Round,Adaptive_FixedCircuitBreaker,Adaptive_NoCircuitBreaker,10,0.9921568627450981,0.9921568627450981,0.0,0.0,1.0,0.0,0.0,identical_values,1.0,False
Dataset_C_MQTT_IoT_Flood,OnOff,IID,F1_Final_Round,Adaptive_FixedCircuitBreaker,Adaptive_NoTemporalMemory,10,0.9921568627450981,0.9921568627450981,0.0,0.0,1.0,0.0,0.0,identical_values,1.0,False
Dataset_C_MQTT_IoT_Flood,OnOff,IID,F1_Final_Round,Adaptive_FixedCircuitBreaker,Adaptive_Ultimate,10,0.9921568627450981,0.9921568627450981,0.0,0.0,1.0,0.0,0.0,identical_values,1.0,False
Dataset_C_MQTT_IoT_Flood,OnOff,IID,F1_Final_Round,Adaptive_FixedCircuitBreaker,FLAME,10,0.9921568627450981,0.9846013071895424,0.00755555555555556,0.0,0.5,0.12,0.4739127336691461,ok,1.0,False
Dataset_C_MQTT_IoT_Flood,OnOff,IID,F1_Final_Round,Adaptive_FixedCircuitBreaker,FLTrust,10,0.9921568627450981,0.9921568627450981,0.0,0.0,1.0,0.0,0.0,identical_values,1.0,False
Dataset_C_MQTT_IoT_Flood,OnOff,IID,F1_Final_Round,Adaptive_FixedCircuitBreaker,FedAvg,10,0.9921568627450981,0.9882352941176471,0.003921568627450989,0.0,1.0,0.1,0.31622776601683794,ok,1.0,False
Dataset_C_MQTT_IoT_Flood,OnOff,IID,F1_Final_Round,Adaptive_FixedCircuitBreaker,Krum,10,0.9921568627450981,0.9846013071895424,0.00755555555555556,0.0,0.5,0.12,0.4739127336691461,ok,1.0,False
Dataset_C_MQTT_IoT_Flood,OnOff,IID,F1_Final_Round,Adaptive_NoAdaptiveWeighting,Adaptive_NoCircuitBreaker,10,0.9921568627450981,0.9921568627450981,0.0,0.0,1.0,0.0,0.0,identical_values,1.0,False
Dataset_C_MQTT_IoT_Flood,OnOff,IID,F1_Final_Round,Adaptive_NoAdaptiveWeighting,Adaptive_NoTemporalMemory,10,0.9921568627450981,0.9921568627450981,0.0,0.0,1.0,0.0,0.0,identical_values,1.0,False
Dataset_C_MQTT_IoT_Flood,OnOff,IID,F1_Final_Round,Adaptive_NoAdaptiveWeighting,Adaptive_Ultimate,10,0.9921568627450981,0.9921568627450981,0.0,0.0,1.0,0.0,0.0,identical_values,1.0,False
Dataset_C_MQTT_IoT_Flood,OnOff,IID,F1_Final_Round,Adaptive_NoAdaptiveWeighting,FLAME,10,0.9921568627450981,0.9846013071895424,0.00755555555555556,0.0,0.5,0.12,0.4739127336691461,ok,1.0,False
Dataset_C_MQTT_IoT_Flood,OnOff,IID,F1_Final_Round,Adaptive_NoAdaptiveWeighting,FLTrust,10,0.9921568627450981,0.9921568627450981,0.0,0.0,1.0,0.0,0.0,identical_values,1.0,False
Dataset_C_MQTT_IoT_Flood,OnOff,IID,F1_Final_Round,Adaptive_NoAdaptiveWeighting,FedAvg,10,0.9921568627450981,0.9882352941176471,0.003921568627450989,0.0,1.0,0.1,0.31622776601683794,ok,1.0,False
Dataset_C_MQTT_IoT_Flood,OnOff,IID,F1_Final_Round,Adaptive_NoAdaptiveWeighting,Krum,10,0.9921568627450981,0.9846013071895424,0.00755555555555556,0.0,0.5,0.12,0.4739127336691461,ok,1.0,False
Dataset_C_MQTT_IoT_Flood,OnOff,IID,F1_Final_Round,Adaptive_NoCircuitBreaker,Adaptive_NoTemporalMemory,10,0.9921568627450981,0.9921568627450981,0.0,0.0,1.0,0.0,0.0,identical_values,1.0,False
Dataset_C_MQTT_IoT_Flood,OnOff,IID,F1_Final_Round,Adaptive_NoCircuitBreaker,Adaptive_Ultimate,10,0.9921568627450981,0.9921568627450981,0.0,0.0,1.0,0.0,0.0,identical_values,1.0,False
Dataset_C_MQTT_IoT_Flood,OnOff,IID,F1_Final_Round,Adaptive_NoCircuitBreaker,FLAME,10,0.9921568627450981,0.9846013071895424,0.00755555555555556,0.0,0.5,0.12,0.4739127336691461,ok,1.0,False
Dataset_C_MQTT_IoT_Flood,OnOff,IID,F1_Final_Round,Adaptive_NoCircuitBreaker,FLTrust,10,0.9921568627450981,0.9921568627450981,0.0,0.0,1.0,0.0,0.0,identical_values,1.0,False
Dataset_C_MQTT_IoT_Flood,OnOff,IID,F1_Final_Round,Adaptive_NoCircuitBreaker,FedAvg,10,0.9921568627450981,0.9882352941176471,0.003921568627450989,0.0,1.0,0.1,0.31622776601683794,ok,1.0,False
Dataset_C_MQTT_IoT_Flood,OnOff,IID,F1_Final_Round,Adaptive_NoCircuitBreaker,Krum,10,0.9921568627450981,0.9846013071895424,0.00755555555555556,0.0,0.5,0.12,0.4739127336691461,ok,1.0,False
Dataset_C_MQTT_IoT_Flood,OnOff,IID,F1_Final_Round,Adaptive_NoTemporalMemory,Adaptive_Ultimate,10,0.9921568627450981,0.9921568627450981,0.0,0.0,1.0,0.0,0.0,identical_values,1.0,False
Dataset_C_MQTT_IoT_Flood,OnOff,IID,F1_Final_Round,Adaptive_NoTemporalMemory,FLAME,10,0.9921568627450981,0.9846013071895424,0.00755555555555556,0.0,0.5,0.12,0.4739127336691461,ok,1.0,False
Dataset_C_MQTT_IoT_Flood,OnOff,IID,F1_Final_Round,Adaptive_NoTemporalMemory,FLTrust,10,0.9921568627450981,0.9921568627450981,0.0,0.0,1.0,0.0,0.0,identical_values,1.0,False
Dataset_C_MQTT_IoT_Flood,OnOff,IID,F1_Final_Round,Adaptive_NoTemporalMemory,FedAvg,10,0.9921568627450981,0.9882352941176471,0.003921568627450989,0.0,1.0,0.1,0.31622776601683794,ok,1.0,False
Dataset_C_MQTT_IoT_Flood,OnOff,IID,F1_Final_Round,Adaptive_NoTemporalMemory,Krum,10,0.9921568627450981,0.9846013071895424,0.00755555555555556,0.0,0.5,0.12,0.4739127336691461,ok,1.0,False
Dataset_C_MQTT_IoT_Flood,OnOff,IID,F1_Final_Round,Adaptive_Ultimate,FLAME,10,0.9921568627450981,0.9846013071895424,0.00755555555555556,0.0,0.5,0.12,0.4739127336691461,ok,1.0,False
Dataset_C_MQTT_IoT_Flood,OnOff,IID,F1_Final_Round,Adaptive_Ultimate,FLTrust,10,0.9921568627450981,0.9921568627450981,0.0,0.0,1.0,0.0,0.0,identical_values,1.0,False
Dataset_C_MQTT_IoT_Flood,OnOff,IID,F1_Final_Round,Adaptive_Ultimate,FedAvg,10,0.9921568627450981,0.9882352941176471,0.003921568627450989,0.0,1.0,0.1,0.31622776601683794,ok,1.0,False
Dataset_C_MQTT_IoT_Flood,OnOff,IID,F1_Final_Round,Adaptive_Ultimate,Krum,10,0.9921568627450981,0.9846013071895424,0.00755555555555556,0.0,0.5,0.12,0.4739127336691461,ok,1.0,False
Dataset_C_MQTT_IoT_Flood,OnOff,IID,F1_Final_Round,FLAME,FLTrust,10,0.9846013071895424,0.9921568627450981,-0.00755555555555556,0.0,0.5,-0.12,-0.4739127336691461,ok,1.0,False
Dataset_C_MQTT_IoT_Flood,OnOff,IID,F1_Final_Round,FLAME,FedAvg,10,0.9846013071895424,0.9882352941176471,-0.003633986928104571,0.0,1.0,-0.03,-0.3162277660168379,ok,1.0,False
Dataset_C_MQTT_IoT_Flood,OnOff,IID,F1_Final_Round,FLAME,Krum,10,0.9846013071895424,0.9846013071895424,0.0,0.0,1.0,0.0,0.0,identical_values,1.0,False
Dataset_C_MQTT_IoT_Flood,OnOff,IID,F1_Final_Round,FLTrust,FedAvg,10,0.9921568627450981,0.9882352941176471,0.003921568627450989,0.0,1.0,0.1,0.31622776601683794,ok,1.0,False
Dataset_C_MQTT_IoT_Flood,OnOff,IID,F1_Final_Round,FLTrust,Krum,10,0.9921568627450981,0.9846013071895424,0.00755555555555556,0.0,0.5,0.12,0.4739127336691461,ok,1.0,False
Dataset_C_MQTT_IoT_Flood,OnOff,IID,F1_Final_Round,FedAvg,Krum,10,0.9882352941176471,0.9846013071895424,0.003633986928104571,0.0,1.0,0.03,0.3162277660168379,ok,1.0,False
Dataset_C_MQTT_IoT_Flood,OnOff,IID,ASR_Final_Round,Adaptive_FixedCircuitBreaker,Adaptive_NoAdaptiveWeighting,10,0.011538461538461539,0.007692307692307693,0.0038461538461538464,0.0,1.0,0.1,0.31622776601683794,ok,1.0,False
Dataset_C_MQTT_IoT_Flood,OnOff,IID,ASR_Final_Round,Adaptive_FixedCircuitBreaker,Adaptive_NoCircuitBreaker,10,0.011538461538461539,0.007692307692307693,0.0038461538461538464,0.0,1.0,0.1,0.31622776601683794,ok,1.0,False
Dataset_C_MQTT_IoT_Flood,OnOff,IID,ASR_Final_Round,Adaptive_FixedCircuitBreaker,Adaptive_NoTemporalMemory,10,0.011538461538461539,0.007692307692307693,0.0038461538461538464,0.0,1.0,0.1,0.31622776601683794,ok,1.0,False
Dataset_C_MQTT_IoT_Flood,OnOff,IID,ASR_Final_Round,Adaptive_FixedCircuitBreaker,Adaptive_Ultimate,10,0.011538461538461539,0.007692307692307693,0.0038461538461538464,0.0,1.0,0.1,0.31622776601683794,ok,1.0,False
Dataset_C_MQTT_IoT_Flood,OnOff,IID,ASR_Final_Round,Adaptive_FixedCircuitBreaker,FLAME,10,0.011538461538461539,0.023076923076923078,-0.011538461538461539,0.0,0.25,-0.09,-0.6210590034081188,ok,1.0,False
Dataset_C_MQTT_IoT_Flood,OnOff,IID,ASR_Final_Round,Adaptive_FixedCircuitBreaker,FLTrust,10,0.011538461538461539,0.007692307692307693,0.0038461538461538464,0.0,1.0,0.1,0.31622776601683794,ok,1.0,False
Dataset_C_MQTT_IoT_Flood,OnOff,IID,ASR_Final_Round,Adaptive_FixedCircuitBreaker,FedAvg,10,0.011538461538461539,0.011538461538461539,0.0,0.0,1.0,0.0,0.0,identical_values,1.0,False
Dataset_C_MQTT_IoT_Flood,OnOff,IID,ASR_Final_Round,Adaptive_FixedCircuitBreaker,Krum,10,0.011538461538461539,0.023076923076923078,-0.011538461538461539,0.0,0.5,-0.06,-0.44447831849231534,ok,1.0,False
Dataset_C_MQTT_IoT_Flood,OnOff,IID,ASR_Final_Round,Adaptive_NoAdaptiveWeighting,Adaptive_NoCircuitBreaker,10,0.007692307692307693,0.007692307692307693,0.0,0.0,1.0,0.0,0.0,identical_values,1.0,False
Dataset_C_MQTT_IoT_Flood,OnOff,IID,ASR_Final_Round,Adaptive_NoAdaptiveWeighting,Adaptive_NoTemporalMemory,10,0.007692307692307693,0.007692307692307693,0.0,0.0,1.0,0.0,0.0,identical_values,1.0,False
Dataset_C_MQTT_IoT_Flood,OnOff,IID,ASR_Final_Round,Adaptive_NoAdaptiveWeighting,Adaptive_Ultimate,10,0.007692307692307693,0.007692307692307693,0.0,0.0,1.0,0.0,0.0,identical_values,1.0,False
Dataset_C_MQTT_IoT_Flood,OnOff,IID,ASR_Final_Round,Adaptive_NoAdaptiveWeighting,FLAME,10,0.007692307692307693,0.023076923076923078,-0.015384615384615385,0.0,0.25,-0.16,-0.5720775535473553,ok,1.0,False
Dataset_C_MQTT_IoT_Flood,OnOff,IID,ASR_Final_Round,Adaptive_NoAdaptiveWeighting,FLTrust,10,0.007692307692307693,0.007692307692307693,0.0,0.0,1.0,0.0,0.0,identical_values,1.0,False
Dataset_C_MQTT_IoT_Flood,OnOff,IID,ASR_Final_Round,Adaptive_NoAdaptiveWeighting,FedAvg,10,0.007692307692307693,0.011538461538461539,-0.0038461538461538464,0.0,1.0,-0.1,-0.31622776601683794,ok,1.0,False
Dataset_C_MQTT_IoT_Flood,OnOff,IID,ASR_Final_Round,Adaptive_NoAdaptiveWeighting,Krum,10,0.007692307692307693,0.023076923076923078,-0.015384615384615385,0.0,0.5,-0.14,-0.4743416490252569,ok,1.0,False
Dataset_C_MQTT_IoT_Flood,OnOff,IID,ASR_Final_Round,Adaptive_NoCircuitBreaker,Adaptive_NoTemporalMemory,10,0.007692307692307693,0.007692307692307693,0.0,0.0,1.0,0.0,0.0,identical_values,1.0,False
Dataset_C_MQTT_IoT_Flood,OnOff,IID,ASR_Final_Round,Adaptive_NoCircuitBreaker,Adaptive_Ultimate,10,0.007692307692307693,0.007692307692307693,0.0,0.0,1.0,0.0,0.0,identical_values,1.0,False
Dataset_C_MQTT_IoT_Flood,OnOff,IID,ASR_Final_Round,Adaptive_NoCircuitBreaker,FLAME,10,0.007692307692307693,0.023076923076923078,-0.015384615384615385,0.0,0.25,-0.16,-0.5720775535473553,ok,1.0,False
Dataset_C_MQTT_IoT_Flood,OnOff,IID,ASR_Final_Round,Adaptive_NoCircuitBreaker,FLTrust,10,0.007692307692307693,0.007692307692307693,0.0,0.0,1.0,0.0,0.0,identical_values,1.0,False
Dataset_C_MQTT_IoT_Flood,OnOff,IID,ASR_Final_Round,Adaptive_NoCircuitBreaker,FedAvg,10,0.007692307692307693,0.011538461538461539,-0.0038461538461538464,0.0,1.0,-0.1,-0.31622776601683794,ok,1.0,False
Dataset_C_MQTT_IoT_Flood,OnOff,IID,ASR_Final_Round,Adaptive_NoCircuitBreaker,Krum,10,0.007692307692307693,0.023076923076923078,-0.015384615384615385,0.0,0.5,-0.14,-0.4743416490252569,ok,1.0,False
Dataset_C_MQTT_IoT_Flood,OnOff,IID,ASR_Final_Round,Adaptive_NoTemporalMemory,Adaptive_Ultimate,10,0.007692307692307693,0.007692307692307693,0.0,0.0,1.0,0.0,0.0,identical_values,1.0,False
Dataset_C_MQTT_IoT_Flood,OnOff,IID,ASR_Final_Round,Adaptive_NoTemporalMemory,FLAME,10,0.007692307692307693,0.023076923076923078,-0.015384615384615385,0.0,0.25,-0.16,-0.5720775535473553,ok,1.0,False
Dataset_C_MQTT_IoT_Flood,OnOff,IID,ASR_Final_Round,Adaptive_NoTemporalMemory,FLTrust,10,0.007692307692307693,0.007692307692307693,0.0,0.0,1.0,0.0,0.0,identical_values,1.0,False
Dataset_C_MQTT_IoT_Flood,OnOff,IID,ASR_Final_Round,Adaptive_NoTemporalMemory,FedAvg,10,0.007692307692307693,0.011538461538461539,-0.0038461538461538464,0.0,1.0,-0.1,-0.31622776601683794,ok,1.0,False
Dataset_C_MQTT_IoT_Flood,OnOff,IID,ASR_Final_Round,Adaptive_NoTemporalMemory,Krum,10,0.007692307692307693,0.023076923076923078,-0.015384615384615385,0.0,0.5,-0.14,-0.4743416490252569,ok,1.0,False
Dataset_C_MQTT_IoT_Flood,OnOff,IID,ASR_Final_Round,Adaptive_Ultimate,FLAME,10,0.007692307692307693,0.023076923076923078,-0.015384615384615385,0.0,0.25,-0.16,-0.5720775535473553,ok,1.0,False
Dataset_C_MQTT_IoT_Flood,OnOff,IID,ASR_Final_Round,Adaptive_Ultimate,FLTrust,10,0.007692307692307693,0.007692307692307693,0.0,0.0,1.0,0.0,0.0,identical_values,1.0,False
Dataset_C_MQTT_IoT_Flood,OnOff,IID,ASR_Final_Round,Adaptive_Ultimate,FedAvg,10,0.007692307692307693,0.011538461538461539,-0.0038461538461538464,0.0,1.0,-0.1,-0.31622776601683794,ok,1.0,False
Dataset_C_MQTT_IoT_Flood,OnOff,IID,ASR_Final_Round,Adaptive_Ultimate,Krum,10,0.007692307692307693,0.023076923076923078,-0.015384615384615385,0.0,0.5,-0.14,-0.4743416490252569,ok,1.0,False
Dataset_C_MQTT_IoT_Flood,OnOff,IID,ASR_Final_Round,FLAME,FLTrust,10,0.023076923076923078,0.007692307692307693,0.015384615384615385,0.0,0.25,0.16,0.5720775535473553,ok,1.0,False
Dataset_C_MQTT_IoT_Flood,OnOff,IID,ASR_Final_Round,FLAME,FedAvg,10,0.023076923076923078,0.011538461538461539,0.011538461538461539,0.0,0.25,0.09,0.6210590034081188,ok,1.0,False
Dataset_C_MQTT_IoT_Flood,OnOff,IID,ASR_Final_Round,FLAME,Krum,10,0.023076923076923078,0.023076923076923078,0.0,1.5,1.0,0.0,0.0,ok,1.0,False
Dataset_C_MQTT_IoT_Flood,OnOff,IID,ASR_Final_Round,FLTrust,FedAvg,10,0.007692307692307693,0.011538461538461539,-0.0038461538461538464,0.0,1.0,-0.1,-0.31622776601683794,ok,1.0,False
Dataset_C_MQTT_IoT_Flood,OnOff,IID,ASR_Final_Round,FLTrust,Krum,10,0.007692307692307693,0.023076923076923078,-0.015384615384615385,0.0,0.5,-0.14,-0.4743416490252569,ok,1.0,False
Dataset_C_MQTT_IoT_Flood,OnOff,IID,ASR_Final_Round,FedAvg,Krum,10,0.011538461538461539,0.023076923076923078,-0.011538461538461539,0.0,0.5,-0.06,-0.44447831849231534,ok,1.0,False
Dataset_C_MQTT_IoT_Flood,OnOff,NonIID_Dirichlet,F1_Mean_Over_Rounds,Adaptive_FixedCircuitBreaker,Adaptive_NoAdaptiveWeighting,10,0.9745920633271588,0.9739426310099925,0.0006494323171663874,5.0,0.15625,0.05,0.44400660937505404,ok,1.0,False
Dataset_C_MQTT_IoT_Flood,OnOff,NonIID_Dirichlet,F1_Mean_Over_Rounds,Adaptive_FixedCircuitBreaker,Adaptive_NoCircuitBreaker,10,0.9745920633271588,0.9745920633271588,0.0,0.0,1.0,0.0,0.0,identical_values,1.0,False
Dataset_C_MQTT_IoT_Flood,OnOff,NonIID_Dirichlet,F1_Mean_Over_Rounds,Adaptive_FixedCircuitBreaker,Adaptive_NoTemporalMemory,10,0.9745920633271588,0.9747584703920097,-0.00016640706485085977,13.0,0.546875,-0.06,-0.18699661000636028,ok,1.0,False
Dataset_C_MQTT_IoT_Flood,OnOff,NonIID_Dirichlet,F1_Mean_Over_Rounds,Adaptive_FixedCircuitBreaker,Adaptive_Ultimate,10,0.9745920633271588,0.9745920633271588,0.0,0.0,1.0,0.0,0.0,identical_values,1.0,False
Dataset_C_MQTT_IoT_Flood,OnOff,NonIID_Dirichlet,F1_Mean_Over_Rounds,Adaptive_FixedCircuitBreaker,FLAME,10,0.9745920633271588,0.9733467306437669,0.0012453326833920197,16.0,0.49609375,-0.01,0.24005243836869564,ok,1.0,False
Dataset_C_MQTT_IoT_Flood,OnOff,NonIID_Dirichlet,F1_Mean_Over_Rounds,Adaptive_FixedCircuitBreaker,FLTrust,10,0.9745920633271588,0.9747584703920097,-0.00016640706485085977,13.0,0.546875,-0.06,-0.18699661000636028,ok,1.0,False
Dataset_C_MQTT_IoT_Flood,OnOff,NonIID_Dirichlet,F1_Mean_Over_Rounds,Adaptive_FixedCircuitBreaker,FedAvg,10,0.9745920633271588,0.9746330292484794,-4.0965921320446073e-05,22.0,1.0,0.03,-0.0314901299015786,ok,1.0,False
Dataset_C_MQTT_IoT_Flood,OnOff,NonIID_Dirichlet,F1_Mean_Over_Rounds,Adaptive_FixedCircuitBreaker,Krum,10,0.9745920633271588,0.972726159128355,0.001865904198803825,19.0,0.734375,0.07,0.2612215907661487,ok,1.0,False
Dataset_C_MQTT_IoT_Flood,OnOff,NonIID_Dirichlet,F1_Mean_Over_Rounds,Adaptive_NoAdaptiveWeighting,Adaptive_NoCircuitBreaker,10,0.9739426310099925,0.9745920633271588,-0.0006494323171663874,5.0,0.15625,-0.05,-0.44400660937505404,ok,1.0,False
Dataset_C_MQTT_IoT_Flood,OnOff,NonIID_Dirichlet,F1_Mean_Over_Rounds,Adaptive_NoAdaptiveWeighting,Adaptive_NoTemporalMemory,10,0.9739426310099925,0.9747584703920097,-0.0008158393820172471,7.0,0.07421875,-0.13,-0.4110314341668429,ok,1.0,False
Dataset_C_MQTT_IoT_Flood,OnOff,NonIID_Dirichlet,F1_Mean_Over_Rounds,Adaptive_NoAdaptiveWeighting,Adaptive_Ultimate,10,0.9739426310099925,0.9745920633271588,-0.0006494323171663874,5.0,0.15625,-0.05,-0.44400660937505404,ok,1.0,False
Dataset_C_MQTT_IoT_Flood,OnOff,NonIID_Dirichlet,F1_Mean_Over_Rounds,Adaptive_NoAdaptiveWeighting,FLAME,10,0.9739426310099925,0.9733467306437669,0.0005959003662256324,19.0,0.734375,-0.03,0.10207280503807512,ok,1.0,False
Dataset_C_MQTT_IoT_Flood,OnOff,NonIID_Dirichlet,F1_Mean_Over_Rounds,Adaptive_NoAdaptiveWeighting,FLTrust,10,0.9739426310099925,0.9747584703920097,-0.0008158393820172471,7.0,0.07421875,-0.13,-0.4110314341668429,ok,1.0,False
Dataset_C_MQTT_IoT_Flood,OnOff,NonIID_Dirichlet,F1_Mean_Over_Rounds,Adaptive_NoAdaptiveWeighting,FedAvg,10,0.9739426310099925,0.9746330292484794,-0.0006903982384868334,9.0,0.25,-0.04,-0.3391490876900942,ok,1.0,False
Dataset_C_MQTT_IoT_Flood,OnOff,NonIID_Dirichlet,F1_Mean_Over_Rounds,Adaptive_NoAdaptiveWeighting,Krum,10,0.9739426310099925,0.972726159128355,0.0012164718816374375,19.0,0.734375,0.07,0.16799317233817398,ok,1.0,False
Dataset_C_MQTT_IoT_Flood,OnOff,NonIID_Dirichlet,F1_Mean_Over_Rounds,Adaptive_NoCircuitBreaker,Adaptive_NoTemporalMemory,10,0.9745920633271588,0.9747584703920097,-0.00016640706485085977,13.0,0.546875,-0.06,-0.18699661000636028,ok,1.0,False
Dataset_C_MQTT_IoT_Flood,OnOff,NonIID_Dirichlet,F1_Mean_Over_Rounds,Adaptive_NoCircuitBreaker,Adaptive_Ultimate,10,0.9745920633271588,0.9745920633271588,0.0,0.0,1.0,0.0,0.0,identical_values,1.0,False
Dataset_C_MQTT_IoT_Flood,OnOff,NonIID_Dirichlet,F1_Mean_Over_Rounds,Adaptive_NoCircuitBreaker,FLAME,10,0.9745920633271588,0.9733467306437669,0.0012453326833920197,16.0,0.49609375,-0.01,0.24005243836869564,ok,1.0,False
Dataset_C_MQTT_IoT_Flood,OnOff,NonIID_Dirichlet,F1_Mean_Over_Rounds,Adaptive_NoCircuitBreaker,FLTrust,10,0.9745920633271588,0.9747584703920097,-0.00016640706485085977,13.0,0.546875,-0.06,-0.18699661000636028,ok,1.0,False
Dataset_C_MQTT_IoT_Flood,OnOff,NonIID_Dirichlet,F1_Mean_Over_Rounds,Adaptive_NoCircuitBreaker,FedAvg,10,0.9745920633271588,0.9746330292484794,-4.0965921320446073e-05,22.0,1.0,0.03,-0.0314901299015786,ok,1.0,False
Dataset_C_MQTT_IoT_Flood,OnOff,NonIID_Dirichlet,F1_Mean_Over_Rounds,Adaptive_NoCircuitBreaker,Krum,10,0.9745920633271588,0.972726159128355,0.001865904198803825,19.0,0.734375,0.07,0.2612215907661487,ok,1.0,False
Dataset_C_MQTT_IoT_Flood,OnOff,NonIID_Dirichlet,F1_Mean_Over_Rounds,Adaptive_NoTemporalMemory,Adaptive_Ultimate,10,0.9747584703920097,0.9745920633271588,0.00016640706485085977,13.0,0.546875,0.06,0.18699661000636028,ok,1.0,False
Dataset_C_MQTT_IoT_Flood,OnOff,NonIID_Dirichlet,F1_Mean_Over_Rounds,Adaptive_NoTemporalMemory,FLAME,10,0.9747584703920097,0.9733467306437669,0.0014117397482428795,16.0,0.49609375,0.03,0.3163078350938652,ok,1.0,False
Dataset_C_MQTT_IoT_Flood,OnOff,NonIID_Dirichlet,F1_Mean_Over_Rounds,Adaptive_NoTemporalMemory,FLTrust,10,0.9747584703920097,0.9747584703920097,0.0,0.0,1.0,0.0,0.0,identical_values,1.0,False
Dataset_C_MQTT_IoT_Flood,OnOff,NonIID_Dirichlet,F1_Mean_Over_Rounds,Adaptive_NoTemporalMemory,FedAvg,10,0.9747584703920097,0.9746330292484794,0.0001254411435304137,16.0,0.49609375,0.07,0.11881153554102827,ok,1.0,False
Dataset_C_MQTT_IoT_Flood,OnOff,NonIID_Dirichlet,F1_Mean_Over_Rounds,Adaptive_NoTemporalMemory,Krum,10,0.9747584703920097,0.972726159128355,0.0020323112636546846,22.0,0.625,0.1,0.2971731515705821,ok,1.0,False
Dataset_C_MQTT_IoT_Flood,OnOff,NonIID_Dirichlet,F1_Mean_Over_Rounds,Adaptive_Ultimate,FLAME,10,0.9745920633271588,0.9733467306437669,0.0012453326833920197,16.0,0.49609375,-0.01,0.24005243836869564,ok,1.0,False
Dataset_C_MQTT_IoT_Flood,OnOff,NonIID_Dirichlet,F1_Mean_Over_Rounds,Adaptive_Ultimate,FLTrust,10,0.9745920633271588,0.9747584703920097,-0.00016640706485085977,13.0,0.546875,-0.06,-0.18699661000636028,ok,1.0,False
Dataset_C_MQTT_IoT_Flood,OnOff,NonIID_Dirichlet,F1_Mean_Over_Rounds,Adaptive_Ultimate,FedAvg,10,0.9745920633271588,0.9746330292484794,-4.0965921320446073e-05,22.0,1.0,0.03,-0.0314901299015786,ok,1.0,False
Dataset_C_MQTT_IoT_Flood,OnOff,NonIID_Dirichlet,F1_Mean_Over_Rounds,Adaptive_Ultimate,Krum,10,0.9745920633271588,0.972726159128355,0.001865904198803825,19.0,0.734375,0.07,0.2612215907661487,ok,1.0,False
Dataset_C_MQTT_IoT_Flood,OnOff,NonIID_Dirichlet,F1_Mean_Over_Rounds,FLAME,FLTrust,10,0.9733467306437669,0.9747584703920097,-0.0014117397482428795,16.0,0.49609375,-0.03,-0.3163078350938652,ok,1.0,False
Dataset_C_MQTT_IoT_Flood,OnOff,NonIID_Dirichlet,F1_Mean_Over_Rounds,FLAME,FedAvg,10,0.9733467306437669,0.9746330292484794,-0.0012862986047124658,20.0,0.4921875,0.0,-0.26765860525505014,ok,1.0,False
Dataset_C_MQTT_IoT_Flood,OnOff,NonIID_Dirichlet,F1_Mean_Over_Rounds,FLAME,Krum,10,0.9733467306437669,0.972726159128355,0.0006205715154118052,20.0,0.4921875,0.06,0.10048063015021937,ok,1.0,False
Dataset_C_MQTT_IoT_Flood,OnOff,NonIID_Dirichlet,F1_Mean_Over_Rounds,FLTrust,FedAvg,10,0.9747584703920097,0.9746330292484794,0.0001254411435304137,16.0,0.49609375,0.07,0.11881153554102827,ok,1.0,False
Dataset_C_MQTT_IoT_Flood,OnOff,NonIID_Dirichlet,F1_Mean_Over_Rounds,FLTrust,Krum,10,0.9747584703920097,0.972726159128355,0.0020323112636546846,22.0,0.625,0.1,0.2971731515705821,ok,1.0,False
Dataset_C_MQTT_IoT_Flood,OnOff,NonIID_Dirichlet,F1_Mean_Over_Rounds,FedAvg,Krum,10,0.9746330292484794,0.972726159128355,0.001906870120124271,16.0,0.49609375,0.05,0.26146421784397483,ok,1.0,False
Dataset_C_MQTT_IoT_Flood,OnOff,NonIID_Dirichlet,ASR_Mean_Over_Rounds,Adaptive_FixedCircuitBreaker,Adaptive_NoAdaptiveWeighting,10,0.01608769230769231,0.019467692307692307,-0.00338,0.0,0.25,-0.09,-0.43201071230301763,ok,1.0,False
Dataset_C_MQTT_IoT_Flood,OnOff,NonIID_Dirichlet,ASR_Mean_Over_Rounds,Adaptive_FixedCircuitBreaker,Adaptive_NoCircuitBreaker,10,0.01608769230769231,0.01608769230769231,0.0,0.0,1.0,0.0,0.0,identical_values,1.0,False
Dataset_C_MQTT_IoT_Flood,OnOff,NonIID_Dirichlet,ASR_Mean_Over_Rounds,Adaptive_FixedCircuitBreaker,Adaptive_NoTemporalMemory,10,0.01608769230769231,0.015461538461538462,0.0006261538461538452,0.0,0.0625,0.08,0.6614792313850298,ok,1.0,False
Dataset_C_MQTT_IoT_Flood,OnOff,NonIID_Dirichlet,ASR_Mean_Over_Rounds,Adaptive_FixedCircuitBreaker,Adaptive_Ultimate,10,0.01608769230769231,0.01608769230769231,0.0,0.0,1.0,0.0,0.0,identical_values,1.0,False
Dataset_C_MQTT_IoT_Flood,OnOff,NonIID_Dirichlet,ASR_Mean_Over_Rounds,Adaptive_FixedCircuitBreaker,FLAME,10,0.01608769230769231,0.014946153846153849,0.0011415384615384618,9.0,0.46875,0.0,0.21596128185030647,ok,1.0,False
Dataset_C_MQTT_IoT_Flood,OnOff,NonIID_Dirichlet,ASR_Mean_Over_Rounds,Adaptive_FixedCircuitBreaker,FLTrust,10,0.01608769230769231,0.015461538461538462,0.0006261538461538452,0.0,0.0625,0.08,0.6614792313850298,ok,1.0,False
Dataset_C_MQTT_IoT_Flood,OnOff,NonIID_Dirichlet,ASR_Mean_Over_Rounds,Adaptive_FixedCircuitBreaker,FedAvg,10,0.01608769230769231,0.01816923076923077,-0.002081538461538461,6.0,0.8125,-0.07,-0.30253998895183304,ok,1.0,False
Dataset_C_MQTT_IoT_Flood,OnOff,NonIID_Dirichlet,ASR_Mean_Over_Rounds,Adaptive_FixedCircuitBreaker,Krum,10,0.01608769230769231,0.01483846153846154,0.0012492307692307692,8.0,0.375,0.01,0.3443146169588089,ok,1.0,False
Dataset_C_MQTT_IoT_Flood,OnOff,NonIID_Dirichlet,ASR_Mean_Over_Rounds,Adaptive_NoAdaptiveWeighting,Adaptive_NoCircuitBreaker,10,0.019467692307692307,0.01608769230769231,0.00338,0.0,0.25,0.09,0.43201071230301763,ok,1.0,False
Dataset_C_MQTT_IoT_Flood,OnOff,NonIID_Dirichlet,ASR_Mean_Over_Rounds,Adaptive_NoAdaptiveWeighting,Adaptive_NoTemporalMemory,10,0.019467692307692307,0.015461538461538462,0.004006153846153845,0.0,0.0625,0.14,0.4985739139958979,ok,1.0,False
Dataset_C_MQTT_IoT_Flood,OnOff,NonIID_Dirichlet,ASR_Mean_Over_Rounds,Adaptive_NoAdaptiveWeighting,Adaptive_Ultimate,10,0.019467692307692307,0.01608769230769231,0.00338,0.0,0.25,0.09,0.43201071230301763,ok,1.0,False
Dataset_C_MQTT_IoT_Flood,OnOff,NonIID_Dirichlet,ASR_Mean_Over_Rounds,Adaptive_NoAdaptiveWeighting,FLAME,10,0.019467692307692307,0.014946153846153849,0.004521538461538461,5.0,0.15625,0.09,0.5172957196883633,ok,1.0,False
Dataset_C_MQTT_IoT_Flood,OnOff,NonIID_Dirichlet,ASR_Mean_Over_Rounds,Adaptive_NoAdaptiveWeighting,FLTrust,10,0.019467692307692307,0.015461538461538462,0.004006153846153845,0.0,0.0625,0.14,0.4985739139958979,ok,1.0,False
Dataset_C_MQTT_IoT_Flood,OnOff,NonIID_Dirichlet,ASR_Mean_Over_Rounds,Adaptive_NoAdaptiveWeighting,FedAvg,10,0.019467692307692307,0.01816923076923077,0.0012984615384615396,2.0,0.1875,0.03,0.46626402817335616,ok,1.0,False
Dataset_C_MQTT_IoT_Flood,OnOff,NonIID_Dirichlet,ASR_Mean_Over_Rounds,Adaptive_NoAdaptiveWeighting,Krum,10,0.019467692307692307,0.01483846153846154,0.004629230769230769,4.0,0.109375,0.09,0.5845184962759663,ok,1.0,False
Dataset_C_MQTT_IoT_Flood,OnOff,NonIID_Dirichlet,ASR_Mean_Over_Rounds,Adaptive_NoCircuitBreaker,Adaptive_NoTemporalMemory,10,0.01608769230769231,0.015461538461538462,0.0006261538461538452,0.0,0.0625,0.08,0.6614792313850298,ok,1.0,False
Dataset_C_MQTT_IoT_Flood,OnOff,NonIID_Dirichlet,ASR_Mean_Over_Rounds,Adaptive_NoCircuitBreaker,Adaptive_Ultimate,10,0.01608769230769231,0.01608769230769231,0.0,0.0,1.0,0.0,0.0,identical_values,1.0,False
Dataset_C_MQTT_IoT_Flood,OnOff,NonIID_Dirichlet,ASR_Mean_Over_Rounds,Adaptive_NoCircuitBreaker,FLAME,10,0.01608769230769231,0.014946153846153849,0.0011415384615384618,9.0,0.46875,0.0,0.21596128185030647,ok,1.0,False
Dataset_C_MQTT_IoT_Flood,OnOff,NonIID_Dirichlet,ASR_Mean_Over_Rounds,Adaptive_NoCircuitBreaker,FLTrust,10,0.01608769230769231,0.015461538461538462,0.0006261538461538452,0.0,0.0625,0.08,0.6614792313850298,ok,1.0,False
Dataset_C_MQTT_IoT_Flood,OnOff,NonIID_Dirichlet,ASR_Mean_Over_Rounds,Adaptive_NoCircuitBreaker,FedAvg,10,0.01608769230769231,0.01816923076923077,-0.002081538461538461,6.0,0.8125,-0.07,-0.30253998895183304,ok,1.0,False
Dataset_C_MQTT_IoT_Flood,OnOff,NonIID_Dirichlet,ASR_Mean_Over_Rounds,Adaptive_NoCircuitBreaker,Krum,10,0.01608769230769231,0.01483846153846154,0.0012492307692307692,8.0,0.375,0.01,0.3443146169588089,ok,1.0,False
Dataset_C_MQTT_IoT_Flood,OnOff,NonIID_Dirichlet,ASR_Mean_Over_Rounds,Adaptive_NoTemporalMemory,Adaptive_Ultimate,10,0.015461538461538462,0.01608769230769231,-0.0006261538461538452,0.0,0.0625,-0.08,-0.6614792313850298,ok,1.0,False
Dataset_C_MQTT_IoT_Flood,OnOff,NonIID_Dirichlet,ASR_Mean_Over_Rounds,Adaptive_NoTemporalMemory,FLAME,10,0.015461538461538462,0.014946153846153849,0.0005153846153846166,11.0,0.6875,-0.04,0.10774950811129008,ok,1.0,False
Dataset_C_MQTT_IoT_Flood,OnOff,NonIID_Dirichlet,ASR_Mean_Over_Rounds,Adaptive_NoTemporalMemory,FLTrust,10,0.015461538461538462,0.015461538461538462,0.0,0.0,1.0,0.0,0.0,identical_values,1.0,False
Dataset_C_MQTT_IoT_Flood,OnOff,NonIID_Dirichlet,ASR_Mean_Over_Rounds,Adaptive_NoTemporalMemory,FedAvg,10,0.015461538461538462,0.01816923076923077,-0.002707692307692306,2.0,0.09375,-0.13,-0.3970254763809565,ok,1.0,False
Dataset_C_MQTT_IoT_Flood,OnOff,NonIID_Dirichlet,ASR_Mean_Over_Rounds,Adaptive_NoTemporalMemory,Krum,10,0.015461538461538462,0.01483846153846154,0.0006230769230769239,10.0,0.578125,-0.04,0.20088916104033558,ok,1.0,False
Dataset_C_MQTT_IoT_Flood,OnOff,NonIID_Dirichlet,ASR_Mean_Over_Rounds,Adaptive_Ultimate,FLAME,10,0.01608769230769231,0.014946153846153849,0.0011415384615384618,9.0,0.46875,0.0,0.21596128185030647,ok,1.0,False
Dataset_C_MQTT_IoT_Flood,OnOff,NonIID_Dirichlet,ASR_Mean_Over_Rounds,Adaptive_Ultimate,FLTrust,10,0.01608769230769231,0.015461538461538462,0.0006261538461538452,0.0,0.0625,0.08,0.6614792313850298,ok,1.0,False
Dataset_C_MQTT_IoT_Flood,OnOff,NonIID_Dirichlet,ASR_Mean_Over_Rounds,Adaptive_Ultimate,FedAvg,10,0.01608769230769231,0.01816923076923077,-0.002081538461538461,6.0,0.8125,-0.07,-0.30253998895183304,ok,1.0,False
Dataset_C_MQTT_IoT_Flood,OnOff,NonIID_Dirichlet,ASR_Mean_Over_Rounds,Adaptive_Ultimate,Krum,10,0.01608769230769231,0.01483846153846154,0.0012492307692307692,8.0,0.375,0.01,0.3443146169588089,ok,1.0,False
Dataset_C_MQTT_IoT_Flood,OnOff,NonIID_Dirichlet,ASR_Mean_Over_Rounds,FLAME,FLTrust,10,0.014946153846153849,0.015461538461538462,-0.0005153846153846166,11.0,0.6875,0.04,-0.10774950811129008,ok,1.0,False
Dataset_C_MQTT_IoT_Flood,OnOff,NonIID_Dirichlet,ASR_Mean_Over_Rounds,FLAME,FedAvg,10,0.014946153846153849,0.01816923076923077,-0.003223076923076923,4.0,0.21875,-0.06,-0.4668078835127665,ok,1.0,False
Dataset_C_MQTT_IoT_Flood,OnOff,NonIID_Dirichlet,ASR_Mean_Over_Rounds,FLAME,Krum,10,0.014946153846153849,0.01483846153846154,0.00010769230769230742,13.0,0.9375,-0.01,0.05281986849167445,ok,1.0,False
Dataset_C_MQTT_IoT_Flood,OnOff,NonIID_Dirichlet,ASR_Mean_Over_Rounds,FLTrust,FedAvg,10,0.015461538461538462,0.01816923076923077,-0.002707692307692306,2.0,0.09375,-0.13,-0.3970254763809565,ok,1.0,False
Dataset_C_MQTT_IoT_Flood,OnOff,NonIID_Dirichlet,ASR_Mean_Over_Rounds,FLTrust,Krum,10,0.015461538461538462,0.01483846153846154,0.0006230769230769239,10.0,0.578125,-0.04,0.20088916104033558,ok,1.0,False
Dataset_C_MQTT_IoT_Flood,OnOff,NonIID_Dirichlet,ASR_Mean_Over_Rounds,FedAvg,Krum,10,0.01816923076923077,0.01483846153846154,0.00333076923076923,5.0,0.15625,0.09,0.5371922700040425,ok,1.0,False
Dataset_C_MQTT_IoT_Flood,OnOff,NonIID_Dirichlet,F1_Final_Round,Adaptive_FixedCircuitBreaker,Adaptive_NoAdaptiveWeighting,10,0.9921568627450981,0.9921568627450981,0.0,0.0,1.0,0.0,0.0,identical_values,1.0,False
Dataset_C_MQTT_IoT_Flood,OnOff,NonIID_Dirichlet,F1_Final_Round,Adaptive_FixedCircuitBreaker,Adaptive_NoCircuitBreaker,10,0.9921568627450981,0.9921568627450981,0.0,0.0,1.0,0.0,0.0,identical_values,1.0,False
Dataset_C_MQTT_IoT_Flood,OnOff,NonIID_Dirichlet,F1_Final_Round,Adaptive_FixedCircuitBreaker,Adaptive_NoTemporalMemory,10,0.9921568627450981,0.9921568627450981,0.0,0.0,1.0,0.0,0.0,identical_values,1.0,False
Dataset_C_MQTT_IoT_Flood,OnOff,NonIID_Dirichlet,F1_Final_Round,Adaptive_FixedCircuitBreaker,Adaptive_Ultimate,10,0.9921568627450981,0.9921568627450981,0.0,0.0,1.0,0.0,0.0,identical_values,1.0,False
Dataset_C_MQTT_IoT_Flood,OnOff,NonIID_Dirichlet,F1_Final_Round,Adaptive_FixedCircuitBreaker,FLAME,10,0.9921568627450981,0.9921568627450981,0.0,0.0,1.0,0.0,0.0,identical_values,1.0,False
Dataset_C_MQTT_IoT_Flood,OnOff,NonIID_Dirichlet,F1_Final_Round,Adaptive_FixedCircuitBreaker,FLTrust,10,0.9921568627450981,0.9921568627450981,0.0,0.0,1.0,0.0,0.0,identical_values,1.0,False
Dataset_C_MQTT_IoT_Flood,OnOff,NonIID_Dirichlet,F1_Final_Round,Adaptive_FixedCircuitBreaker,FedAvg,10,0.9921568627450981,0.9882352941176471,0.003921568627450989,0.0,1.0,0.1,0.31622776601683794,ok,1.0,False
Dataset_C_MQTT_IoT_Flood,OnOff,NonIID_Dirichlet,F1_Final_Round,Adaptive_FixedCircuitBreaker,Krum,10,0.9921568627450981,0.9921568627450981,0.0,0.0,1.0,0.0,0.0,identical_values,1.0,False
Dataset_C_MQTT_IoT_Flood,OnOff,NonIID_Dirichlet,F1_Final_Round,Adaptive_NoAdaptiveWeighting,Adaptive_NoCircuitBreaker,10,0.9921568627450981,0.9921568627450981,0.0,0.0,1.0,0.0,0.0,identical_values,1.0,False
Dataset_C_MQTT_IoT_Flood,OnOff,NonIID_Dirichlet,F1_Final_Round,Adaptive_NoAdaptiveWeighting,Adaptive_NoTemporalMemory,10,0.9921568627450981,0.9921568627450981,0.0,0.0,1.0,0.0,0.0,identical_values,1.0,False
Dataset_C_MQTT_IoT_Flood,OnOff,NonIID_Dirichlet,F1_Final_Round,Adaptive_NoAdaptiveWeighting,Adaptive_Ultimate,10,0.9921568627450981,0.9921568627450981,0.0,0.0,1.0,0.0,0.0,identical_values,1.0,False
Dataset_C_MQTT_IoT_Flood,OnOff,NonIID_Dirichlet,F1_Final_Round,Adaptive_NoAdaptiveWeighting,FLAME,10,0.9921568627450981,0.9921568627450981,0.0,0.0,1.0,0.0,0.0,identical_values,1.0,False
Dataset_C_MQTT_IoT_Flood,OnOff,NonIID_Dirichlet,F1_Final_Round,Adaptive_NoAdaptiveWeighting,FLTrust,10,0.9921568627450981,0.9921568627450981,0.0,0.0,1.0,0.0,0.0,identical_values,1.0,False
Dataset_C_MQTT_IoT_Flood,OnOff,NonIID_Dirichlet,F1_Final_Round,Adaptive_NoAdaptiveWeighting,FedAvg,10,0.9921568627450981,0.9882352941176471,0.003921568627450989,0.0,1.0,0.1,0.31622776601683794,ok,1.0,False
Dataset_C_MQTT_IoT_Flood,OnOff,NonIID_Dirichlet,F1_Final_Round,Adaptive_NoAdaptiveWeighting,Krum,10,0.9921568627450981,0.9921568627450981,0.0,0.0,1.0,0.0,0.0,identical_values,1.0,False
Dataset_C_MQTT_IoT_Flood,OnOff,NonIID_Dirichlet,F1_Final_Round,Adaptive_NoCircuitBreaker,Adaptive_NoTemporalMemory,10,0.9921568627450981,0.9921568627450981,0.0,0.0,1.0,0.0,0.0,identical_values,1.0,False
Dataset_C_MQTT_IoT_Flood,OnOff,NonIID_Dirichlet,F1_Final_Round,Adaptive_NoCircuitBreaker,Adaptive_Ultimate,10,0.9921568627450981,0.9921568627450981,0.0,0.0,1.0,0.0,0.0,identical_values,1.0,False
Dataset_C_MQTT_IoT_Flood,OnOff,NonIID_Dirichlet,F1_Final_Round,Adaptive_NoCircuitBreaker,FLAME,10,0.9921568627450981,0.9921568627450981,0.0,0.0,1.0,0.0,0.0,identical_values,1.0,False
Dataset_C_MQTT_IoT_Flood,OnOff,NonIID_Dirichlet,F1_Final_Round,Adaptive_NoCircuitBreaker,FLTrust,10,0.9921568627450981,0.9921568627450981,0.0,0.0,1.0,0.0,0.0,identical_values,1.0,False
Dataset_C_MQTT_IoT_Flood,OnOff,NonIID_Dirichlet,F1_Final_Round,Adaptive_NoCircuitBreaker,FedAvg,10,0.9921568627450981,0.9882352941176471,0.003921568627450989,0.0,1.0,0.1,0.31622776601683794,ok,1.0,False
Dataset_C_MQTT_IoT_Flood,OnOff,NonIID_Dirichlet,F1_Final_Round,Adaptive_NoCircuitBreaker,Krum,10,0.9921568627450981,0.9921568627450981,0.0,0.0,1.0,0.0,0.0,identical_values,1.0,False
Dataset_C_MQTT_IoT_Flood,OnOff,NonIID_Dirichlet,F1_Final_Round,Adaptive_NoTemporalMemory,Adaptive_Ultimate,10,0.9921568627450981,0.9921568627450981,0.0,0.0,1.0,0.0,0.0,identical_values,1.0,False
Dataset_C_MQTT_IoT_Flood,OnOff,NonIID_Dirichlet,F1_Final_Round,Adaptive_NoTemporalMemory,FLAME,10,0.9921568627450981,0.9921568627450981,0.0,0.0,1.0,0.0,0.0,identical_values,1.0,False
Dataset_C_MQTT_IoT_Flood,OnOff,NonIID_Dirichlet,F1_Final_Round,Adaptive_NoTemporalMemory,FLTrust,10,0.9921568627450981,0.9921568627450981,0.0,0.0,1.0,0.0,0.0,identical_values,1.0,False
Dataset_C_MQTT_IoT_Flood,OnOff,NonIID_Dirichlet,F1_Final_Round,Adaptive_NoTemporalMemory,FedAvg,10,0.9921568627450981,0.9882352941176471,0.003921568627450989,0.0,1.0,0.1,0.31622776601683794,ok,1.0,False
Dataset_C_MQTT_IoT_Flood,OnOff,NonIID_Dirichlet,F1_Final_Round,Adaptive_NoTemporalMemory,Krum,10,0.9921568627450981,0.9921568627450981,0.0,0.0,1.0,0.0,0.0,identical_values,1.0,False
Dataset_C_MQTT_IoT_Flood,OnOff,NonIID_Dirichlet,F1_Final_Round,Adaptive_Ultimate,FLAME,10,0.9921568627450981,0.9921568627450981,0.0,0.0,1.0,0.0,0.0,identical_values,1.0,False
Dataset_C_MQTT_IoT_Flood,OnOff,NonIID_Dirichlet,F1_Final_Round,Adaptive_Ultimate,FLTrust,10,0.9921568627450981,0.9921568627450981,0.0,0.0,1.0,0.0,0.0,identical_values,1.0,False
Dataset_C_MQTT_IoT_Flood,OnOff,NonIID_Dirichlet,F1_Final_Round,Adaptive_Ultimate,FedAvg,10,0.9921568627450981,0.9882352941176471,0.003921568627450989,0.0,1.0,0.1,0.31622776601683794,ok,1.0,False
Dataset_C_MQTT_IoT_Flood,OnOff,NonIID_Dirichlet,F1_Final_Round,Adaptive_Ultimate,Krum,10,0.9921568627450981,0.9921568627450981,0.0,0.0,1.0,0.0,0.0,identical_values,1.0,False
Dataset_C_MQTT_IoT_Flood,OnOff,NonIID_Dirichlet,F1_Final_Round,FLAME,FLTrust,10,0.9921568627450981,0.9921568627450981,0.0,0.0,1.0,0.0,0.0,identical_values,1.0,False
Dataset_C_MQTT_IoT_Flood,OnOff,NonIID_Dirichlet,F1_Final_Round,FLAME,FedAvg,10,0.9921568627450981,0.9882352941176471,0.003921568627450989,0.0,1.0,0.1,0.31622776601683794,ok,1.0,False
Dataset_C_MQTT_IoT_Flood,OnOff,NonIID_Dirichlet,F1_Final_Round,FLAME,Krum,10,0.9921568627450981,0.9921568627450981,0.0,0.0,1.0,0.0,0.0,identical_values,1.0,False
Dataset_C_MQTT_IoT_Flood,OnOff,NonIID_Dirichlet,F1_Final_Round,FLTrust,FedAvg,10,0.9921568627450981,0.9882352941176471,0.003921568627450989,0.0,1.0,0.1,0.31622776601683794,ok,1.0,False
Dataset_C_MQTT_IoT_Flood,OnOff,NonIID_Dirichlet,F1_Final_Round,FLTrust,Krum,10,0.9921568627450981,0.9921568627450981,0.0,0.0,1.0,0.0,0.0,identical_values,1.0,False
Dataset_C_MQTT_IoT_Flood,OnOff,NonIID_Dirichlet,F1_Final_Round,FedAvg,Krum,10,0.9882352941176471,0.9921568627450981,-0.003921568627450989,0.0,1.0,-0.1,-0.31622776601683794,ok,1.0,False
Dataset_C_MQTT_IoT_Flood,OnOff,NonIID_Dirichlet,ASR_Final_Round,Adaptive_FixedCircuitBreaker,Adaptive_NoAdaptiveWeighting,10,0.007692307692307693,0.007692307692307693,0.0,0.0,1.0,0.0,0.0,identical_values,1.0,False
Dataset_C_MQTT_IoT_Flood,OnOff,NonIID_Dirichlet,ASR_Final_Round,Adaptive_FixedCircuitBreaker,Adaptive_NoCircuitBreaker,10,0.007692307692307693,0.007692307692307693,0.0,0.0,1.0,0.0,0.0,identical_values,1.0,False
Dataset_C_MQTT_IoT_Flood,OnOff,NonIID_Dirichlet,ASR_Final_Round,Adaptive_FixedCircuitBreaker,Adaptive_NoTemporalMemory,10,0.007692307692307693,0.007692307692307693,0.0,0.0,1.0,0.0,0.0,identical_values,1.0,False
Dataset_C_MQTT_IoT_Flood,OnOff,NonIID_Dirichlet,ASR_Final_Round,Adaptive_FixedCircuitBreaker,Adaptive_Ultimate,10,0.007692307692307693,0.007692307692307693,0.0,0.0,1.0,0.0,0.0,identical_values,1.0,False
Dataset_C_MQTT_IoT_Flood,OnOff,NonIID_Dirichlet,ASR_Final_Round,Adaptive_FixedCircuitBreaker,FLAME,10,0.007692307692307693,0.023076923076923078,-0.015384615384615385,0.0,0.5,-0.12,-0.4140393356054125,ok,1.0,False
Dataset_C_MQTT_IoT_Flood,OnOff,NonIID_Dirichlet,ASR_Final_Round,Adaptive_FixedCircuitBreaker,FLTrust,10,0.007692307692307693,0.007692307692307693,0.0,0.0,1.0,0.0,0.0,identical_values,1.0,False
Dataset_C_MQTT_IoT_Flood,OnOff,NonIID_Dirichlet,ASR_Final_Round,Adaptive_FixedCircuitBreaker,FedAvg,10,0.007692307692307693,0.019230769230769232,-0.011538461538461539,0.0,0.5,-0.14,-0.44447831849231534,ok,1.0,False
Dataset_C_MQTT_IoT_Flood,OnOff,NonIID_Dirichlet,ASR_Final_Round,Adaptive_FixedCircuitBreaker,Krum,10,0.007692307692307693,0.015384615384615385,-0.007692307692307693,0.0,0.5,-0.12,-0.4743416490252569,ok,1.0,False
Dataset_C_MQTT_IoT_Flood,OnOff,NonIID_Dirichlet,ASR_Final_Round,Adaptive_NoAdaptiveWeighting,Adaptive_NoCircuitBreaker,10,0.007692307692307693,0.007692307692307693,0.0,0.0,1.0,0.0,0.0,identical_values,1.0,False
Dataset_C_MQTT_IoT_Flood,OnOff,NonIID_Dirichlet,ASR_Final_Round,Adaptive_NoAdaptiveWeighting,Adaptive_NoTemporalMemory,10,0.007692307692307693,0.007692307692307693,0.0,0.0,1.0,0.0,0.0,identical_values,1.0,False
Dataset_C_MQTT_IoT_Flood,OnOff,NonIID_Dirichlet,ASR_Final_Round,Adaptive_NoAdaptiveWeighting,Adaptive_Ultimate,10,0.007692307692307693,0.007692307692307693,0.0,0.0,1.0,0.0,0.0,identical_values,1.0,False
Dataset_C_MQTT_IoT_Flood,OnOff,NonIID_Dirichlet,ASR_Final_Round,Adaptive_NoAdaptiveWeighting,FLAME,10,0.007692307692307693,0.023076923076923078,-0.015384615384615385,0.0,0.5,-0.12,-0.4140393356054125,ok,1.0,False
Dataset_C_MQTT_IoT_Flood,OnOff,NonIID_Dirichlet,ASR_Final_Round,Adaptive_NoAdaptiveWeighting,FLTrust,10,0.007692307692307693,0.007692307692307693,0.0,0.0,1.0,0.0,0.0,identical_values,1.0,False
Dataset_C_MQTT_IoT_Flood,OnOff,NonIID_Dirichlet,ASR_Final_Round,Adaptive_NoAdaptiveWeighting,FedAvg,10,0.007692307692307693,0.019230769230769232,-0.011538461538461539,0.0,0.5,-0.14,-0.44447831849231534,ok,1.0,False
Dataset_C_MQTT_IoT_Flood,OnOff,NonIID_Dirichlet,ASR_Final_Round,Adaptive_NoAdaptiveWeighting,Krum,10,0.007692307692307693,0.015384615384615385,-0.007692307692307693,0.0,0.5,-0.12,-0.4743416490252569,ok,1.0,False
Dataset_C_MQTT_IoT_Flood,OnOff,NonIID_Dirichlet,ASR_Final_Round,Adaptive_NoCircuitBreaker,Adaptive_NoTemporalMemory,10,0.007692307692307693,0.007692307692307693,0.0,0.0,1.0,0.0,0.0,identical_values,1.0,False
Dataset_C_MQTT_IoT_Flood,OnOff,NonIID_Dirichlet,ASR_Final_Round,Adaptive_NoCircuitBreaker,Adaptive_Ultimate,10,0.007692307692307693,0.007692307692307693,0.0,0.0,1.0,0.0,0.0,identical_values,1.0,False
Dataset_C_MQTT_IoT_Flood,OnOff,NonIID_Dirichlet,ASR_Final_Round,Adaptive_NoCircuitBreaker,FLAME,10,0.007692307692307693,0.023076923076923078,-0.015384615384615385,0.0,0.5,-0.12,-0.4140393356054125,ok,1.0,False
Dataset_C_MQTT_IoT_Flood,OnOff,NonIID_Dirichlet,ASR_Final_Round,Adaptive_NoCircuitBreaker,FLTrust,10,0.007692307692307693,0.007692307692307693,0.0,0.0,1.0,0.0,0.0,identical_values,1.0,False
Dataset_C_MQTT_IoT_Flood,OnOff,NonIID_Dirichlet,ASR_Final_Round,Adaptive_NoCircuitBreaker,FedAvg,10,0.007692307692307693,0.019230769230769232,-0.011538461538461539,0.0,0.5,-0.14,-0.44447831849231534,ok,1.0,False
Dataset_C_MQTT_IoT_Flood,OnOff,NonIID_Dirichlet,ASR_Final_Round,Adaptive_NoCircuitBreaker,Krum,10,0.007692307692307693,0.015384615384615385,-0.007692307692307693,0.0,0.5,-0.12,-0.4743416490252569,ok,1.0,False
Dataset_C_MQTT_IoT_Flood,OnOff,NonIID_Dirichlet,ASR_Final_Round,Adaptive_NoTemporalMemory,Adaptive_Ultimate,10,0.007692307692307693,0.007692307692307693,0.0,0.0,1.0,0.0,0.0,identical_values,1.0,False
Dataset_C_MQTT_IoT_Flood,OnOff,NonIID_Dirichlet,ASR_Final_Round,Adaptive_NoTemporalMemory,FLAME,10,0.007692307692307693,0.023076923076923078,-0.015384615384615385,0.0,0.5,-0.12,-0.4140393356054125,ok,1.0,False
Dataset_C_MQTT_IoT_Flood,OnOff,NonIID_Dirichlet,ASR_Final_Round,Adaptive_NoTemporalMemory,FLTrust,10,0.007692307692307693,0.007692307692307693,0.0,0.0,1.0,0.0,0.0,identical_values,1.0,False
Dataset_C_MQTT_IoT_Flood,OnOff,NonIID_Dirichlet,ASR_Final_Round,Adaptive_NoTemporalMemory,FedAvg,10,0.007692307692307693,0.019230769230769232,-0.011538461538461539,0.0,0.5,-0.14,-0.44447831849231534,ok,1.0,False
Dataset_C_MQTT_IoT_Flood,OnOff,NonIID_Dirichlet,ASR_Final_Round,Adaptive_NoTemporalMemory,Krum,10,0.007692307692307693,0.015384615384615385,-0.007692307692307693,0.0,0.5,-0.12,-0.4743416490252569,ok,1.0,False
Dataset_C_MQTT_IoT_Flood,OnOff,NonIID_Dirichlet,ASR_Final_Round,Adaptive_Ultimate,FLAME,10,0.007692307692307693,0.023076923076923078,-0.015384615384615385,0.0,0.5,-0.12,-0.4140393356054125,ok,1.0,False
Dataset_C_MQTT_IoT_Flood,OnOff,NonIID_Dirichlet,ASR_Final_Round,Adaptive_Ultimate,FLTrust,10,0.007692307692307693,0.007692307692307693,0.0,0.0,1.0,0.0,0.0,identical_values,1.0,False
Dataset_C_MQTT_IoT_Flood,OnOff,NonIID_Dirichlet,ASR_Final_Round,Adaptive_Ultimate,FedAvg,10,0.007692307692307693,0.019230769230769232,-0.011538461538461539,0.0,0.5,-0.14,-0.44447831849231534,ok,1.0,False
Dataset_C_MQTT_IoT_Flood,OnOff,NonIID_Dirichlet,ASR_Final_Round,Adaptive_Ultimate,Krum,10,0.007692307692307693,0.015384615384615385,-0.007692307692307693,0.0,0.5,-0.12,-0.4743416490252569,ok,1.0,False
Dataset_C_MQTT_IoT_Flood,OnOff,NonIID_Dirichlet,ASR_Final_Round,FLAME,FLTrust,10,0.023076923076923078,0.007692307692307693,0.015384615384615385,0.0,0.5,0.12,0.4140393356054125,ok,1.0,False
Dataset_C_MQTT_IoT_Flood,OnOff,NonIID_Dirichlet,ASR_Final_Round,FLAME,FedAvg,10,0.023076923076923078,0.019230769230769232,0.0038461538461538464,1.0,1.0,-0.01,0.13552618543578768,ok,1.0,False
Dataset_C_MQTT_IoT_Flood,OnOff,NonIID_Dirichlet,ASR_Final_Round,FLAME,Krum,10,0.023076923076923078,0.015384615384615385,0.007692307692307693,0.0,1.0,0.01,0.31622776601683794,ok,1.0,False
Dataset_C_MQTT_IoT_Flood,OnOff,NonIID_Dirichlet,ASR_Final_Round,FLTrust,FedAvg,10,0.007692307692307693,0.019230769230769232,-0.011538461538461539,0.0,0.5,-0.14,-0.44447831849231534,ok,1.0,False
Dataset_C_MQTT_IoT_Flood,OnOff,NonIID_Dirichlet,ASR_Final_Round,FLTrust,Krum,10,0.007692307692307693,0.015384615384615385,-0.007692307692307693,0.0,0.5,-0.12,-0.4743416490252569,ok,1.0,False
Dataset_C_MQTT_IoT_Flood,OnOff,NonIID_Dirichlet,ASR_Final_Round,FedAvg,Krum,10,0.019230769230769232,0.015384615384615385,0.0038461538461538464,0.0,1.0,0.03,0.31622776601683794,ok,1.0,False
Dataset_C_MQTT_IoT_Flood,Scaling,IID,F1_Mean_Over_Rounds,Adaptive_FixedCircuitBreaker,Adaptive_NoAdaptiveWeighting,10,0.9761658517953515,0.9761658517953515,0.0,0.0,1.0,0.0,0.0,identical_values,1.0,False
Dataset_C_MQTT_IoT_Flood,Scaling,IID,F1_Mean_Over_Rounds,Adaptive_FixedCircuitBreaker,Adaptive_NoCircuitBreaker,10,0.9761658517953515,0.9761658517953515,0.0,0.0,1.0,0.0,0.0,identical_values,1.0,False
Dataset_C_MQTT_IoT_Flood,Scaling,IID,F1_Mean_Over_Rounds,Adaptive_FixedCircuitBreaker,Adaptive_NoTemporalMemory,10,0.9761658517953515,0.976126636109077,3.921568627450745e-05,0.0,1.0,0.01,0.316227766016838,ok,1.0,False
Dataset_C_MQTT_IoT_Flood,Scaling,IID,F1_Mean_Over_Rounds,Adaptive_FixedCircuitBreaker,Adaptive_Ultimate,10,0.9761658517953515,0.9761658517953515,0.0,0.0,1.0,0.0,0.0,identical_values,1.0,False
Dataset_C_MQTT_IoT_Flood,Scaling,IID,F1_Mean_Over_Rounds,Adaptive_FixedCircuitBreaker,FLAME,10,0.9761658517953515,0.7714353937848413,0.20473045801051032,0.0,0.001953125,1.0,4.571908751914155,ok,0.0703125,False
Dataset_C_MQTT_IoT_Flood,Scaling,IID,F1_Mean_Over_Rounds,Adaptive_FixedCircuitBreaker,FLTrust,10,0.9761658517953515,0.976126636109077,3.921568627450745e-05,0.0,1.0,0.01,0.316227766016838,ok,1.0,False
Dataset_C_MQTT_IoT_Flood,Scaling,IID,F1_Mean_Over_Rounds,Adaptive_FixedCircuitBreaker,FedAvg,10,0.9761658517953515,0.7781584034596037,0.19800744833574785,0.0,0.001953125,1.0,6.08970577924434,ok,0.0703125,False
Dataset_C_MQTT_IoT_Flood,Scaling,IID,F1_Mean_Over_Rounds,Adaptive_FixedCircuitBreaker,Krum,10,0.9761658517953515,0.8820959936739479,0.09406985812140363,3.0,0.01953125,0.47,1.1339284359409474,ok,0.4296875,False
Dataset_C_MQTT_IoT_Flood,Scaling,IID,F1_Mean_Over_Rounds,Adaptive_NoAdaptiveWeighting,Adaptive_NoCircuitBreaker,10,0.9761658517953515,0.9761658517953515,0.0,0.0,1.0,0.0,0.0,identical_values,1.0,False
Dataset_C_MQTT_IoT_Flood,Scaling,IID,F1_Mean_Over_Rounds,Adaptive_NoAdaptiveWeighting,Adaptive_NoTemporalMemory,10,0.9761658517953515,0.976126636109077,3.921568627450745e-05,0.0,1.0,0.01,0.316227766016838,ok,1.0,False
Dataset_C_MQTT_IoT_Flood,Scaling,IID,F1_Mean_Over_Rounds,Adaptive_NoAdaptiveWeighting,Adaptive_Ultimate,10,0.9761658517953515,0.9761658517953515,0.0,0.0,1.0,0.0,0.0,identical_values,1.0,False
Dataset_C_MQTT_IoT_Flood,Scaling,IID,F1_Mean_Over_Rounds,Adaptive_NoAdaptiveWeighting,FLAME,10,0.9761658517953515,0.7714353937848413,0.20473045801051032,0.0,0.001953125,1.0,4.571908751914155,ok,0.0703125,False
Dataset_C_MQTT_IoT_Flood,Scaling,IID,F1_Mean_Over_Rounds,Adaptive_NoAdaptiveWeighting,FLTrust,10,0.9761658517953515,0.976126636109077,3.921568627450745e-05,0.0,1.0,0.01,0.316227766016838,ok,1.0,False
Dataset_C_MQTT_IoT_Flood,Scaling,IID,F1_Mean_Over_Rounds,Adaptive_NoAdaptiveWeighting,FedAvg,10,0.9761658517953515,0.7781584034596037,0.19800744833574785,0.0,0.001953125,1.0,6.08970577924434,ok,0.0703125,False
Dataset_C_MQTT_IoT_Flood,Scaling,IID,F1_Mean_Over_Rounds,Adaptive_NoAdaptiveWeighting,Krum,10,0.9761658517953515,0.8820959936739479,0.09406985812140363,3.0,0.01953125,0.47,1.1339284359409474,ok,0.4296875,False
Dataset_C_MQTT_IoT_Flood,Scaling,IID,F1_Mean_Over_Rounds,Adaptive_NoCircuitBreaker,Adaptive_NoTemporalMemory,10,0.9761658517953515,0.976126636109077,3.921568627450745e-05,0.0,1.0,0.01,0.316227766016838,ok,1.0,False
Dataset_C_MQTT_IoT_Flood,Scaling,IID,F1_Mean_Over_Rounds,Adaptive_NoCircuitBreaker,Adaptive_Ultimate,10,0.9761658517953515,0.9761658517953515,0.0,0.0,1.0,0.0,0.0,identical_values,1.0,False
Dataset_C_MQTT_IoT_Flood,Scaling,IID,F1_Mean_Over_Rounds,Adaptive_NoCircuitBreaker,FLAME,10,0.9761658517953515,0.7714353937848413,0.20473045801051032,0.0,0.001953125,1.0,4.571908751914155,ok,0.0703125,False
Dataset_C_MQTT_IoT_Flood,Scaling,IID,F1_Mean_Over_Rounds,Adaptive_NoCircuitBreaker,FLTrust,10,0.9761658517953515,0.976126636109077,3.921568627450745e-05,0.0,1.0,0.01,0.316227766016838,ok,1.0,False
Dataset_C_MQTT_IoT_Flood,Scaling,IID,F1_Mean_Over_Rounds,Adaptive_NoCircuitBreaker,FedAvg,10,0.9761658517953515,0.7781584034596037,0.19800744833574785,0.0,0.001953125,1.0,6.08970577924434,ok,0.0703125,False
Dataset_C_MQTT_IoT_Flood,Scaling,IID,F1_Mean_Over_Rounds,Adaptive_NoCircuitBreaker,Krum,10,0.9761658517953515,0.8820959936739479,0.09406985812140363,3.0,0.01953125,0.47,1.1339284359409474,ok,0.4296875,False
Dataset_C_MQTT_IoT_Flood,Scaling,IID,F1_Mean_Over_Rounds,Adaptive_NoTemporalMemory,Adaptive_Ultimate,10,0.976126636109077,0.9761658517953515,-3.921568627450745e-05,0.0,1.0,-0.01,-0.316227766016838,ok,1.0,False
Dataset_C_MQTT_IoT_Flood,Scaling,IID,F1_Mean_Over_Rounds,Adaptive_NoTemporalMemory,FLAME,10,0.976126636109077,0.7714353937848413,0.20469124232423574,0.0,0.001953125,1.0,4.56724121828901,ok,0.0703125,False
Dataset_C_MQTT_IoT_Flood,Scaling,IID,F1_Mean_Over_Rounds,Adaptive_NoTemporalMemory,FLTrust,10,0.976126636109077,0.976126636109077,0.0,0.0,1.0,0.0,0.0,identical_values,1.0,False
Dataset_C_MQTT_IoT_Flood,Scaling,IID,F1_Mean_Over_Rounds,Adaptive_NoTemporalMemory,FedAvg,10,0.976126636109077,0.7781584034596037,0.19796823264947333,0.0,0.001953125,1.0,6.081918840060513,ok,0.0703125,False
Dataset_C_MQTT_IoT_Flood,Scaling,IID,F1_Mean_Over_Rounds,Adaptive_NoTemporalMemory,Krum,10,0.976126636109077,0.8820959936739479,0.09403064243512912,3.0,0.01953125,0.47,1.1327794767358788,ok,0.4296875,False
Dataset_C_MQTT_IoT_Flood,Scaling,IID,F1_Mean_Over_Rounds,Adaptive_Ultimate,FLAME,10,0.9761658517953515,0.7714353937848413,0.20473045801051032,0.0,0.001953125,1.0,4.571908751914155,ok,0.0703125,False
Dataset_C_MQTT_IoT_Flood,Scaling,IID,F1_Mean_Over_Rounds,Adaptive_Ultimate,FLTrust,10,0.9761658517953515,0.976126636109077,3.921568627450745e-05,0.0,1.0,0.01,0.316227766016838,ok,1.0,False
Dataset_C_MQTT_IoT_Flood,Scaling,IID,F1_Mean_Over_Rounds,Adaptive_Ultimate,FedAvg,10,0.9761658517953515,0.7781584034596037,0.19800744833574785,0.0,0.001953125,1.0,6.08970577924434,ok,0.0703125,False
Dataset_C_MQTT_IoT_Flood,Scaling,IID,F1_Mean_Over_Rounds,Adaptive_Ultimate,Krum,10,0.9761658517953515,0.8820959936739479,0.09406985812140363,3.0,0.01953125,0.47,1.1339284359409474,ok,0.4296875,False
Dataset_C_MQTT_IoT_Flood,Scaling,IID,F1_Mean_Over_Rounds,FLAME,FLTrust,10,0.7714353937848413,0.976126636109077,-0.20469124232423574,0.0,0.001953125,-1.0,-4.56724121828901,ok,0.0703125,False
Dataset_C_MQTT_IoT_Flood,Scaling,IID,F1_Mean_Over_Rounds,FLAME,FedAvg,10,0.7714353937848413,0.7781584034596037,-0.006723009674762437,22.0,0.625,-0.06,-0.2298883415807425,ok,1.0,False
Dataset_C_MQTT_IoT_Flood,Scaling,IID,F1_Mean_Over_Rounds,FLAME,Krum,10,0.7714353937848413,0.8820959936739479,-0.11066059988910668,1.0,0.00390625,-0.74,-1.2221446671585257,ok,0.08984375,False
Dataset_C_MQTT_IoT_Flood,Scaling,IID,F1_Mean_Over_Rounds,FLTrust,FedAvg,10,0.976126636109077,0.7781584034596037,0.19796823264947333,0.0,0.001953125,1.0,6.081918840060513,ok,0.0703125,False
Dataset_C_MQTT_IoT_Flood,Scaling,IID,F1_Mean_Over_Rounds,FLTrust,Krum,10,0.976126636109077,0.8820959936739479,0.09403064243512912,3.0,0.01953125,0.47,1.1327794767358788,ok,0.4296875,False
Dataset_C_MQTT_IoT_Flood,Scaling,IID,F1_Mean_Over_Rounds,FedAvg,Krum,10,0.7781584034596037,0.8820959936739479,-0.1039375902143442,0.0,0.001953125,-0.78,-1.3984018008571764,ok,0.0703125,False
Dataset_C_MQTT_IoT_Flood,Scaling,IID,ASR_Mean_Over_Rounds,Adaptive_FixedCircuitBreaker,Adaptive_NoAdaptiveWeighting,10,0.017909230769230768,0.015793846153846155,0.0021153846153846153,1.0,1.0,0.02,0.3099172241667834,ok,1.0,False
Dataset_C_MQTT_IoT_Flood,Scaling,IID,ASR_Mean_Over_Rounds,Adaptive_FixedCircuitBreaker,Adaptive_NoCircuitBreaker,10,0.017909230769230768,0.016447692307692306,0.0014615384615384616,0.0,1.0,0.03,0.31622776601683794,ok,1.0,False
Dataset_C_MQTT_IoT_Flood,Scaling,IID,ASR_Mean_Over_Rounds,Adaptive_FixedCircuitBreaker,Adaptive_NoTemporalMemory,10,0.017909230769230768,0.01652461538461538,0.0013846153846153847,0.0,1.0,0.03,0.31622776601683794,ok,1.0,False
Dataset_C_MQTT_IoT_Flood,Scaling,IID,ASR_Mean_Over_Rounds,Adaptive_FixedCircuitBreaker,Adaptive_Ultimate,10,0.017909230769230768,0.016486153846153845,0.0014230769230769234,0.0,1.0,0.03,0.31622776601683794,ok,1.0,False
Dataset_C_MQTT_IoT_Flood,Scaling,IID,ASR_Mean_Over_Rounds,Adaptive_FixedCircuitBreaker,FLAME,10,0.017909230769230768,0.3907784615384616,-0.37286923076923073,0.0,0.001953125,-1.0,-13.091860593156849,ok,0.0703125,False
Dataset_C_MQTT_IoT_Flood,Scaling,IID,ASR_Mean_Over_Rounds,Adaptive_FixedCircuitBreaker,FLTrust,10,0.017909230769230768,0.016486153846153845,0.0014230769230769234,0.0,1.0,0.03,0.31622776601683794,ok,1.0,False
Dataset_C_MQTT_IoT_Flood,Scaling,IID,ASR_Mean_Over_Rounds,Adaptive_FixedCircuitBreaker,FedAvg,10,0.017909230769230768,0.6752923076923076,-0.6573830769230768,0.0,0.001953125,-1.0,-13.577231285481044,ok,0.0703125,False
Dataset_C_MQTT_IoT_Flood,Scaling,IID,ASR_Mean_Over_Rounds,Adaptive_FixedCircuitBreaker,Krum,10,0.017909230769230768,0.14977846153846153,-0.1318692307692308,1.0,0.015625,-0.48,-1.1619368832993981,ok,0.328125,False
Dataset_C_MQTT_IoT_Flood,Scaling,IID,ASR_Mean_Over_Rounds,Adaptive_NoAdaptiveWeighting,Adaptive_NoCircuitBreaker,10,0.015793846153846155,0.016447692307692306,-0.0006538461538461538,1.0,1.0,0.0,-0.2963814185956228,ok,1.0,False
Dataset_C_MQTT_IoT_Flood,Scaling,IID,ASR_Mean_Over_Rounds,Adaptive_NoAdaptiveWeighting,Adaptive_NoTemporalMemory,10,0.015793846153846155,0.01652461538461538,-0.0007307692307692307,1.0,1.0,0.0,-0.2983925143634091,ok,1.0,False
Dataset_C_MQTT_IoT_Flood,Scaling,IID,ASR_Mean_Over_Rounds,Adaptive_NoAdaptiveWeighting,Adaptive_Ultimate,10,0.015793846153846155,0.016486153846153845,-0.000692307692307692,1.0,1.0,0.0,-0.29744053823648137,ok,1.0,False
Dataset_C_MQTT_IoT_Flood,Scaling,IID,ASR_Mean_Over_Rounds,Adaptive_NoAdaptiveWeighting,FLAME,10,0.015793846153846155,0.3907784615384616,-0.37498461538461536,0.0,0.001953125,-1.0,-14.948305867486582,ok,0.0703125,False
Dataset_C_MQTT_IoT_Flood,Scaling,IID,ASR_Mean_Over_Rounds,Adaptive_NoAdaptiveWeighting,FLTrust,10,0.015793846153846155,0.016486153846153845,-0.000692307692307692,1.0,1.0,0.0,-0.29744053823648137,ok,1.0,False
Dataset_C_MQTT_IoT_Flood,Scaling,IID,ASR_Mean_Over_Rounds,Adaptive_NoAdaptiveWeighting,FedAvg,10,0.015793846153846155,0.6752923076923076,-0.6594984615384616,0.0,0.001953125,-1.0,-13.166331812640967,ok,0.0703125,False
Dataset_C_MQTT_IoT_Flood,Scaling,IID,ASR_Mean_Over_Rounds,Adaptive_NoAdaptiveWeighting,Krum,10,0.015793846153846155,0.14977846153846153,-0.1339846153846154,1.0,0.015625,-0.5,-1.1605196912865128,ok,0.328125,False
Dataset_C_MQTT_IoT_Flood,Scaling,IID,ASR_Mean_Over_Rounds,Adaptive_NoCircuitBreaker,Adaptive_NoTemporalMemory,10,0.016447692307692306,0.01652461538461538,-7.692307692307686e-05,0.0,1.0,-0.01,-0.31622776601683794,ok,1.0,False
Dataset_C_MQTT_IoT_Flood,Scaling,IID,ASR_Mean_Over_Rounds,Adaptive_NoCircuitBreaker,Adaptive_Ultimate,10,0.016447692307692306,0.016486153846153845,-3.846153846153825e-05,0.0,1.0,-0.01,-0.3162277660168379,ok,1.0,False
Dataset_C_MQTT_IoT_Flood,Scaling,IID,ASR_Mean_Over_Rounds,Adaptive_NoCircuitBreaker,FLAME,10,0.016447692307692306,0.3907784615384616,-0.3743307692307692,0.0,0.001953125,-1.0,-14.3994015537239,ok,0.0703125,False
Dataset_C_MQTT_IoT_Flood,Scaling,IID,ASR_Mean_Over_Rounds,Adaptive_NoCircuitBreaker,FLTrust,10,0.016447692307692306,0.016486153846153845,-3.846153846153825e-05,0.0,1.0,-0.01,-0.3162277660168379,ok,1.0,False
Dataset_C_MQTT_IoT_Flood,Scaling,IID,ASR_Mean_Over_Rounds,Adaptive_NoCircuitBreaker,FedAvg,10,0.016447692307692306,0.6752923076923076,-0.6588446153846153,0.0,0.001953125,-1.0,-13.32326317565132,ok,0.0703125,False
Dataset_C_MQTT_IoT_Flood,Scaling,IID,ASR_Mean_Over_Rounds,Adaptive_NoCircuitBreaker,Krum,10,0.016447692307692306,0.14977846153846153,-0.13333076923076922,1.0,0.015625,-0.5,-1.1614732695820194,ok,0.328125,False
Dataset_C_MQTT_IoT_Flood,Scaling,IID,ASR_Mean_Over_Rounds,Adaptive_NoTemporalMemory,Adaptive_Ultimate,10,0.01652461538461538,0.016486153846153845,3.8461538461538605e-05,0.0,1.0,0.01,0.31622776601683794,ok,1.0,False
Dataset_C_MQTT_IoT_Flood,Scaling,IID,ASR_Mean_Over_Rounds,Adaptive_NoTemporalMemory,FLAME,10,0.01652461538461538,0.3907784615384616,-0.37425384615384616,0.0,0.001953125,-1.0,-14.332335196179768,ok,0.0703125,False
Dataset_C_MQTT_IoT_Flood,Scaling,IID,ASR_Mean_Over_Rounds,Adaptive_NoTemporalMemory,FLTrust,10,0.01652461538461538,0.016486153846153845,3.8461538461538605e-05,0.0,1.0,0.01,0.31622776601683794,ok,1.0,False
Dataset_C_MQTT_IoT_Flood,Scaling,IID,ASR_Mean_Over_Rounds,Adaptive_NoTemporalMemory,FedAvg,10,0.01652461538461538,0.6752923076923076,-0.6587676923076923,0.0,0.001953125,-1.0,-13.339131486164241,ok,0.0703125,False
Dataset_C_MQTT_IoT_Flood,Scaling,IID,ASR_Mean_Over_Rounds,Adaptive_NoTemporalMemory,Krum,10,0.01652461538461538,0.14977846153846153,-0.13325384615384617,1.0,0.015625,-0.5,-1.1615406660032206,ok,0.328125,False
Dataset_C_MQTT_IoT_Flood,Scaling,IID,ASR_Mean_Over_Rounds,Adaptive_Ultimate,FLAME,10,0.016486153846153845,0.3907784615384616,-0.37429230769230765,0.0,0.001953125,-1.0,-14.365914308774443,ok,0.0703125,False
Dataset_C_MQTT_IoT_Flood,Scaling,IID,ASR_Mean_Over_Rounds,Adaptive_Ultimate,FLTrust,10,0.016486153846153845,0.016486153846153845,0.0,0.0,1.0,0.0,0.0,identical_values,1.0,False
Dataset_C_MQTT_IoT_Flood,Scaling,IID,ASR_Mean_Over_Rounds,Adaptive_Ultimate,FedAvg,10,0.016486153846153845,0.6752923076923076,-0.6588061538461538,0.0,0.001953125,-1.0,-13.331229674072091,ok,0.0703125,False
Dataset_C_MQTT_IoT_Flood,Scaling,IID,ASR_Mean_Over_Rounds,Adaptive_Ultimate,Krum,10,0.016486153846153845,0.14977846153846153,-0.13329230769230768,1.0,0.015625,-0.5,-1.1615075508718973,ok,0.328125,False
Dataset_C_MQTT_IoT_Flood,Scaling,IID,ASR_Mean_Over_Rounds,FLAME,FLTrust,10,0.3907784615384616,0.016486153846153845,0.37429230769230765,0.0,0.001953125,1.0,14.365914308774443,ok,0.0703125,False
Dataset_C_MQTT_IoT_Flood,Scaling,IID,ASR_Mean_Over_Rounds,FLAME,FedAvg,10,0.3907784615384616,0.6752923076923076,-0.2845138461538461,0.0,0.001953125,-1.0,-5.922753056624862,ok,0.0703125,False
Dataset_C_MQTT_IoT_Flood,Scaling,IID,ASR_Mean_Over_Rounds,FLAME,Krum,10,0.3907784615384616,0.14977846153846153,0.24100000000000002,0.0,0.001953125,1.0,1.849017593572183,ok,0.0703125,False
Dataset_C_MQTT_IoT_Flood,Scaling,IID,ASR_Mean_Over_Rounds,FLTrust,FedAvg,10,0.016486153846153845,0.6752923076923076,-0.6588061538461538,0.0,0.001953125,-1.0,-13.331229674072091,ok,0.0703125,False
Dataset_C_MQTT_IoT_Flood,Scaling,IID,ASR_Mean_Over_Rounds,FLTrust,Krum,10,0.016486153846153845,0.14977846153846153,-0.13329230769230768,1.0,0.015625,-0.5,-1.1615075508718973,ok,0.328125,False
Dataset_C_MQTT_IoT_Flood,Scaling,IID,ASR_Mean_Over_Rounds,FedAvg,Krum,10,0.6752923076923076,0.14977846153846153,0.525513846153846,0.0,0.001953125,1.0,3.4288006353413736,ok,0.0703125,False
Dataset_C_MQTT_IoT_Flood,Scaling,IID,F1_Final_Round,Adaptive_FixedCircuitBreaker,Adaptive_NoAdaptiveWeighting,10,0.9921568627450981,0.9921568627450981,0.0,0.0,1.0,0.0,0.0,identical_values,1.0,False
Dataset_C_MQTT_IoT_Flood,Scaling,IID,F1_Final_Round,Adaptive_FixedCircuitBreaker,Adaptive_NoCircuitBreaker,10,0.9921568627450981,0.9921568627450981,0.0,0.0,1.0,0.0,0.0,identical_values,1.0,False
Dataset_C_MQTT_IoT_Flood,Scaling,IID,F1_Final_Round,Adaptive_FixedCircuitBreaker,Adaptive_NoTemporalMemory,10,0.9921568627450981,0.9921568627450981,0.0,0.0,1.0,0.0,0.0,identical_values,1.0,False
Dataset_C_MQTT_IoT_Flood,Scaling,IID,F1_Final_Round,Adaptive_FixedCircuitBreaker,Adaptive_Ultimate,10,0.9921568627450981,0.9921568627450981,0.0,0.0,1.0,0.0,0.0,identical_values,1.0,False
Dataset_C_MQTT_IoT_Flood,Scaling,IID,F1_Final_Round,Adaptive_FixedCircuitBreaker,FLAME,10,0.9921568627450981,0.6116023704377274,0.3805544923073707,0.0,0.001953125,0.98,2.210049003497634,ok,0.0703125,False
Dataset_C_MQTT_IoT_Flood,Scaling,IID,F1_Final_Round,Adaptive_FixedCircuitBreaker,FLTrust,10,0.9921568627450981,0.9921568627450981,0.0,0.0,1.0,0.0,0.0,identical_values,1.0,False
Dataset_C_MQTT_IoT_Flood,Scaling,IID,F1_Final_Round,Adaptive_FixedCircuitBreaker,FedAvg,10,0.9921568627450981,0.8213770747693652,0.17077978797573304,0.0,0.015625,0.64,0.7859642278690904,ok,0.453125,False
Dataset_C_MQTT_IoT_Flood,Scaling,IID,F1_Final_Round,Adaptive_FixedCircuitBreaker,Krum,10,0.9921568627450981,0.6631257112354673,0.3290311515096307,0.0,0.03125,0.52,1.0424854022156296,ok,0.71875,False
Dataset_C_MQTT_IoT_Flood,Scaling,IID,F1_Final_Round,Adaptive_NoAdaptiveWeighting,Adaptive_NoCircuitBreaker,10,0.9921568627450981,0.9921568627450981,0.0,0.0,1.0,0.0,0.0,identical_values,1.0,False
Dataset_C_MQTT_IoT_Flood,Scaling,IID,F1_Final_Round,Adaptive_NoAdaptiveWeighting,Adaptive_NoTemporalMemory,10,0.9921568627450981,0.9921568627450981,0.0,0.0,1.0,0.0,0.0,identical_values,1.0,False
Dataset_C_MQTT_IoT_Flood,Scaling,IID,F1_Final_Round,Adaptive_NoAdaptiveWeighting,Adaptive_Ultimate,10,0.9921568627450981,0.9921568627450981,0.0,0.0,1.0,0.0,0.0,identical_values,1.0,False
Dataset_C_MQTT_IoT_Flood,Scaling,IID,F1_Final_Round,Adaptive_NoAdaptiveWeighting,FLAME,10,0.9921568627450981,0.6116023704377274,0.3805544923073707,0.0,0.001953125,0.98,2.210049003497634,ok,0.0703125,False
Dataset_C_MQTT_IoT_Flood,Scaling,IID,F1_Final_Round,Adaptive_NoAdaptiveWeighting,FLTrust,10,0.9921568627450981,0.9921568627450981,0.0,0.0,1.0,0.0,0.0,identical_values,1.0,False
Dataset_C_MQTT_IoT_Flood,Scaling,IID,F1_Final_Round,Adaptive_NoAdaptiveWeighting,FedAvg,10,0.9921568627450981,0.8213770747693652,0.17077978797573304,0.0,0.015625,0.64,0.7859642278690904,ok,0.453125,False
Dataset_C_MQTT_IoT_Flood,Scaling,IID,F1_Final_Round,Adaptive_NoAdaptiveWeighting,Krum,10,0.9921568627450981,0.6631257112354673,0.3290311515096307,0.0,0.03125,0.52,1.0424854022156296,ok,0.71875,False
Dataset_C_MQTT_IoT_Flood,Scaling,IID,F1_Final_Round,Adaptive_NoCircuitBreaker,Adaptive_NoTemporalMemory,10,0.9921568627450981,0.9921568627450981,0.0,0.0,1.0,0.0,0.0,identical_values,1.0,False
Dataset_C_MQTT_IoT_Flood,Scaling,IID,F1_Final_Round,Adaptive_NoCircuitBreaker,Adaptive_Ultimate,10,0.9921568627450981,0.9921568627450981,0.0,0.0,1.0,0.0,0.0,identical_values,1.0,False
Dataset_C_MQTT_IoT_Flood,Scaling,IID,F1_Final_Round,Adaptive_NoCircuitBreaker,FLAME,10,0.9921568627450981,0.6116023704377274,0.3805544923073707,0.0,0.001953125,0.98,2.210049003497634,ok,0.0703125,False
Dataset_C_MQTT_IoT_Flood,Scaling,IID,F1_Final_Round,Adaptive_NoCircuitBreaker,FLTrust,10,0.9921568627450981,0.9921568627450981,0.0,0.0,1.0,0.0,0.0,identical_values,1.0,False
Dataset_C_MQTT_IoT_Flood,Scaling,IID,F1_Final_Round,Adaptive_NoCircuitBreaker,FedAvg,10,0.9921568627450981,0.8213770747693652,0.17077978797573304,0.0,0.015625,0.64,0.7859642278690904,ok,0.453125,False
Dataset_C_MQTT_IoT_Flood,Scaling,IID,F1_Final_Round,Adaptive_NoCircuitBreaker,Krum,10,0.9921568627450981,0.6631257112354673,0.3290311515096307,0.0,0.03125,0.52,1.0424854022156296,ok,0.71875,False
Dataset_C_MQTT_IoT_Flood,Scaling,IID,F1_Final_Round,Adaptive_NoTemporalMemory,Adaptive_Ultimate,10,0.9921568627450981,0.9921568627450981,0.0,0.0,1.0,0.0,0.0,identical_values,1.0,False
Dataset_C_MQTT_IoT_Flood,Scaling,IID,F1_Final_Round,Adaptive_NoTemporalMemory,FLAME,10,0.9921568627450981,0.6116023704377274,0.3805544923073707,0.0,0.001953125,0.98,2.210049003497634,ok,0.0703125,False
Dataset_C_MQTT_IoT_Flood,Scaling,IID,F1_Final_Round,Adaptive_NoTemporalMemory,FLTrust,10,0.9921568627450981,0.9921568627450981,0.0,0.0,1.0,0.0,0.0,identical_values,1.0,False
Dataset_C_MQTT_IoT_Flood,Scaling,IID,F1_Final_Round,Adaptive_NoTemporalMemory,FedAvg,10,0.9921568627450981,0.8213770747693652,0.17077978797573304,0.0,0.015625,0.64,0.7859642278690904,ok,0.453125,False
Dataset_C_MQTT_IoT_Flood,Scaling,IID,F1_Final_Round,Adaptive_NoTemporalMemory,Krum,10,0.9921568627450981,0.6631257112354673,0.3290311515096307,0.0,0.03125,0.52,1.0424854022156296,ok,0.71875,False
Dataset_C_MQTT_IoT_Flood,Scaling,IID,F1_Final_Round,Adaptive_Ultimate,FLAME,10,0.9921568627450981,0.6116023704377274,0.3805544923073707,0.0,0.001953125,0.98,2.210049003497634,ok,0.0703125,False
Dataset_C_MQTT_IoT_Flood,Scaling,IID,F1_Final_Round,Adaptive_Ultimate,FLTrust,10,0.9921568627450981,0.9921568627450981,0.0,0.0,1.0,0.0,0.0,identical_values,1.0,False
Dataset_C_MQTT_IoT_Flood,Scaling,IID,F1_Final_Round,Adaptive_Ultimate,FedAvg,10,0.9921568627450981,0.8213770747693652,0.17077978797573304,0.0,0.015625,0.64,0.7859642278690904,ok,0.453125,False
Dataset_C_MQTT_IoT_Flood,Scaling,IID,F1_Final_Round,Adaptive_Ultimate,Krum,10,0.9921568627450981,0.6631257112354673,0.3290311515096307,0.0,0.03125,0.52,1.0424854022156296,ok,0.71875,False
Dataset_C_MQTT_IoT_Flood,Scaling,IID,F1_Final_Round,FLAME,FLTrust,10,0.6116023704377274,0.9921568627450981,-0.3805544923073707,0.0,0.001953125,-0.98,-2.210049003497634,ok,0.0703125,False
Dataset_C_MQTT_IoT_Flood,Scaling,IID,F1_Final_Round,FLAME,FedAvg,10,0.6116023704377274,0.8213770747693652,-0.20977470433163772,0.0,0.0078125,-0.62,-1.2406038518893472,ok,0.234375,False
Dataset_C_MQTT_IoT_Flood,Scaling,IID,F1_Final_Round,FLAME,Krum,10,0.6116023704377274,0.6631257112354673,-0.051523340797740014,23.0,0.67578125,-0.02,-0.16583427094773528,ok,1.0,False
Dataset_C_MQTT_IoT_Flood,Scaling,IID,F1_Final_Round,FLTrust,FedAvg,10,0.9921568627450981,0.8213770747693652,0.17077978797573304,0.0,0.015625,0.64,0.7859642278690904,ok,0.453125,False
Dataset_C_MQTT_IoT_Flood,Scaling,IID,F1_Final_Round,FLTrust,Krum,10,0.9921568627450981,0.6631257112354673,0.3290311515096307,0.0,0.03125,0.52,1.0424854022156296,ok,0.71875,False
Dataset_C_MQTT_IoT_Flood,Scaling,IID,F1_Final_Round,FedAvg,Krum,10,0.8213770747693652,0.6631257112354673,0.15825136353389765,8.0,0.1953125,0.14,0.5087475007565262,ok,1.0,False
Dataset_C_MQTT_IoT_Flood,Scaling,IID,ASR_Final_Round,Adaptive_FixedCircuitBreaker,Adaptive_NoAdaptiveWeighting,10,0.011538461538461539,0.007692307692307693,0.0038461538461538464,0.0,1.0,0.1,0.31622776601683794,ok,1.0,False
Dataset_C_MQTT_IoT_Flood,Scaling,IID,ASR_Final_Round,Adaptive_FixedCircuitBreaker,Adaptive_NoCircuitBreaker,10,0.011538461538461539,0.007692307692307693,0.0038461538461538464,0.0,1.0,0.1,0.31622776601683794,ok,1.0,False
Dataset_C_MQTT_IoT_Flood,Scaling,IID,ASR_Final_Round,Adaptive_FixedCircuitBreaker,Adaptive_NoTemporalMemory,10,0.011538461538461539,0.007692307692307693,0.0038461538461538464,0.0,1.0,0.1,0.31622776601683794,ok,1.0,False
Dataset_C_MQTT_IoT_Flood,Scaling,IID,ASR_Final_Round,Adaptive_FixedCircuitBreaker,Adaptive_Ultimate,10,0.011538461538461539,0.007692307692307693,0.0038461538461538464,0.0,1.0,0.1,0.31622776601683794,ok,1.0,False
Dataset_C_MQTT_IoT_Flood,Scaling,IID,ASR_Final_Round,Adaptive_FixedCircuitBreaker,FLAME,10,0.011538461538461539,0.892923076923077,-0.8813846153846153,0.0,0.001953125,-1.0,-3.4829275535499358,ok,0.0703125,False
Dataset_C_MQTT_IoT_Flood,Scaling,IID,ASR_Final_Round,Adaptive_FixedCircuitBreaker,FLTrust,10,0.011538461538461539,0.007692307692307693,0.0038461538461538464,0.0,1.0,0.1,0.31622776601683794,ok,1.0,False
Dataset_C_MQTT_IoT_Flood,Scaling,IID,ASR_Final_Round,Adaptive_FixedCircuitBreaker,FedAvg,10,0.011538461538461539,0.6261538461538463,-0.6146153846153847,0.0,0.001953125,-1.0,-1.8226571712940451,ok,0.0703125,False
Dataset_C_MQTT_IoT_Flood,Scaling,IID,ASR_Final_Round,Adaptive_FixedCircuitBreaker,Krum,10,0.011538461538461539,0.572,-0.5604615384615385,0.0,0.03125,-0.48,-1.1464555850043663,ok,0.75,False
Dataset_C_MQTT_IoT_Flood,Scaling,IID,ASR_Final_Round,Adaptive_NoAdaptiveWeighting,Adaptive_NoCircuitBreaker,10,0.007692307692307693,0.007692307692307693,0.0,0.0,1.0,0.0,0.0,identical_values,1.0,False
Dataset_C_MQTT_IoT_Flood,Scaling,IID,ASR_Final_Round,Adaptive_NoAdaptiveWeighting,Adaptive_NoTemporalMemory,10,0.007692307692307693,0.007692307692307693,0.0,0.0,1.0,0.0,0.0,identical_values,1.0,False
Dataset_C_MQTT_IoT_Flood,Scaling,IID,ASR_Final_Round,Adaptive_NoAdaptiveWeighting,Adaptive_Ultimate,10,0.007692307692307693,0.007692307692307693,0.0,0.0,1.0,0.0,0.0,identical_values,1.0,False
Dataset_C_MQTT_IoT_Flood,Scaling,IID,ASR_Final_Round,Adaptive_NoAdaptiveWeighting,FLAME,10,0.007692307692307693,0.892923076923077,-0.8852307692307694,0.0,0.001953125,-1.0,-3.475594265669875,ok,0.0703125,False
Dataset_C_MQTT_IoT_Flood,Scaling,IID,ASR_Final_Round,Adaptive_NoAdaptiveWeighting,FLTrust,10,0.007692307692307693,0.007692307692307693,0.0,0.0,1.0,0.0,0.0,identical_values,1.0,False
Dataset_C_MQTT_IoT_Flood,Scaling,IID,ASR_Final_Round,Adaptive_NoAdaptiveWeighting,FedAvg,10,0.007692307692307693,0.6261538461538463,-0.6184615384615385,0.0,0.001953125,-1.0,-1.8094610189243383,ok,0.0703125,False
Dataset_C_MQTT_IoT_Flood,Scaling,IID,ASR_Final_Round,Adaptive_NoAdaptiveWeighting,Krum,10,0.007692307692307693,0.572,-0.5643076923076923,0.0,0.03125,-0.52,-1.145782880368325,ok,0.75,False
Dataset_C_MQTT_IoT_Flood,Scaling,IID,ASR_Final_Round,Adaptive_NoCircuitBreaker,Adaptive_NoTemporalMemory,10,0.007692307692307693,0.007692307692307693,0.0,0.0,1.0,0.0,0.0,identical_values,1.0,False
Dataset_C_MQTT_IoT_Flood,Scaling,IID,ASR_Final_Round,Adaptive_NoCircuitBreaker,Adaptive_Ultimate,10,0.007692307692307693,0.007692307692307693,0.0,0.0,1.0,0.0,0.0,identical_values,1.0,False
Dataset_C_MQTT_IoT_Flood,Scaling,IID,ASR_Final_Round,Adaptive_NoCircuitBreaker,FLAME,10,0.007692307692307693,0.892923076923077,-0.8852307692307694,0.0,0.001953125,-1.0,-3.475594265669875,ok,0.0703125,False
Dataset_C_MQTT_IoT_Flood,Scaling,IID,ASR_Final_Round,Adaptive_NoCircuitBreaker,FLTrust,10,0.007692307692307693,0.007692307692307693,0.0,0.0,1.0,0.0,0.0,identical_values,1.0,False
Dataset_C_MQTT_IoT_Flood,Scaling,IID,ASR_Final_Round,Adaptive_NoCircuitBreaker,FedAvg,10,0.007692307692307693,0.6261538461538463,-0.6184615384615385,0.0,0.001953125,-1.0,-1.8094610189243383,ok,0.0703125,False
Dataset_C_MQTT_IoT_Flood,Scaling,IID,ASR_Final_Round,Adaptive_NoCircuitBreaker,Krum,10,0.007692307692307693,0.572,-0.5643076923076923,0.0,0.03125,-0.52,-1.145782880368325,ok,0.75,False
Dataset_C_MQTT_IoT_Flood,Scaling,IID,ASR_Final_Round,Adaptive_NoTemporalMemory,Adaptive_Ultimate,10,0.007692307692307693,0.007692307692307693,0.0,0.0,1.0,0.0,0.0,identical_values,1.0,False
Dataset_C_MQTT_IoT_Flood,Scaling,IID,ASR_Final_Round,Adaptive_NoTemporalMemory,FLAME,10,0.007692307692307693,0.892923076923077,-0.8852307692307694,0.0,0.001953125,-1.0,-3.475594265669875,ok,0.0703125,False
Dataset_C_MQTT_IoT_Flood,Scaling,IID,ASR_Final_Round,Adaptive_NoTemporalMemory,FLTrust,10,0.007692307692307693,0.007692307692307693,0.0,0.0,1.0,0.0,0.0,identical_values,1.0,False
Dataset_C_MQTT_IoT_Flood,Scaling,IID,ASR_Final_Round,Adaptive_NoTemporalMemory,FedAvg,10,0.007692307692307693,0.6261538461538463,-0.6184615384615385,0.0,0.001953125,-1.0,-1.8094610189243383,ok,0.0703125,False
Dataset_C_MQTT_IoT_Flood,Scaling,IID,ASR_Final_Round,Adaptive_NoTemporalMemory,Krum,10,0.007692307692307693,0.572,-0.5643076923076923,0.0,0.03125,-0.52,-1.145782880368325,ok,0.75,False
Dataset_C_MQTT_IoT_Flood,Scaling,IID,ASR_Final_Round,Adaptive_Ultimate,FLAME,10,0.007692307692307693,0.892923076923077,-0.8852307692307694,0.0,0.001953125,-1.0,-3.475594265669875,ok,0.0703125,False
Dataset_C_MQTT_IoT_Flood,Scaling,IID,ASR_Final_Round,Adaptive_Ultimate,FLTrust,10,0.007692307692307693,0.007692307692307693,0.0,0.0,1.0,0.0,0.0,identical_values,1.0,False
Dataset_C_MQTT_IoT_Flood,Scaling,IID,ASR_Final_Round,Adaptive_Ultimate,FedAvg,10,0.007692307692307693,0.6261538461538463,-0.6184615384615385,0.0,0.001953125,-1.0,-1.8094610189243383,ok,0.0703125,False
Dataset_C_MQTT_IoT_Flood,Scaling,IID,ASR_Final_Round,Adaptive_Ultimate,Krum,10,0.007692307692307693,0.572,-0.5643076923076923,0.0,0.03125,-0.52,-1.145782880368325,ok,0.75,False
Dataset_C_MQTT_IoT_Flood,Scaling,IID,ASR_Final_Round,FLAME,FLTrust,10,0.892923076923077,0.007692307692307693,0.8852307692307694,0.0,0.001953125,1.0,3.475594265669875,ok,0.0703125,False
Dataset_C_MQTT_IoT_Flood,Scaling,IID,ASR_Final_Round,FLAME,FedAvg,10,0.892923076923077,0.6261538461538463,0.26676923076923076,0.0,0.03125,0.38,0.9355261741275092,ok,0.75,False
Dataset_C_MQTT_IoT_Flood,Scaling,IID,ASR_Final_Round,FLAME,Krum,10,0.892923076923077,0.572,0.3209230769230769,6.0,0.1875,0.33,0.5303617612140206,ok,1.0,False
Dataset_C_MQTT_IoT_Flood,Scaling,IID,ASR_Final_Round,FLTrust,FedAvg,10,0.007692307692307693,0.6261538461538463,-0.6184615384615385,0.0,0.001953125,-1.0,-1.8094610189243383,ok,0.0703125,False
Dataset_C_MQTT_IoT_Flood,Scaling,IID,ASR_Final_Round,FLTrust,Krum,10,0.007692307692307693,0.572,-0.5643076923076923,0.0,0.03125,-0.52,-1.145782880368325,ok,0.75,False
Dataset_C_MQTT_IoT_Flood,Scaling,IID,ASR_Final_Round,FedAvg,Krum,10,0.6261538461538463,0.572,0.054153846153846184,13.5,1.0,0.08,0.09676134833573394,ok,1.0,False
Dataset_C_MQTT_IoT_Flood,Scaling,NonIID_Dirichlet,F1_Mean_Over_Rounds,Adaptive_FixedCircuitBreaker,Adaptive_NoAdaptiveWeighting,10,0.9745136319546098,0.9736681212060709,0.0008455107485389579,4.0,0.109375,0.07,0.5296404291771422,ok,1.0,False
Dataset_C_MQTT_IoT_Flood,Scaling,NonIID_Dirichlet,F1_Mean_Over_Rounds,Adaptive_FixedCircuitBreaker,Adaptive_NoCircuitBreaker,10,0.9745136319546098,0.9745136319546098,0.0,0.0,1.0,0.0,0.0,identical_values,1.0,False
Dataset_C_MQTT_IoT_Flood,Scaling,NonIID_Dirichlet,F1_Mean_Over_Rounds,Adaptive_FixedCircuitBreaker,Adaptive_NoTemporalMemory,10,0.9745136319546098,0.9745231762743627,-9.544319752818887e-06,13.0,0.9375,-0.05,-0.012879183628653177,ok,1.0,False
Dataset_C_MQTT_IoT_Flood,Scaling,NonIID_Dirichlet,F1_Mean_Over_Rounds,Adaptive_FixedCircuitBreaker,Adaptive_Ultimate,10,0.9745136319546098,0.9745136319546098,0.0,0.0,1.0,0.0,0.0,identical_values,1.0,False
Dataset_C_MQTT_IoT_Flood,Scaling,NonIID_Dirichlet,F1_Mean_Over_Rounds,Adaptive_FixedCircuitBreaker,FLAME,10,0.9745136319546098,0.833934322358254,0.1405793095963559,0.0,0.001953125,1.0,2.5186379234552496,ok,0.0703125,False
Dataset_C_MQTT_IoT_Flood,Scaling,NonIID_Dirichlet,F1_Mean_Over_Rounds,Adaptive_FixedCircuitBreaker,FLTrust,10,0.9745136319546098,0.9745231762743627,-9.544319752818887e-06,13.0,0.9375,-0.05,-0.012879183628653177,ok,1.0,False
Dataset_C_MQTT_IoT_Flood,Scaling,NonIID_Dirichlet,F1_Mean_Over_Rounds,Adaptive_FixedCircuitBreaker,FedAvg,10,0.9745136319546098,0.7775712089684619,0.1969424229861481,0.0,0.001953125,1.0,3.140922260353916,ok,0.0703125,False
Dataset_C_MQTT_IoT_Flood,Scaling,NonIID_Dirichlet,F1_Mean_Over_Rounds,Adaptive_FixedCircuitBreaker,Krum,10,0.9745136319546098,0.972490865010708,0.002022766943901866,17.0,0.5703125,0.07,0.2908319967040563,ok,1.0,False
Dataset_C_MQTT_IoT_Flood,Scaling,NonIID_Dirichlet,F1_Mean_Over_Rounds,Adaptive_NoAdaptiveWeighting,Adaptive_NoCircuitBreaker,10,0.9736681212060709,0.9745136319546098,-0.0008455107485389579,4.0,0.109375,-0.07,-0.5296404291771422,ok,1.0,False
Dataset_C_MQTT_IoT_Flood,Scaling,NonIID_Dirichlet,F1_Mean_Over_Rounds,Adaptive_NoAdaptiveWeighting,Adaptive_NoTemporalMemory,10,0.9736681212060709,0.9745231762743627,-0.0008550550682917768,7.0,0.07421875,-0.15,-0.42985292712732004,ok,1.0,False
Dataset_C_MQTT_IoT_Flood,Scaling,NonIID_Dirichlet,F1_Mean_Over_Rounds,Adaptive_NoAdaptiveWeighting,Adaptive_Ultimate,10,0.9736681212060709,0.9745136319546098,-0.0008455107485389579,4.0,0.109375,-0.07,-0.5296404291771422,ok,1.0,False
Dataset_C_MQTT_IoT_Flood,Scaling,NonIID_Dirichlet,F1_Mean_Over_Rounds,Adaptive_NoAdaptiveWeighting,FLAME,10,0.9736681212060709,0.833934322358254,0.13973379884781695,0.0,0.001953125,1.0,2.465453124437551,ok,0.0703125,False
Dataset_C_MQTT_IoT_Flood,Scaling,NonIID_Dirichlet,F1_Mean_Over_Rounds,Adaptive_NoAdaptiveWeighting,FLTrust,10,0.9736681212060709,0.9745231762743627,-0.0008550550682917768,7.0,0.07421875,-0.15,-0.42985292712732004,ok,1.0,False
Dataset_C_MQTT_IoT_Flood,Scaling,NonIID_Dirichlet,F1_Mean_Over_Rounds,Adaptive_NoAdaptiveWeighting,FedAvg,10,0.9736681212060709,0.7775712089684619,0.19609691223760914,0.0,0.001953125,1.0,3.150026492404407,ok,0.0703125,False
Dataset_C_MQTT_IoT_Flood,Scaling,NonIID_Dirichlet,F1_Mean_Over_Rounds,Adaptive_NoAdaptiveWeighting,Krum,10,0.9736681212060709,0.972490865010708,0.001177256195362908,19.0,0.734375,0.05,0.1640053749404923,ok,1.0,False
Dataset_C_MQTT_IoT_Flood,Scaling,NonIID_Dirichlet,F1_Mean_Over_Rounds,Adaptive_NoCircuitBreaker,Adaptive_NoTemporalMemory,10,0.9745136319546098,0.9745231762743627,-9.544319752818887e-06,13.0,0.9375,-0.05,-0.012879183628653177,ok,1.0,False
Dataset_C_MQTT_IoT_Flood,Scaling,NonIID_Dirichlet,F1_Mean_Over_Rounds,Adaptive_NoCircuitBreaker,Adaptive_Ultimate,10,0.9745136319546098,0.9745136319546098,0.0,0.0,1.0,0.0,0.0,identical_values,1.0,False
Dataset_C_MQTT_IoT_Flood,Scaling,NonIID_Dirichlet,F1_Mean_Over_Rounds,Adaptive_NoCircuitBreaker,FLAME,10,0.9745136319546098,0.833934322358254,0.1405793095963559,0.0,0.001953125,1.0,2.5186379234552496,ok,0.0703125,False
Dataset_C_MQTT_IoT_Flood,Scaling,NonIID_Dirichlet,F1_Mean_Over_Rounds,Adaptive_NoCircuitBreaker,FLTrust,10,0.9745136319546098,0.9745231762743627,-9.544319752818887e-06,13.0,0.9375,-0.05,-0.012879183628653177,ok,1.0,False
Dataset_C_MQTT_IoT_Flood,Scaling,NonIID_Dirichlet,F1_Mean_Over_Rounds,Adaptive_NoCircuitBreaker,FedAvg,10,0.9745136319546098,0.7775712089684619,0.1969424229861481,0.0,0.001953125,1.0,3.140922260353916,ok,0.0703125,False
Dataset_C_MQTT_IoT_Flood,Scaling,NonIID_Dirichlet,F1_Mean_Over_Rounds,Adaptive_NoCircuitBreaker,Krum,10,0.9745136319546098,0.972490865010708,0.002022766943901866,17.0,0.5703125,0.07,0.2908319967040563,ok,1.0,False
Dataset_C_MQTT_IoT_Flood,Scaling,NonIID_Dirichlet,F1_Mean_Over_Rounds,Adaptive_NoTemporalMemory,Adaptive_Ultimate,10,0.9745231762743627,0.9745136319546098,9.544319752818887e-06,13.0,0.9375,0.05,0.012879183628653177,ok,1.0,False
Dataset_C_MQTT_IoT_Flood,Scaling,NonIID_Dirichlet,F1_Mean_Over_Rounds,Adaptive_NoTemporalMemory,FLAME,10,0.9745231762743627,0.833934322358254,0.1405888539161087,0.0,0.001953125,1.0,2.519771035671421,ok,0.0703125,False
Dataset_C_MQTT_IoT_Flood,Scaling,NonIID_Dirichlet,F1_Mean_Over_Rounds,Adaptive_NoTemporalMemory,FLTrust,10,0.9745231762743627,0.9745231762743627,0.0,0.0,1.0,0.0,0.0,identical_values,1.0,False
Dataset_C_MQTT_IoT_Flood,Scaling,NonIID_Dirichlet,F1_Mean_Over_Rounds,Adaptive_NoTemporalMemory,FedAvg,10,0.9745231762743627,0.7775712089684619,0.19695196730590095,0.0,0.001953125,1.0,3.1258657454026295,ok,0.0703125,False
Dataset_C_MQTT_IoT_Flood,Scaling,NonIID_Dirichlet,F1_Mean_Over_Rounds,Adaptive_NoTemporalMemory,Krum,10,0.9745231762743627,0.972490865010708,0.0020323112636546846,22.0,0.625,0.1,0.2971731515705821,ok,1.0,False
Dataset_C_MQTT_IoT_Flood,Scaling,NonIID_Dirichlet,F1_Mean_Over_Rounds,Adaptive_Ultimate,FLAME,10,0.9745136319546098,0.833934322358254,0.1405793095963559,0.0,0.001953125,1.0,2.5186379234552496,ok,0.0703125,False
Dataset_C_MQTT_IoT_Flood,Scaling,NonIID_Dirichlet,F1_Mean_Over_Rounds,Adaptive_Ultimate,FLTrust,10,0.9745136319546098,0.9745231762743627,-9.544319752818887e-06,13.0,0.9375,-0.05,-0.012879183628653177,ok,1.0,False
Dataset_C_MQTT_IoT_Flood,Scaling,NonIID_Dirichlet,F1_Mean_Over_Rounds,Adaptive_Ultimate,FedAvg,10,0.9745136319546098,0.7775712089684619,0.1969424229861481,0.0,0.001953125,1.0,3.140922260353916,ok,0.0703125,False
Dataset_C_MQTT_IoT_Flood,Scaling,NonIID_Dirichlet,F1_Mean_Over_Rounds,Adaptive_Ultimate,Krum,10,0.9745136319546098,0.972490865010708,0.002022766943901866,17.0,0.5703125,0.07,0.2908319967040563,ok,1.0,False
Dataset_C_MQTT_IoT_Flood,Scaling,NonIID_Dirichlet,F1_Mean_Over_Rounds,FLAME,FLTrust,10,0.833934322358254,0.9745231762743627,-0.1405888539161087,0.0,0.001953125,-1.0,-2.519771035671421,ok,0.0703125,False
Dataset_C_MQTT_IoT_Flood,Scaling,NonIID_Dirichlet,F1_Mean_Over_Rounds,FLAME,FedAvg,10,0.833934322358254,0.7775712089684619,0.05636311338979222,8.0,0.048828125,0.56,0.6927581393569144,ok,1.0,False
Dataset_C_MQTT_IoT_Flood,Scaling,NonIID_Dirichlet,F1_Mean_Over_Rounds,FLAME,Krum,10,0.833934322358254,0.972490865010708,-0.13855654265245404,0.0,0.001953125,-1.0,-2.503146823653546,ok,0.0703125,False
Dataset_C_MQTT_IoT_Flood,Scaling,NonIID_Dirichlet,F1_Mean_Over_Rounds,FLTrust,FedAvg,10,0.9745231762743627,0.7775712089684619,0.19695196730590095,0.0,0.001953125,1.0,3.1258657454026295,ok,0.0703125,False
Dataset_C_MQTT_IoT_Flood,Scaling,NonIID_Dirichlet,F1_Mean_Over_Rounds,FLTrust,Krum,10,0.9745231762743627,0.972490865010708,0.0020323112636546846,22.0,0.625,0.1,0.2971731515705821,ok,1.0,False
Dataset_C_MQTT_IoT_Flood,Scaling,NonIID_Dirichlet,F1_Mean_Over_Rounds,FedAvg,Krum,10,0.7775712089684619,0.972490865010708,-0.19491965604224623,0.0,0.001953125,-1.0,-3.184196123572886,ok,0.0703125,False
Dataset_C_MQTT_IoT_Flood,Scaling,NonIID_Dirichlet,ASR_Mean_Over_Rounds,Adaptive_FixedCircuitBreaker,Adaptive_NoAdaptiveWeighting,10,0.016164615384615385,0.020352307692307697,-0.004187692307692308,0.0,0.25,-0.09,-0.4243864543530073,ok,1.0,False
Dataset_C_MQTT_IoT_Flood,Scaling,NonIID_Dirichlet,ASR_Mean_Over_Rounds,Adaptive_FixedCircuitBreaker,Adaptive_NoCircuitBreaker,10,0.016164615384615385,0.016164615384615385,0.0,0.0,1.0,0.0,0.0,identical_values,1.0,False
Dataset_C_MQTT_IoT_Flood,Scaling,NonIID_Dirichlet,ASR_Mean_Over_Rounds,Adaptive_FixedCircuitBreaker,Adaptive_NoTemporalMemory,10,0.016164615384615385,0.015692307692307693,0.0004723076923076922,0.0,0.0625,0.08,0.6323649600844338,ok,1.0,False
Dataset_C_MQTT_IoT_Flood,Scaling,NonIID_Dirichlet,ASR_Mean_Over_Rounds,Adaptive_FixedCircuitBreaker,Adaptive_Ultimate,10,0.016164615384615385,0.016164615384615385,0.0,0.0,1.0,0.0,0.0,identical_values,1.0,False
Dataset_C_MQTT_IoT_Flood,Scaling,NonIID_Dirichlet,ASR_Mean_Over_Rounds,Adaptive_FixedCircuitBreaker,FLAME,10,0.016164615384615385,0.3344461538461539,-0.31828153846153845,0.0,0.001953125,-1.0,-4.588317648612907,ok,0.0703125,False
Dataset_C_MQTT_IoT_Flood,Scaling,NonIID_Dirichlet,ASR_Mean_Over_Rounds,Adaptive_FixedCircuitBreaker,FLTrust,10,0.016164615384615385,0.015692307692307693,0.0004723076923076922,0.0,0.0625,0.08,0.6323649600844338,ok,1.0,False
Dataset_C_MQTT_IoT_Flood,Scaling,NonIID_Dirichlet,ASR_Mean_Over_Rounds,Adaptive_FixedCircuitBreaker,FedAvg,10,0.016164615384615385,0.6831707692307691,-0.6670061538461538,0.0,0.001953125,-1.0,-9.00983250989441,ok,0.0703125,False
Dataset_C_MQTT_IoT_Flood,Scaling,NonIID_Dirichlet,ASR_Mean_Over_Rounds,Adaptive_FixedCircuitBreaker,Krum,10,0.016164615384615385,0.015607692307692309,0.0005569230769230772,8.0,0.375,0.03,0.11977349964822864,ok,1.0,False
Dataset_C_MQTT_IoT_Flood,Scaling,NonIID_Dirichlet,ASR_Mean_Over_Rounds,Adaptive_NoAdaptiveWeighting,Adaptive_NoCircuitBreaker,10,0.020352307692307697,0.016164615384615385,0.004187692307692308,0.0,0.25,0.09,0.4243864543530073,ok,1.0,False
Dataset_C_MQTT_IoT_Flood,Scaling,NonIID_Dirichlet,ASR_Mean_Over_Rounds,Adaptive_NoAdaptiveWeighting,Adaptive_NoTemporalMemory,10,0.020352307692307697,0.015692307692307693,0.004660000000000001,0.0,0.0625,0.14,0.46318853956465894,ok,1.0,False
Dataset_C_MQTT_IoT_Flood,Scaling,NonIID_Dirichlet,ASR_Mean_Over_Rounds,Adaptive_NoAdaptiveWeighting,Adaptive_Ultimate,10,0.020352307692307697,0.016164615384615385,0.004187692307692308,0.0,0.25,0.09,0.4243864543530073,ok,1.0,False
Dataset_C_MQTT_IoT_Flood,Scaling,NonIID_Dirichlet,ASR_Mean_Over_Rounds,Adaptive_NoAdaptiveWeighting,FLAME,10,0.020352307692307697,0.3344461538461539,-0.31409384615384617,0.0,0.001953125,-1.0,-4.461276905529296,ok,0.0703125,False
Dataset_C_MQTT_IoT_Flood,Scaling,NonIID_Dirichlet,ASR_Mean_Over_Rounds,Adaptive_NoAdaptiveWeighting,FLTrust,10,0.020352307692307697,0.015692307692307693,0.004660000000000001,0.0,0.0625,0.14,0.46318853956465894,ok,1.0,False
Dataset_C_MQTT_IoT_Flood,Scaling,NonIID_Dirichlet,ASR_Mean_Over_Rounds,Adaptive_NoAdaptiveWeighting,FedAvg,10,0.020352307692307697,0.6831707692307691,-0.6628184615384616,0.0,0.001953125,-1.0,-8.822528926650136,ok,0.0703125,False
Dataset_C_MQTT_IoT_Flood,Scaling,NonIID_Dirichlet,ASR_Mean_Over_Rounds,Adaptive_NoAdaptiveWeighting,Krum,10,0.020352307692307697,0.015607692307692309,0.004744615384615385,1.0,0.03125,0.11,0.6105649431854422,ok,0.65625,False
Dataset_C_MQTT_IoT_Flood,Scaling,NonIID_Dirichlet,ASR_Mean_Over_Rounds,Adaptive_NoCircuitBreaker,Adaptive_NoTemporalMemory,10,0.016164615384615385,0.015692307692307693,0.0004723076923076922,0.0,0.0625,0.08,0.6323649600844338,ok,1.0,False
Dataset_C_MQTT_IoT_Flood,Scaling,NonIID_Dirichlet,ASR_Mean_Over_Rounds,Adaptive_NoCircuitBreaker,Adaptive_Ultimate,10,0.016164615384615385,0.016164615384615385,0.0,0.0,1.0,0.0,0.0,identical_values,1.0,False
Dataset_C_MQTT_IoT_Flood,Scaling,NonIID_Dirichlet,ASR_Mean_Over_Rounds,Adaptive_NoCircuitBreaker,FLAME,10,0.016164615384615385,0.3344461538461539,-0.31828153846153845,0.0,0.001953125,-1.0,-4.588317648612907,ok,0.0703125,False
Dataset_C_MQTT_IoT_Flood,Scaling,NonIID_Dirichlet,ASR_Mean_Over_Rounds,Adaptive_NoCircuitBreaker,FLTrust,10,0.016164615384615385,0.015692307692307693,0.0004723076923076922,0.0,0.0625,0.08,0.6323649600844338,ok,1.0,False
Dataset_C_MQTT_IoT_Flood,Scaling,NonIID_Dirichlet,ASR_Mean_Over_Rounds,Adaptive_NoCircuitBreaker,FedAvg,10,0.016164615384615385,0.6831707692307691,-0.6670061538461538,0.0,0.001953125,-1.0,-9.00983250989441,ok,0.0703125,False
Dataset_C_MQTT_IoT_Flood,Scaling,NonIID_Dirichlet,ASR_Mean_Over_Rounds,Adaptive_NoCircuitBreaker,Krum,10,0.016164615384615385,0.015607692307692309,0.0005569230769230772,8.0,0.375,0.03,0.11977349964822864,ok,1.0,False
Dataset_C_MQTT_IoT_Flood,Scaling,NonIID_Dirichlet,ASR_Mean_Over_Rounds,Adaptive_NoTemporalMemory,Adaptive_Ultimate,10,0.015692307692307693,0.016164615384615385,-0.0004723076923076922,0.0,0.0625,-0.08,-0.6323649600844338,ok,1.0,False
Dataset_C_MQTT_IoT_Flood,Scaling,NonIID_Dirichlet,ASR_Mean_Over_Rounds,Adaptive_NoTemporalMemory,FLAME,10,0.015692307692307693,0.3344461538461539,-0.31875384615384617,0.0,0.001953125,-1.0,-4.628735028571108,ok,0.0703125,False
Dataset_C_MQTT_IoT_Flood,Scaling,NonIID_Dirichlet,ASR_Mean_Over_Rounds,Adaptive_NoTemporalMemory,FLTrust,10,0.015692307692307693,0.015692307692307693,0.0,0.0,1.0,0.0,0.0,identical_values,1.0,False
Dataset_C_MQTT_IoT_Flood,Scaling,NonIID_Dirichlet,ASR_Mean_Over_Rounds,Adaptive_NoTemporalMemory,FedAvg,10,0.015692307692307693,0.6831707692307691,-0.6674784615384615,0.0,0.001953125,-1.0,-9.072715410237546,ok,0.0703125,False
Dataset_C_MQTT_IoT_Flood,Scaling,NonIID_Dirichlet,ASR_Mean_Over_Rounds,Adaptive_NoTemporalMemory,Krum,10,0.015692307692307693,0.015607692307692309,8.461538461538506e-05,9.0,0.84375,-0.03,0.019590224975807917,ok,1.0,False
Dataset_C_MQTT_IoT_Flood,Scaling,NonIID_Dirichlet,ASR_Mean_Over_Rounds,Adaptive_Ultimate,FLAME,10,0.016164615384615385,0.3344461538461539,-0.31828153846153845,0.0,0.001953125,-1.0,-4.588317648612907,ok,0.0703125,False
Dataset_C_MQTT_IoT_Flood,Scaling,NonIID_Dirichlet,ASR_Mean_Over_Rounds,Adaptive_Ultimate,FLTrust,10,0.016164615384615385,0.015692307692307693,0.0004723076923076922,0.0,0.0625,0.08,0.6323649600844338,ok,1.0,False
Dataset_C_MQTT_IoT_Flood,Scaling,NonIID_Dirichlet,ASR_Mean_Over_Rounds,Adaptive_Ultimate,FedAvg,10,0.016164615384615385,0.6831707692307691,-0.6670061538461538,0.0,0.001953125,-1.0,-9.00983250989441,ok,0.0703125,False
Dataset_C_MQTT_IoT_Flood,Scaling,NonIID_Dirichlet,ASR_Mean_Over_Rounds,Adaptive_Ultimate,Krum,10,0.016164615384615385,0.015607692307692309,0.0005569230769230772,8.0,0.375,0.03,0.11977349964822864,ok,1.0,False
Dataset_C_MQTT_IoT_Flood,Scaling,NonIID_Dirichlet,ASR_Mean_Over_Rounds,FLAME,FLTrust,10,0.3344461538461539,0.015692307692307693,0.31875384615384617,0.0,0.001953125,1.0,4.628735028571108,ok,0.0703125,False
Dataset_C_MQTT_IoT_Flood,Scaling,NonIID_Dirichlet,ASR_Mean_Over_Rounds,FLAME,FedAvg,10,0.3344461538461539,0.6831707692307691,-0.3487246153846154,0.0,0.001953125,-1.0,-4.3386780687933655,ok,0.0703125,False
Dataset_C_MQTT_IoT_Flood,Scaling,NonIID_Dirichlet,ASR_Mean_Over_Rounds,FLAME,Krum,10,0.3344461538461539,0.015607692307692309,0.3188384615384615,0.0,0.001953125,1.0,4.691647501191336,ok,0.0703125,False
Dataset_C_MQTT_IoT_Flood,Scaling,NonIID_Dirichlet,ASR_Mean_Over_Rounds,FLTrust,FedAvg,10,0.015692307692307693,0.6831707692307691,-0.6674784615384615,0.0,0.001953125,-1.0,-9.072715410237546,ok,0.0703125,False
Dataset_C_MQTT_IoT_Flood,Scaling,NonIID_Dirichlet,ASR_Mean_Over_Rounds,FLTrust,Krum,10,0.015692307692307693,0.015607692307692309,8.461538461538506e-05,9.0,0.84375,-0.03,0.019590224975807917,ok,1.0,False
Dataset_C_MQTT_IoT_Flood,Scaling,NonIID_Dirichlet,ASR_Mean_Over_Rounds,FedAvg,Krum,10,0.6831707692307691,0.015607692307692309,0.6675630769230769,0.0,0.001953125,1.0,9.156444419712965,ok,0.0703125,False
Dataset_C_MQTT_IoT_Flood,Scaling,NonIID_Dirichlet,F1_Final_Round,Adaptive_FixedCircuitBreaker,Adaptive_NoAdaptiveWeighting,10,0.9921568627450981,0.9921568627450981,0.0,0.0,1.0,0.0,0.0,identical_values,1.0,False
Dataset_C_MQTT_IoT_Flood,Scaling,NonIID_Dirichlet,F1_Final_Round,Adaptive_FixedCircuitBreaker,Adaptive_NoCircuitBreaker,10,0.9921568627450981,0.9921568627450981,0.0,0.0,1.0,0.0,0.0,identical_values,1.0,False
Dataset_C_MQTT_IoT_Flood,Scaling,NonIID_Dirichlet,F1_Final_Round,Adaptive_FixedCircuitBreaker,Adaptive_NoTemporalMemory,10,0.9921568627450981,0.9921568627450981,0.0,0.0,1.0,0.0,0.0,identical_values,1.0,False
Dataset_C_MQTT_IoT_Flood,Scaling,NonIID_Dirichlet,F1_Final_Round,Adaptive_FixedCircuitBreaker,Adaptive_Ultimate,10,0.9921568627450981,0.9921568627450981,0.0,0.0,1.0,0.0,0.0,identical_values,1.0,False
Dataset_C_MQTT_IoT_Flood,Scaling,NonIID_Dirichlet,F1_Final_Round,Adaptive_FixedCircuitBreaker,FLAME,10,0.9921568627450981,0.6533540907909752,0.33880277195412273,0.0,0.001953125,1.0,2.3388199194976624,ok,0.0703125,False
Dataset_C_MQTT_IoT_Flood,Scaling,NonIID_Dirichlet,F1_Final_Round,Adaptive_FixedCircuitBreaker,FLTrust,10,0.9921568627450981,0.9921568627450981,0.0,0.0,1.0,0.0,0.0,identical_values,1.0,False
Dataset_C_MQTT_IoT_Flood,Scaling,NonIID_Dirichlet,F1_Final_Round,Adaptive_FixedCircuitBreaker,FedAvg,10,0.9921568627450981,0.8129264123444347,0.17923045040066318,1.5,0.046875,0.6,0.8395836216513677,ok,1.0,False
Dataset_C_MQTT_IoT_Flood,Scaling,NonIID_Dirichlet,F1_Final_Round,Adaptive_FixedCircuitBreaker,Krum,10,0.9921568627450981,0.9921568627450981,0.0,0.0,1.0,0.0,0.0,identical_values,1.0,False
Dataset_C_MQTT_IoT_Flood,Scaling,NonIID_Dirichlet,F1_Final_Round,Adaptive_NoAdaptiveWeighting,Adaptive_NoCircuitBreaker,10,0.9921568627450981,0.9921568627450981,0.0,0.0,1.0,0.0,0.0,identical_values,1.0,False
Dataset_C_MQTT_IoT_Flood,Scaling,NonIID_Dirichlet,F1_Final_Round,Adaptive_NoAdaptiveWeighting,Adaptive_NoTemporalMemory,10,0.9921568627450981,0.9921568627450981,0.0,0.0,1.0,0.0,0.0,identical_values,1.0,False
Dataset_C_MQTT_IoT_Flood,Scaling,NonIID_Dirichlet,F1_Final_Round,Adaptive_NoAdaptiveWeighting,Adaptive_Ultimate,10,0.9921568627450981,0.9921568627450981,0.0,0.0,1.0,0.0,0.0,identical_values,1.0,False
Dataset_C_MQTT_IoT_Flood,Scaling,NonIID_Dirichlet,F1_Final_Round,Adaptive_NoAdaptiveWeighting,FLAME,10,0.9921568627450981,0.6533540907909752,0.33880277195412273,0.0,0.001953125,1.0,2.3388199194976624,ok,0.0703125,False
Dataset_C_MQTT_IoT_Flood,Scaling,NonIID_Dirichlet,F1_Final_Round,Adaptive_NoAdaptiveWeighting,FLTrust,10,0.9921568627450981,0.9921568627450981,0.0,0.0,1.0,0.0,0.0,identical_values,1.0,False
Dataset_C_MQTT_IoT_Flood,Scaling,NonIID_Dirichlet,F1_Final_Round,Adaptive_NoAdaptiveWeighting,FedAvg,10,0.9921568627450981,0.8129264123444347,0.17923045040066318,1.5,0.046875,0.6,0.8395836216513677,ok,1.0,False
Dataset_C_MQTT_IoT_Flood,Scaling,NonIID_Dirichlet,F1_Final_Round,Adaptive_NoAdaptiveWeighting,Krum,10,0.9921568627450981,0.9921568627450981,0.0,0.0,1.0,0.0,0.0,identical_values,1.0,False
Dataset_C_MQTT_IoT_Flood,Scaling,NonIID_Dirichlet,F1_Final_Round,Adaptive_NoCircuitBreaker,Adaptive_NoTemporalMemory,10,0.9921568627450981,0.9921568627450981,0.0,0.0,1.0,0.0,0.0,identical_values,1.0,False
Dataset_C_MQTT_IoT_Flood,Scaling,NonIID_Dirichlet,F1_Final_Round,Adaptive_NoCircuitBreaker,Adaptive_Ultimate,10,0.9921568627450981,0.9921568627450981,0.0,0.0,1.0,0.0,0.0,identical_values,1.0,False
Dataset_C_MQTT_IoT_Flood,Scaling,NonIID_Dirichlet,F1_Final_Round,Adaptive_NoCircuitBreaker,FLAME,10,0.9921568627450981,0.6533540907909752,0.33880277195412273,0.0,0.001953125,1.0,2.3388199194976624,ok,0.0703125,False
Dataset_C_MQTT_IoT_Flood,Scaling,NonIID_Dirichlet,F1_Final_Round,Adaptive_NoCircuitBreaker,FLTrust,10,0.9921568627450981,0.9921568627450981,0.0,0.0,1.0,0.0,0.0,identical_values,1.0,False
Dataset_C_MQTT_IoT_Flood,Scaling,NonIID_Dirichlet,F1_Final_Round,Adaptive_NoCircuitBreaker,FedAvg,10,0.9921568627450981,0.8129264123444347,0.17923045040066318,1.5,0.046875,0.6,0.8395836216513677,ok,1.0,False
Dataset_C_MQTT_IoT_Flood,Scaling,NonIID_Dirichlet,F1_Final_Round,Adaptive_NoCircuitBreaker,Krum,10,0.9921568627450981,0.9921568627450981,0.0,0.0,1.0,0.0,0.0,identical_values,1.0,False
Dataset_C_MQTT_IoT_Flood,Scaling,NonIID_Dirichlet,F1_Final_Round,Adaptive_NoTemporalMemory,Adaptive_Ultimate,10,0.9921568627450981,0.9921568627450981,0.0,0.0,1.0,0.0,0.0,identical_values,1.0,False
Dataset_C_MQTT_IoT_Flood,Scaling,NonIID_Dirichlet,F1_Final_Round,Adaptive_NoTemporalMemory,FLAME,10,0.9921568627450981,0.6533540907909752,0.33880277195412273,0.0,0.001953125,1.0,2.3388199194976624,ok,0.0703125,False
Dataset_C_MQTT_IoT_Flood,Scaling,NonIID_Dirichlet,F1_Final_Round,Adaptive_NoTemporalMemory,FLTrust,10,0.9921568627450981,0.9921568627450981,0.0,0.0,1.0,0.0,0.0,identical_values,1.0,False
Dataset_C_MQTT_IoT_Flood,Scaling,NonIID_Dirichlet,F1_Final_Round,Adaptive_NoTemporalMemory,FedAvg,10,0.9921568627450981,0.8129264123444347,0.17923045040066318,1.5,0.046875,0.6,0.8395836216513677,ok,1.0,False
Dataset_C_MQTT_IoT_Flood,Scaling,NonIID_Dirichlet,F1_Final_Round,Adaptive_NoTemporalMemory,Krum,10,0.9921568627450981,0.9921568627450981,0.0,0.0,1.0,0.0,0.0,identical_values,1.0,False
Dataset_C_MQTT_IoT_Flood,Scaling,NonIID_Dirichlet,F1_Final_Round,Adaptive_Ultimate,FLAME,10,0.9921568627450981,0.6533540907909752,0.33880277195412273,0.0,0.001953125,1.0,2.3388199194976624,ok,0.0703125,False
Dataset_C_MQTT_IoT_Flood,Scaling,NonIID_Dirichlet,F1_Final_Round,Adaptive_Ultimate,FLTrust,10,0.9921568627450981,0.9921568627450981,0.0,0.0,1.0,0.0,0.0,identical_values,1.0,False
Dataset_C_MQTT_IoT_Flood,Scaling,NonIID_Dirichlet,F1_Final_Round,Adaptive_Ultimate,FedAvg,10,0.9921568627450981,0.8129264123444347,0.17923045040066318,1.5,0.046875,0.6,0.8395836216513677,ok,1.0,False
Dataset_C_MQTT_IoT_Flood,Scaling,NonIID_Dirichlet,F1_Final_Round,Adaptive_Ultimate,Krum,10,0.9921568627450981,0.9921568627450981,0.0,0.0,1.0,0.0,0.0,identical_values,1.0,False
Dataset_C_MQTT_IoT_Flood,Scaling,NonIID_Dirichlet,F1_Final_Round,FLAME,FLTrust,10,0.6533540907909752,0.9921568627450981,-0.33880277195412273,0.0,0.001953125,-1.0,-2.3388199194976624,ok,0.0703125,False
Dataset_C_MQTT_IoT_Flood,Scaling,NonIID_Dirichlet,F1_Final_Round,FLAME,FedAvg,10,0.6533540907909752,0.8129264123444347,-0.1595723215534596,7.0,0.037109375,-0.49,-0.7888715533402526,ok,1.0,False
Dataset_C_MQTT_IoT_Flood,Scaling,NonIID_Dirichlet,F1_Final_Round,FLAME,Krum,10,0.6533540907909752,0.9921568627450981,-0.33880277195412273,0.0,0.001953125,-1.0,-2.3388199194976624,ok,0.0703125,False
Dataset_C_MQTT_IoT_Flood,Scaling,NonIID_Dirichlet,F1_Final_Round,FLTrust,FedAvg,10,0.9921568627450981,0.8129264123444347,0.17923045040066318,1.5,0.046875,0.6,0.8395836216513677,ok,1.0,False
Dataset_C_MQTT_IoT_Flood,Scaling,NonIID_Dirichlet,F1_Final_Round,FLTrust,Krum,10,0.9921568627450981,0.9921568627450981,0.0,0.0,1.0,0.0,0.0,identical_values,1.0,False
Dataset_C_MQTT_IoT_Flood,Scaling,NonIID_Dirichlet,F1_Final_Round,FedAvg,Krum,10,0.8129264123444347,0.9921568627450981,-0.17923045040066318,1.5,0.046875,-0.6,-0.8395836216513677,ok,1.0,False
Dataset_C_MQTT_IoT_Flood,Scaling,NonIID_Dirichlet,ASR_Final_Round,Adaptive_FixedCircuitBreaker,Adaptive_NoAdaptiveWeighting,10,0.007692307692307693,0.011538461538461539,-0.0038461538461538464,0.0,1.0,-0.1,-0.31622776601683794,ok,1.0,False
Dataset_C_MQTT_IoT_Flood,Scaling,NonIID_Dirichlet,ASR_Final_Round,Adaptive_FixedCircuitBreaker,Adaptive_NoCircuitBreaker,10,0.007692307692307693,0.007692307692307693,0.0,0.0,1.0,0.0,0.0,identical_values,1.0,False
Dataset_C_MQTT_IoT_Flood,Scaling,NonIID_Dirichlet,ASR_Final_Round,Adaptive_FixedCircuitBreaker,Adaptive_NoTemporalMemory,10,0.007692307692307693,0.007692307692307693,0.0,0.0,1.0,0.0,0.0,identical_values,1.0,False
Dataset_C_MQTT_IoT_Flood,Scaling,NonIID_Dirichlet,ASR_Final_Round,Adaptive_FixedCircuitBreaker,Adaptive_Ultimate,10,0.007692307692307693,0.007692307692307693,0.0,0.0,1.0,0.0,0.0,identical_values,1.0,False
Dataset_C_MQTT_IoT_Flood,Scaling,NonIID_Dirichlet,ASR_Final_Round,Adaptive_FixedCircuitBreaker,FLAME,10,0.007692307692307693,0.8955384615384615,-0.8878461538461538,0.0,0.001953125,-1.0,-4.6623800899670185,ok,0.0703125,False
Dataset_C_MQTT_IoT_Flood,Scaling,NonIID_Dirichlet,ASR_Final_Round,Adaptive_FixedCircuitBreaker,FLTrust,10,0.007692307692307693,0.007692307692307693,0.0,0.0,1.0,0.0,0.0,identical_values,1.0,False
Dataset_C_MQTT_IoT_Flood,Scaling,NonIID_Dirichlet,ASR_Final_Round,Adaptive_FixedCircuitBreaker,FedAvg,10,0.007692307692307693,0.6855384615384615,-0.6778461538461539,0.0,0.001953125,-1.0,-2.005707659062161,ok,0.0703125,False
Dataset_C_MQTT_IoT_Flood,Scaling,NonIID_Dirichlet,ASR_Final_Round,Adaptive_FixedCircuitBreaker,Krum,10,0.007692307692307693,0.011538461538461539,-0.0038461538461538464,0.0,1.0,-0.1,-0.31622776601683794,ok,1.0,False
Dataset_C_MQTT_IoT_Flood,Scaling,NonIID_Dirichlet,ASR_Final_Round,Adaptive_NoAdaptiveWeighting,Adaptive_NoCircuitBreaker,10,0.011538461538461539,0.007692307692307693,0.0038461538461538464,0.0,1.0,0.1,0.31622776601683794,ok,1.0,False
Dataset_C_MQTT_IoT_Flood,Scaling,NonIID_Dirichlet,ASR_Final_Round,Adaptive_NoAdaptiveWeighting,Adaptive_NoTemporalMemory,10,0.011538461538461539,0.007692307692307693,0.0038461538461538464,0.0,1.0,0.1,0.31622776601683794,ok,1.0,False
Dataset_C_MQTT_IoT_Flood,Scaling,NonIID_Dirichlet,ASR_Final_Round,Adaptive_NoAdaptiveWeighting,Adaptive_Ultimate,10,0.011538461538461539,0.007692307692307693,0.0038461538461538464,0.0,1.0,0.1,0.31622776601683794,ok,1.0,False
Dataset_C_MQTT_IoT_Flood,Scaling,NonIID_Dirichlet,ASR_Final_Round,Adaptive_NoAdaptiveWeighting,FLAME,10,0.011538461538461539,0.8955384615384615,-0.884,0.0,0.001953125,-1.0,-4.491341400752042,ok,0.0703125,False
Dataset_C_MQTT_IoT_Flood,Scaling,NonIID_Dirichlet,ASR_Final_Round,Adaptive_NoAdaptiveWeighting,FLTrust,10,0.011538461538461539,0.007692307692307693,0.0038461538461538464,0.0,1.0,0.1,0.31622776601683794,ok,1.0,False
Dataset_C_MQTT_IoT_Flood,Scaling,NonIID_Dirichlet,ASR_Final_Round,Adaptive_NoAdaptiveWeighting,FedAvg,10,0.011538461538461539,0.6855384615384615,-0.674,0.0,0.001953125,-1.0,-2.01747138280053,ok,0.0703125,False
Dataset_C_MQTT_IoT_Flood,Scaling,NonIID_Dirichlet,ASR_Final_Round,Adaptive_NoAdaptiveWeighting,Krum,10,0.011538461538461539,0.011538461538461539,0.0,0.0,1.0,0.0,0.0,identical_values,1.0,False
Dataset_C_MQTT_IoT_Flood,Scaling,NonIID_Dirichlet,ASR_Final_Round,Adaptive_NoCircuitBreaker,Adaptive_NoTemporalMemory,10,0.007692307692307693,0.007692307692307693,0.0,0.0,1.0,0.0,0.0,identical_values,1.0,False
Dataset_C_MQTT_IoT_Flood,Scaling,NonIID_Dirichlet,ASR_Final_Round,Adaptive_NoCircuitBreaker,Adaptive_Ultimate,10,0.007692307692307693,0.007692307692307693,0.0,0.0,1.0,0.0,0.0,identical_values,1.0,False
Dataset_C_MQTT_IoT_Flood,Scaling,NonIID_Dirichlet,ASR_Final_Round,Adaptive_NoCircuitBreaker,FLAME,10,0.007692307692307693,0.8955384615384615,-0.8878461538461538,0.0,0.001953125,-1.0,-4.6623800899670185,ok,0.0703125,False
Dataset_C_MQTT_IoT_Flood,Scaling,NonIID_Dirichlet,ASR_Final_Round,Adaptive_NoCircuitBreaker,FLTrust,10,0.007692307692307693,0.007692307692307693,0.0,0.0,1.0,0.0,0.0,identical_values,1.0,False
Dataset_C_MQTT_IoT_Flood,Scaling,NonIID_Dirichlet,ASR_Final_Round,Adaptive_NoCircuitBreaker,FedAvg,10,0.007692307692307693,0.6855384615384615,-0.6778461538461539,0.0,0.001953125,-1.0,-2.005707659062161,ok,0.0703125,False
Dataset_C_MQTT_IoT_Flood,Scaling,NonIID_Dirichlet,ASR_Final_Round,Adaptive_NoCircuitBreaker,Krum,10,0.007692307692307693,0.011538461538461539,-0.0038461538461538464,0.0,1.0,-0.1,-0.31622776601683794,ok,1.0,False
Dataset_C_MQTT_IoT_Flood,Scaling,NonIID_Dirichlet,ASR_Final_Round,Adaptive_NoTemporalMemory,Adaptive_Ultimate,10,0.007692307692307693,0.007692307692307693,0.0,0.0,1.0,0.0,0.0,identical_values,1.0,False
Dataset_C_MQTT_IoT_Flood,Scaling,NonIID_Dirichlet,ASR_Final_Round,Adaptive_NoTemporalMemory,FLAME,10,0.007692307692307693,0.8955384615384615,-0.8878461538461538,0.0,0.001953125,-1.0,-4.6623800899670185,ok,0.0703125,False
Dataset_C_MQTT_IoT_Flood,Scaling,NonIID_Dirichlet,ASR_Final_Round,Adaptive_NoTemporalMemory,FLTrust,10,0.007692307692307693,0.007692307692307693,0.0,0.0,1.0,0.0,0.0,identical_values,1.0,False
Dataset_C_MQTT_IoT_Flood,Scaling,NonIID_Dirichlet,ASR_Final_Round,Adaptive_NoTemporalMemory,FedAvg,10,0.007692307692307693,0.6855384615384615,-0.6778461538461539,0.0,0.001953125,-1.0,-2.005707659062161,ok,0.0703125,False
Dataset_C_MQTT_IoT_Flood,Scaling,NonIID_Dirichlet,ASR_Final_Round,Adaptive_NoTemporalMemory,Krum,10,0.007692307692307693,0.011538461538461539,-0.0038461538461538464,0.0,1.0,-0.1,-0.31622776601683794,ok,1.0,False
Dataset_C_MQTT_IoT_Flood,Scaling,NonIID_Dirichlet,ASR_Final_Round,Adaptive_Ultimate,FLAME,10,0.007692307692307693,0.8955384615384615,-0.8878461538461538,0.0,0.001953125,-1.0,-4.6623800899670185,ok,0.0703125,False
Dataset_C_MQTT_IoT_Flood,Scaling,NonIID_Dirichlet,ASR_Final_Round,Adaptive_Ultimate,FLTrust,10,0.007692307692307693,0.007692307692307693,0.0,0.0,1.0,0.0,0.0,identical_values,1.0,False
Dataset_C_MQTT_IoT_Flood,Scaling,NonIID_Dirichlet,ASR_Final_Round,Adaptive_Ultimate,FedAvg,10,0.007692307692307693,0.6855384615384615,-0.6778461538461539,0.0,0.001953125,-1.0,-2.005707659062161,ok,0.0703125,False
Dataset_C_MQTT_IoT_Flood,Scaling,NonIID_Dirichlet,ASR_Final_Round,Adaptive_Ultimate,Krum,10,0.007692307692307693,0.011538461538461539,-0.0038461538461538464,0.0,1.0,-0.1,-0.31622776601683794,ok,1.0,False
Dataset_C_MQTT_IoT_Flood,Scaling,NonIID_Dirichlet,ASR_Final_Round,FLAME,FLTrust,10,0.8955384615384615,0.007692307692307693,0.8878461538461538,0.0,0.001953125,1.0,4.6623800899670185,ok,0.0703125,False
Dataset_C_MQTT_IoT_Flood,Scaling,NonIID_Dirichlet,ASR_Final_Round,FLAME,FedAvg,10,0.8955384615384615,0.6855384615384615,0.21000000000000002,5.0,0.140625,0.32,0.6266388833896667,ok,1.0,False
Dataset_C_MQTT_IoT_Flood,Scaling,NonIID_Dirichlet,ASR_Final_Round,FLAME,Krum,10,0.8955384615384615,0.011538461538461539,0.884,0.0,0.001953125,1.0,4.491341400752042,ok,0.0703125,False
Dataset_C_MQTT_IoT_Flood,Scaling,NonIID_Dirichlet,ASR_Final_Round,FLTrust,FedAvg,10,0.007692307692307693,0.6855384615384615,-0.6778461538461539,0.0,0.001953125,-1.0,-2.005707659062161,ok,0.0703125,False
Dataset_C_MQTT_IoT_Flood,Scaling,NonIID_Dirichlet,ASR_Final_Round,FLTrust,Krum,10,0.007692307692307693,0.011538461538461539,-0.0038461538461538464,0.0,1.0,-0.1,-0.31622776601683794,ok,1.0,False
Dataset_C_MQTT_IoT_Flood,Scaling,NonIID_Dirichlet,ASR_Final_Round,FedAvg,Krum,10,0.6855384615384615,0.011538461538461539,0.674,0.0,0.001953125,1.0,2.01747138280053,ok,0.0703125,False
Dataset_C_MQTT_IoT_Flood,Sybil,IID,F1_Mean_Over_Rounds,Adaptive_FixedCircuitBreaker,Adaptive_NoAdaptiveWeighting,10,0.979342322383587,0.977938729477246,0.0014035929063409224,0.0,0.25,0.07,0.33464523433876586,ok,1.0,False
Dataset_C_MQTT_IoT_Flood,Sybil,IID,F1_Mean_Over_Rounds,Adaptive_FixedCircuitBreaker,Adaptive_NoCircuitBreaker,10,0.979342322383587,0.977656047873783,0.00168627450980392,0.0,1.0,0.05,0.31622776601683794,ok,1.0,False
Dataset_C_MQTT_IoT_Flood,Sybil,IID,F1_Mean_Over_Rounds,Adaptive_FixedCircuitBreaker,Adaptive_NoTemporalMemory,10,0.979342322383587,0.977656047873783,0.00168627450980392,1.5,0.75,0.05,0.31603790783088553,ok,1.0,False
Dataset_C_MQTT_IoT_Flood,Sybil,IID,F1_Mean_Over_Rounds,Adaptive_FixedCircuitBreaker,Adaptive_Ultimate,10,0.979342322383587,0.977656047873783,0.00168627450980392,0.0,1.0,0.05,0.31622776601683794,ok,1.0,False
Dataset_C_MQTT_IoT_Flood,Sybil,IID,F1_Mean_Over_Rounds,Adaptive_FixedCircuitBreaker,FLAME,10,0.979342322383587,0.9767027600252949,0.0026395623582919246,7.0,0.07421875,0.17,0.4815637513691203,ok,1.0,False
Dataset_C_MQTT_IoT_Flood,Sybil,IID,F1_Mean_Over_Rounds,Adaptive_FixedCircuitBreaker,FLTrust,10,0.979342322383587,0.9776168321875085,0.0017254901960784385,1.5,0.75,0.05,0.3160464323440243,ok,1.0,False
Dataset_C_MQTT_IoT_Flood,Sybil,IID,F1_Mean_Over_Rounds,Adaptive_FixedCircuitBreaker,FedAvg,10,0.979342322383587,0.9734097370372086,0.005932585346378272,0.0,0.03125,0.24,0.48814511650797765,ok,1.0,False
Dataset_C_MQTT_IoT_Flood,Sybil,IID,F1_Mean_Over_Rounds,Adaptive_FixedCircuitBreaker,Krum,10,0.979342322383587,0.9721690248783901,0.007173297505196741,13.0,0.546875,0.12,0.48010762595416173,ok,1.0,False
Dataset_C_MQTT_IoT_Flood,Sybil,IID,F1_Mean_Over_Rounds,Adaptive_NoAdaptiveWeighting,Adaptive_NoCircuitBreaker,10,0.977938729477246,0.977656047873783,0.0002826816034629975,3.0,1.0,-0.01,0.2457551967224425,ok,1.0,False
Dataset_C_MQTT_IoT_Flood,Sybil,IID,F1_Mean_Over_Rounds,Adaptive_NoAdaptiveWeighting,Adaptive_NoTemporalMemory,10,0.977938729477246,0.977656047873783,0.0002826816034629975,4.0,0.875,0.0,0.23964325123897973,ok,1.0,False
Dataset_C_MQTT_IoT_Flood,Sybil,IID,F1_Mean_Over_Rounds,Adaptive_NoAdaptiveWeighting,Adaptive_Ultimate,10,0.977938729477246,0.977656047873783,0.0002826816034629975,3.0,1.0,-0.01,0.2457551967224425,ok,1.0,False
Dataset_C_MQTT_IoT_Flood,Sybil,IID,F1_Mean_Over_Rounds,Adaptive_NoAdaptiveWeighting,FLAME,10,0.977938729477246,0.9767027600252949,0.0012359694519510022,7.0,0.07421875,0.11,0.39817701627765917,ok,1.0,False
Dataset_C_MQTT_IoT_Flood,Sybil,IID,F1_Mean_Over_Rounds,Adaptive_NoAdaptiveWeighting,FLTrust,10,0.977938729477246,0.9776168321875085,0.00032189728973751607,4.0,0.875,0.0,0.2476309719044079,ok,1.0,False
Dataset_C_MQTT_IoT_Flood,Sybil,IID,F1_Mean_Over_Rounds,Adaptive_NoAdaptiveWeighting,FedAvg,10,0.977938729477246,0.9734097370372086,0.004528992440037349,0.0,0.03125,0.2,0.4254258050797672,ok,1.0,False
Dataset_C_MQTT_IoT_Flood,Sybil,IID,F1_Mean_Over_Rounds,Adaptive_NoAdaptiveWeighting,Krum,10,0.977938729477246,0.9721690248783901,0.005769704598855818,13.0,0.546875,0.08,0.44085200856690093,ok,1.0,False
Dataset_C_MQTT_IoT_Flood,Sybil,IID,F1_Mean_Over_Rounds,Adaptive_NoCircuitBreaker,Adaptive_NoTemporalMemory,10,0.977656047873783,0.977656047873783,0.0,1.5,1.0,0.0,0.0,ok,1.0,False
Dataset_C_MQTT_IoT_Flood,Sybil,IID,F1_Mean_Over_Rounds,Adaptive_NoCircuitBreaker,Adaptive_Ultimate,10,0.977656047873783,0.977656047873783,0.0,0.0,1.0,0.0,0.0,identical_values,1.0,False
Dataset_C_MQTT_IoT_Flood,Sybil,IID,F1_Mean_Over_Rounds,Adaptive_NoCircuitBreaker,FLAME,10,0.977656047873783,0.9767027600252949,0.0009532878484880047,15.0,0.42578125,0.09,0.28665942660502836,ok,1.0,False
Dataset_C_MQTT_IoT_Flood,Sybil,IID,F1_Mean_Over_Rounds,Adaptive_NoCircuitBreaker,FLTrust,10,0.977656047873783,0.9776168321875085,3.9215686274518546e-05,1.5,0.75,0.01,0.17616606585444544,ok,1.0,False
Dataset_C_MQTT_IoT_Flood,Sybil,IID,F1_Mean_Over_Rounds,Adaptive_NoCircuitBreaker,FedAvg,10,0.977656047873783,0.9734097370372086,0.004246310836574352,0.0,0.03125,0.2,0.3992167846968007,ok,1.0,False
Dataset_C_MQTT_IoT_Flood,Sybil,IID,F1_Mean_Over_Rounds,Adaptive_NoCircuitBreaker,Krum,10,0.977656047873783,0.9721690248783901,0.0054870229953928205,13.0,0.546875,0.08,0.424430557786037,ok,1.0,False
Dataset_C_MQTT_IoT_Flood,Sybil,IID,F1_Mean_Over_Rounds,Adaptive_NoTemporalMemory,Adaptive_Ultimate,10,0.977656047873783,0.977656047873783,0.0,1.5,1.0,0.0,0.0,ok,1.0,False
Dataset_C_MQTT_IoT_Flood,Sybil,IID,F1_Mean_Over_Rounds,Adaptive_NoTemporalMemory,FLAME,10,0.977656047873783,0.9767027600252949,0.0009532878484880047,17.0,0.5703125,0.07,0.2756914379504117,ok,1.0,False
Dataset_C_MQTT_IoT_Flood,Sybil,IID,F1_Mean_Over_Rounds,Adaptive_NoTemporalMemory,FLTrust,10,0.977656047873783,0.9776168321875085,3.9215686274518546e-05,0.0,1.0,0.01,0.31622776601683794,ok,1.0,False
Dataset_C_MQTT_IoT_Flood,Sybil,IID,F1_Mean_Over_Rounds,Adaptive_NoTemporalMemory,FedAvg,10,0.977656047873783,0.9734097370372086,0.004246310836574352,4.0,0.109375,0.19,0.39402012924313917,ok,1.0,False
Dataset_C_MQTT_IoT_Flood,Sybil,IID,F1_Mean_Over_Rounds,Adaptive_NoTemporalMemory,Krum,10,0.977656047873783,0.9721690248783901,0.0054870229953928205,14.0,0.640625,0.08,0.4200044121026677,ok,1.0,False
Dataset_C_MQTT_IoT_Flood,Sybil,IID,F1_Mean_Over_Rounds,Adaptive_Ultimate,FLAME,10,0.977656047873783,0.9767027600252949,0.0009532878484880047,15.0,0.42578125,0.09,0.28665942660502836,ok,1.0,False
Dataset_C_MQTT_IoT_Flood,Sybil,IID,F1_Mean_Over_Rounds,Adaptive_Ultimate,FLTrust,10,0.977656047873783,0.9776168321875085,3.9215686274518546e-05,1.5,0.75,0.01,0.17616606585444544,ok,1.0,False
Dataset_C_MQTT_IoT_Flood,Sybil,IID,F1_Mean_Over_Rounds,Adaptive_Ultimate,FedAvg,10,0.977656047873783,0.9734097370372086,0.004246310836574352,0.0,0.03125,0.2,0.3992167846968007,ok,1.0,False
Dataset_C_MQTT_IoT_Flood,Sybil,IID,F1_Mean_Over_Rounds,Adaptive_Ultimate,Krum,10,0.977656047873783,0.9721690248783901,0.0054870229953928205,13.0,0.546875,0.08,0.424430557786037,ok,1.0,False
Dataset_C_MQTT_IoT_Flood,Sybil,IID,F1_Mean_Over_Rounds,FLAME,FLTrust,10,0.9767027600252949,0.9776168321875085,-0.0009140721622134862,17.0,0.5703125,-0.07,-0.261788406431772,ok,1.0,False
Dataset_C_MQTT_IoT_Flood,Sybil,IID,F1_Mean_Over_Rounds,FLAME,FedAvg,10,0.9767027600252949,0.9734097370372086,0.003293022988086347,9.0,0.25,0.12,0.4333881612636031,ok,1.0,False
Dataset_C_MQTT_IoT_Flood,Sybil,IID,F1_Mean_Over_Rounds,FLAME,Krum,10,0.9767027600252949,0.9721690248783901,0.004533735146904816,11.0,0.3828125,0.06,0.44714597672282336,ok,1.0,False
Dataset_C_MQTT_IoT_Flood,Sybil,IID,F1_Mean_Over_Rounds,FLTrust,FedAvg,10,0.9776168321875085,0.9734097370372086,0.0042070951502998334,4.0,0.109375,0.19,0.3905952048653624,ok,1.0,False
Dataset_C_MQTT_IoT_Flood,Sybil,IID,F1_Mean_Over_Rounds,FLTrust,Krum,10,0.9776168321875085,0.9721690248783901,0.005447807309118302,14.0,0.640625,0.08,0.41777199635546036,ok,1.0,False
Dataset_C_MQTT_IoT_Flood,Sybil,IID,F1_Mean_Over_Rounds,FedAvg,Krum,10,0.9734097370372086,0.9721690248783901,0.001240712158818469,18.0,0.65234375,-0.07,0.3987129024741911,ok,1.0,False
Dataset_C_MQTT_IoT_Flood,Sybil,IID,ASR_Mean_Over_Rounds,Adaptive_FixedCircuitBreaker,Adaptive_NoAdaptiveWeighting,10,0.014604615384615383,0.014104615384615382,0.0005000000000000001,0.0,1.0,0.01,0.31622776601683794,ok,1.0,False
Dataset_C_MQTT_IoT_Flood,Sybil,IID,ASR_Mean_Over_Rounds,Adaptive_FixedCircuitBreaker,Adaptive_NoCircuitBreaker,10,0.014604615384615383,0.014604615384615383,0.0,0.0,1.0,0.0,0.0,identical_values,1.0,False
Dataset_C_MQTT_IoT_Flood,Sybil,IID,ASR_Mean_Over_Rounds,Adaptive_FixedCircuitBreaker,Adaptive_NoTemporalMemory,10,0.014604615384615383,0.014604615384615383,0.0,0.0,1.0,0.0,0.0,identical_values,1.0,False
Dataset_C_MQTT_IoT_Flood,Sybil,IID,ASR_Mean_Over_Rounds,Adaptive_FixedCircuitBreaker,Adaptive_Ultimate,10,0.014604615384615383,0.014604615384615383,0.0,0.0,1.0,0.0,0.0,identical_values,1.0,False
Dataset_C_MQTT_IoT_Flood,Sybil,IID,ASR_Mean_Over_Rounds,Adaptive_FixedCircuitBreaker,FLAME,10,0.014604615384615383,0.01607692307692308,-0.0014723076923076925,8.0,0.6875,-0.07,-0.2619381522229773,ok,1.0,False
Dataset_C_MQTT_IoT_Flood,Sybil,IID,ASR_Mean_Over_Rounds,Adaptive_FixedCircuitBreaker,FLTrust,10,0.014604615384615383,0.014643076923076922,-3.8461538461538605e-05,0.0,1.0,-0.01,-0.31622776601683794,ok,1.0,False
Dataset_C_MQTT_IoT_Flood,Sybil,IID,ASR_Mean_Over_Rounds,Adaptive_FixedCircuitBreaker,FedAvg,10,0.014604615384615383,0.019695384615384615,-0.005090769230769232,0.0,0.0078125,-0.24,-0.4447802557638441,ok,0.28125,False
Dataset_C_MQTT_IoT_Flood,Sybil,IID,ASR_Mean_Over_Rounds,Adaptive_FixedCircuitBreaker,Krum,10,0.014604615384615383,0.02386461538461538,-0.009260000000000001,6.0,0.109375,-0.28,-0.4068673120883625,ok,1.0,False
Dataset_C_MQTT_IoT_Flood,Sybil,IID,ASR_Mean_Over_Rounds,Adaptive_NoAdaptiveWeighting,Adaptive_NoCircuitBreaker,10,0.014104615384615382,0.014604615384615383,-0.0005000000000000001,0.0,1.0,-0.01,-0.31622776601683794,ok,1.0,False
Dataset_C_MQTT_IoT_Flood,Sybil,IID,ASR_Mean_Over_Rounds,Adaptive_NoAdaptiveWeighting,Adaptive_NoTemporalMemory,10,0.014104615384615382,0.014604615384615383,-0.0005000000000000001,0.0,1.0,-0.01,-0.31622776601683794,ok,1.0,False
Dataset_C_MQTT_IoT_Flood,Sybil,IID,ASR_Mean_Over_Rounds,Adaptive_NoAdaptiveWeighting,Adaptive_Ultimate,10,0.014104615384615382,0.014604615384615383,-0.0005000000000000001,0.0,1.0,-0.01,-0.31622776601683794,ok,1.0,False
Dataset_C_MQTT_IoT_Flood,Sybil,IID,ASR_Mean_Over_Rounds,Adaptive_NoAdaptiveWeighting,FLAME,10,0.014104615384615382,0.01607692307692308,-0.0019723076923076925,3.0,0.15625,-0.09,-0.36872594210108356,ok,1.0,False
Dataset_C_MQTT_IoT_Flood,Sybil,IID,ASR_Mean_Over_Rounds,Adaptive_NoAdaptiveWeighting,FLTrust,10,0.014104615384615382,0.014643076923076922,-0.0005384615384615387,0.0,1.0,-0.01,-0.31622776601683794,ok,1.0,False
Dataset_C_MQTT_IoT_Flood,Sybil,IID,ASR_Mean_Over_Rounds,Adaptive_NoAdaptiveWeighting,FedAvg,10,0.014104615384615382,0.019695384615384615,-0.005590769230769232,0.0,0.0078125,-0.24,-0.48327941681994396,ok,0.28125,False
Dataset_C_MQTT_IoT_Flood,Sybil,IID,ASR_Mean_Over_Rounds,Adaptive_NoAdaptiveWeighting,Krum,10,0.014104615384615382,0.02386461538461538,-0.009760000000000001,6.0,0.109375,-0.3,-0.42659436647499044,ok,1.0,False
Dataset_C_MQTT_IoT_Flood,Sybil,IID,ASR_Mean_Over_Rounds,Adaptive_NoCircuitBreaker,Adaptive_NoTemporalMemory,10,0.014604615384615383,0.014604615384615383,0.0,0.0,1.0,0.0,0.0,identical_values,1.0,False
Dataset_C_MQTT_IoT_Flood,Sybil,IID,ASR_Mean_Over_Rounds,Adaptive_NoCircuitBreaker,Adaptive_Ultimate,10,0.014604615384615383,0.014604615384615383,0.0,0.0,1.0,0.0,0.0,identical_values,1.0,False
Dataset_C_MQTT_IoT_Flood,Sybil,IID,ASR_Mean_Over_Rounds,Adaptive_NoCircuitBreaker,FLAME,10,0.014604615384615383,0.01607692307692308,-0.0014723076923076925,8.0,0.6875,-0.07,-0.2619381522229773,ok,1.0,False
Dataset_C_MQTT_IoT_Flood,Sybil,IID,ASR_Mean_Over_Rounds,Adaptive_NoCircuitBreaker,FLTrust,10,0.014604615384615383,0.014643076923076922,-3.8461538461538605e-05,0.0,1.0,-0.01,-0.31622776601683794,ok,1.0,False
Dataset_C_MQTT_IoT_Flood,Sybil,IID,ASR_Mean_Over_Rounds,Adaptive_NoCircuitBreaker,FedAvg,10,0.014604615384615383,0.019695384615384615,-0.005090769230769232,0.0,0.0078125,-0.24,-0.4447802557638441,ok,0.28125,False
Dataset_C_MQTT_IoT_Flood,Sybil,IID,ASR_Mean_Over_Rounds,Adaptive_NoCircuitBreaker,Krum,10,0.014604615384615383,0.02386461538461538,-0.009260000000000001,6.0,0.109375,-0.28,-0.4068673120883625,ok,1.0,False
Dataset_C_MQTT_IoT_Flood,Sybil,IID,ASR_Mean_Over_Rounds,Adaptive_NoTemporalMemory,Adaptive_Ultimate,10,0.014604615384615383,0.014604615384615383,0.0,0.0,1.0,0.0,0.0,identical_values,1.0,False
Dataset_C_MQTT_IoT_Flood,Sybil,IID,ASR_Mean_Over_Rounds,Adaptive_NoTemporalMemory,FLAME,10,0.014604615384615383,0.01607692307692308,-0.0014723076923076925,8.0,0.6875,-0.07,-0.2619381522229773,ok,1.0,False
Dataset_C_MQTT_IoT_Flood,Sybil,IID,ASR_Mean_Over_Rounds,Adaptive_NoTemporalMemory,FLTrust,10,0.014604615384615383,0.014643076923076922,-3.8461538461538605e-05,0.0,1.0,-0.01,-0.31622776601683794,ok,1.0,False
Dataset_C_MQTT_IoT_Flood,Sybil,IID,ASR_Mean_Over_Rounds,Adaptive_NoTemporalMemory,FedAvg,10,0.014604615384615383,0.019695384615384615,-0.005090769230769232,0.0,0.0078125,-0.24,-0.4447802557638441,ok,0.28125,False
Dataset_C_MQTT_IoT_Flood,Sybil,IID,ASR_Mean_Over_Rounds,Adaptive_NoTemporalMemory,Krum,10,0.014604615384615383,0.02386461538461538,-0.009260000000000001,6.0,0.109375,-0.28,-0.4068673120883625,ok,1.0,False
Dataset_C_MQTT_IoT_Flood,Sybil,IID,ASR_Mean_Over_Rounds,Adaptive_Ultimate,FLAME,10,0.014604615384615383,0.01607692307692308,-0.0014723076923076925,8.0,0.6875,-0.07,-0.2619381522229773,ok,1.0,False
Dataset_C_MQTT_IoT_Flood,Sybil,IID,ASR_Mean_Over_Rounds,Adaptive_Ultimate,FLTrust,10,0.014604615384615383,0.014643076923076922,-3.8461538461538605e-05,0.0,1.0,-0.01,-0.31622776601683794,ok,1.0,False
Dataset_C_MQTT_IoT_Flood,Sybil,IID,ASR_Mean_Over_Rounds,Adaptive_Ultimate,FedAvg,10,0.014604615384615383,0.019695384615384615,-0.005090769230769232,0.0,0.0078125,-0.24,-0.4447802557638441,ok,0.28125,False
Dataset_C_MQTT_IoT_Flood,Sybil,IID,ASR_Mean_Over_Rounds,Adaptive_Ultimate,Krum,10,0.014604615384615383,0.02386461538461538,-0.009260000000000001,6.0,0.109375,-0.28,-0.4068673120883625,ok,1.0,False
Dataset_C_MQTT_IoT_Flood,Sybil,IID,ASR_Mean_Over_Rounds,FLAME,FLTrust,10,0.01607692307692308,0.014643076923076922,0.001433846153846154,8.0,0.6875,0.07,0.2533513493416144,ok,1.0,False
Dataset_C_MQTT_IoT_Flood,Sybil,IID,ASR_Mean_Over_Rounds,FLAME,FedAvg,10,0.01607692307692308,0.019695384615384615,-0.003618461538461539,5.0,0.078125,-0.13,-0.5464526426670722,ok,1.0,False
Dataset_C_MQTT_IoT_Flood,Sybil,IID,ASR_Mean_Over_Rounds,FLAME,Krum,10,0.01607692307692308,0.02386461538461538,-0.007787692307692306,7.0,0.07421875,-0.25,-0.4404315015730287,ok,1.0,False
Dataset_C_MQTT_IoT_Flood,Sybil,IID,ASR_Mean_Over_Rounds,FLTrust,FedAvg,10,0.014643076923076922,0.019695384615384615,-0.005052307692307694,0.0,0.0078125,-0.24,-0.441437264757189,ok,0.28125,False
Dataset_C_MQTT_IoT_Flood,Sybil,IID,ASR_Mean_Over_Rounds,FLTrust,Krum,10,0.014643076923076922,0.02386461538461538,-0.009221538461538463,6.0,0.109375,-0.28,-0.4052606449336988,ok,1.0,False
Dataset_C_MQTT_IoT_Flood,Sybil,IID,ASR_Mean_Over_Rounds,FedAvg,Krum,10,0.019695384615384615,0.02386461538461538,-0.004169230769230767,20.0,0.4921875,-0.08,-0.3620996137830349,ok,1.0,False
Dataset_C_MQTT_IoT_Flood,Sybil,IID,F1_Final_Round,Adaptive_FixedCircuitBreaker,Adaptive_NoAdaptiveWeighting,10,0.996078431372549,0.9921568627450981,0.003921568627450989,0.0,1.0,0.1,0.31622776601683794,ok,1.0,False
Dataset_C_MQTT_IoT_Flood,Sybil,IID,F1_Final_Round,Adaptive_FixedCircuitBreaker,Adaptive_NoCircuitBreaker,10,0.996078431372549,0.9921568627450981,0.003921568627450989,0.0,1.0,0.1,0.31622776601683794,ok,1.0,False
Dataset_C_MQTT_IoT_Flood,Sybil,IID,F1_Final_Round,Adaptive_FixedCircuitBreaker,Adaptive_NoTemporalMemory,10,0.996078431372549,0.9921568627450981,0.003921568627450989,0.0,1.0,0.1,0.31622776601683794,ok,1.0,False
Dataset_C_MQTT_IoT_Flood,Sybil,IID,F1_Final_Round,Adaptive_FixedCircuitBreaker,Adaptive_Ultimate,10,0.996078431372549,0.9921568627450981,0.003921568627450989,0.0,1.0,0.1,0.31622776601683794,ok,1.0,False
Dataset_C_MQTT_IoT_Flood,Sybil,IID,F1_Final_Round,Adaptive_FixedCircuitBreaker,FLAME,10,0.996078431372549,0.9846013071895424,0.01147712418300655,0.0,0.5,0.21,0.44715056794009156,ok,1.0,False
Dataset_C_MQTT_IoT_Flood,Sybil,IID,F1_Final_Round,Adaptive_FixedCircuitBreaker,FLTrust,10,0.996078431372549,0.9921568627450981,0.003921568627450989,0.0,1.0,0.1,0.31622776601683794,ok,1.0,False
Dataset_C_MQTT_IoT_Flood,Sybil,IID,F1_Final_Round,Adaptive_FixedCircuitBreaker,FedAvg,10,0.996078431372549,0.9809493200789088,0.015129111293640274,0.0,0.25,0.3,0.5722213119992926,ok,1.0,False
Dataset_C_MQTT_IoT_Flood,Sybil,IID,F1_Final_Round,Adaptive_FixedCircuitBreaker,Krum,10,0.996078431372549,0.9846013071895424,0.01147712418300655,0.0,0.5,0.21,0.44715056794009156,ok,1.0,False
Dataset_C_MQTT_IoT_Flood,Sybil,IID,F1_Final_Round,Adaptive_NoAdaptiveWeighting,Adaptive_NoCircuitBreaker,10,0.9921568627450981,0.9921568627450981,0.0,0.0,1.0,0.0,0.0,identical_values,1.0,False
Dataset_C_MQTT_IoT_Flood,Sybil,IID,F1_Final_Round,Adaptive_NoAdaptiveWeighting,Adaptive_NoTemporalMemory,10,0.9921568627450981,0.9921568627450981,0.0,0.0,1.0,0.0,0.0,identical_values,1.0,False
Dataset_C_MQTT_IoT_Flood,Sybil,IID,F1_Final_Round,Adaptive_NoAdaptiveWeighting,Adaptive_Ultimate,10,0.9921568627450981,0.9921568627450981,0.0,0.0,1.0,0.0,0.0,identical_values,1.0,False
Dataset_C_MQTT_IoT_Flood,Sybil,IID,F1_Final_Round,Adaptive_NoAdaptiveWeighting,FLAME,10,0.9921568627450981,0.9846013071895424,0.00755555555555556,0.0,1.0,0.12,0.31622776601683794,ok,1.0,False
Dataset_C_MQTT_IoT_Flood,Sybil,IID,F1_Final_Round,Adaptive_NoAdaptiveWeighting,FLTrust,10,0.9921568627450981,0.9921568627450981,0.0,0.0,1.0,0.0,0.0,identical_values,1.0,False
Dataset_C_MQTT_IoT_Flood,Sybil,IID,F1_Final_Round,Adaptive_NoAdaptiveWeighting,FedAvg,10,0.9921568627450981,0.9809493200789088,0.011207542666189285,0.0,0.5,0.2,0.442010872632278,ok,1.0,False
Dataset_C_MQTT_IoT_Flood,Sybil,IID,F1_Final_Round,Adaptive_NoAdaptiveWeighting,Krum,10,0.9921568627450981,0.9846013071895424,0.00755555555555556,0.0,1.0,0.12,0.31622776601683794,ok,1.0,False
Dataset_C_MQTT_IoT_Flood,Sybil,IID,F1_Final_Round,Adaptive_NoCircuitBreaker,Adaptive_NoTemporalMemory,10,0.9921568627450981,0.9921568627450981,0.0,0.0,1.0,0.0,0.0,identical_values,1.0,False
Dataset_C_MQTT_IoT_Flood,Sybil,IID,F1_Final_Round,Adaptive_NoCircuitBreaker,Adaptive_Ultimate,10,0.9921568627450981,0.9921568627450981,0.0,0.0,1.0,0.0,0.0,identical_values,1.0,False
Dataset_C_MQTT_IoT_Flood,Sybil,IID,F1_Final_Round,Adaptive_NoCircuitBreaker,FLAME,10,0.9921568627450981,0.9846013071895424,0.00755555555555556,0.0,1.0,0.12,0.31622776601683794,ok,1.0,False
Dataset_C_MQTT_IoT_Flood,Sybil,IID,F1_Final_Round,Adaptive_NoCircuitBreaker,FLTrust,10,0.9921568627450981,0.9921568627450981,0.0,0.0,1.0,0.0,0.0,identical_values,1.0,False
Dataset_C_MQTT_IoT_Flood,Sybil,IID,F1_Final_Round,Adaptive_NoCircuitBreaker,FedAvg,10,0.9921568627450981,0.9809493200789088,0.011207542666189285,0.0,0.5,0.2,0.442010872632278,ok,1.0,False
Dataset_C_MQTT_IoT_Flood,Sybil,IID,F1_Final_Round,Adaptive_NoCircuitBreaker,Krum,10,0.9921568627450981,0.9846013071895424,0.00755555555555556,0.0,1.0,0.12,0.31622776601683794,ok,1.0,False
Dataset_C_MQTT_IoT_Flood,Sybil,IID,F1_Final_Round,Adaptive_NoTemporalMemory,Adaptive_Ultimate,10,0.9921568627450981,0.9921568627450981,0.0,0.0,1.0,0.0,0.0,identical_values,1.0,False
Dataset_C_MQTT_IoT_Flood,Sybil,IID,F1_Final_Round,Adaptive_NoTemporalMemory,FLAME,10,0.9921568627450981,0.9846013071895424,0.00755555555555556,0.0,1.0,0.12,0.31622776601683794,ok,1.0,False
Dataset_C_MQTT_IoT_Flood,Sybil,IID,F1_Final_Round,Adaptive_NoTemporalMemory,FLTrust,10,0.9921568627450981,0.9921568627450981,0.0,0.0,1.0,0.0,0.0,identical_values,1.0,False
Dataset_C_MQTT_IoT_Flood,Sybil,IID,F1_Final_Round,Adaptive_NoTemporalMemory,FedAvg,10,0.9921568627450981,0.9809493200789088,0.011207542666189285,0.0,0.5,0.2,0.442010872632278,ok,1.0,False
Dataset_C_MQTT_IoT_Flood,Sybil,IID,F1_Final_Round,Adaptive_NoTemporalMemory,Krum,10,0.9921568627450981,0.9846013071895424,0.00755555555555556,0.0,1.0,0.12,0.31622776601683794,ok,1.0,False
Dataset_C_MQTT_IoT_Flood,Sybil,IID,F1_Final_Round,Adaptive_Ultimate,FLAME,10,0.9921568627450981,0.9846013071895424,0.00755555555555556,0.0,1.0,0.12,0.31622776601683794,ok,1.0,False
Dataset_C_MQTT_IoT_Flood,Sybil,IID,F1_Final_Round,Adaptive_Ultimate,FLTrust,10,0.9921568627450981,0.9921568627450981,0.0,0.0,1.0,0.0,0.0,identical_values,1.0,False
Dataset_C_MQTT_IoT_Flood,Sybil,IID,F1_Final_Round,Adaptive_Ultimate,FedAvg,10,0.9921568627450981,0.9809493200789088,0.011207542666189285,0.0,0.5,0.2,0.442010872632278,ok,1.0,False
Dataset_C_MQTT_IoT_Flood,Sybil,IID,F1_Final_Round,Adaptive_Ultimate,Krum,10,0.9921568627450981,0.9846013071895424,0.00755555555555556,0.0,1.0,0.12,0.31622776601683794,ok,1.0,False
Dataset_C_MQTT_IoT_Flood,Sybil,IID,F1_Final_Round,FLAME,FLTrust,10,0.9846013071895424,0.9921568627450981,-0.00755555555555556,0.0,1.0,-0.12,-0.31622776601683794,ok,1.0,False
Dataset_C_MQTT_IoT_Flood,Sybil,IID,F1_Final_Round,FLAME,FedAvg,10,0.9846013071895424,0.9809493200789088,0.0036519871106337255,0.0,1.0,0.07,0.31622776601683794,ok,1.0,False
Dataset_C_MQTT_IoT_Flood,Sybil,IID,F1_Final_Round,FLAME,Krum,10,0.9846013071895424,0.9846013071895424,0.0,0.0,1.0,0.0,0.0,identical_values,1.0,False
Dataset_C_MQTT_IoT_Flood,Sybil,IID,F1_Final_Round,FLTrust,FedAvg,10,0.9921568627450981,0.9809493200789088,0.011207542666189285,0.0,0.5,0.2,0.442010872632278,ok,1.0,False
Dataset_C_MQTT_IoT_Flood,Sybil,IID,F1_Final_Round,FLTrust,Krum,10,0.9921568627450981,0.9846013071895424,0.00755555555555556,0.0,1.0,0.12,0.31622776601683794,ok,1.0,False
Dataset_C_MQTT_IoT_Flood,Sybil,IID,F1_Final_Round,FedAvg,Krum,10,0.9809493200789088,0.9846013071895424,-0.0036519871106337255,0.0,1.0,-0.07,-0.31622776601683794,ok,1.0,False
Dataset_C_MQTT_IoT_Flood,Sybil,IID,ASR_Final_Round,Adaptive_FixedCircuitBreaker,Adaptive_NoAdaptiveWeighting,10,0.007692307692307693,0.007692307692307693,0.0,0.0,1.0,0.0,0.0,identical_values,1.0,False
Dataset_C_MQTT_IoT_Flood,Sybil,IID,ASR_Final_Round,Adaptive_FixedCircuitBreaker,Adaptive_NoCircuitBreaker,10,0.007692307692307693,0.007692307692307693,0.0,0.0,1.0,0.0,0.0,identical_values,1.0,False
Dataset_C_MQTT_IoT_Flood,Sybil,IID,ASR_Final_Round,Adaptive_FixedCircuitBreaker,Adaptive_NoTemporalMemory,10,0.007692307692307693,0.007692307692307693,0.0,0.0,1.0,0.0,0.0,identical_values,1.0,False
Dataset_C_MQTT_IoT_Flood,Sybil,IID,ASR_Final_Round,Adaptive_FixedCircuitBreaker,Adaptive_Ultimate,10,0.007692307692307693,0.007692307692307693,0.0,0.0,1.0,0.0,0.0,identical_values,1.0,False
Dataset_C_MQTT_IoT_Flood,Sybil,IID,ASR_Final_Round,Adaptive_FixedCircuitBreaker,FLAME,10,0.007692307692307693,0.015384615384615385,-0.007692307692307693,0.0,1.0,-0.12,-0.31622776601683794,ok,1.0,False
Dataset_C_MQTT_IoT_Flood,Sybil,IID,ASR_Final_Round,Adaptive_FixedCircuitBreaker,FLTrust,10,0.007692307692307693,0.007692307692307693,0.0,0.0,1.0,0.0,0.0,identical_values,1.0,False
Dataset_C_MQTT_IoT_Flood,Sybil,IID,ASR_Final_Round,Adaptive_FixedCircuitBreaker,FedAvg,10,0.007692307692307693,0.03107692307692308,-0.023384615384615386,0.0,0.0625,-0.48,-0.8630545526855793,ok,1.0,False
Dataset_C_MQTT_IoT_Flood,Sybil,IID,ASR_Final_Round,Adaptive_FixedCircuitBreaker,Krum,10,0.007692307692307693,0.06215384615384616,-0.054461538461538464,0.0,0.0625,-0.4,-0.5748827512565877,ok,1.0,False
Dataset_C_MQTT_IoT_Flood,Sybil,IID,ASR_Final_Round,Adaptive_NoAdaptiveWeighting,Adaptive_NoCircuitBreaker,10,0.007692307692307693,0.007692307692307693,0.0,0.0,1.0,0.0,0.0,identical_values,1.0,False
Dataset_C_MQTT_IoT_Flood,Sybil,IID,ASR_Final_Round,Adaptive_NoAdaptiveWeighting,Adaptive_NoTemporalMemory,10,0.007692307692307693,0.007692307692307693,0.0,0.0,1.0,0.0,0.0,identical_values,1.0,False
Dataset_C_MQTT_IoT_Flood,Sybil,IID,ASR_Final_Round,Adaptive_NoAdaptiveWeighting,Adaptive_Ultimate,10,0.007692307692307693,0.007692307692307693,0.0,0.0,1.0,0.0,0.0,identical_values,1.0,False
Dataset_C_MQTT_IoT_Flood,Sybil,IID,ASR_Final_Round,Adaptive_NoAdaptiveWeighting,FLAME,10,0.007692307692307693,0.015384615384615385,-0.007692307692307693,0.0,1.0,-0.12,-0.31622776601683794,ok,1.0,False
Dataset_C_MQTT_IoT_Flood,Sybil,IID,ASR_Final_Round,Adaptive_NoAdaptiveWeighting,FLTrust,10,0.007692307692307693,0.007692307692307693,0.0,0.0,1.0,0.0,0.0,identical_values,1.0,False
Dataset_C_MQTT_IoT_Flood,Sybil,IID,ASR_Final_Round,Adaptive_NoAdaptiveWeighting,FedAvg,10,0.007692307692307693,0.03107692307692308,-0.023384615384615386,0.0,0.0625,-0.48,-0.8630545526855793,ok,1.0,False
Dataset_C_MQTT_IoT_Flood,Sybil,IID,ASR_Final_Round,Adaptive_NoAdaptiveWeighting,Krum,10,0.007692307692307693,0.06215384615384616,-0.054461538461538464,0.0,0.0625,-0.4,-0.5748827512565877,ok,1.0,False
Dataset_C_MQTT_IoT_Flood,Sybil,IID,ASR_Final_Round,Adaptive_NoCircuitBreaker,Adaptive_NoTemporalMemory,10,0.007692307692307693,0.007692307692307693,0.0,0.0,1.0,0.0,0.0,identical_values,1.0,False
Dataset_C_MQTT_IoT_Flood,Sybil,IID,ASR_Final_Round,Adaptive_NoCircuitBreaker,Adaptive_Ultimate,10,0.007692307692307693,0.007692307692307693,0.0,0.0,1.0,0.0,0.0,identical_values,1.0,False
Dataset_C_MQTT_IoT_Flood,Sybil,IID,ASR_Final_Round,Adaptive_NoCircuitBreaker,FLAME,10,0.007692307692307693,0.015384615384615385,-0.007692307692307693,0.0,1.0,-0.12,-0.31622776601683794,ok,1.0,False
Dataset_C_MQTT_IoT_Flood,Sybil,IID,ASR_Final_Round,Adaptive_NoCircuitBreaker,FLTrust,10,0.007692307692307693,0.007692307692307693,0.0,0.0,1.0,0.0,0.0,identical_values,1.0,False
Dataset_C_MQTT_IoT_Flood,Sybil,IID,ASR_Final_Round,Adaptive_NoCircuitBreaker,FedAvg,10,0.007692307692307693,0.03107692307692308,-0.023384615384615386,0.0,0.0625,-0.48,-0.8630545526855793,ok,1.0,False
Dataset_C_MQTT_IoT_Flood,Sybil,IID,ASR_Final_Round,Adaptive_NoCircuitBreaker,Krum,10,0.007692307692307693,0.06215384615384616,-0.054461538461538464,0.0,0.0625,-0.4,-0.5748827512565877,ok,1.0,False
Dataset_C_MQTT_IoT_Flood,Sybil,IID,ASR_Final_Round,Adaptive_NoTemporalMemory,Adaptive_Ultimate,10,0.007692307692307693,0.007692307692307693,0.0,0.0,1.0,0.0,0.0,identical_values,1.0,False
Dataset_C_MQTT_IoT_Flood,Sybil,IID,ASR_Final_Round,Adaptive_NoTemporalMemory,FLAME,10,0.007692307692307693,0.015384615384615385,-0.007692307692307693,0.0,1.0,-0.12,-0.31622776601683794,ok,1.0,False
Dataset_C_MQTT_IoT_Flood,Sybil,IID,ASR_Final_Round,Adaptive_NoTemporalMemory,FLTrust,10,0.007692307692307693,0.007692307692307693,0.0,0.0,1.0,0.0,0.0,identical_values,1.0,False
Dataset_C_MQTT_IoT_Flood,Sybil,IID,ASR_Final_Round,Adaptive_NoTemporalMemory,FedAvg,10,0.007692307692307693,0.03107692307692308,-0.023384615384615386,0.0,0.0625,-0.48,-0.8630545526855793,ok,1.0,False
Dataset_C_MQTT_IoT_Flood,Sybil,IID,ASR_Final_Round,Adaptive_NoTemporalMemory,Krum,10,0.007692307692307693,0.06215384615384616,-0.054461538461538464,0.0,0.0625,-0.4,-0.5748827512565877,ok,1.0,False
Dataset_C_MQTT_IoT_Flood,Sybil,IID,ASR_Final_Round,Adaptive_Ultimate,FLAME,10,0.007692307692307693,0.015384615384615385,-0.007692307692307693,0.0,1.0,-0.12,-0.31622776601683794,ok,1.0,False
Dataset_C_MQTT_IoT_Flood,Sybil,IID,ASR_Final_Round,Adaptive_Ultimate,FLTrust,10,0.007692307692307693,0.007692307692307693,0.0,0.0,1.0,0.0,0.0,identical_values,1.0,False
Dataset_C_MQTT_IoT_Flood,Sybil,IID,ASR_Final_Round,Adaptive_Ultimate,FedAvg,10,0.007692307692307693,0.03107692307692308,-0.023384615384615386,0.0,0.0625,-0.48,-0.8630545526855793,ok,1.0,False
Dataset_C_MQTT_IoT_Flood,Sybil,IID,ASR_Final_Round,Adaptive_Ultimate,Krum,10,0.007692307692307693,0.06215384615384616,-0.054461538461538464,0.0,0.0625,-0.4,-0.5748827512565877,ok,1.0,False
Dataset_C_MQTT_IoT_Flood,Sybil,IID,ASR_Final_Round,FLAME,FLTrust,10,0.015384615384615385,0.007692307692307693,0.007692307692307693,0.0,1.0,0.12,0.31622776601683794,ok,1.0,False
Dataset_C_MQTT_IoT_Flood,Sybil,IID,ASR_Final_Round,FLAME,FedAvg,10,0.015384615384615385,0.03107692307692308,-0.015692307692307693,0.0,0.125,-0.34,-0.7743486157335884,ok,1.0,False
Dataset_C_MQTT_IoT_Flood,Sybil,IID,ASR_Final_Round,FLAME,Krum,10,0.015384615384615385,0.06215384615384616,-0.04676923076923077,0.0,0.0625,-0.33,-0.6462334266675499,ok,1.0,False
Dataset_C_MQTT_IoT_Flood,Sybil,IID,ASR_Final_Round,FLTrust,FedAvg,10,0.007692307692307693,0.03107692307692308,-0.023384615384615386,0.0,0.0625,-0.48,-0.8630545526855793,ok,1.0,False
Dataset_C_MQTT_IoT_Flood,Sybil,IID,ASR_Final_Round,FLTrust,Krum,10,0.007692307692307693,0.06215384615384616,-0.054461538461538464,0.0,0.0625,-0.4,-0.5748827512565877,ok,1.0,False
Dataset_C_MQTT_IoT_Flood,Sybil,IID,ASR_Final_Round,FedAvg,Krum,10,0.03107692307692308,0.06215384615384616,-0.03107692307692308,8.5,0.40625,-0.16,-0.3727583056443609,ok,1.0,False
Dataset_C_MQTT_IoT_Flood,Sybil,NonIID_Dirichlet,F1_Mean_Over_Rounds,Adaptive_FixedCircuitBreaker,Adaptive_NoAdaptiveWeighting,10,0.977219514307551,0.9734057085870479,0.003813805720503105,4.0,0.109375,0.13,0.5057493855639338,ok,1.0,False
Dataset_C_MQTT_IoT_Flood,Sybil,NonIID_Dirichlet,F1_Mean_Over_Rounds,Adaptive_FixedCircuitBreaker,Adaptive_NoCircuitBreaker,10,0.977219514307551,0.977219514307551,0.0,0.0,1.0,0.0,0.0,identical_values,1.0,False
Dataset_C_MQTT_IoT_Flood,Sybil,NonIID_Dirichlet,F1_Mean_Over_Rounds,Adaptive_FixedCircuitBreaker,Adaptive_NoTemporalMemory,10,0.977219514307551,0.9772290586273039,-9.544319752818887e-06,13.0,0.9375,-0.05,-0.012879183628653177,ok,1.0,False
Dataset_C_MQTT_IoT_Flood,Sybil,NonIID_Dirichlet,F1_Mean_Over_Rounds,Adaptive_FixedCircuitBreaker,Adaptive_Ultimate,10,0.977219514307551,0.977219514307551,0.0,0.0,1.0,0.0,0.0,identical_values,1.0,False
Dataset_C_MQTT_IoT_Flood,Sybil,NonIID_Dirichlet,F1_Mean_Over_Rounds,Adaptive_FixedCircuitBreaker,FLAME,10,0.977219514307551,0.9730588561193351,0.004160658188215927,10.0,0.1640625,0.09,0.5195408459875281,ok,1.0,False
Dataset_C_MQTT_IoT_Flood,Sybil,NonIID_Dirichlet,F1_Mean_Over_Rounds,Adaptive_FixedCircuitBreaker,FLTrust,10,0.977219514307551,0.9772290586273039,-9.544319752818887e-06,13.0,0.9375,-0.05,-0.012879183628653177,ok,1.0,False
Dataset_C_MQTT_IoT_Flood,Sybil,NonIID_Dirichlet,F1_Mean_Over_Rounds,Adaptive_FixedCircuitBreaker,FedAvg,10,0.977219514307551,0.9721742357661741,0.005045278541376918,9.0,0.12890625,0.25,0.5216007060426003,ok,1.0,False
Dataset_C_MQTT_IoT_Flood,Sybil,NonIID_Dirichlet,F1_Mean_Over_Rounds,Adaptive_FixedCircuitBreaker,Krum,10,0.977219514307551,0.9717955043003862,0.005424010007164892,12.0,0.25,0.17,0.5170158254335692,ok,1.0,False
Dataset_C_MQTT_IoT_Flood,Sybil,NonIID_Dirichlet,F1_Mean_Over_Rounds,Adaptive_NoAdaptiveWeighting,Adaptive_NoCircuitBreaker,10,0.9734057085870479,0.977219514307551,-0.003813805720503105,4.0,0.109375,-0.13,-0.5057493855639338,ok,1.0,False
Dataset_C_MQTT_IoT_Flood,Sybil,NonIID_Dirichlet,F1_Mean_Over_Rounds,Adaptive_NoAdaptiveWeighting,Adaptive_NoTemporalMemory,10,0.9734057085870479,0.9772290586273039,-0.003823350040255924,6.0,0.0546875,-0.21,-0.5083318970233334,ok,1.0,False
Dataset_C_MQTT_IoT_Flood,Sybil,NonIID_Dirichlet,F1_Mean_Over_Rounds,Adaptive_NoAdaptiveWeighting,Adaptive_Ultimate,10,0.9734057085870479,0.977219514307551,-0.003813805720503105,4.0,0.109375,-0.13,-0.5057493855639338,ok,1.0,False
Dataset_C_MQTT_IoT_Flood,Sybil,NonIID_Dirichlet,F1_Mean_Over_Rounds,Adaptive_NoAdaptiveWeighting,FLAME,10,0.9734057085870479,0.9730588561193351,0.0003468524677128215,21.0,0.91015625,0.01,0.07083630576714436,ok,1.0,False
Dataset_C_MQTT_IoT_Flood,Sybil,NonIID_Dirichlet,F1_Mean_Over_Rounds,Adaptive_NoAdaptiveWeighting,FLTrust,10,0.9734057085870479,0.9772290586273039,-0.003823350040255924,6.0,0.0546875,-0.21,-0.5083318970233334,ok,1.0,False
Dataset_C_MQTT_IoT_Flood,Sybil,NonIID_Dirichlet,F1_Mean_Over_Rounds,Adaptive_NoAdaptiveWeighting,FedAvg,10,0.9734057085870479,0.9721742357661741,0.0012314728208738135,18.0,0.65234375,0.11,0.26280391332182745,ok,1.0,False
Dataset_C_MQTT_IoT_Flood,Sybil,NonIID_Dirichlet,F1_Mean_Over_Rounds,Adaptive_NoAdaptiveWeighting,Krum,10,0.9734057085870479,0.9717955043003862,0.0016102042866617873,15.0,0.42578125,0.09,0.26784114394306313,ok,1.0,False
Dataset_C_MQTT_IoT_Flood,Sybil,NonIID_Dirichlet,F1_Mean_Over_Rounds,Adaptive_NoCircuitBreaker,Adaptive_NoTemporalMemory,10,0.977219514307551,0.9772290586273039,-9.544319752818887e-06,13.0,0.9375,-0.05,-0.012879183628653177,ok,1.0,False
Dataset_C_MQTT_IoT_Flood,Sybil,NonIID_Dirichlet,F1_Mean_Over_Rounds,Adaptive_NoCircuitBreaker,Adaptive_Ultimate,10,0.977219514307551,0.977219514307551,0.0,0.0,1.0,0.0,0.0,identical_values,1.0,False
Dataset_C_MQTT_IoT_Flood,Sybil,NonIID_Dirichlet,F1_Mean_Over_Rounds,Adaptive_NoCircuitBreaker,FLAME,10,0.977219514307551,0.9730588561193351,0.004160658188215927,10.0,0.1640625,0.09,0.5195408459875281,ok,1.0,False
Dataset_C_MQTT_IoT_Flood,Sybil,NonIID_Dirichlet,F1_Mean_Over_Rounds,Adaptive_NoCircuitBreaker,FLTrust,10,0.977219514307551,0.9772290586273039,-9.544319752818887e-06,13.0,0.9375,-0.05,-0.012879183628653177,ok,1.0,False
Dataset_C_MQTT_IoT_Flood,Sybil,NonIID_Dirichlet,F1_Mean_Over_Rounds,Adaptive_NoCircuitBreaker,FedAvg,10,0.977219514307551,0.9721742357661741,0.005045278541376918,9.0,0.12890625,0.25,0.5216007060426003,ok,1.0,False
Dataset_C_MQTT_IoT_Flood,Sybil,NonIID_Dirichlet,F1_Mean_Over_Rounds,Adaptive_NoCircuitBreaker,Krum,10,0.977219514307551,0.9717955043003862,0.005424010007164892,12.0,0.25,0.17,0.5170158254335692,ok,1.0,False
Dataset_C_MQTT_IoT_Flood,Sybil,NonIID_Dirichlet,F1_Mean_Over_Rounds,Adaptive_NoTemporalMemory,Adaptive_Ultimate,10,0.9772290586273039,0.977219514307551,9.544319752818887e-06,13.0,0.9375,0.05,0.012879183628653177,ok,1.0,False
Dataset_C_MQTT_IoT_Flood,Sybil,NonIID_Dirichlet,F1_Mean_Over_Rounds,Adaptive_NoTemporalMemory,FLAME,10,0.9772290586273039,0.9730588561193351,0.004170202507968746,8.0,0.09765625,0.11,0.5392547395638584,ok,1.0,False
Dataset_C_MQTT_IoT_Flood,Sybil,NonIID_Dirichlet,F1_Mean_Over_Rounds,Adaptive_NoTemporalMemory,FLTrust,10,0.9772290586273039,0.9772290586273039,0.0,0.0,1.0,0.0,0.0,identical_values,1.0,False
Dataset_C_MQTT_IoT_Flood,Sybil,NonIID_Dirichlet,F1_Mean_Over_Rounds,Adaptive_NoTemporalMemory,FedAvg,10,0.9772290586273039,0.9721742357661741,0.0050548228611297374,10.0,0.083984375,0.26,0.5383824994828792,ok,1.0,False
Dataset_C_MQTT_IoT_Flood,Sybil,NonIID_Dirichlet,F1_Mean_Over_Rounds,Adaptive_NoTemporalMemory,Krum,10,0.9772290586273039,0.9717955043003862,0.005433554326917711,16.0,0.275390625,0.2,0.5219153246414894,ok,1.0,False
Dataset_C_MQTT_IoT_Flood,Sybil,NonIID_Dirichlet,F1_Mean_Over_Rounds,Adaptive_Ultimate,FLAME,10,0.977219514307551,0.9730588561193351,0.004160658188215927,10.0,0.1640625,0.09,0.5195408459875281,ok,1.0,False
Dataset_C_MQTT_IoT_Flood,Sybil,NonIID_Dirichlet,F1_Mean_Over_Rounds,Adaptive_Ultimate,FLTrust,10,0.977219514307551,0.9772290586273039,-9.544319752818887e-06,13.0,0.9375,-0.05,-0.012879183628653177,ok,1.0,False
Dataset_C_MQTT_IoT_Flood,Sybil,NonIID_Dirichlet,F1_Mean_Over_Rounds,Adaptive_Ultimate,FedAvg,10,0.977219514307551,0.9721742357661741,0.005045278541376918,9.0,0.12890625,0.25,0.5216007060426003,ok,1.0,False
Dataset_C_MQTT_IoT_Flood,Sybil,NonIID_Dirichlet,F1_Mean_Over_Rounds,Adaptive_Ultimate,Krum,10,0.977219514307551,0.9717955043003862,0.005424010007164892,12.0,0.25,0.17,0.5170158254335692,ok,1.0,False
Dataset_C_MQTT_IoT_Flood,Sybil,NonIID_Dirichlet,F1_Mean_Over_Rounds,FLAME,FLTrust,10,0.9730588561193351,0.9772290586273039,-0.004170202507968746,8.0,0.09765625,-0.11,-0.5392547395638584,ok,1.0,False
Dataset_C_MQTT_IoT_Flood,Sybil,NonIID_Dirichlet,F1_Mean_Over_Rounds,FLAME,FedAvg,10,0.9730588561193351,0.9721742357661741,0.000884620353160992,21.0,0.556640625,0.08,0.14610598312908088,ok,1.0,False
Dataset_C_MQTT_IoT_Flood,Sybil,NonIID_Dirichlet,F1_Mean_Over_Rounds,FLAME,Krum,10,0.9730588561193351,0.9717955043003862,0.0012633518189489657,17.0,0.322265625,0.08,0.19675501339257942,ok,1.0,False
Dataset_C_MQTT_IoT_Flood,Sybil,NonIID_Dirichlet,F1_Mean_Over_Rounds,FLTrust,FedAvg,10,0.9772290586273039,0.9721742357661741,0.0050548228611297374,10.0,0.083984375,0.26,0.5383824994828792,ok,1.0,False
Dataset_C_MQTT_IoT_Flood,Sybil,NonIID_Dirichlet,F1_Mean_Over_Rounds,FLTrust,Krum,10,0.9772290586273039,0.9717955043003862,0.005433554326917711,16.0,0.275390625,0.2,0.5219153246414894,ok,1.0,False
Dataset_C_MQTT_IoT_Flood,Sybil,NonIID_Dirichlet,F1_Mean_Over_Rounds,FedAvg,Krum,10,0.9721742357661741,0.9717955043003862,0.00037873146578797366,21.0,0.91015625,-0.01,0.05627232184677471,ok,1.0,False
Dataset_C_MQTT_IoT_Flood,Sybil,NonIID_Dirichlet,ASR_Mean_Over_Rounds,Adaptive_FixedCircuitBreaker,Adaptive_NoAdaptiveWeighting,10,0.01562923076923077,0.01881692307692308,-0.0031876923076923067,0.0,0.25,-0.09,-0.5037095878862081,ok,1.0,False
Dataset_C_MQTT_IoT_Flood,Sybil,NonIID_Dirichlet,ASR_Mean_Over_Rounds,Adaptive_FixedCircuitBreaker,Adaptive_NoCircuitBreaker,10,0.01562923076923077,0.01512923076923077,0.0005000000000000001,0.0,1.0,0.01,0.31622776601683794,ok,1.0,False
Dataset_C_MQTT_IoT_Flood,Sybil,NonIID_Dirichlet,ASR_Mean_Over_Rounds,Adaptive_FixedCircuitBreaker,Adaptive_NoTemporalMemory,10,0.01562923076923077,0.015312307692307691,0.0003169230769230777,1.0,0.125,0.06,0.4728398071838111,ok,1.0,False
Dataset_C_MQTT_IoT_Flood,Sybil,NonIID_Dirichlet,ASR_Mean_Over_Rounds,Adaptive_FixedCircuitBreaker,Adaptive_Ultimate,10,0.01562923076923077,0.01562923076923077,0.0,0.0,1.0,0.0,0.0,identical_values,1.0,False
Dataset_C_MQTT_IoT_Flood,Sybil,NonIID_Dirichlet,ASR_Mean_Over_Rounds,Adaptive_FixedCircuitBreaker,FLAME,10,0.01562923076923077,0.023683076923076918,-0.008053846153846153,6.0,0.109375,-0.21,-0.6160603753455043,ok,1.0,False
Dataset_C_MQTT_IoT_Flood,Sybil,NonIID_Dirichlet,ASR_Mean_Over_Rounds,Adaptive_FixedCircuitBreaker,FLTrust,10,0.01562923076923077,0.015312307692307691,0.0003169230769230777,1.0,0.125,0.06,0.4728398071838111,ok,1.0,False
Dataset_C_MQTT_IoT_Flood,Sybil,NonIID_Dirichlet,ASR_Mean_Over_Rounds,Adaptive_FixedCircuitBreaker,FedAvg,10,0.01562923076923077,0.03536461538461538,-0.019735384615384613,2.0,0.0234375,-0.34,-0.9000066550086608,ok,0.796875,False
Dataset_C_MQTT_IoT_Flood,Sybil,NonIID_Dirichlet,ASR_Mean_Over_Rounds,Adaptive_FixedCircuitBreaker,Krum,10,0.01562923076923077,0.026258461538461543,-0.01062923076923077,11.0,0.3828125,-0.18,-0.40167817990821186,ok,1.0,False
Dataset_C_MQTT_IoT_Flood,Sybil,NonIID_Dirichlet,ASR_Mean_Over_Rounds,Adaptive_NoAdaptiveWeighting,Adaptive_NoCircuitBreaker,10,0.01881692307692308,0.01512923076923077,0.003687692307692307,0.0,0.25,0.09,0.5605412885997569,ok,1.0,False
Dataset_C_MQTT_IoT_Flood,Sybil,NonIID_Dirichlet,ASR_Mean_Over_Rounds,Adaptive_NoAdaptiveWeighting,Adaptive_NoTemporalMemory,10,0.01881692307692308,0.015312307692307691,0.003504615384615385,0.0,0.0625,0.14,0.5314946917930969,ok,1.0,False
Dataset_C_MQTT_IoT_Flood,Sybil,NonIID_Dirichlet,ASR_Mean_Over_Rounds,Adaptive_NoAdaptiveWeighting,Adaptive_Ultimate,10,0.01881692307692308,0.01562923076923077,0.0031876923076923067,0.0,0.25,0.09,0.5037095878862081,ok,1.0,False
Dataset_C_MQTT_IoT_Flood,Sybil,NonIID_Dirichlet,ASR_Mean_Over_Rounds,Adaptive_NoAdaptiveWeighting,FLAME,10,0.01881692307692308,0.023683076923076918,-0.004866153846153845,11.0,0.3828125,-0.12,-0.35736809949954296,ok,1.0,False
Dataset_C_MQTT_IoT_Flood,Sybil,NonIID_Dirichlet,ASR_Mean_Over_Rounds,Adaptive_NoAdaptiveWeighting,FLTrust,10,0.01881692307692308,0.015312307692307691,0.003504615384615385,0.0,0.0625,0.14,0.5314946917930969,ok,1.0,False
Dataset_C_MQTT_IoT_Flood,Sybil,NonIID_Dirichlet,ASR_Mean_Over_Rounds,Adaptive_NoAdaptiveWeighting,FedAvg,10,0.01881692307692308,0.03536461538461538,-0.01654769230769231,2.0,0.0234375,-0.3,-0.8292184910338452,ok,0.796875,False
Dataset_C_MQTT_IoT_Flood,Sybil,NonIID_Dirichlet,ASR_Mean_Over_Rounds,Adaptive_NoAdaptiveWeighting,Krum,10,0.01881692307692308,0.026258461538461543,-0.007441538461538462,16.0,0.84375,-0.08,-0.2743478731316158,ok,1.0,False
Dataset_C_MQTT_IoT_Flood,Sybil,NonIID_Dirichlet,ASR_Mean_Over_Rounds,Adaptive_NoCircuitBreaker,Adaptive_NoTemporalMemory,10,0.01512923076923077,0.015312307692307691,-0.0001830769230769224,5.0,0.625,0.06,-0.0948097989213386,ok,1.0,False
Dataset_C_MQTT_IoT_Flood,Sybil,NonIID_Dirichlet,ASR_Mean_Over_Rounds,Adaptive_NoCircuitBreaker,Adaptive_Ultimate,10,0.01512923076923077,0.01562923076923077,-0.0005000000000000001,0.0,1.0,-0.01,-0.31622776601683794,ok,1.0,False
Dataset_C_MQTT_IoT_Flood,Sybil,NonIID_Dirichlet,ASR_Mean_Over_Rounds,Adaptive_NoCircuitBreaker,FLAME,10,0.01512923076923077,0.023683076923076918,-0.008553846153846153,6.0,0.109375,-0.23,-0.6082153629256111,ok,1.0,False
Dataset_C_MQTT_IoT_Flood,Sybil,NonIID_Dirichlet,ASR_Mean_Over_Rounds,Adaptive_NoCircuitBreaker,FLTrust,10,0.01512923076923077,0.015312307692307691,-0.0001830769230769224,5.0,0.625,0.06,-0.0948097989213386,ok,1.0,False
Dataset_C_MQTT_IoT_Flood,Sybil,NonIID_Dirichlet,ASR_Mean_Over_Rounds,Adaptive_NoCircuitBreaker,FedAvg,10,0.01512923076923077,0.03536461538461538,-0.020235384615384613,2.0,0.0234375,-0.34,-0.8944274302587729,ok,0.796875,False
Dataset_C_MQTT_IoT_Flood,Sybil,NonIID_Dirichlet,ASR_Mean_Over_Rounds,Adaptive_NoCircuitBreaker,Krum,10,0.01512923076923077,0.026258461538461543,-0.01112923076923077,11.0,0.3828125,-0.2,-0.3982094069795959,ok,1.0,False
Dataset_C_MQTT_IoT_Flood,Sybil,NonIID_Dirichlet,ASR_Mean_Over_Rounds,Adaptive_NoTemporalMemory,Adaptive_Ultimate,10,0.015312307692307691,0.01562923076923077,-0.0003169230769230777,1.0,0.125,-0.06,-0.4728398071838111,ok,1.0,False
Dataset_C_MQTT_IoT_Flood,Sybil,NonIID_Dirichlet,ASR_Mean_Over_Rounds,Adaptive_NoTemporalMemory,FLAME,10,0.015312307692307691,0.023683076923076918,-0.008370769230769232,6.0,0.109375,-0.26,-0.6356334001909355,ok,1.0,False
Dataset_C_MQTT_IoT_Flood,Sybil,NonIID_Dirichlet,ASR_Mean_Over_Rounds,Adaptive_NoTemporalMemory,FLTrust,10,0.015312307692307691,0.015312307692307691,0.0,0.0,1.0,0.0,0.0,identical_values,1.0,False
Dataset_C_MQTT_IoT_Flood,Sybil,NonIID_Dirichlet,ASR_Mean_Over_Rounds,Adaptive_NoTemporalMemory,FedAvg,10,0.015312307692307691,0.03536461538461538,-0.020052307692307692,1.0,0.015625,-0.38,-0.915574559185058,ok,0.5625,False
Dataset_C_MQTT_IoT_Flood,Sybil,NonIID_Dirichlet,ASR_Mean_Over_Rounds,Adaptive_NoTemporalMemory,Krum,10,0.015312307692307691,0.026258461538461543,-0.010946153846153847,9.0,0.25,-0.22,-0.41770560085232566,ok,1.0,False
Dataset_C_MQTT_IoT_Flood,Sybil,NonIID_Dirichlet,ASR_Mean_Over_Rounds,Adaptive_Ultimate,FLAME,10,0.01562923076923077,0.023683076923076918,-0.008053846153846153,6.0,0.109375,-0.21,-0.6160603753455043,ok,1.0,False
Dataset_C_MQTT_IoT_Flood,Sybil,NonIID_Dirichlet,ASR_Mean_Over_Rounds,Adaptive_Ultimate,FLTrust,10,0.01562923076923077,0.015312307692307691,0.0003169230769230777,1.0,0.125,0.06,0.4728398071838111,ok,1.0,False
Dataset_C_MQTT_IoT_Flood,Sybil,NonIID_Dirichlet,ASR_Mean_Over_Rounds,Adaptive_Ultimate,FedAvg,10,0.01562923076923077,0.03536461538461538,-0.019735384615384613,2.0,0.0234375,-0.34,-0.9000066550086608,ok,0.796875,False
Dataset_C_MQTT_IoT_Flood,Sybil,NonIID_Dirichlet,ASR_Mean_Over_Rounds,Adaptive_Ultimate,Krum,10,0.01562923076923077,0.026258461538461543,-0.01062923076923077,11.0,0.3828125,-0.18,-0.40167817990821186,ok,1.0,False
Dataset_C_MQTT_IoT_Flood,Sybil,NonIID_Dirichlet,ASR_Mean_Over_Rounds,FLAME,FLTrust,10,0.023683076923076918,0.015312307692307691,0.008370769230769232,6.0,0.109375,0.26,0.6356334001909355,ok,1.0,False
Dataset_C_MQTT_IoT_Flood,Sybil,NonIID_Dirichlet,ASR_Mean_Over_Rounds,FLAME,FedAvg,10,0.023683076923076918,0.03536461538461538,-0.011681538461538462,4.0,0.0546875,-0.16,-0.7227617058516504,ok,1.0,False
Dataset_C_MQTT_IoT_Flood,Sybil,NonIID_Dirichlet,ASR_Mean_Over_Rounds,FLAME,Krum,10,0.023683076923076918,0.026258461538461543,-0.002575384615384617,15.0,0.7421875,0.02,-0.14114509274321094,ok,1.0,False
Dataset_C_MQTT_IoT_Flood,Sybil,NonIID_Dirichlet,ASR_Mean_Over_Rounds,FLTrust,FedAvg,10,0.015312307692307691,0.03536461538461538,-0.020052307692307692,1.0,0.015625,-0.38,-0.915574559185058,ok,0.5625,False
Dataset_C_MQTT_IoT_Flood,Sybil,NonIID_Dirichlet,ASR_Mean_Over_Rounds,FLTrust,Krum,10,0.015312307692307691,0.026258461538461543,-0.010946153846153847,9.0,0.25,-0.22,-0.41770560085232566,ok,1.0,False
Dataset_C_MQTT_IoT_Flood,Sybil,NonIID_Dirichlet,ASR_Mean_Over_Rounds,FedAvg,Krum,10,0.03536461538461538,0.026258461538461543,0.009106153846153844,9.0,0.25,0.16,0.4134523594437076,ok,1.0,False
Dataset_C_MQTT_IoT_Flood,Sybil,NonIID_Dirichlet,F1_Final_Round,Adaptive_FixedCircuitBreaker,Adaptive_NoAdaptiveWeighting,10,0.996078431372549,0.9921568627450981,0.003921568627450989,0.0,1.0,0.1,0.31622776601683794,ok,1.0,False
Dataset_C_MQTT_IoT_Flood,Sybil,NonIID_Dirichlet,F1_Final_Round,Adaptive_FixedCircuitBreaker,Adaptive_NoCircuitBreaker,10,0.996078431372549,0.996078431372549,0.0,0.0,1.0,0.0,0.0,identical_values,1.0,False
Dataset_C_MQTT_IoT_Flood,Sybil,NonIID_Dirichlet,F1_Final_Round,Adaptive_FixedCircuitBreaker,Adaptive_NoTemporalMemory,10,0.996078431372549,0.996078431372549,0.0,0.0,1.0,0.0,0.0,identical_values,1.0,False
Dataset_C_MQTT_IoT_Flood,Sybil,NonIID_Dirichlet,F1_Final_Round,Adaptive_FixedCircuitBreaker,Adaptive_Ultimate,10,0.996078431372549,0.996078431372549,0.0,0.0,1.0,0.0,0.0,identical_values,1.0,False
Dataset_C_MQTT_IoT_Flood,Sybil,NonIID_Dirichlet,F1_Final_Round,Adaptive_FixedCircuitBreaker,FLAME,10,0.996078431372549,0.9848708887063597,0.011207542666189285,0.0,0.5,0.2,0.442010872632278,ok,1.0,False
Dataset_C_MQTT_IoT_Flood,Sybil,NonIID_Dirichlet,F1_Final_Round,Adaptive_FixedCircuitBreaker,FLTrust,10,0.996078431372549,0.996078431372549,0.0,0.0,1.0,0.0,0.0,identical_values,1.0,False
Dataset_C_MQTT_IoT_Flood,Sybil,NonIID_Dirichlet,F1_Final_Round,Adaptive_FixedCircuitBreaker,FedAvg,10,0.996078431372549,0.9736633460401706,0.02241508533237857,0.0,0.125,0.4,0.7064635397831039,ok,1.0,False
Dataset_C_MQTT_IoT_Flood,Sybil,NonIID_Dirichlet,F1_Final_Round,Adaptive_FixedCircuitBreaker,Krum,10,0.996078431372549,0.9885228758169935,0.00755555555555556,0.0,1.0,0.11,0.31622776601683794,ok,1.0,False
Dataset_C_MQTT_IoT_Flood,Sybil,NonIID_Dirichlet,F1_Final_Round,Adaptive_NoAdaptiveWeighting,Adaptive_NoCircuitBreaker,10,0.9921568627450981,0.996078431372549,-0.003921568627450989,0.0,1.0,-0.1,-0.31622776601683794,ok,1.0,False
Dataset_C_MQTT_IoT_Flood,Sybil,NonIID_Dirichlet,F1_Final_Round,Adaptive_NoAdaptiveWeighting,Adaptive_NoTemporalMemory,10,0.9921568627450981,0.996078431372549,-0.003921568627450989,0.0,1.0,-0.1,-0.31622776601683794,ok,1.0,False
Dataset_C_MQTT_IoT_Flood,Sybil,NonIID_Dirichlet,F1_Final_Round,Adaptive_NoAdaptiveWeighting,Adaptive_Ultimate,10,0.9921568627450981,0.996078431372549,-0.003921568627450989,0.0,1.0,-0.1,-0.31622776601683794,ok,1.0,False
Dataset_C_MQTT_IoT_Flood,Sybil,NonIID_Dirichlet,F1_Final_Round,Adaptive_NoAdaptiveWeighting,FLAME,10,0.9921568627450981,0.9848708887063597,0.007285974038738296,0.0,0.5,0.1,0.47433983957199166,ok,1.0,False
Dataset_C_MQTT_IoT_Flood,Sybil,NonIID_Dirichlet,F1_Final_Round,Adaptive_NoAdaptiveWeighting,FLTrust,10,0.9921568627450981,0.996078431372549,-0.003921568627450989,0.0,1.0,-0.1,-0.31622776601683794,ok,1.0,False
Dataset_C_MQTT_IoT_Flood,Sybil,NonIID_Dirichlet,F1_Final_Round,Adaptive_NoAdaptiveWeighting,FedAvg,10,0.9921568627450981,0.9736633460401706,0.018493516704927583,0.0,0.125,0.3,0.7002949716343027,ok,1.0,False
Dataset_C_MQTT_IoT_Flood,Sybil,NonIID_Dirichlet,F1_Final_Round,Adaptive_NoAdaptiveWeighting,Krum,10,0.9921568627450981,0.9885228758169935,0.003633986928104571,0.0,1.0,0.02,0.31622776601683794,ok,1.0,False
Dataset_C_MQTT_IoT_Flood,Sybil,NonIID_Dirichlet,F1_Final_Round,Adaptive_NoCircuitBreaker,Adaptive_NoTemporalMemory,10,0.996078431372549,0.996078431372549,0.0,0.0,1.0,0.0,0.0,identical_values,1.0,False
Dataset_C_MQTT_IoT_Flood,Sybil,NonIID_Dirichlet,F1_Final_Round,Adaptive_NoCircuitBreaker,Adaptive_Ultimate,10,0.996078431372549,0.996078431372549,0.0,0.0,1.0,0.0,0.0,identical_values,1.0,False
Dataset_C_MQTT_IoT_Flood,Sybil,NonIID_Dirichlet,F1_Final_Round,Adaptive_NoCircuitBreaker,FLAME,10,0.996078431372549,0.9848708887063597,0.011207542666189285,0.0,0.5,0.2,0.442010872632278,ok,1.0,False
Dataset_C_MQTT_IoT_Flood,Sybil,NonIID_Dirichlet,F1_Final_Round,Adaptive_NoCircuitBreaker,FLTrust,10,0.996078431372549,0.996078431372549,0.0,0.0,1.0,0.0,0.0,identical_values,1.0,False
Dataset_C_MQTT_IoT_Flood,Sybil,NonIID_Dirichlet,F1_Final_Round,Adaptive_NoCircuitBreaker,FedAvg,10,0.996078431372549,0.9736633460401706,0.02241508533237857,0.0,0.125,0.4,0.7064635397831039,ok,1.0,False
Dataset_C_MQTT_IoT_Flood,Sybil,NonIID_Dirichlet,F1_Final_Round,Adaptive_NoCircuitBreaker,Krum,10,0.996078431372549,0.9885228758169935,0.00755555555555556,0.0,1.0,0.11,0.31622776601683794,ok,1.0,False
Dataset_C_MQTT_IoT_Flood,Sybil,NonIID_Dirichlet,F1_Final_Round,Adaptive_NoTemporalMemory,Adaptive_Ultimate,10,0.996078431372549,0.996078431372549,0.0,0.0,1.0,0.0,0.0,identical_values,1.0,False
Dataset_C_MQTT_IoT_Flood,Sybil,NonIID_Dirichlet,F1_Final_Round,Adaptive_NoTemporalMemory,FLAME,10,0.996078431372549,0.9848708887063597,0.011207542666189285,0.0,0.5,0.2,0.442010872632278,ok,1.0,False
Dataset_C_MQTT_IoT_Flood,Sybil,NonIID_Dirichlet,F1_Final_Round,Adaptive_NoTemporalMemory,FLTrust,10,0.996078431372549,0.996078431372549,0.0,0.0,1.0,0.0,0.0,identical_values,1.0,False
Dataset_C_MQTT_IoT_Flood,Sybil,NonIID_Dirichlet,F1_Final_Round,Adaptive_NoTemporalMemory,FedAvg,10,0.996078431372549,0.9736633460401706,0.02241508533237857,0.0,0.125,0.4,0.7064635397831039,ok,1.0,False
Dataset_C_MQTT_IoT_Flood,Sybil,NonIID_Dirichlet,F1_Final_Round,Adaptive_NoTemporalMemory,Krum,10,0.996078431372549,0.9885228758169935,0.00755555555555556,0.0,1.0,0.11,0.31622776601683794,ok,1.0,False
Dataset_C_MQTT_IoT_Flood,Sybil,NonIID_Dirichlet,F1_Final_Round,Adaptive_Ultimate,FLAME,10,0.996078431372549,0.9848708887063597,0.011207542666189285,0.0,0.5,0.2,0.442010872632278,ok,1.0,False
Dataset_C_MQTT_IoT_Flood,Sybil,NonIID_Dirichlet,F1_Final_Round,Adaptive_Ultimate,FLTrust,10,0.996078431372549,0.996078431372549,0.0,0.0,1.0,0.0,0.0,identical_values,1.0,False
Dataset_C_MQTT_IoT_Flood,Sybil,NonIID_Dirichlet,F1_Final_Round,Adaptive_Ultimate,FedAvg,10,0.996078431372549,0.9736633460401706,0.02241508533237857,0.0,0.125,0.4,0.7064635397831039,ok,1.0,False
Dataset_C_MQTT_IoT_Flood,Sybil,NonIID_Dirichlet,F1_Final_Round,Adaptive_Ultimate,Krum,10,0.996078431372549,0.9885228758169935,0.00755555555555556,0.0,1.0,0.11,0.31622776601683794,ok,1.0,False
Dataset_C_MQTT_IoT_Flood,Sybil,NonIID_Dirichlet,F1_Final_Round,FLAME,FLTrust,10,0.9848708887063597,0.996078431372549,-0.011207542666189285,0.0,0.5,-0.2,-0.442010872632278,ok,1.0,False
Dataset_C_MQTT_IoT_Flood,Sybil,NonIID_Dirichlet,F1_Final_Round,FLAME,FedAvg,10,0.9848708887063597,0.9736633460401706,0.011207542666189285,0.0,0.5,0.2,0.442010872632278,ok,1.0,False
Dataset_C_MQTT_IoT_Flood,Sybil,NonIID_Dirichlet,F1_Final_Round,FLAME,Krum,10,0.9848708887063597,0.9885228758169935,-0.0036519871106337255,0.0,1.0,-0.08,-0.31622776601683794,ok,1.0,False
Dataset_C_MQTT_IoT_Flood,Sybil,NonIID_Dirichlet,F1_Final_Round,FLTrust,FedAvg,10,0.996078431372549,0.9736633460401706,0.02241508533237857,0.0,0.125,0.4,0.7064635397831039,ok,1.0,False
Dataset_C_MQTT_IoT_Flood,Sybil,NonIID_Dirichlet,F1_Final_Round,FLTrust,Krum,10,0.996078431372549,0.9885228758169935,0.00755555555555556,0.0,1.0,0.11,0.31622776601683794,ok,1.0,False
Dataset_C_MQTT_IoT_Flood,Sybil,NonIID_Dirichlet,F1_Final_Round,FedAvg,Krum,10,0.9736633460401706,0.9885228758169935,-0.01485952977682301,0.0,0.25,-0.27,-0.5676159256573864,ok,1.0,False
Dataset_C_MQTT_IoT_Flood,Sybil,NonIID_Dirichlet,ASR_Final_Round,Adaptive_FixedCircuitBreaker,Adaptive_NoAdaptiveWeighting,10,0.007692307692307693,0.007692307692307693,0.0,0.0,1.0,0.0,0.0,identical_values,1.0,False
Dataset_C_MQTT_IoT_Flood,Sybil,NonIID_Dirichlet,ASR_Final_Round,Adaptive_FixedCircuitBreaker,Adaptive_NoCircuitBreaker,10,0.007692307692307693,0.0038461538461538464,0.0038461538461538464,0.0,1.0,0.1,0.31622776601683794,ok,1.0,False
Dataset_C_MQTT_IoT_Flood,Sybil,NonIID_Dirichlet,ASR_Final_Round,Adaptive_FixedCircuitBreaker,Adaptive_NoTemporalMemory,10,0.007692307692307693,0.007692307692307693,0.0,0.0,1.0,0.0,0.0,identical_values,1.0,False
Dataset_C_MQTT_IoT_Flood,Sybil,NonIID_Dirichlet,ASR_Final_Round,Adaptive_FixedCircuitBreaker,Adaptive_Ultimate,10,0.007692307692307693,0.007692307692307693,0.0,0.0,1.0,0.0,0.0,identical_values,1.0,False
Dataset_C_MQTT_IoT_Flood,Sybil,NonIID_Dirichlet,ASR_Final_Round,Adaptive_FixedCircuitBreaker,FLAME,10,0.007692307692307693,0.12584615384615386,-0.11815384615384614,0.0,0.03125,-0.5,-0.7071091788861247,ok,0.9375,False
Dataset_C_MQTT_IoT_Flood,Sybil,NonIID_Dirichlet,ASR_Final_Round,Adaptive_FixedCircuitBreaker,FLTrust,10,0.007692307692307693,0.007692307692307693,0.0,0.0,1.0,0.0,0.0,identical_values,1.0,False
Dataset_C_MQTT_IoT_Flood,Sybil,NonIID_Dirichlet,ASR_Final_Round,Adaptive_FixedCircuitBreaker,FedAvg,10,0.007692307692307693,0.20538461538461536,-0.19769230769230767,0.0,0.015625,-0.72,-0.9592565153995547,ok,0.5625,False
Dataset_C_MQTT_IoT_Flood,Sybil,NonIID_Dirichlet,ASR_Final_Round,Adaptive_FixedCircuitBreaker,Krum,10,0.007692307692307693,0.11769230769230772,-0.11000000000000001,0.0,0.0625,-0.38,-0.6460008263463675,ok,1.0,False
Dataset_C_MQTT_IoT_Flood,Sybil,NonIID_Dirichlet,ASR_Final_Round,Adaptive_NoAdaptiveWeighting,Adaptive_NoCircuitBreaker,10,0.007692307692307693,0.0038461538461538464,0.0038461538461538464,0.0,1.0,0.1,0.31622776601683794,ok,1.0,False
Dataset_C_MQTT_IoT_Flood,Sybil,NonIID_Dirichlet,ASR_Final_Round,Adaptive_NoAdaptiveWeighting,Adaptive_NoTemporalMemory,10,0.007692307692307693,0.007692307692307693,0.0,0.0,1.0,0.0,0.0,identical_values,1.0,False
Dataset_C_MQTT_IoT_Flood,Sybil,NonIID_Dirichlet,ASR_Final_Round,Adaptive_NoAdaptiveWeighting,Adaptive_Ultimate,10,0.007692307692307693,0.007692307692307693,0.0,0.0,1.0,0.0,0.0,identical_values,1.0,False
Dataset_C_MQTT_IoT_Flood,Sybil,NonIID_Dirichlet,ASR_Final_Round,Adaptive_NoAdaptiveWeighting,FLAME,10,0.007692307692307693,0.12584615384615386,-0.11815384615384614,0.0,0.03125,-0.5,-0.7071091788861247,ok,0.9375,False
Dataset_C_MQTT_IoT_Flood,Sybil,NonIID_Dirichlet,ASR_Final_Round,Adaptive_NoAdaptiveWeighting,FLTrust,10,0.007692307692307693,0.007692307692307693,0.0,0.0,1.0,0.0,0.0,identical_values,1.0,False
Dataset_C_MQTT_IoT_Flood,Sybil,NonIID_Dirichlet,ASR_Final_Round,Adaptive_NoAdaptiveWeighting,FedAvg,10,0.007692307692307693,0.20538461538461536,-0.19769230769230767,0.0,0.015625,-0.72,-0.9592565153995547,ok,0.5625,False
Dataset_C_MQTT_IoT_Flood,Sybil,NonIID_Dirichlet,ASR_Final_Round,Adaptive_NoAdaptiveWeighting,Krum,10,0.007692307692307693,0.11769230769230772,-0.11000000000000001,0.0,0.0625,-0.38,-0.6460008263463675,ok,1.0,False
Dataset_C_MQTT_IoT_Flood,Sybil,NonIID_Dirichlet,ASR_Final_Round,Adaptive_NoCircuitBreaker,Adaptive_NoTemporalMemory,10,0.0038461538461538464,0.007692307692307693,-0.0038461538461538464,0.0,1.0,-0.1,-0.31622776601683794,ok,1.0,False
Dataset_C_MQTT_IoT_Flood,Sybil,NonIID_Dirichlet,ASR_Final_Round,Adaptive_NoCircuitBreaker,Adaptive_Ultimate,10,0.0038461538461538464,0.007692307692307693,-0.0038461538461538464,0.0,1.0,-0.1,-0.31622776601683794,ok,1.0,False
Dataset_C_MQTT_IoT_Flood,Sybil,NonIID_Dirichlet,ASR_Final_Round,Adaptive_NoCircuitBreaker,FLAME,10,0.0038461538461538464,0.12584615384615386,-0.122,0.0,0.03125,-0.55,-0.7003419921029103,ok,0.9375,False
Dataset_C_MQTT_IoT_Flood,Sybil,NonIID_Dirichlet,ASR_Final_Round,Adaptive_NoCircuitBreaker,FLTrust,10,0.0038461538461538464,0.007692307692307693,-0.0038461538461538464,0.0,1.0,-0.1,-0.31622776601683794,ok,1.0,False
Dataset_C_MQTT_IoT_Flood,Sybil,NonIID_Dirichlet,ASR_Final_Round,Adaptive_NoCircuitBreaker,FedAvg,10,0.0038461538461538464,0.20538461538461536,-0.20153846153846153,0.0,0.015625,-0.76,-0.9584225620994817,ok,0.5625,False
Dataset_C_MQTT_IoT_Flood,Sybil,NonIID_Dirichlet,ASR_Final_Round,Adaptive_NoCircuitBreaker,Krum,10,0.0038461538461538464,0.11769230769230772,-0.11384615384615385,0.0,0.0625,-0.44,-0.6382315015269023,ok,1.0,False
Dataset_C_MQTT_IoT_Flood,Sybil,NonIID_Dirichlet,ASR_Final_Round,Adaptive_NoTemporalMemory,Adaptive_Ultimate,10,0.007692307692307693,0.007692307692307693,0.0,0.0,1.0,0.0,0.0,identical_values,1.0,False
Dataset_C_MQTT_IoT_Flood,Sybil,NonIID_Dirichlet,ASR_Final_Round,Adaptive_NoTemporalMemory,FLAME,10,0.007692307692307693,0.12584615384615386,-0.11815384615384614,0.0,0.03125,-0.5,-0.7071091788861247,ok,0.9375,False
Dataset_C_MQTT_IoT_Flood,Sybil,NonIID_Dirichlet,ASR_Final_Round,Adaptive_NoTemporalMemory,FLTrust,10,0.007692307692307693,0.007692307692307693,0.0,0.0,1.0,0.0,0.0,identical_values,1.0,False
Dataset_C_MQTT_IoT_Flood,Sybil,NonIID_Dirichlet,ASR_Final_Round,Adaptive_NoTemporalMemory,FedAvg,10,0.007692307692307693,0.20538461538461536,-0.19769230769230767,0.0,0.015625,-0.72,-0.9592565153995547,ok,0.5625,False
Dataset_C_MQTT_IoT_Flood,Sybil,NonIID_Dirichlet,ASR_Final_Round,Adaptive_NoTemporalMemory,Krum,10,0.007692307692307693,0.11769230769230772,-0.11000000000000001,0.0,0.0625,-0.38,-0.6460008263463675,ok,1.0,False
Dataset_C_MQTT_IoT_Flood,Sybil,NonIID_Dirichlet,ASR_Final_Round,Adaptive_Ultimate,FLAME,10,0.007692307692307693,0.12584615384615386,-0.11815384615384614,0.0,0.03125,-0.5,-0.7071091788861247,ok,0.9375,False
Dataset_C_MQTT_IoT_Flood,Sybil,NonIID_Dirichlet,ASR_Final_Round,Adaptive_Ultimate,FLTrust,10,0.007692307692307693,0.007692307692307693,0.0,0.0,1.0,0.0,0.0,identical_values,1.0,False
Dataset_C_MQTT_IoT_Flood,Sybil,NonIID_Dirichlet,ASR_Final_Round,Adaptive_Ultimate,FedAvg,10,0.007692307692307693,0.20538461538461536,-0.19769230769230767,0.0,0.015625,-0.72,-0.9592565153995547,ok,0.5625,False
Dataset_C_MQTT_IoT_Flood,Sybil,NonIID_Dirichlet,ASR_Final_Round,Adaptive_Ultimate,Krum,10,0.007692307692307693,0.11769230769230772,-0.11000000000000001,0.0,0.0625,-0.38,-0.6460008263463675,ok,1.0,False
Dataset_C_MQTT_IoT_Flood,Sybil,NonIID_Dirichlet,ASR_Final_Round,FLAME,FLTrust,10,0.12584615384615386,0.007692307692307693,0.11815384615384614,0.0,0.03125,0.5,0.7071091788861247,ok,0.9375,False
Dataset_C_MQTT_IoT_Flood,Sybil,NonIID_Dirichlet,ASR_Final_Round,FLAME,FedAvg,10,0.12584615384615386,0.20538461538461536,-0.07953846153846153,1.5,0.046875,-0.29,-0.5804223683090826,ok,1.0,False
Dataset_C_MQTT_IoT_Flood,Sybil,NonIID_Dirichlet,ASR_Final_Round,FLAME,Krum,10,0.12584615384615386,0.11769230769230772,0.008153846153846154,1.0,0.5,0.07,0.2605472281305589,ok,1.0,False
Dataset_C_MQTT_IoT_Flood,Sybil,NonIID_Dirichlet,ASR_Final_Round,FLTrust,FedAvg,10,0.007692307692307693,0.20538461538461536,-0.19769230769230767,0.0,0.015625,-0.72,-0.9592565153995547,ok,0.5625,False
Dataset_C_MQTT_IoT_Flood,Sybil,NonIID_Dirichlet,ASR_Final_Round,FLTrust,Krum,10,0.007692307692307693,0.11769230769230772,-0.11000000000000001,0.0,0.0625,-0.38,-0.6460008263463675,ok,1.0,False
Dataset_C_MQTT_IoT_Flood,Sybil,NonIID_Dirichlet,ASR_Final_Round,FedAvg,Krum,10,0.20538461538461536,0.11769230769230772,0.0876923076923077,4.5,0.0625,0.32,0.6186158035222599,ok,1.0,False
